asset_id,key,concept,major_family,live_vs_raw_harvest,source_bank,source_role,path,final_disposition,final_reason_codes,reason_codes,notes,final_review_follow_up,reviewed_from,repair_evidence_sheet,source_provenance
live:vocab:absolute,absolute,absolute,vocab,live,07_vocab-pack,production_asset,public/assets/07_vocab-pack/img/absolute.png,ART_REDO,"[""ambiguous_concept""]","[""ambiguous_concept""]",Plain blue sphere; abstract and unreadable for young ESL learners.,,audit/visual-assets/sheets/pending_visual/07-vocab-pack-vocab-icon-generated-001.jpg,,"{""asset_id"": ""live:vocab:absolute"", ""key"": ""absolute"", ""concept"": ""absolute"", ""source_bank"": ""07_vocab-pack"", ""source_role"": ""production_asset"", ""source_path"": ""public/assets/07_vocab-pack/img/absolute.png"", ""expected_asset_type"": ""vocab_icon"", ""expected_background_mode"": ""icon_image"", ""expected_concept_word"": ""absolute"", ""reviewed_from"": ""audit/visual-assets/sheets/pending_visual/07-vocab-pack-vocab-icon-generated-001.jpg"", ""decision_source"": ""audit/visual-assets/decisions-vocab-001-075.jsonl"", ""sha256"": ""18719b6be68ab502c3f8c1b604f2dd5ed9275a91ef73b6be594a0f5027aa728e"", ""bytes"": 67379, ""notes"": ""Plain blue sphere; abstract and unreadable for young ESL learners."", ""reason_codes"": [""ambiguous_concept""]}"
live:vocab:accident,accident,accident,vocab,live,07_vocab-pack,production_asset,public/assets/07_vocab-pack/img/accident.png,ART_REDO,"[""generation_artifact""]","[""generation_artifact""]",Bicycle with prominent framing border line artifact.,,audit/visual-assets/sheets/pending_visual/07-vocab-pack-vocab-icon-generated-001.jpg,,"{""asset_id"": ""live:vocab:accident"", ""key"": ""accident"", ""concept"": ""accident"", ""source_bank"": ""07_vocab-pack"", ""source_role"": ""production_asset"", ""source_path"": ""public/assets/07_vocab-pack/img/accident.png"", ""expected_asset_type"": ""vocab_icon"", ""expected_background_mode"": ""icon_image"", ""expected_concept_word"": ""accident"", ""reviewed_from"": ""audit/visual-assets/sheets/pending_visual/07-vocab-pack-vocab-icon-generated-001.jpg"", ""decision_source"": ""audit/visual-assets/decisions-vocab-001-075.jsonl"", ""sha256"": ""5a515796c69901a77128e6f750892e9a97a4828478d2ad58cf8d3bf7b96d15a0"", ""bytes"": 35972, ""notes"": ""Bicycle with prominent framing border line artifact."", ""reason_codes"": [""generation_artifact""]}"
live:vocab:account,account,account,vocab,live,07_vocab-pack,production_asset,public/assets/07_vocab-pack/img/account.png,ART_REDO,"[""generation_artifact"", ""wrong_concept""]","[""generation_artifact"", ""wrong_concept""]",Wallet with slip and partial box frame line artifact.,,audit/visual-assets/sheets/pending_visual/07-vocab-pack-vocab-icon-generated-001.jpg,,"{""asset_id"": ""live:vocab:account"", ""key"": ""account"", ""concept"": ""account"", ""source_bank"": ""07_vocab-pack"", ""source_role"": ""production_asset"", ""source_path"": ""public/assets/07_vocab-pack/img/account.png"", ""expected_asset_type"": ""vocab_icon"", ""expected_background_mode"": ""icon_image"", ""expected_concept_word"": ""account"", ""reviewed_from"": ""audit/visual-assets/sheets/pending_visual/07-vocab-pack-vocab-icon-generated-001.jpg"", ""decision_source"": ""audit/visual-assets/decisions-vocab-001-075.jsonl"", ""sha256"": ""3bc173759f583a911b2e04f2b7a1482fe2256aa8542d67c400812dc8c945b557"", ""bytes"": 46619, ""notes"": ""Wallet with slip and partial box frame line artifact."", ""reason_codes"": [""generation_artifact"", ""wrong_concept""]}"
live:vocab:address-label,address-label,address label,vocab,live,07_vocab-pack,production_asset,public/assets/07_vocab-pack/img/address-label.png,ART_REDO,"[""blank"", ""ambiguous_concept""]","[""blank"", ""ambiguous_concept""]",Blank grey postcard rectangle with unreadable faint box.,,audit/visual-assets/sheets/pending_visual/07-vocab-pack-vocab-icon-generated-002.jpg,,"{""asset_id"": ""live:vocab:address-label"", ""key"": ""address-label"", ""concept"": ""address label"", ""source_bank"": ""07_vocab-pack"", ""source_role"": ""production_asset"", ""source_path"": ""public/assets/07_vocab-pack/img/address-label.png"", ""expected_asset_type"": ""vocab_icon"", ""expected_background_mode"": ""icon_image"", ""expected_concept_word"": ""address label"", ""reviewed_from"": ""audit/visual-assets/sheets/pending_visual/07-vocab-pack-vocab-icon-generated-002.jpg"", ""decision_source"": ""audit/visual-assets/decisions-vocab-001-075.jsonl"", ""sha256"": ""436bbd37a4a6d88e514538c6cac2768b08b3646b5aabb74494959af9fbfc94b5"", ""bytes"": 20720, ""notes"": ""Blank grey postcard rectangle with unreadable faint box."", ""reason_codes"": [""blank"", ""ambiguous_concept""]}"
live:vocab:addressee,addressee,addressee,vocab,live,07_vocab-pack,production_asset,public/assets/07_vocab-pack/img/addressee.png,ART_REDO,"[""blank"", ""ambiguous_concept""]","[""blank"", ""ambiguous_concept""]",Blank envelope with empty address box.,,audit/visual-assets/sheets/pending_visual/07-vocab-pack-vocab-icon-generated-002.jpg,,"{""asset_id"": ""live:vocab:addressee"", ""key"": ""addressee"", ""concept"": ""addressee"", ""source_bank"": ""07_vocab-pack"", ""source_role"": ""production_asset"", ""source_path"": ""public/assets/07_vocab-pack/img/addressee.png"", ""expected_asset_type"": ""vocab_icon"", ""expected_background_mode"": ""icon_image"", ""expected_concept_word"": ""addressee"", ""reviewed_from"": ""audit/visual-assets/sheets/pending_visual/07-vocab-pack-vocab-icon-generated-002.jpg"", ""decision_source"": ""audit/visual-assets/decisions-vocab-001-075.jsonl"", ""sha256"": ""33551801b2d7422e68c0f2ab22d9740e29e53be2f416f8beab5368011324820b"", ""bytes"": 46904, ""notes"": ""Blank envelope with empty address box."", ""reason_codes"": [""blank"", ""ambiguous_concept""]}"
live:vocab:adhesive-bandage,adhesive-bandage,adhesive bandage,vocab,live,07_vocab-pack,production_asset,public/assets/07_vocab-pack/img/adhesive-bandage.png,ART_REDO,"[""generation_artifact""]","[""generation_artifact""]",Adhesive bandage with blue smear artifact at bottom.,,audit/visual-assets/sheets/pending_visual/07-vocab-pack-vocab-icon-generated-002.jpg,,"{""asset_id"": ""live:vocab:adhesive-bandage"", ""key"": ""adhesive-bandage"", ""concept"": ""adhesive bandage"", ""source_bank"": ""07_vocab-pack"", ""source_role"": ""production_asset"", ""source_path"": ""public/assets/07_vocab-pack/img/adhesive-bandage.png"", ""expected_asset_type"": ""vocab_icon"", ""expected_background_mode"": ""icon_image"", ""expected_concept_word"": ""adhesive bandage"", ""reviewed_from"": ""audit/visual-assets/sheets/pending_visual/07-vocab-pack-vocab-icon-generated-002.jpg"", ""decision_source"": ""audit/visual-assets/decisions-vocab-001-075.jsonl"", ""sha256"": ""901f29eeac697bba19258b5dff381046b728b5aa9e34d4c7358b2d60903384c5"", ""bytes"": 16035, ""notes"": ""Adhesive bandage with blue smear artifact at bottom."", ""reason_codes"": [""generation_artifact""]}"
live:vocab:adore,adore,adore,vocab,live,07_vocab-pack,production_asset,public/assets/07_vocab-pack/img/adore.png,ART_REDO,"[""text_artifact""]","[""text_artifact""]",Text 'adore' rendered directly on the image.,,audit/visual-assets/sheets/pending_visual/07-vocab-pack-vocab-icon-generated-002.jpg,,"{""asset_id"": ""live:vocab:adore"", ""key"": ""adore"", ""concept"": ""adore"", ""source_bank"": ""07_vocab-pack"", ""source_role"": ""production_asset"", ""source_path"": ""public/assets/07_vocab-pack/img/adore.png"", ""expected_asset_type"": ""vocab_icon"", ""expected_background_mode"": ""icon_image"", ""expected_concept_word"": ""adore"", ""reviewed_from"": ""audit/visual-assets/sheets/pending_visual/07-vocab-pack-vocab-icon-generated-002.jpg"", ""decision_source"": ""audit/visual-assets/decisions-vocab-001-075.jsonl"", ""sha256"": ""8b94b5363df008f2c8f83b3e5d937b1d10ba72e37387d38e48da222e34ed9b9a"", ""bytes"": 53102, ""notes"": ""Text 'adore' rendered directly on the image."", ""reason_codes"": [""text_artifact""]}"
live:vocab:adult,adult,adult,vocab,live,07_vocab-pack,production_asset,public/assets/07_vocab-pack/img/adult.png,ART_REDO,"[""generation_artifact""]","[""generation_artifact""]",Adult icon with box framing artifact on top and left.,,audit/visual-assets/sheets/pending_visual/07-vocab-pack-vocab-icon-generated-002.jpg,,"{""asset_id"": ""live:vocab:adult"", ""key"": ""adult"", ""concept"": ""adult"", ""source_bank"": ""07_vocab-pack"", ""source_role"": ""production_asset"", ""source_path"": ""public/assets/07_vocab-pack/img/adult.png"", ""expected_asset_type"": ""vocab_icon"", ""expected_background_mode"": ""icon_image"", ""expected_concept_word"": ""adult"", ""reviewed_from"": ""audit/visual-assets/sheets/pending_visual/07-vocab-pack-vocab-icon-generated-002.jpg"", ""decision_source"": ""audit/visual-assets/decisions-vocab-001-075.jsonl"", ""sha256"": ""bfa3cfb0a14a2ad48516eada41957fdc918b86b4a02f6db64e1fc193f98a9dde"", ""bytes"": 23840, ""notes"": ""Adult icon with box framing artifact on top and left."", ""reason_codes"": [""generation_artifact""]}"
live:vocab:adverbial,adverbial,adverbial,vocab,live,07_vocab-pack,production_asset,public/assets/07_vocab-pack/img/adverbial.png,ART_REDO,"[""wrong_concept"", ""ambiguous_concept""]","[""wrong_concept"", ""ambiguous_concept""]",Confusing classroom diagram with random arrows.,,audit/visual-assets/sheets/pending_visual/07-vocab-pack-vocab-icon-generated-002.jpg,,"{""asset_id"": ""live:vocab:adverbial"", ""key"": ""adverbial"", ""concept"": ""adverbial"", ""source_bank"": ""07_vocab-pack"", ""source_role"": ""production_asset"", ""source_path"": ""public/assets/07_vocab-pack/img/adverbial.png"", ""expected_asset_type"": ""vocab_icon"", ""expected_background_mode"": ""icon_image"", ""expected_concept_word"": ""adverbial"", ""reviewed_from"": ""audit/visual-assets/sheets/pending_visual/07-vocab-pack-vocab-icon-generated-002.jpg"", ""decision_source"": ""audit/visual-assets/decisions-vocab-001-075.jsonl"", ""sha256"": ""e37ca30b660416e2e4fe1ea3f955ae47b9fafad3fa0c37721651e07577d39279"", ""bytes"": 103340, ""notes"": ""Confusing classroom diagram with random arrows."", ""reason_codes"": [""wrong_concept"", ""ambiguous_concept""]}"
live:vocab:airdrum,airdrum,airdrum,vocab,live,07_vocab-pack,production_asset,public/assets/07_vocab-pack/img/airdrum.png,ART_REDO,"[""wrong_concept""]","[""wrong_concept""]","Shows woman watering garden plants, labeled 'airdrum'.",,audit/visual-assets/sheets/pending_visual/07-vocab-pack-vocab-icon-generated-003.jpg,,"{""asset_id"": ""live:vocab:airdrum"", ""key"": ""airdrum"", ""concept"": ""airdrum"", ""source_bank"": ""07_vocab-pack"", ""source_role"": ""production_asset"", ""source_path"": ""public/assets/07_vocab-pack/img/airdrum.png"", ""expected_asset_type"": ""vocab_icon"", ""expected_background_mode"": ""icon_image"", ""expected_concept_word"": ""airdrum"", ""reviewed_from"": ""audit/visual-assets/sheets/pending_visual/07-vocab-pack-vocab-icon-generated-003.jpg"", ""decision_source"": ""audit/visual-assets/decisions-vocab-001-075.jsonl"", ""sha256"": ""163da17b6a523a8d42fd1293fff68cd3708ec4ddce6a1839025fd84de225b99d"", ""bytes"": 47552, ""notes"": ""Shows woman watering garden plants, labeled 'airdrum'."", ""reason_codes"": [""wrong_concept""]}"
live:vocab:airguitar,airguitar,airguitar,vocab,live,07_vocab-pack,production_asset,public/assets/07_vocab-pack/img/airguitar.png,ART_REDO,"[""wrong_concept""]","[""wrong_concept""]","Shows harvesting vegetables into basket, labeled 'airguitar'.",,audit/visual-assets/sheets/pending_visual/07-vocab-pack-vocab-icon-generated-003.jpg,,"{""asset_id"": ""live:vocab:airguitar"", ""key"": ""airguitar"", ""concept"": ""airguitar"", ""source_bank"": ""07_vocab-pack"", ""source_role"": ""production_asset"", ""source_path"": ""public/assets/07_vocab-pack/img/airguitar.png"", ""expected_asset_type"": ""vocab_icon"", ""expected_background_mode"": ""icon_image"", ""expected_concept_word"": ""airguitar"", ""reviewed_from"": ""audit/visual-assets/sheets/pending_visual/07-vocab-pack-vocab-icon-generated-003.jpg"", ""decision_source"": ""audit/visual-assets/decisions-vocab-001-075.jsonl"", ""sha256"": ""bd17ad87edded7b08be4463670b50aae46250628da43817144c5e7696a672289"", ""bytes"": 66043, ""notes"": ""Shows harvesting vegetables into basket, labeled 'airguitar'."", ""reason_codes"": [""wrong_concept""]}"
live:vocab:airport,airport,airport,vocab,live,07_vocab-pack,production_asset,public/assets/07_vocab-pack/img/airport.png,ART_REDO,"[""text_artifact""]","[""text_artifact""]",Text 'airport' rendered directly on the image.,,audit/visual-assets/sheets/pending_visual/07-vocab-pack-vocab-icon-generated-003.jpg,,"{""asset_id"": ""live:vocab:airport"", ""key"": ""airport"", ""concept"": ""airport"", ""source_bank"": ""07_vocab-pack"", ""source_role"": ""production_asset"", ""source_path"": ""public/assets/07_vocab-pack/img/airport.png"", ""expected_asset_type"": ""vocab_icon"", ""expected_background_mode"": ""icon_image"", ""expected_concept_word"": ""airport"", ""reviewed_from"": ""audit/visual-assets/sheets/pending_visual/07-vocab-pack-vocab-icon-generated-003.jpg"", ""decision_source"": ""audit/visual-assets/decisions-vocab-001-075.jsonl"", ""sha256"": ""929ada8fa6e79df9a5568eae3c3e004cf3f8166db85ffe1a53cb336ab7d1947e"", ""bytes"": 66463, ""notes"": ""Text 'airport' rendered directly on the image."", ""reason_codes"": [""text_artifact""]}"
live:vocab:airport gate,airport gate,airport gate,vocab,live,07_vocab-pack,production_asset,public/assets/07_vocab-pack/img/gate.png,ART_REDO,"[""wrong_concept""]","[""wrong_concept""]",Shows farm wooden gate instead of airport boarding gate.,,audit/visual-assets/sheets/pending_visual/07-vocab-pack-vocab-icon-generated-003.jpg,,"{""asset_id"": ""live:vocab:airport gate"", ""key"": ""airport gate"", ""concept"": ""airport gate"", ""source_bank"": ""07_vocab-pack"", ""source_role"": ""production_asset"", ""source_path"": ""public/assets/07_vocab-pack/img/gate.png"", ""expected_asset_type"": ""vocab_icon"", ""expected_background_mode"": ""icon_image"", ""expected_concept_word"": ""airport gate"", ""reviewed_from"": ""audit/visual-assets/sheets/pending_visual/07-vocab-pack-vocab-icon-generated-003.jpg"", ""decision_source"": ""audit/visual-assets/decisions-vocab-001-075.jsonl"", ""sha256"": ""ee6ba52efeadfc416d47f183a247beab864793ef1a5e9df8617e21f3ca03e93b"", ""bytes"": 26874, ""notes"": ""Shows farm wooden gate instead of airport boarding gate."", ""reason_codes"": [""wrong_concept""]}"
live:vocab:alarm-clock,alarm-clock,alarm clock,vocab,live,07_vocab-pack,production_asset,public/assets/07_vocab-pack/img/alarm-clock.png,ART_REDO,"[""bad_alpha"", ""generation_artifact""]","[""bad_alpha"", ""generation_artifact""]",Alarm clock has hollow ring face with missing hands and numbers.,,audit/visual-assets/sheets/pending_visual/07-vocab-pack-vocab-icon-generated-003.jpg,,"{""asset_id"": ""live:vocab:alarm-clock"", ""key"": ""alarm-clock"", ""concept"": ""alarm clock"", ""source_bank"": ""07_vocab-pack"", ""source_role"": ""production_asset"", ""source_path"": ""public/assets/07_vocab-pack/img/alarm-clock.png"", ""expected_asset_type"": ""vocab_icon"", ""expected_background_mode"": ""icon_image"", ""expected_concept_word"": ""alarm clock"", ""reviewed_from"": ""audit/visual-assets/sheets/pending_visual/07-vocab-pack-vocab-icon-generated-003.jpg"", ""decision_source"": ""audit/visual-assets/decisions-vocab-001-075.jsonl"", ""sha256"": ""2c89080321571ce3f93da6d3710b297a4cf64c17d3317e4031c9f9116472a6e9"", ""bytes"": 38504, ""notes"": ""Alarm clock has hollow ring face with missing hands and numbers."", ""reason_codes"": [""bad_alpha"", ""generation_artifact""]}"
live:vocab:alight,alight,alight,vocab,live,07_vocab-pack,production_asset,public/assets/07_vocab-pack/img/alight.png,ART_REDO,"[""text_artifact""]","[""text_artifact""]",Text 'alight' rendered directly on the image.,,audit/visual-assets/sheets/pending_visual/07-vocab-pack-vocab-icon-generated-004.jpg,,"{""asset_id"": ""live:vocab:alight"", ""key"": ""alight"", ""concept"": ""alight"", ""source_bank"": ""07_vocab-pack"", ""source_role"": ""production_asset"", ""source_path"": ""public/assets/07_vocab-pack/img/alight.png"", ""expected_asset_type"": ""vocab_icon"", ""expected_background_mode"": ""icon_image"", ""expected_concept_word"": ""alight"", ""reviewed_from"": ""audit/visual-assets/sheets/pending_visual/07-vocab-pack-vocab-icon-generated-004.jpg"", ""decision_source"": ""audit/visual-assets/decisions-vocab-001-075.jsonl"", ""sha256"": ""9dabbde5f6008424cc7f4856b560b92b5d89b7875bec81c2e000ea3048daec62"", ""bytes"": 61480, ""notes"": ""Text 'alight' rendered directly on the image."", ""reason_codes"": [""text_artifact""]}"
live:vocab:alter,alter,alter,vocab,live,07_vocab-pack,production_asset,public/assets/07_vocab-pack/img/alter.png,ART_REDO,"[""text_artifact""]","[""text_artifact""]",Text 'alter' rendered directly on the image.,,audit/visual-assets/sheets/pending_visual/07-vocab-pack-vocab-icon-generated-004.jpg,,"{""asset_id"": ""live:vocab:alter"", ""key"": ""alter"", ""concept"": ""alter"", ""source_bank"": ""07_vocab-pack"", ""source_role"": ""production_asset"", ""source_path"": ""public/assets/07_vocab-pack/img/alter.png"", ""expected_asset_type"": ""vocab_icon"", ""expected_background_mode"": ""icon_image"", ""expected_concept_word"": ""alter"", ""reviewed_from"": ""audit/visual-assets/sheets/pending_visual/07-vocab-pack-vocab-icon-generated-004.jpg"", ""decision_source"": ""audit/visual-assets/decisions-vocab-001-075.jsonl"", ""sha256"": ""cd70fe722472a24b2eaae89c12261cd7493cc90c657d00c3fba213836911ba00"", ""bytes"": 51791, ""notes"": ""Text 'alter' rendered directly on the image."", ""reason_codes"": [""text_artifact""]}"
live:vocab:appear,appear,appear,vocab,live,07_vocab-pack,production_asset,public/assets/07_vocab-pack/img/appear.png,ART_REDO,"[""text_artifact""]","[""text_artifact""]",Text 'appear' rendered directly on the image.,,audit/visual-assets/sheets/pending_visual/07-vocab-pack-vocab-icon-generated-006.jpg,,"{""asset_id"": ""live:vocab:appear"", ""key"": ""appear"", ""concept"": ""appear"", ""source_bank"": ""07_vocab-pack"", ""source_role"": ""production_asset"", ""source_path"": ""public/assets/07_vocab-pack/img/appear.png"", ""expected_asset_type"": ""vocab_icon"", ""expected_background_mode"": ""icon_image"", ""expected_concept_word"": ""appear"", ""reviewed_from"": ""audit/visual-assets/sheets/pending_visual/07-vocab-pack-vocab-icon-generated-006.jpg"", ""decision_source"": ""audit/visual-assets/decisions-vocab-001-075.jsonl"", ""sha256"": ""63bd7484ffffe32b5113714dfbbda26814e75bfc64fdb7e7b68a4427a6725ee6"", ""bytes"": 53552, ""notes"": ""Text 'appear' rendered directly on the image."", ""reason_codes"": [""text_artifact""]}"
live:vocab:appoint,appoint,appoint,vocab,live,07_vocab-pack,production_asset,public/assets/07_vocab-pack/img/appoint.png,ART_REDO,"[""text_artifact""]","[""text_artifact""]",Text 'appoint' rendered directly on the image.,,audit/visual-assets/sheets/pending_visual/07-vocab-pack-vocab-icon-generated-006.jpg,,"{""asset_id"": ""live:vocab:appoint"", ""key"": ""appoint"", ""concept"": ""appoint"", ""source_bank"": ""07_vocab-pack"", ""source_role"": ""production_asset"", ""source_path"": ""public/assets/07_vocab-pack/img/appoint.png"", ""expected_asset_type"": ""vocab_icon"", ""expected_background_mode"": ""icon_image"", ""expected_concept_word"": ""appoint"", ""reviewed_from"": ""audit/visual-assets/sheets/pending_visual/07-vocab-pack-vocab-icon-generated-006.jpg"", ""decision_source"": ""audit/visual-assets/decisions-vocab-001-075.jsonl"", ""sha256"": ""8f59342a87503e5666952db46ac5c8acdec6f6766b52f115d22f3d82fc8268d6"", ""bytes"": 43877, ""notes"": ""Text 'appoint' rendered directly on the image."", ""reason_codes"": [""text_artifact""]}"
live:vocab:aspect,aspect,aspect,vocab,live,07_vocab-pack,production_asset,public/assets/07_vocab-pack/img/aspect.png,ART_REDO,"[""ambiguous_concept""]","[""ambiguous_concept""]",3D translucent cube; unreadable abstract representation for aspect.,,audit/visual-assets/sheets/pending_visual/07-vocab-pack-vocab-icon-generated-008.jpg,,"{""asset_id"": ""live:vocab:aspect"", ""key"": ""aspect"", ""concept"": ""aspect"", ""source_bank"": ""07_vocab-pack"", ""source_role"": ""production_asset"", ""source_path"": ""public/assets/07_vocab-pack/img/aspect.png"", ""expected_asset_type"": ""vocab_icon"", ""expected_background_mode"": ""icon_image"", ""expected_concept_word"": ""aspect"", ""reviewed_from"": ""audit/visual-assets/sheets/pending_visual/07-vocab-pack-vocab-icon-generated-008.jpg"", ""decision_source"": ""audit/visual-assets/decisions-vocab-001-075.jsonl"", ""sha256"": ""cc2e3fb7787002349c52d857485d0b7d4942ca2b87638db4610bc1c9626b73a2"", ""bytes"": 69622, ""notes"": ""3D translucent cube; unreadable abstract representation for aspect."", ""reason_codes"": [""ambiguous_concept""]}"
live:vocab:awkward,awkward,awkward,vocab,live,07_vocab-pack,production_asset,public/assets/07_vocab-pack/img/awkward.png,ART_REDO,"[""text_artifact""]","[""text_artifact""]",Text 'awkward' rendered directly on the image.,,audit/visual-assets/sheets/pending_visual/07-vocab-pack-vocab-icon-generated-009.jpg,,"{""asset_id"": ""live:vocab:awkward"", ""key"": ""awkward"", ""concept"": ""awkward"", ""source_bank"": ""07_vocab-pack"", ""source_role"": ""production_asset"", ""source_path"": ""public/assets/07_vocab-pack/img/awkward.png"", ""expected_asset_type"": ""vocab_icon"", ""expected_background_mode"": ""icon_image"", ""expected_concept_word"": ""awkward"", ""reviewed_from"": ""audit/visual-assets/sheets/pending_visual/07-vocab-pack-vocab-icon-generated-009.jpg"", ""decision_source"": ""audit/visual-assets/decisions-vocab-001-075.jsonl"", ""sha256"": ""0895d854200399630ee0e7335952897a05937f8ec9a17e3e8a38f71bef752787"", ""bytes"": 64108, ""notes"": ""Text 'awkward' rendered directly on the image."", ""reason_codes"": [""text_artifact""]}"
live:vocab:back,back,back,vocab,live,07_vocab-pack,production_asset,public/assets/07_vocab-pack/img/back.png,ART_REDO,"[""text_artifact""]","[""text_artifact""]",Text 'back' rendered directly on the image.,,audit/visual-assets/sheets/pending_visual/07-vocab-pack-vocab-icon-generated-010.jpg,,"{""asset_id"": ""live:vocab:back"", ""key"": ""back"", ""concept"": ""back"", ""source_bank"": ""07_vocab-pack"", ""source_role"": ""production_asset"", ""source_path"": ""public/assets/07_vocab-pack/img/back.png"", ""expected_asset_type"": ""vocab_icon"", ""expected_background_mode"": ""icon_image"", ""expected_concept_word"": ""back"", ""reviewed_from"": ""audit/visual-assets/sheets/pending_visual/07-vocab-pack-vocab-icon-generated-010.jpg"", ""decision_source"": ""audit/visual-assets/decisions-vocab-001-075.jsonl"", ""sha256"": ""2e14d44b7da7fb520cfe0fdd13af9d9142a703ea64ebc1e8f028f2aedc1f94f6"", ""bytes"": 26302, ""notes"": ""Text 'back' rendered directly on the image."", ""reason_codes"": [""text_artifact""]}"
live:vocab:bagleaf,bagleaf,bagleaf,vocab,live,07_vocab-pack,production_asset,public/assets/07_vocab-pack/img/bagleaf.png,ART_REDO,"[""text_artifact""]","[""text_artifact""]",Text 'bagleaf' rendered directly on the image.,,audit/visual-assets/sheets/pending_visual/07-vocab-pack-vocab-icon-generated-010.jpg,,"{""asset_id"": ""live:vocab:bagleaf"", ""key"": ""bagleaf"", ""concept"": ""bagleaf"", ""source_bank"": ""07_vocab-pack"", ""source_role"": ""production_asset"", ""source_path"": ""public/assets/07_vocab-pack/img/bagleaf.png"", ""expected_asset_type"": ""vocab_icon"", ""expected_background_mode"": ""icon_image"", ""expected_concept_word"": ""bagleaf"", ""reviewed_from"": ""audit/visual-assets/sheets/pending_visual/07-vocab-pack-vocab-icon-generated-010.jpg"", ""decision_source"": ""audit/visual-assets/decisions-vocab-001-075.jsonl"", ""sha256"": ""acba263a483be7fc5e850140dd584d1177213542640e4ba1757468dbbe046234"", ""bytes"": 51286, ""notes"": ""Text 'bagleaf' rendered directly on the image."", ""reason_codes"": [""text_artifact""]}"
live:vocab:bald,bald,bald,vocab,live,07_vocab-pack,production_asset,public/assets/07_vocab-pack/img/bald.png,ART_REDO,"[""text_artifact""]","[""text_artifact""]",Text 'bald' rendered directly on the image.,,audit/visual-assets/sheets/pending_visual/07-vocab-pack-vocab-icon-generated-011.jpg,,"{""asset_id"": ""live:vocab:bald"", ""key"": ""bald"", ""concept"": ""bald"", ""source_bank"": ""07_vocab-pack"", ""source_role"": ""production_asset"", ""source_path"": ""public/assets/07_vocab-pack/img/bald.png"", ""expected_asset_type"": ""vocab_icon"", ""expected_background_mode"": ""icon_image"", ""expected_concept_word"": ""bald"", ""reviewed_from"": ""audit/visual-assets/sheets/pending_visual/07-vocab-pack-vocab-icon-generated-011.jpg"", ""decision_source"": ""audit/visual-assets/decisions-vocab-001-075.jsonl"", ""sha256"": ""5727c57cd5571dd88047e9a00ac79931d9f0754bf41e844c3b7ce8e9e04e270d"", ""bytes"": 57551, ""notes"": ""Text 'bald' rendered directly on the image."", ""reason_codes"": [""text_artifact""]}"
live:vocab:ban,ban,ban,vocab,live,07_vocab-pack,production_asset,public/assets/07_vocab-pack/img/ban.png,ART_REDO,"[""text_artifact""]","[""text_artifact""]",Text 'ban' rendered directly on the image.,,audit/visual-assets/sheets/pending_visual/07-vocab-pack-vocab-icon-generated-011.jpg,,"{""asset_id"": ""live:vocab:ban"", ""key"": ""ban"", ""concept"": ""ban"", ""source_bank"": ""07_vocab-pack"", ""source_role"": ""production_asset"", ""source_path"": ""public/assets/07_vocab-pack/img/ban.png"", ""expected_asset_type"": ""vocab_icon"", ""expected_background_mode"": ""icon_image"", ""expected_concept_word"": ""ban"", ""reviewed_from"": ""audit/visual-assets/sheets/pending_visual/07-vocab-pack-vocab-icon-generated-011.jpg"", ""decision_source"": ""audit/visual-assets/decisions-vocab-001-075.jsonl"", ""sha256"": ""0297ce313c0598d2947df25d8cba7532d5146f517862287c98c1e545bb4c824f"", ""bytes"": 43352, ""notes"": ""Text 'ban' rendered directly on the image."", ""reason_codes"": [""text_artifact""]}"
live:vocab:bare,bare,bare,vocab,live,07_vocab-pack,production_asset,public/assets/07_vocab-pack/img/bare.png,ART_REDO,"[""text_artifact""]","[""text_artifact""]",Text 'bare' rendered directly on the image.,,audit/visual-assets/sheets/pending_visual/07-vocab-pack-vocab-icon-generated-012.jpg,,"{""asset_id"": ""live:vocab:bare"", ""key"": ""bare"", ""concept"": ""bare"", ""source_bank"": ""07_vocab-pack"", ""source_role"": ""production_asset"", ""source_path"": ""public/assets/07_vocab-pack/img/bare.png"", ""expected_asset_type"": ""vocab_icon"", ""expected_background_mode"": ""icon_image"", ""expected_concept_word"": ""bare"", ""reviewed_from"": ""audit/visual-assets/sheets/pending_visual/07-vocab-pack-vocab-icon-generated-012.jpg"", ""decision_source"": ""audit/visual-assets/decisions-vocab-001-075.jsonl"", ""sha256"": ""90f8dca111951bebdb70d517de1449a5c0feb74a9d0ab625da7616a0c3281b48"", ""bytes"": 47817, ""notes"": ""Text 'bare' rendered directly on the image."", ""reason_codes"": [""text_artifact""]}"
live:vocab:barrier,barrier,barrier,vocab,live,07_vocab-pack,production_asset,public/assets/07_vocab-pack/img/barrier.png,ART_REDO,"[""bad_crop"", ""generation_artifact""]","[""bad_crop"", ""generation_artifact""]",Corrupt tile split into 4 misaligned quadrants.,,audit/visual-assets/sheets/pending_visual/07-vocab-pack-vocab-icon-generated-012.jpg,,"{""asset_id"": ""live:vocab:barrier"", ""key"": ""barrier"", ""concept"": ""barrier"", ""source_bank"": ""07_vocab-pack"", ""source_role"": ""production_asset"", ""source_path"": ""public/assets/07_vocab-pack/img/barrier.png"", ""expected_asset_type"": ""vocab_icon"", ""expected_background_mode"": ""icon_image"", ""expected_concept_word"": ""barrier"", ""reviewed_from"": ""audit/visual-assets/sheets/pending_visual/07-vocab-pack-vocab-icon-generated-012.jpg"", ""decision_source"": ""audit/visual-assets/decisions-vocab-001-075.jsonl"", ""sha256"": ""0dd8ce248c31a8b3f9b05b1c2807f1278f645722a7b0aaa4c9b195d15fb8c31f"", ""bytes"": 54422, ""notes"": ""Corrupt tile split into 4 misaligned quadrants."", ""reason_codes"": [""bad_crop"", ""generation_artifact""]}"
live:vocab:baste,baste,baste,vocab,live,07_vocab-pack,production_asset,public/assets/07_vocab-pack/img/baste.png,ART_REDO,"[""text_artifact""]","[""text_artifact""]",Text 'baste' rendered directly on the image.,,audit/visual-assets/sheets/pending_visual/07-vocab-pack-vocab-icon-generated-013.jpg,,"{""asset_id"": ""live:vocab:baste"", ""key"": ""baste"", ""concept"": ""baste"", ""source_bank"": ""07_vocab-pack"", ""source_role"": ""production_asset"", ""source_path"": ""public/assets/07_vocab-pack/img/baste.png"", ""expected_asset_type"": ""vocab_icon"", ""expected_background_mode"": ""icon_image"", ""expected_concept_word"": ""baste"", ""reviewed_from"": ""audit/visual-assets/sheets/pending_visual/07-vocab-pack-vocab-icon-generated-013.jpg"", ""decision_source"": ""audit/visual-assets/decisions-vocab-001-075.jsonl"", ""sha256"": ""ecf5000ea7e6df8a43380fc45ea4bb126b1dc24b1c5d792c8c3fa7a7c57a28d4"", ""bytes"": 70475, ""notes"": ""Text 'baste' rendered directly on the image."", ""reason_codes"": [""text_artifact""]}"
live:vocab:begin,begin,begin,vocab,live,07_vocab-pack,production_asset,public/assets/07_vocab-pack/img/begin.png,ART_REDO,"[""text_artifact""]","[""text_artifact""]",Text 'begin' rendered directly on the image.,,audit/visual-assets/sheets/pending_visual/07-vocab-pack-vocab-icon-generated-015.jpg,,"{""asset_id"": ""live:vocab:begin"", ""key"": ""begin"", ""concept"": ""begin"", ""source_bank"": ""07_vocab-pack"", ""source_role"": ""production_asset"", ""source_path"": ""public/assets/07_vocab-pack/img/begin.png"", ""expected_asset_type"": ""vocab_icon"", ""expected_background_mode"": ""icon_image"", ""expected_concept_word"": ""begin"", ""reviewed_from"": ""audit/visual-assets/sheets/pending_visual/07-vocab-pack-vocab-icon-generated-015.jpg"", ""decision_source"": ""audit/visual-assets/decisions-vocab-001-075.jsonl"", ""sha256"": ""5ae3eb4060ec65654feec53c036d125ff56ba49ac112f514a83ffbddf115db2d"", ""bytes"": 43420, ""notes"": ""Text 'begin' rendered directly on the image."", ""reason_codes"": [""text_artifact""]}"
live:vocab:bell-pepper,bell-pepper,bell pepper,vocab,live,07_vocab-pack,production_asset,public/assets/07_vocab-pack/img/bell-pepper.png,ART_REDO,"[""wrong_concept""]","[""wrong_concept""]","Shows sliced pineapple ring, labeled 'bell-pepper'.",,audit/visual-assets/sheets/pending_visual/07-vocab-pack-vocab-icon-generated-015.jpg,,"{""asset_id"": ""live:vocab:bell-pepper"", ""key"": ""bell-pepper"", ""concept"": ""bell pepper"", ""source_bank"": ""07_vocab-pack"", ""source_role"": ""production_asset"", ""source_path"": ""public/assets/07_vocab-pack/img/bell-pepper.png"", ""expected_asset_type"": ""vocab_icon"", ""expected_background_mode"": ""icon_image"", ""expected_concept_word"": ""bell pepper"", ""reviewed_from"": ""audit/visual-assets/sheets/pending_visual/07-vocab-pack-vocab-icon-generated-015.jpg"", ""decision_source"": ""audit/visual-assets/decisions-vocab-001-075.jsonl"", ""sha256"": ""bd712d29814627d53e6d45d74c59dc0d3d3fcf7426e09637c2a78a628e94314c"", ""bytes"": 80317, ""notes"": ""Shows sliced pineapple ring, labeled 'bell-pepper'."", ""reason_codes"": [""wrong_concept""]}"
live:vocab:belly,belly,belly,vocab,live,07_vocab-pack,production_asset,public/assets/07_vocab-pack/img/belly.png,ART_REDO,"[""text_artifact""]","[""text_artifact""]",Text 'belly' rendered directly on the image.,,audit/visual-assets/sheets/pending_visual/07-vocab-pack-vocab-icon-generated-015.jpg,,"{""asset_id"": ""live:vocab:belly"", ""key"": ""belly"", ""concept"": ""belly"", ""source_bank"": ""07_vocab-pack"", ""source_role"": ""production_asset"", ""source_path"": ""public/assets/07_vocab-pack/img/belly.png"", ""expected_asset_type"": ""vocab_icon"", ""expected_background_mode"": ""icon_image"", ""expected_concept_word"": ""belly"", ""reviewed_from"": ""audit/visual-assets/sheets/pending_visual/07-vocab-pack-vocab-icon-generated-015.jpg"", ""decision_source"": ""audit/visual-assets/decisions-vocab-001-075.jsonl"", ""sha256"": ""e65f2285da796c3edcf1e918eb99bce68b1fe3cc6c2529a20193fe280e4708fd"", ""bytes"": 29421, ""notes"": ""Text 'belly' rendered directly on the image."", ""reason_codes"": [""text_artifact""]}"
live:vocab:bellyflop,bellyflop,bellyflop,vocab,live,07_vocab-pack,production_asset,public/assets/07_vocab-pack/img/bellyflop.png,ART_REDO,"[""text_artifact""]","[""text_artifact""]",Text 'Bellyflop' rendered directly on the image.,,audit/visual-assets/sheets/pending_visual/07-vocab-pack-vocab-icon-generated-016.jpg,,"{""asset_id"": ""live:vocab:bellyflop"", ""key"": ""bellyflop"", ""concept"": ""bellyflop"", ""source_bank"": ""07_vocab-pack"", ""source_role"": ""production_asset"", ""source_path"": ""public/assets/07_vocab-pack/img/bellyflop.png"", ""expected_asset_type"": ""vocab_icon"", ""expected_background_mode"": ""icon_image"", ""expected_concept_word"": ""bellyflop"", ""reviewed_from"": ""audit/visual-assets/sheets/pending_visual/07-vocab-pack-vocab-icon-generated-016.jpg"", ""decision_source"": ""audit/visual-assets/decisions-vocab-001-075.jsonl"", ""sha256"": ""efd3b5c588b4ddee733a2ee495443cf06110dca34b8868bb3cddf4b7db3ab597"", ""bytes"": 45813, ""notes"": ""Text 'Bellyflop' rendered directly on the image."", ""reason_codes"": [""text_artifact""]}"
live:vocab:beloved,beloved,beloved,vocab,live,07_vocab-pack,production_asset,public/assets/07_vocab-pack/img/beloved.png,ART_REDO,"[""text_artifact""]","[""text_artifact""]",Text 'beloved' rendered directly on the image.,,audit/visual-assets/sheets/pending_visual/07-vocab-pack-vocab-icon-generated-016.jpg,,"{""asset_id"": ""live:vocab:beloved"", ""key"": ""beloved"", ""concept"": ""beloved"", ""source_bank"": ""07_vocab-pack"", ""source_role"": ""production_asset"", ""source_path"": ""public/assets/07_vocab-pack/img/beloved.png"", ""expected_asset_type"": ""vocab_icon"", ""expected_background_mode"": ""icon_image"", ""expected_concept_word"": ""beloved"", ""reviewed_from"": ""audit/visual-assets/sheets/pending_visual/07-vocab-pack-vocab-icon-generated-016.jpg"", ""decision_source"": ""audit/visual-assets/decisions-vocab-001-075.jsonl"", ""sha256"": ""6197cd782df15469439c0b8a91d27ee0fa49de9fbf84d73ff0126770dcafbbdc"", ""bytes"": 82157, ""notes"": ""Text 'beloved' rendered directly on the image."", ""reason_codes"": [""text_artifact""]}"
live:vocab:bent,bent,bent,vocab,live,07_vocab-pack,production_asset,public/assets/07_vocab-pack/img/bent.png,ART_REDO,"[""text_artifact""]","[""text_artifact""]",Text 'bent' rendered directly on the image.,,audit/visual-assets/sheets/pending_visual/07-vocab-pack-vocab-icon-generated-016.jpg,,"{""asset_id"": ""live:vocab:bent"", ""key"": ""bent"", ""concept"": ""bent"", ""source_bank"": ""07_vocab-pack"", ""source_role"": ""production_asset"", ""source_path"": ""public/assets/07_vocab-pack/img/bent.png"", ""expected_asset_type"": ""vocab_icon"", ""expected_background_mode"": ""icon_image"", ""expected_concept_word"": ""bent"", ""reviewed_from"": ""audit/visual-assets/sheets/pending_visual/07-vocab-pack-vocab-icon-generated-016.jpg"", ""decision_source"": ""audit/visual-assets/decisions-vocab-001-075.jsonl"", ""sha256"": ""d68fe390ff8dfb0c927c747f9217154295e2267dae9bb8515477ecc1a8d12885"", ""bytes"": 59649, ""notes"": ""Text 'bent' rendered directly on the image."", ""reason_codes"": [""text_artifact""]}"
live:vocab:bet,bet,bet,vocab,live,07_vocab-pack,production_asset,public/assets/07_vocab-pack/img/bet.png,ART_REDO,"[""text_artifact""]","[""text_artifact""]",Text 'bet' rendered directly on the image.,,audit/visual-assets/sheets/pending_visual/07-vocab-pack-vocab-icon-generated-016.jpg,,"{""asset_id"": ""live:vocab:bet"", ""key"": ""bet"", ""concept"": ""bet"", ""source_bank"": ""07_vocab-pack"", ""source_role"": ""production_asset"", ""source_path"": ""public/assets/07_vocab-pack/img/bet.png"", ""expected_asset_type"": ""vocab_icon"", ""expected_background_mode"": ""icon_image"", ""expected_concept_word"": ""bet"", ""reviewed_from"": ""audit/visual-assets/sheets/pending_visual/07-vocab-pack-vocab-icon-generated-016.jpg"", ""decision_source"": ""audit/visual-assets/decisions-vocab-001-075.jsonl"", ""sha256"": ""62467fcbb7915f0f0139c6e7d0cb89ca56bf71761a6b64100074b8aa051cbee4"", ""bytes"": 51011, ""notes"": ""Text 'bet' rendered directly on the image."", ""reason_codes"": [""text_artifact""]}"
live:vocab:bilingual,bilingual,bilingual,vocab,live,07_vocab-pack,production_asset,public/assets/07_vocab-pack/img/bilingual.png,ART_REDO,"[""text_artifact""]","[""text_artifact""]",Text 'bilingual' rendered directly on the image.,,audit/visual-assets/sheets/pending_visual/07-vocab-pack-vocab-icon-generated-017.jpg,,"{""asset_id"": ""live:vocab:bilingual"", ""key"": ""bilingual"", ""concept"": ""bilingual"", ""source_bank"": ""07_vocab-pack"", ""source_role"": ""production_asset"", ""source_path"": ""public/assets/07_vocab-pack/img/bilingual.png"", ""expected_asset_type"": ""vocab_icon"", ""expected_background_mode"": ""icon_image"", ""expected_concept_word"": ""bilingual"", ""reviewed_from"": ""audit/visual-assets/sheets/pending_visual/07-vocab-pack-vocab-icon-generated-017.jpg"", ""decision_source"": ""audit/visual-assets/decisions-vocab-001-075.jsonl"", ""sha256"": ""c7766705db810a6734864580089ed77e6bee8148f38c5998c397aa115dc7959f"", ""bytes"": 43692, ""notes"": ""Text 'bilingual' rendered directly on the image."", ""reason_codes"": [""text_artifact""]}"
live:vocab:bill,bill,bill,vocab,live,07_vocab-pack,production_asset,public/assets/07_vocab-pack/img/bill.png,ART_REDO,"[""text_artifact""]","[""text_artifact""]",Text 'bill' rendered directly on the image.,,audit/visual-assets/sheets/pending_visual/07-vocab-pack-vocab-icon-generated-017.jpg,,"{""asset_id"": ""live:vocab:bill"", ""key"": ""bill"", ""concept"": ""bill"", ""source_bank"": ""07_vocab-pack"", ""source_role"": ""production_asset"", ""source_path"": ""public/assets/07_vocab-pack/img/bill.png"", ""expected_asset_type"": ""vocab_icon"", ""expected_background_mode"": ""icon_image"", ""expected_concept_word"": ""bill"", ""reviewed_from"": ""audit/visual-assets/sheets/pending_visual/07-vocab-pack-vocab-icon-generated-017.jpg"", ""decision_source"": ""audit/visual-assets/decisions-vocab-001-075.jsonl"", ""sha256"": ""75018401488858e620be114bd2fa917771e95a89cd23030278ec21522d608468"", ""bytes"": 24944, ""notes"": ""Text 'bill' rendered directly on the image."", ""reason_codes"": [""text_artifact""]}"
live:vocab:birth,birth,birth,vocab,live,07_vocab-pack,production_asset,public/assets/07_vocab-pack/img/birth.png,ART_REDO,"[""ambiguous_concept""]","[""ambiguous_concept""]",Folded yellow blanket next to cake; ambiguous concept for birth.,,audit/visual-assets/sheets/pending_visual/07-vocab-pack-vocab-icon-generated-018.jpg,,"{""asset_id"": ""live:vocab:birth"", ""key"": ""birth"", ""concept"": ""birth"", ""source_bank"": ""07_vocab-pack"", ""source_role"": ""production_asset"", ""source_path"": ""public/assets/07_vocab-pack/img/birth.png"", ""expected_asset_type"": ""vocab_icon"", ""expected_background_mode"": ""icon_image"", ""expected_concept_word"": ""birth"", ""reviewed_from"": ""audit/visual-assets/sheets/pending_visual/07-vocab-pack-vocab-icon-generated-018.jpg"", ""decision_source"": ""audit/visual-assets/decisions-vocab-001-075.jsonl"", ""sha256"": ""1113b4a226f0b91514c866e47a4db8c32276d96ca9cd35564e4a01bf63a649ab"", ""bytes"": 49610, ""notes"": ""Folded yellow blanket next to cake; ambiguous concept for birth."", ""reason_codes"": [""ambiguous_concept""]}"
live:vocab:bit,bit,bit,vocab,live,07_vocab-pack,production_asset,public/assets/07_vocab-pack/img/bit.png,ART_REDO,"[""text_artifact""]","[""text_artifact""]",Text 'bit' rendered directly on the image.,,audit/visual-assets/sheets/pending_visual/07-vocab-pack-vocab-icon-generated-018.jpg,,"{""asset_id"": ""live:vocab:bit"", ""key"": ""bit"", ""concept"": ""bit"", ""source_bank"": ""07_vocab-pack"", ""source_role"": ""production_asset"", ""source_path"": ""public/assets/07_vocab-pack/img/bit.png"", ""expected_asset_type"": ""vocab_icon"", ""expected_background_mode"": ""icon_image"", ""expected_concept_word"": ""bit"", ""reviewed_from"": ""audit/visual-assets/sheets/pending_visual/07-vocab-pack-vocab-icon-generated-018.jpg"", ""decision_source"": ""audit/visual-assets/decisions-vocab-001-075.jsonl"", ""sha256"": ""34865ada9870de52a0834050c6806997ed5fb4bbcb43f7bc9ce558ed676a23c4"", ""bytes"": 33182, ""notes"": ""Text 'bit' rendered directly on the image."", ""reason_codes"": [""text_artifact""]}"
live:vocab:bitter,bitter,bitter,vocab,live,07_vocab-pack,production_asset,public/assets/07_vocab-pack/img/bitter.png,ART_REDO,"[""text_artifact""]","[""text_artifact""]",Text 'bitter' rendered directly on the image.,,audit/visual-assets/sheets/pending_visual/07-vocab-pack-vocab-icon-generated-018.jpg,,"{""asset_id"": ""live:vocab:bitter"", ""key"": ""bitter"", ""concept"": ""bitter"", ""source_bank"": ""07_vocab-pack"", ""source_role"": ""production_asset"", ""source_path"": ""public/assets/07_vocab-pack/img/bitter.png"", ""expected_asset_type"": ""vocab_icon"", ""expected_background_mode"": ""icon_image"", ""expected_concept_word"": ""bitter"", ""reviewed_from"": ""audit/visual-assets/sheets/pending_visual/07-vocab-pack-vocab-icon-generated-018.jpg"", ""decision_source"": ""audit/visual-assets/decisions-vocab-001-075.jsonl"", ""sha256"": ""308a6442b764744b3f612df134b5cf77cde7c92c15db820c91d3b1eddd97826b"", ""bytes"": 67108, ""notes"": ""Text 'bitter' rendered directly on the image."", ""reason_codes"": [""text_artifact""]}"
live:vocab:blanch,blanch,blanch,vocab,live,07_vocab-pack,production_asset,public/assets/07_vocab-pack/img/blanch.png,ART_REDO,"[""text_artifact""]","[""text_artifact""]",Text 'blanch' rendered directly on the image.,,audit/visual-assets/sheets/pending_visual/07-vocab-pack-vocab-icon-generated-018.jpg,,"{""asset_id"": ""live:vocab:blanch"", ""key"": ""blanch"", ""concept"": ""blanch"", ""source_bank"": ""07_vocab-pack"", ""source_role"": ""production_asset"", ""source_path"": ""public/assets/07_vocab-pack/img/blanch.png"", ""expected_asset_type"": ""vocab_icon"", ""expected_background_mode"": ""icon_image"", ""expected_concept_word"": ""blanch"", ""reviewed_from"": ""audit/visual-assets/sheets/pending_visual/07-vocab-pack-vocab-icon-generated-018.jpg"", ""decision_source"": ""audit/visual-assets/decisions-vocab-001-075.jsonl"", ""sha256"": ""6fc7f249d57458636215dc248ac0dd2ebd2e715a11f6428fc91541054cde1a22"", ""bytes"": 80637, ""notes"": ""Text 'blanch' rendered directly on the image."", ""reason_codes"": [""text_artifact""]}"
live:vocab:blind,blind,blind,vocab,live,07_vocab-pack,production_asset,public/assets/07_vocab-pack/img/blind.png,ART_REDO,"[""text_artifact""]","[""text_artifact""]",Text 'blind' rendered directly on the image.,,audit/visual-assets/sheets/pending_visual/07-vocab-pack-vocab-icon-generated-019.jpg,,"{""asset_id"": ""live:vocab:blind"", ""key"": ""blind"", ""concept"": ""blind"", ""source_bank"": ""07_vocab-pack"", ""source_role"": ""production_asset"", ""source_path"": ""public/assets/07_vocab-pack/img/blind.png"", ""expected_asset_type"": ""vocab_icon"", ""expected_background_mode"": ""icon_image"", ""expected_concept_word"": ""blind"", ""reviewed_from"": ""audit/visual-assets/sheets/pending_visual/07-vocab-pack-vocab-icon-generated-019.jpg"", ""decision_source"": ""audit/visual-assets/decisions-vocab-001-075.jsonl"", ""sha256"": ""c96b93aae24ac2e8032428e36290e182907d41063352ee3c22d6f64fadd0df16"", ""bytes"": 50442, ""notes"": ""Text 'blind' rendered directly on the image."", ""reason_codes"": [""text_artifact""]}"
live:vocab:blocktower,blocktower,blocktower,vocab,live,07_vocab-pack,production_asset,public/assets/07_vocab-pack/img/blocktower.png,ART_REDO,"[""text_artifact""]","[""text_artifact""]",Text 'Block Tower' rendered directly on the image.,,audit/visual-assets/sheets/pending_visual/07-vocab-pack-vocab-icon-generated-019.jpg,,"{""asset_id"": ""live:vocab:blocktower"", ""key"": ""blocktower"", ""concept"": ""blocktower"", ""source_bank"": ""07_vocab-pack"", ""source_role"": ""production_asset"", ""source_path"": ""public/assets/07_vocab-pack/img/blocktower.png"", ""expected_asset_type"": ""vocab_icon"", ""expected_background_mode"": ""icon_image"", ""expected_concept_word"": ""blocktower"", ""reviewed_from"": ""audit/visual-assets/sheets/pending_visual/07-vocab-pack-vocab-icon-generated-019.jpg"", ""decision_source"": ""audit/visual-assets/decisions-vocab-001-075.jsonl"", ""sha256"": ""b4ecad93782746c1671904ae59fa9f8ea843de548668bab05f0adbba43346fbf"", ""bytes"": 42416, ""notes"": ""Text 'Block Tower' rendered directly on the image."", ""reason_codes"": [""text_artifact""]}"
live:vocab:blood,blood,blood,vocab,live,07_vocab-pack,production_asset,public/assets/07_vocab-pack/img/blood.png,ART_REDO,"[""text_artifact""]","[""text_artifact""]",Text 'blood' rendered directly on the image.,,audit/visual-assets/sheets/pending_visual/07-vocab-pack-vocab-icon-generated-019.jpg,,"{""asset_id"": ""live:vocab:blood"", ""key"": ""blood"", ""concept"": ""blood"", ""source_bank"": ""07_vocab-pack"", ""source_role"": ""production_asset"", ""source_path"": ""public/assets/07_vocab-pack/img/blood.png"", ""expected_asset_type"": ""vocab_icon"", ""expected_background_mode"": ""icon_image"", ""expected_concept_word"": ""blood"", ""reviewed_from"": ""audit/visual-assets/sheets/pending_visual/07-vocab-pack-vocab-icon-generated-019.jpg"", ""decision_source"": ""audit/visual-assets/decisions-vocab-001-075.jsonl"", ""sha256"": ""90c0d06cd84d1b4bb1b67d262c8b46b6db7db06cfa2cf02ea53639a65eb34d1f"", ""bytes"": 24449, ""notes"": ""Text 'blood' rendered directly on the image."", ""reason_codes"": [""text_artifact""]}"
live:vocab:bloom,bloom,bloom,vocab,live,07_vocab-pack,production_asset,public/assets/07_vocab-pack/img/bloom.png,ART_REDO,"[""text_artifact""]","[""text_artifact""]",Text 'bloom' rendered directly on the image.,,audit/visual-assets/sheets/pending_visual/07-vocab-pack-vocab-icon-generated-019.jpg,,"{""asset_id"": ""live:vocab:bloom"", ""key"": ""bloom"", ""concept"": ""bloom"", ""source_bank"": ""07_vocab-pack"", ""source_role"": ""production_asset"", ""source_path"": ""public/assets/07_vocab-pack/img/bloom.png"", ""expected_asset_type"": ""vocab_icon"", ""expected_background_mode"": ""icon_image"", ""expected_concept_word"": ""bloom"", ""reviewed_from"": ""audit/visual-assets/sheets/pending_visual/07-vocab-pack-vocab-icon-generated-019.jpg"", ""decision_source"": ""audit/visual-assets/decisions-vocab-001-075.jsonl"", ""sha256"": ""cfd82963af5e751bb99ba25e2f70dc4a5a7b9f08fb4cb5383852cb7b830f781f"", ""bytes"": 73499, ""notes"": ""Text 'bloom' rendered directly on the image."", ""reason_codes"": [""text_artifact""]}"
live:vocab:bold,bold,bold,vocab,live,07_vocab-pack,production_asset,public/assets/07_vocab-pack/img/bold.png,ART_REDO,"[""text_artifact""]","[""text_artifact""]",Text 'bold' rendered directly on the image.,,audit/visual-assets/sheets/pending_visual/07-vocab-pack-vocab-icon-generated-020.jpg,,"{""asset_id"": ""live:vocab:bold"", ""key"": ""bold"", ""concept"": ""bold"", ""source_bank"": ""07_vocab-pack"", ""source_role"": ""production_asset"", ""source_path"": ""public/assets/07_vocab-pack/img/bold.png"", ""expected_asset_type"": ""vocab_icon"", ""expected_background_mode"": ""icon_image"", ""expected_concept_word"": ""bold"", ""reviewed_from"": ""audit/visual-assets/sheets/pending_visual/07-vocab-pack-vocab-icon-generated-020.jpg"", ""decision_source"": ""audit/visual-assets/decisions-vocab-001-075.jsonl"", ""sha256"": ""5c976cf00152164a8c3f0d54549807eae0414354dd06e3724895afc2bf8e96db"", ""bytes"": 58282, ""notes"": ""Text 'bold' rendered directly on the image."", ""reason_codes"": [""text_artifact""]}"
live:vocab:bomb,bomb,bomb,vocab,live,07_vocab-pack,production_asset,public/assets/07_vocab-pack/img/bomb.png,ART_REDO,"[""wrong_concept""]","[""wrong_concept""]","Shows child with water balloon, labeled 'bomb'.",,audit/visual-assets/sheets/pending_visual/07-vocab-pack-vocab-icon-generated-020.jpg,,"{""asset_id"": ""live:vocab:bomb"", ""key"": ""bomb"", ""concept"": ""bomb"", ""source_bank"": ""07_vocab-pack"", ""source_role"": ""production_asset"", ""source_path"": ""public/assets/07_vocab-pack/img/bomb.png"", ""expected_asset_type"": ""vocab_icon"", ""expected_background_mode"": ""icon_image"", ""expected_concept_word"": ""bomb"", ""reviewed_from"": ""audit/visual-assets/sheets/pending_visual/07-vocab-pack-vocab-icon-generated-020.jpg"", ""decision_source"": ""audit/visual-assets/decisions-vocab-001-075.jsonl"", ""sha256"": ""f3169f18f16b0d04cd6ef605ec5a3caa759c78827e015dbcc28c58ca76418290"", ""bytes"": 83850, ""notes"": ""Shows child with water balloon, labeled 'bomb'."", ""reason_codes"": [""wrong_concept""]}"
live:vocab:bonus,bonus,bonus,vocab,live,07_vocab-pack,production_asset,public/assets/07_vocab-pack/img/bonus.png,ART_REDO,"[""text_artifact""]","[""text_artifact""]",Text 'bonus' rendered directly on the image.,,audit/visual-assets/sheets/pending_visual/07-vocab-pack-vocab-icon-generated-020.jpg,,"{""asset_id"": ""live:vocab:bonus"", ""key"": ""bonus"", ""concept"": ""bonus"", ""source_bank"": ""07_vocab-pack"", ""source_role"": ""production_asset"", ""source_path"": ""public/assets/07_vocab-pack/img/bonus.png"", ""expected_asset_type"": ""vocab_icon"", ""expected_background_mode"": ""icon_image"", ""expected_concept_word"": ""bonus"", ""reviewed_from"": ""audit/visual-assets/sheets/pending_visual/07-vocab-pack-vocab-icon-generated-020.jpg"", ""decision_source"": ""audit/visual-assets/decisions-vocab-001-075.jsonl"", ""sha256"": ""630e2afa70e49cd9d0ee15f5e8e3f17aac6368a1f663f0f2372cb6e66f55db4d"", ""bytes"": 35380, ""notes"": ""Text 'bonus' rendered directly on the image."", ""reason_codes"": [""text_artifact""]}"
live:vocab:bookcase,bookcase,bookcase,vocab,live,07_vocab-pack,production_asset,public/assets/07_vocab-pack/img/bookcase.png,ART_REDO,"[""text_artifact""]","[""text_artifact""]",Text 'bookcase' rendered directly on the image.,,audit/visual-assets/sheets/pending_visual/07-vocab-pack-vocab-icon-generated-020.jpg,,"{""asset_id"": ""live:vocab:bookcase"", ""key"": ""bookcase"", ""concept"": ""bookcase"", ""source_bank"": ""07_vocab-pack"", ""source_role"": ""production_asset"", ""source_path"": ""public/assets/07_vocab-pack/img/bookcase.png"", ""expected_asset_type"": ""vocab_icon"", ""expected_background_mode"": ""icon_image"", ""expected_concept_word"": ""bookcase"", ""reviewed_from"": ""audit/visual-assets/sheets/pending_visual/07-vocab-pack-vocab-icon-generated-020.jpg"", ""decision_source"": ""audit/visual-assets/decisions-vocab-001-075.jsonl"", ""sha256"": ""936e73248fb0b69827aa734a9440b51268d9ee8774655159556ffdf3743b6cc5"", ""bytes"": 36345, ""notes"": ""Text 'bookcase' rendered directly on the image."", ""reason_codes"": [""text_artifact""]}"
live:vocab:bookshop,bookshop,bookshop,vocab,live,07_vocab-pack,production_asset,public/assets/07_vocab-pack/img/bookshop.png,ART_REDO,"[""text_artifact""]","[""text_artifact""]",Text 'bookshop' rendered directly on the image.,,audit/visual-assets/sheets/pending_visual/07-vocab-pack-vocab-icon-generated-021.jpg,,"{""asset_id"": ""live:vocab:bookshop"", ""key"": ""bookshop"", ""concept"": ""bookshop"", ""source_bank"": ""07_vocab-pack"", ""source_role"": ""production_asset"", ""source_path"": ""public/assets/07_vocab-pack/img/bookshop.png"", ""expected_asset_type"": ""vocab_icon"", ""expected_background_mode"": ""icon_image"", ""expected_concept_word"": ""bookshop"", ""reviewed_from"": ""audit/visual-assets/sheets/pending_visual/07-vocab-pack-vocab-icon-generated-021.jpg"", ""decision_source"": ""audit/visual-assets/decisions-vocab-001-075.jsonl"", ""sha256"": ""1193017081d1dd561717c206f74342b7fa9fdd0ae2cf160c9589832fa65cad2a"", ""bytes"": 36154, ""notes"": ""Text 'bookshop' rendered directly on the image."", ""reason_codes"": [""text_artifact""]}"
live:vocab:borrow,borrow,borrow,vocab,live,07_vocab-pack,production_asset,public/assets/07_vocab-pack/img/borrow.png,ART_REDO,"[""ambiguous_concept""]","[""ambiguous_concept""]",Plain orange card/rectangle; unreadable representation for borrow.,,audit/visual-assets/sheets/pending_visual/07-vocab-pack-vocab-icon-generated-021.jpg,,"{""asset_id"": ""live:vocab:borrow"", ""key"": ""borrow"", ""concept"": ""borrow"", ""source_bank"": ""07_vocab-pack"", ""source_role"": ""production_asset"", ""source_path"": ""public/assets/07_vocab-pack/img/borrow.png"", ""expected_asset_type"": ""vocab_icon"", ""expected_background_mode"": ""icon_image"", ""expected_concept_word"": ""borrow"", ""reviewed_from"": ""audit/visual-assets/sheets/pending_visual/07-vocab-pack-vocab-icon-generated-021.jpg"", ""decision_source"": ""audit/visual-assets/decisions-vocab-001-075.jsonl"", ""sha256"": ""754e17bf099ba4b756e571bc01ed360135c85d48f2e4e416d2657dc9660d3c21"", ""bytes"": 64594, ""notes"": ""Plain orange card/rectangle; unreadable representation for borrow."", ""reason_codes"": [""ambiguous_concept""]}"
live:vocab:boss,boss,boss,vocab,live,07_vocab-pack,production_asset,public/assets/07_vocab-pack/img/boss.png,ART_REDO,"[""text_artifact""]","[""text_artifact""]",Text 'boss' rendered directly on the image.,,audit/visual-assets/sheets/pending_visual/07-vocab-pack-vocab-icon-generated-021.jpg,,"{""asset_id"": ""live:vocab:boss"", ""key"": ""boss"", ""concept"": ""boss"", ""source_bank"": ""07_vocab-pack"", ""source_role"": ""production_asset"", ""source_path"": ""public/assets/07_vocab-pack/img/boss.png"", ""expected_asset_type"": ""vocab_icon"", ""expected_background_mode"": ""icon_image"", ""expected_concept_word"": ""boss"", ""reviewed_from"": ""audit/visual-assets/sheets/pending_visual/07-vocab-pack-vocab-icon-generated-021.jpg"", ""decision_source"": ""audit/visual-assets/decisions-vocab-001-075.jsonl"", ""sha256"": ""76cf43cb63ada31b253259dba0e1760edfaa12c7a27ce400ba71fe07a9df6673"", ""bytes"": 21704, ""notes"": ""Text 'boss' rendered directly on the image."", ""reason_codes"": [""text_artifact""]}"
live:vocab:bound,bound,bound,vocab,live,07_vocab-pack,production_asset,public/assets/07_vocab-pack/img/bound.png,ART_REDO,"[""text_artifact""]","[""text_artifact""]",Text 'bound' rendered directly on the image.,,audit/visual-assets/sheets/pending_visual/07-vocab-pack-vocab-icon-generated-021.jpg,,"{""asset_id"": ""live:vocab:bound"", ""key"": ""bound"", ""concept"": ""bound"", ""source_bank"": ""07_vocab-pack"", ""source_role"": ""production_asset"", ""source_path"": ""public/assets/07_vocab-pack/img/bound.png"", ""expected_asset_type"": ""vocab_icon"", ""expected_background_mode"": ""icon_image"", ""expected_concept_word"": ""bound"", ""reviewed_from"": ""audit/visual-assets/sheets/pending_visual/07-vocab-pack-vocab-icon-generated-021.jpg"", ""decision_source"": ""audit/visual-assets/decisions-vocab-001-075.jsonl"", ""sha256"": ""15a1e473a7594e0b3a4756d45f75b5175131d809c2928f749499e1bb4ab61807"", ""bytes"": 80199, ""notes"": ""Text 'bound' rendered directly on the image."", ""reason_codes"": [""text_artifact""]}"
live:vocab:braise,braise,braise,vocab,live,07_vocab-pack,production_asset,public/assets/07_vocab-pack/img/braise.png,ART_REDO,"[""text_artifact""]","[""text_artifact""]",Text 'braise' rendered directly on the image.,,audit/visual-assets/sheets/pending_visual/07-vocab-pack-vocab-icon-generated-022.jpg,,"{""asset_id"": ""live:vocab:braise"", ""key"": ""braise"", ""concept"": ""braise"", ""source_bank"": ""07_vocab-pack"", ""source_role"": ""production_asset"", ""source_path"": ""public/assets/07_vocab-pack/img/braise.png"", ""expected_asset_type"": ""vocab_icon"", ""expected_background_mode"": ""icon_image"", ""expected_concept_word"": ""braise"", ""reviewed_from"": ""audit/visual-assets/sheets/pending_visual/07-vocab-pack-vocab-icon-generated-022.jpg"", ""decision_source"": ""audit/visual-assets/decisions-vocab-001-075.jsonl"", ""sha256"": ""560d997da0530ccadabcd75f0573a283845faee6909eb9751a893d293313ea29"", ""bytes"": 73708, ""notes"": ""Text 'braise' rendered directly on the image."", ""reason_codes"": [""text_artifact""]}"
live:vocab:break,break,break,vocab,live,07_vocab-pack,production_asset,public/assets/07_vocab-pack/img/break.png,ART_REDO,"[""text_artifact""]","[""text_artifact""]",Text 'BREAK' rendered directly on the image.,,audit/visual-assets/sheets/pending_visual/07-vocab-pack-vocab-icon-generated-023.jpg,,"{""asset_id"": ""live:vocab:break"", ""key"": ""break"", ""concept"": ""break"", ""source_bank"": ""07_vocab-pack"", ""source_role"": ""production_asset"", ""source_path"": ""public/assets/07_vocab-pack/img/break.png"", ""expected_asset_type"": ""vocab_icon"", ""expected_background_mode"": ""icon_image"", ""expected_concept_word"": ""break"", ""reviewed_from"": ""audit/visual-assets/sheets/pending_visual/07-vocab-pack-vocab-icon-generated-023.jpg"", ""decision_source"": ""audit/visual-assets/decisions-vocab-001-075.jsonl"", ""sha256"": ""91704c5169baa66727326205ca8bd47da0b5c5acd2e9e8097869c7d86a9d978d"", ""bytes"": 37329, ""notes"": ""Text 'BREAK' rendered directly on the image."", ""reason_codes"": [""text_artifact""]}"
live:vocab:breakdance,breakdance,breakdance,vocab,live,07_vocab-pack,production_asset,public/assets/07_vocab-pack/img/breakdance.png,ART_REDO,"[""text_artifact""]","[""text_artifact""]",Text 'Breakdance' rendered directly on the image.,,audit/visual-assets/sheets/pending_visual/07-vocab-pack-vocab-icon-generated-023.jpg,,"{""asset_id"": ""live:vocab:breakdance"", ""key"": ""breakdance"", ""concept"": ""breakdance"", ""source_bank"": ""07_vocab-pack"", ""source_role"": ""production_asset"", ""source_path"": ""public/assets/07_vocab-pack/img/breakdance.png"", ""expected_asset_type"": ""vocab_icon"", ""expected_background_mode"": ""icon_image"", ""expected_concept_word"": ""breakdance"", ""reviewed_from"": ""audit/visual-assets/sheets/pending_visual/07-vocab-pack-vocab-icon-generated-023.jpg"", ""decision_source"": ""audit/visual-assets/decisions-vocab-001-075.jsonl"", ""sha256"": ""a41779d0776d8f5881bd249daf60b7d3ee01306bb238709dc01928ed1b09a823"", ""bytes"": 43018, ""notes"": ""Text 'Breakdance' rendered directly on the image."", ""reason_codes"": [""text_artifact""]}"
live:vocab:breast,breast,breast,vocab,live,07_vocab-pack,production_asset,public/assets/07_vocab-pack/img/breast.png,ART_REDO,"[""ambiguous_concept""]","[""ambiguous_concept""]",Stylized adult chest anatomy illustration; inappropriate/ambiguous for children.,,audit/visual-assets/sheets/pending_visual/07-vocab-pack-vocab-icon-generated-023.jpg,,"{""asset_id"": ""live:vocab:breast"", ""key"": ""breast"", ""concept"": ""breast"", ""source_bank"": ""07_vocab-pack"", ""source_role"": ""production_asset"", ""source_path"": ""public/assets/07_vocab-pack/img/breast.png"", ""expected_asset_type"": ""vocab_icon"", ""expected_background_mode"": ""icon_image"", ""expected_concept_word"": ""breast"", ""reviewed_from"": ""audit/visual-assets/sheets/pending_visual/07-vocab-pack-vocab-icon-generated-023.jpg"", ""decision_source"": ""audit/visual-assets/decisions-vocab-001-075.jsonl"", ""sha256"": ""ea3e26795b47fceec597d86c2e0e9478e3ead69b0a037d8661e7c92fb18ff264"", ""bytes"": 70079, ""notes"": ""Stylized adult chest anatomy illustration; inappropriate/ambiguous for children."", ""reason_codes"": [""ambiguous_concept""]}"
live:vocab:breeze,breeze,breeze,vocab,live,07_vocab-pack,production_asset,public/assets/07_vocab-pack/img/breeze.png,ART_REDO,"[""text_artifact""]","[""text_artifact""]",Text 'Breeze' rendered directly on the image.,,audit/visual-assets/sheets/pending_visual/07-vocab-pack-vocab-icon-generated-023.jpg,,"{""asset_id"": ""live:vocab:breeze"", ""key"": ""breeze"", ""concept"": ""breeze"", ""source_bank"": ""07_vocab-pack"", ""source_role"": ""production_asset"", ""source_path"": ""public/assets/07_vocab-pack/img/breeze.png"", ""expected_asset_type"": ""vocab_icon"", ""expected_background_mode"": ""icon_image"", ""expected_concept_word"": ""breeze"", ""reviewed_from"": ""audit/visual-assets/sheets/pending_visual/07-vocab-pack-vocab-icon-generated-023.jpg"", ""decision_source"": ""audit/visual-assets/decisions-vocab-001-075.jsonl"", ""sha256"": ""8bd63fdb413cd75fc3d29a84d5a47a988915b9a4126e04b54e8a6d4daa2e7944"", ""bytes"": 15920, ""notes"": ""Text 'Breeze' rendered directly on the image."", ""reason_codes"": [""text_artifact""]}"
live:vocab:brush-teeth,brush-teeth,brush teeth,vocab,live,07_vocab-pack,production_asset,public/assets/07_vocab-pack/img/brush-teeth.png,ART_REDO,"[""wrong_concept""]","[""wrong_concept""]","Shows disposable razor, labeled 'brush-teeth'.",,audit/visual-assets/sheets/pending_visual/07-vocab-pack-vocab-icon-generated-024.jpg,,"{""asset_id"": ""live:vocab:brush-teeth"", ""key"": ""brush-teeth"", ""concept"": ""brush teeth"", ""source_bank"": ""07_vocab-pack"", ""source_role"": ""production_asset"", ""source_path"": ""public/assets/07_vocab-pack/img/brush-teeth.png"", ""expected_asset_type"": ""vocab_icon"", ""expected_background_mode"": ""icon_image"", ""expected_concept_word"": ""brush teeth"", ""reviewed_from"": ""audit/visual-assets/sheets/pending_visual/07-vocab-pack-vocab-icon-generated-024.jpg"", ""decision_source"": ""audit/visual-assets/decisions-vocab-001-075.jsonl"", ""sha256"": ""cedccf9a1ccbcff7fc435a93f98081efe06526377a6f95027a00d58053f4501f"", ""bytes"": 76080, ""notes"": ""Shows disposable razor, labeled 'brush-teeth'."", ""reason_codes"": [""wrong_concept""]}"
live:vocab:build,build,build,vocab,live,07_vocab-pack,production_asset,public/assets/07_vocab-pack/img/build.png,ART_REDO,"[""text_artifact""]","[""text_artifact""]",Text 'BUILD' rendered directly on the image.,,audit/visual-assets/sheets/pending_visual/07-vocab-pack-vocab-icon-generated-025.jpg,,"{""asset_id"": ""live:vocab:build"", ""key"": ""build"", ""concept"": ""build"", ""source_bank"": ""07_vocab-pack"", ""source_role"": ""production_asset"", ""source_path"": ""public/assets/07_vocab-pack/img/build.png"", ""expected_asset_type"": ""vocab_icon"", ""expected_background_mode"": ""icon_image"", ""expected_concept_word"": ""build"", ""reviewed_from"": ""audit/visual-assets/sheets/pending_visual/07-vocab-pack-vocab-icon-generated-025.jpg"", ""decision_source"": ""audit/visual-assets/decisions-vocab-001-075.jsonl"", ""sha256"": ""12980a2d73554cfcb0398d13444c08980ace5fb0b3c19f83b34a88349dadcc10"", ""bytes"": 39553, ""notes"": ""Text 'BUILD' rendered directly on the image."", ""reason_codes"": [""text_artifact""]}"
live:vocab:burrito,burrito,burrito,vocab,live,07_vocab-pack,production_asset,public/assets/07_vocab-pack/img/burrito.png,ART_REDO,"[""bad_crop"", ""generation_artifact""]","[""bad_crop"", ""generation_artifact""]",Corrupt tile split with severed piece on right edge.,,audit/visual-assets/sheets/pending_visual/07-vocab-pack-vocab-icon-generated-026.jpg,,"{""asset_id"": ""live:vocab:burrito"", ""key"": ""burrito"", ""concept"": ""burrito"", ""source_bank"": ""07_vocab-pack"", ""source_role"": ""production_asset"", ""source_path"": ""public/assets/07_vocab-pack/img/burrito.png"", ""expected_asset_type"": ""vocab_icon"", ""expected_background_mode"": ""icon_image"", ""expected_concept_word"": ""burrito"", ""reviewed_from"": ""audit/visual-assets/sheets/pending_visual/07-vocab-pack-vocab-icon-generated-026.jpg"", ""decision_source"": ""audit/visual-assets/decisions-vocab-001-075.jsonl"", ""sha256"": ""a999adf38e6918c0e563c95771148ca0d4beb20af528915cc7b40b481b925c05"", ""bytes"": 16635, ""notes"": ""Corrupt tile split with severed piece on right edge."", ""reason_codes"": [""bad_crop"", ""generation_artifact""]}"
live:vocab:bust,bust,bust,vocab,live,07_vocab-pack,production_asset,public/assets/07_vocab-pack/img/bust.png,ART_REDO,"[""wrong_concept""]","[""wrong_concept""]",Shows boy opening box instead of sculpture bust.,,audit/visual-assets/sheets/pending_visual/07-vocab-pack-vocab-icon-generated-026.jpg,,"{""asset_id"": ""live:vocab:bust"", ""key"": ""bust"", ""concept"": ""bust"", ""source_bank"": ""07_vocab-pack"", ""source_role"": ""production_asset"", ""source_path"": ""public/assets/07_vocab-pack/img/bust.png"", ""expected_asset_type"": ""vocab_icon"", ""expected_background_mode"": ""icon_image"", ""expected_concept_word"": ""bust"", ""reviewed_from"": ""audit/visual-assets/sheets/pending_visual/07-vocab-pack-vocab-icon-generated-026.jpg"", ""decision_source"": ""audit/visual-assets/decisions-vocab-001-075.jsonl"", ""sha256"": ""c46f18221bbc0bcfd06e94f4552aad798e2b2dbe78155f2928a64a0c5546c9b9"", ""bytes"": 65157, ""notes"": ""Shows boy opening box instead of sculpture bust."", ""reason_codes"": [""wrong_concept""]}"
live:vocab:canal,canal,canal,vocab,live,07_vocab-pack,production_asset,public/assets/07_vocab-pack/img/canal.png,ART_REDO,"[""ambiguous_concept""]","[""ambiguous_concept""]",Plain blue trapezoid shape; unreadable abstraction for canal.,,audit/visual-assets/sheets/pending_visual/07-vocab-pack-vocab-icon-generated-028.jpg,,"{""asset_id"": ""live:vocab:canal"", ""key"": ""canal"", ""concept"": ""canal"", ""source_bank"": ""07_vocab-pack"", ""source_role"": ""production_asset"", ""source_path"": ""public/assets/07_vocab-pack/img/canal.png"", ""expected_asset_type"": ""vocab_icon"", ""expected_background_mode"": ""icon_image"", ""expected_concept_word"": ""canal"", ""reviewed_from"": ""audit/visual-assets/sheets/pending_visual/07-vocab-pack-vocab-icon-generated-028.jpg"", ""decision_source"": ""audit/visual-assets/decisions-vocab-001-075.jsonl"", ""sha256"": ""d9ec683514e298f473f4029b0860b029cd119df83f82f800eb741dc99f922981"", ""bytes"": 19136, ""notes"": ""Plain blue trapezoid shape; unreadable abstraction for canal."", ""reason_codes"": [""ambiguous_concept""]}"
live:vocab:cannonball,cannonball,cannonball,vocab,live,07_vocab-pack,production_asset,public/assets/07_vocab-pack/img/cannonball.png,ART_REDO,"[""text_artifact""]","[""text_artifact""]",Text 'Cannonball' rendered directly on the image.,,audit/visual-assets/sheets/pending_visual/07-vocab-pack-vocab-icon-generated-029.jpg,,"{""asset_id"": ""live:vocab:cannonball"", ""key"": ""cannonball"", ""concept"": ""cannonball"", ""source_bank"": ""07_vocab-pack"", ""source_role"": ""production_asset"", ""source_path"": ""public/assets/07_vocab-pack/img/cannonball.png"", ""expected_asset_type"": ""vocab_icon"", ""expected_background_mode"": ""icon_image"", ""expected_concept_word"": ""cannonball"", ""reviewed_from"": ""audit/visual-assets/sheets/pending_visual/07-vocab-pack-vocab-icon-generated-029.jpg"", ""decision_source"": ""audit/visual-assets/decisions-vocab-001-075.jsonl"", ""sha256"": ""18567c960385c80de287284e85b1591a28b3fae2c857acb53080e837a7cbf4da"", ""bytes"": 45628, ""notes"": ""Text 'Cannonball' rendered directly on the image."", ""reason_codes"": [""text_artifact""]}"
live:vocab:capital-letter,capital-letter,capital letter,vocab,live,07_vocab-pack,production_asset,public/assets/07_vocab-pack/img/capital-letter.png,ART_REDO,"[""blank"", ""ambiguous_concept""]","[""blank"", ""ambiguous_concept""]","Blank rectangle notepad with pencil, no letters shown.",,audit/visual-assets/sheets/pending_visual/07-vocab-pack-vocab-icon-generated-029.jpg,,"{""asset_id"": ""live:vocab:capital-letter"", ""key"": ""capital-letter"", ""concept"": ""capital letter"", ""source_bank"": ""07_vocab-pack"", ""source_role"": ""production_asset"", ""source_path"": ""public/assets/07_vocab-pack/img/capital-letter.png"", ""expected_asset_type"": ""vocab_icon"", ""expected_background_mode"": ""icon_image"", ""expected_concept_word"": ""capital letter"", ""reviewed_from"": ""audit/visual-assets/sheets/pending_visual/07-vocab-pack-vocab-icon-generated-029.jpg"", ""decision_source"": ""audit/visual-assets/decisions-vocab-001-075.jsonl"", ""sha256"": ""114319b5a64a0a58bd72637ff9ac14ea2172178c8a91d4f2dae8f1f65ac505c9"", ""bytes"": 67353, ""notes"": ""Blank rectangle notepad with pencil, no letters shown."", ""reason_codes"": [""blank"", ""ambiguous_concept""]}"
live:vocab:caravan,caravan,caravan,vocab,live,07_vocab-pack,production_asset,public/assets/07_vocab-pack/img/caravan.png,ART_REDO,"[""bad_crop"", ""generation_artifact""]","[""bad_crop"", ""generation_artifact""]",Corrupt tile split into 4 quadrants.,,audit/visual-assets/sheets/pending_visual/07-vocab-pack-vocab-icon-generated-029.jpg,,"{""asset_id"": ""live:vocab:caravan"", ""key"": ""caravan"", ""concept"": ""caravan"", ""source_bank"": ""07_vocab-pack"", ""source_role"": ""production_asset"", ""source_path"": ""public/assets/07_vocab-pack/img/caravan.png"", ""expected_asset_type"": ""vocab_icon"", ""expected_background_mode"": ""icon_image"", ""expected_concept_word"": ""caravan"", ""reviewed_from"": ""audit/visual-assets/sheets/pending_visual/07-vocab-pack-vocab-icon-generated-029.jpg"", ""decision_source"": ""audit/visual-assets/decisions-vocab-001-075.jsonl"", ""sha256"": ""0edc53e2e95f00f7e6221410041a06ed2b922db43a79e6471e951339c9a55223"", ""bytes"": 26818, ""notes"": ""Corrupt tile split into 4 quadrants."", ""reason_codes"": [""bad_crop"", ""generation_artifact""]}"
live:vocab:cast,cast,cast,vocab,live,07_vocab-pack,production_asset,public/assets/07_vocab-pack/img/cast.png,ART_REDO,"[""text_artifact""]","[""text_artifact""]",Text 'Cast' rendered directly on the image.,,audit/visual-assets/sheets/pending_visual/07-vocab-pack-vocab-icon-generated-031.jpg,,"{""asset_id"": ""live:vocab:cast"", ""key"": ""cast"", ""concept"": ""cast"", ""source_bank"": ""07_vocab-pack"", ""source_role"": ""production_asset"", ""source_path"": ""public/assets/07_vocab-pack/img/cast.png"", ""expected_asset_type"": ""vocab_icon"", ""expected_background_mode"": ""icon_image"", ""expected_concept_word"": ""cast"", ""reviewed_from"": ""audit/visual-assets/sheets/pending_visual/07-vocab-pack-vocab-icon-generated-031.jpg"", ""decision_source"": ""audit/visual-assets/decisions-vocab-001-075.jsonl"", ""sha256"": ""fcdbc5c094f5d8a7416c72dc1b4d5cd3c0805a7e93c3cead3ec7cf93392c8eb8"", ""bytes"": 30326, ""notes"": ""Text 'Cast' rendered directly on the image."", ""reason_codes"": [""text_artifact""]}"
live:vocab:cavity,cavity,cavity,vocab,live,07_vocab-pack,production_asset,public/assets/07_vocab-pack/img/cavity.png,ART_REDO,"[""ambiguous_concept""]","[""ambiguous_concept""]",Abstract pale wavy shape; unreadable for cavity.,,audit/visual-assets/sheets/pending_visual/07-vocab-pack-vocab-icon-generated-031.jpg,,"{""asset_id"": ""live:vocab:cavity"", ""key"": ""cavity"", ""concept"": ""cavity"", ""source_bank"": ""07_vocab-pack"", ""source_role"": ""production_asset"", ""source_path"": ""public/assets/07_vocab-pack/img/cavity.png"", ""expected_asset_type"": ""vocab_icon"", ""expected_background_mode"": ""icon_image"", ""expected_concept_word"": ""cavity"", ""reviewed_from"": ""audit/visual-assets/sheets/pending_visual/07-vocab-pack-vocab-icon-generated-031.jpg"", ""decision_source"": ""audit/visual-assets/decisions-vocab-001-075.jsonl"", ""sha256"": ""3c012be0b1c0681e4b19c0e16e0dd6995bd07b0bb8645c62d8c1b7bb1b21b0af"", ""bytes"": 18382, ""notes"": ""Abstract pale wavy shape; unreadable for cavity."", ""reason_codes"": [""ambiguous_concept""]}"
live:vocab:ceiling,ceiling,ceiling,vocab,live,07_vocab-pack,production_asset,public/assets/07_vocab-pack/img/ceiling.png,ART_REDO,"[""bad_crop"", ""generation_artifact""]","[""bad_crop"", ""generation_artifact""]",Corrupt tile split into quadrants with blank white areas.,,audit/visual-assets/sheets/pending_visual/07-vocab-pack-vocab-icon-generated-032.jpg,,"{""asset_id"": ""live:vocab:ceiling"", ""key"": ""ceiling"", ""concept"": ""ceiling"", ""source_bank"": ""07_vocab-pack"", ""source_role"": ""production_asset"", ""source_path"": ""public/assets/07_vocab-pack/img/ceiling.png"", ""expected_asset_type"": ""vocab_icon"", ""expected_background_mode"": ""icon_image"", ""expected_concept_word"": ""ceiling"", ""reviewed_from"": ""audit/visual-assets/sheets/pending_visual/07-vocab-pack-vocab-icon-generated-032.jpg"", ""decision_source"": ""audit/visual-assets/decisions-vocab-001-075.jsonl"", ""sha256"": ""e595144f1bf22b9098e997ffc4fccbf927d176eb09ed5e35609b984ed74434de"", ""bytes"": 19248, ""notes"": ""Corrupt tile split into quadrants with blank white areas."", ""reason_codes"": [""bad_crop"", ""generation_artifact""]}"
live:vocab:charades,charades,charades,vocab,live,07_vocab-pack,production_asset,public/assets/07_vocab-pack/img/charades.png,ART_REDO,"[""text_artifact""]","[""text_artifact""]",Text 'Charades' rendered directly on the image.,,audit/visual-assets/sheets/pending_visual/07-vocab-pack-vocab-icon-generated-033.jpg,,"{""asset_id"": ""live:vocab:charades"", ""key"": ""charades"", ""concept"": ""charades"", ""source_bank"": ""07_vocab-pack"", ""source_role"": ""production_asset"", ""source_path"": ""public/assets/07_vocab-pack/img/charades.png"", ""expected_asset_type"": ""vocab_icon"", ""expected_background_mode"": ""icon_image"", ""expected_concept_word"": ""charades"", ""reviewed_from"": ""audit/visual-assets/sheets/pending_visual/07-vocab-pack-vocab-icon-generated-033.jpg"", ""decision_source"": ""audit/visual-assets/decisions-vocab-001-075.jsonl"", ""sha256"": ""59e6a2b33243894444ae342cf0966660f4898ca7213d1d8c30f16b1a53d09780"", ""bytes"": 52387, ""notes"": ""Text 'Charades' rendered directly on the image."", ""reason_codes"": [""text_artifact""]}"
live:vocab:chase,chase,chase,vocab,live,07_vocab-pack,production_asset,public/assets/07_vocab-pack/img/chase.png,ART_REDO,"[""text_artifact""]","[""text_artifact""]",Text 'Chase' rendered directly on the image.,,audit/visual-assets/sheets/pending_visual/07-vocab-pack-vocab-icon-generated-034.jpg,,"{""asset_id"": ""live:vocab:chase"", ""key"": ""chase"", ""concept"": ""chase"", ""source_bank"": ""07_vocab-pack"", ""source_role"": ""production_asset"", ""source_path"": ""public/assets/07_vocab-pack/img/chase.png"", ""expected_asset_type"": ""vocab_icon"", ""expected_background_mode"": ""icon_image"", ""expected_concept_word"": ""chase"", ""reviewed_from"": ""audit/visual-assets/sheets/pending_visual/07-vocab-pack-vocab-icon-generated-034.jpg"", ""decision_source"": ""audit/visual-assets/decisions-vocab-001-075.jsonl"", ""sha256"": ""d15a2312622ded728ce8cee364e81bf11ab7b712280c5cc51796d8460c23edb0"", ""bytes"": 33274, ""notes"": ""Text 'Chase' rendered directly on the image."", ""reason_codes"": [""text_artifact""]}"
live:vocab:cigarette,cigarette,cigarette,vocab,live,07_vocab-pack,production_asset,public/assets/07_vocab-pack/img/cigarette.png,ART_REDO,"[""bad_crop"", ""generation_artifact""]","[""bad_crop"", ""generation_artifact""]",Corrupt tile with severed pieces.,,audit/visual-assets/sheets/pending_visual/07-vocab-pack-vocab-icon-generated-037.jpg,,"{""asset_id"": ""live:vocab:cigarette"", ""key"": ""cigarette"", ""concept"": ""cigarette"", ""source_bank"": ""07_vocab-pack"", ""source_role"": ""production_asset"", ""source_path"": ""public/assets/07_vocab-pack/img/cigarette.png"", ""expected_asset_type"": ""vocab_icon"", ""expected_background_mode"": ""icon_image"", ""expected_concept_word"": ""cigarette"", ""reviewed_from"": ""audit/visual-assets/sheets/pending_visual/07-vocab-pack-vocab-icon-generated-037.jpg"", ""decision_source"": ""audit/visual-assets/decisions-vocab-001-075.jsonl"", ""sha256"": ""bc325135b1bcc414aa9f8c36e288297d37cfae80f1c83a7f8ae9a00fc89b1e9f"", ""bytes"": 8445, ""notes"": ""Corrupt tile with severed pieces."", ""reason_codes"": [""bad_crop"", ""generation_artifact""]}"
live:vocab:city,city,city,vocab,live,07_vocab-pack,production_asset,public/assets/07_vocab-pack/img/city.png,ART_REDO,"[""bad_crop"", ""generation_artifact""]","[""bad_crop"", ""generation_artifact""]",Corrupt tile split into quadrants.,,audit/visual-assets/sheets/pending_visual/07-vocab-pack-vocab-icon-generated-037.jpg,,"{""asset_id"": ""live:vocab:city"", ""key"": ""city"", ""concept"": ""city"", ""source_bank"": ""07_vocab-pack"", ""source_role"": ""production_asset"", ""source_path"": ""public/assets/07_vocab-pack/img/city.png"", ""expected_asset_type"": ""vocab_icon"", ""expected_background_mode"": ""icon_image"", ""expected_concept_word"": ""city"", ""reviewed_from"": ""audit/visual-assets/sheets/pending_visual/07-vocab-pack-vocab-icon-generated-037.jpg"", ""decision_source"": ""audit/visual-assets/decisions-vocab-001-075.jsonl"", ""sha256"": ""226bebdedeb0634beb64cd31a6b2828512639982646a8a8f8b5d6970a3cb81cb"", ""bytes"": 30450, ""notes"": ""Corrupt tile split into quadrants."", ""reason_codes"": [""bad_crop"", ""generation_artifact""]}"
live:vocab:clock,clock,clock,vocab,live,07_vocab-pack,production_asset,public/assets/07_vocab-pack/img/clock.png,ART_REDO,"[""blank"", ""bad_alpha"", ""ambiguous_concept""]","[""blank"", ""bad_alpha"", ""ambiguous_concept""]",Hollow empty circle with missing clock face and hands.,,audit/visual-assets/sheets/pending_visual/07-vocab-pack-vocab-icon-generated-039.jpg,,"{""asset_id"": ""live:vocab:clock"", ""key"": ""clock"", ""concept"": ""clock"", ""source_bank"": ""07_vocab-pack"", ""source_role"": ""production_asset"", ""source_path"": ""public/assets/07_vocab-pack/img/clock.png"", ""expected_asset_type"": ""vocab_icon"", ""expected_background_mode"": ""icon_image"", ""expected_concept_word"": ""clock"", ""reviewed_from"": ""audit/visual-assets/sheets/pending_visual/07-vocab-pack-vocab-icon-generated-039.jpg"", ""decision_source"": ""audit/visual-assets/decisions-vocab-001-075.jsonl"", ""sha256"": ""4e5a45be018819a0e7027dcb046fac1b88fe582d67c644a723e7dd8d50f10d9a"", ""bytes"": 32054, ""notes"": ""Hollow empty circle with missing clock face and hands."", ""reason_codes"": [""blank"", ""bad_alpha"", ""ambiguous_concept""]}"
live:vocab:clock-wall,clock-wall,clock wall,vocab,live,07_vocab-pack,production_asset,public/assets/07_vocab-pack/img/clock-wall.png,ART_REDO,"[""blank"", ""bad_alpha"", ""ambiguous_concept""]","[""blank"", ""bad_alpha"", ""ambiguous_concept""]",Hollow circular frame with missing clock face and hands.,,audit/visual-assets/sheets/pending_visual/07-vocab-pack-vocab-icon-generated-039.jpg,,"{""asset_id"": ""live:vocab:clock-wall"", ""key"": ""clock-wall"", ""concept"": ""clock wall"", ""source_bank"": ""07_vocab-pack"", ""source_role"": ""production_asset"", ""source_path"": ""public/assets/07_vocab-pack/img/clock-wall.png"", ""expected_asset_type"": ""vocab_icon"", ""expected_background_mode"": ""icon_image"", ""expected_concept_word"": ""clock wall"", ""reviewed_from"": ""audit/visual-assets/sheets/pending_visual/07-vocab-pack-vocab-icon-generated-039.jpg"", ""decision_source"": ""audit/visual-assets/decisions-vocab-001-075.jsonl"", ""sha256"": ""c8292625dac07f922c9c31510a9e67de0e7ec9b73d39ae79b8583fb77a8775a4"", ""bytes"": 71368, ""notes"": ""Hollow circular frame with missing clock face and hands."", ""reason_codes"": [""blank"", ""bad_alpha"", ""ambiguous_concept""]}"
live:vocab:clogdance,clogdance,clogdance,vocab,live,07_vocab-pack,production_asset,public/assets/07_vocab-pack/img/clogdance.png,ART_REDO,"[""text_artifact""]","[""text_artifact""]",Text 'Clogdance' rendered directly on the image.,,audit/visual-assets/sheets/pending_visual/07-vocab-pack-vocab-icon-generated-039.jpg,,"{""asset_id"": ""live:vocab:clogdance"", ""key"": ""clogdance"", ""concept"": ""clogdance"", ""source_bank"": ""07_vocab-pack"", ""source_role"": ""production_asset"", ""source_path"": ""public/assets/07_vocab-pack/img/clogdance.png"", ""expected_asset_type"": ""vocab_icon"", ""expected_background_mode"": ""icon_image"", ""expected_concept_word"": ""clogdance"", ""reviewed_from"": ""audit/visual-assets/sheets/pending_visual/07-vocab-pack-vocab-icon-generated-039.jpg"", ""decision_source"": ""audit/visual-assets/decisions-vocab-001-075.jsonl"", ""sha256"": ""753c5e89a36baa32017562cfc320de05cfb57e933e87f519d1308ab0f9ba5505"", ""bytes"": 33695, ""notes"": ""Text 'Clogdance' rendered directly on the image."", ""reason_codes"": [""text_artifact""]}"
live:vocab:clown,clown,clown,vocab,live,07_vocab-pack,production_asset,public/assets/07_vocab-pack/img/clown.png,ART_REDO,"[""bad_crop"", ""generation_artifact""]","[""bad_crop"", ""generation_artifact""]",Corrupt tile split into quadrants.,,audit/visual-assets/sheets/pending_visual/07-vocab-pack-vocab-icon-generated-039.jpg,,"{""asset_id"": ""live:vocab:clown"", ""key"": ""clown"", ""concept"": ""clown"", ""source_bank"": ""07_vocab-pack"", ""source_role"": ""production_asset"", ""source_path"": ""public/assets/07_vocab-pack/img/clown.png"", ""expected_asset_type"": ""vocab_icon"", ""expected_background_mode"": ""icon_image"", ""expected_concept_word"": ""clown"", ""reviewed_from"": ""audit/visual-assets/sheets/pending_visual/07-vocab-pack-vocab-icon-generated-039.jpg"", ""decision_source"": ""audit/visual-assets/decisions-vocab-001-075.jsonl"", ""sha256"": ""c1e634e8cb9ebb72dbfa78d4f0d2435713051e3500c9c78a406a1de0b3eb273a"", ""bytes"": 32363, ""notes"": ""Corrupt tile split into quadrants."", ""reason_codes"": [""bad_crop"", ""generation_artifact""]}"
live:vocab:coal,coal,coal,vocab,live,07_vocab-pack,production_asset,public/assets/07_vocab-pack/img/coal.png,ART_REDO,"[""blank"", ""ambiguous_concept""]","[""blank"", ""ambiguous_concept""]",Empty canvas with crosshairs; missing coal asset.,,audit/visual-assets/sheets/pending_visual/07-vocab-pack-vocab-icon-generated-040.jpg,,"{""asset_id"": ""live:vocab:coal"", ""key"": ""coal"", ""concept"": ""coal"", ""source_bank"": ""07_vocab-pack"", ""source_role"": ""production_asset"", ""source_path"": ""public/assets/07_vocab-pack/img/coal.png"", ""expected_asset_type"": ""vocab_icon"", ""expected_background_mode"": ""icon_image"", ""expected_concept_word"": ""coal"", ""reviewed_from"": ""audit/visual-assets/sheets/pending_visual/07-vocab-pack-vocab-icon-generated-040.jpg"", ""decision_source"": ""audit/visual-assets/decisions-vocab-001-075.jsonl"", ""sha256"": ""382682b34ec6ac45892282100210bd2f1dd829d770254f378c58af064531ddd0"", ""bytes"": 4605, ""notes"": ""Empty canvas with crosshairs; missing coal asset."", ""reason_codes"": [""blank"", ""ambiguous_concept""]}"
live:vocab:cockpit,cockpit,cockpit,vocab,live,07_vocab-pack,production_asset,public/assets/07_vocab-pack/img/cockpit.png,ART_REDO,"[""bad_crop"", ""generation_artifact""]","[""bad_crop"", ""generation_artifact""]",Corrupt tile split into quadrants with road and arc.,,audit/visual-assets/sheets/pending_visual/07-vocab-pack-vocab-icon-generated-040.jpg,,"{""asset_id"": ""live:vocab:cockpit"", ""key"": ""cockpit"", ""concept"": ""cockpit"", ""source_bank"": ""07_vocab-pack"", ""source_role"": ""production_asset"", ""source_path"": ""public/assets/07_vocab-pack/img/cockpit.png"", ""expected_asset_type"": ""vocab_icon"", ""expected_background_mode"": ""icon_image"", ""expected_concept_word"": ""cockpit"", ""reviewed_from"": ""audit/visual-assets/sheets/pending_visual/07-vocab-pack-vocab-icon-generated-040.jpg"", ""decision_source"": ""audit/visual-assets/decisions-vocab-001-075.jsonl"", ""sha256"": ""3ffe03a1cdd420ae914f464b5df55be1a0a15e304511151d4919a644c61947d1"", ""bytes"": 23089, ""notes"": ""Corrupt tile split into quadrants with road and arc."", ""reason_codes"": [""bad_crop"", ""generation_artifact""]}"
live:vocab:complaint,complaint,complaint,vocab,live,07_vocab-pack,production_asset,public/assets/07_vocab-pack/img/complaint.png,ART_REDO,"[""ambiguous_concept""]","[""ambiguous_concept""]",Flat hand icon with grey triangle artifact; unreadable for complaint.,,audit/visual-assets/sheets/pending_visual/07-vocab-pack-vocab-icon-generated-042.jpg,,"{""asset_id"": ""live:vocab:complaint"", ""key"": ""complaint"", ""concept"": ""complaint"", ""source_bank"": ""07_vocab-pack"", ""source_role"": ""production_asset"", ""source_path"": ""public/assets/07_vocab-pack/img/complaint.png"", ""expected_asset_type"": ""vocab_icon"", ""expected_background_mode"": ""icon_image"", ""expected_concept_word"": ""complaint"", ""reviewed_from"": ""audit/visual-assets/sheets/pending_visual/07-vocab-pack-vocab-icon-generated-042.jpg"", ""decision_source"": ""audit/visual-assets/decisions-vocab-001-075.jsonl"", ""sha256"": ""d4bd7c7345e1863049db41cb3125d0734b7a9f1e0629090ff06391979f8c4660"", ""bytes"": 31303, ""notes"": ""Flat hand icon with grey triangle artifact; unreadable for complaint."", ""reason_codes"": [""ambiguous_concept""]}"
live:vocab:count,count,count,vocab,live,07_vocab-pack,production_asset,public/assets/07_vocab-pack/img/count.png,ART_REDO,"[""text_artifact""]","[""text_artifact""]",Text 'COUNT' rendered directly on the image.,,audit/visual-assets/sheets/pending_visual/07-vocab-pack-vocab-icon-generated-046.jpg,,"{""asset_id"": ""live:vocab:count"", ""key"": ""count"", ""concept"": ""count"", ""source_bank"": ""07_vocab-pack"", ""source_role"": ""production_asset"", ""source_path"": ""public/assets/07_vocab-pack/img/count.png"", ""expected_asset_type"": ""vocab_icon"", ""expected_background_mode"": ""icon_image"", ""expected_concept_word"": ""count"", ""reviewed_from"": ""audit/visual-assets/sheets/pending_visual/07-vocab-pack-vocab-icon-generated-046.jpg"", ""decision_source"": ""audit/visual-assets/decisions-vocab-001-075.jsonl"", ""sha256"": ""e9f9a8384a5f89142076923c4e4d488e1445f9507317b325ef34a18a8d31ad17"", ""bytes"": 27815, ""notes"": ""Text 'COUNT' rendered directly on the image."", ""reason_codes"": [""text_artifact""]}"
live:vocab:court,court,court,vocab,live,07_vocab-pack,production_asset,public/assets/07_vocab-pack/img/court.png,ART_REDO,"[""bad_crop"", ""generation_artifact""]","[""bad_crop"", ""generation_artifact""]",Corrupt tile split into quadrants.,,audit/visual-assets/sheets/pending_visual/07-vocab-pack-vocab-icon-generated-047.jpg,,"{""asset_id"": ""live:vocab:court"", ""key"": ""court"", ""concept"": ""court"", ""source_bank"": ""07_vocab-pack"", ""source_role"": ""production_asset"", ""source_path"": ""public/assets/07_vocab-pack/img/court.png"", ""expected_asset_type"": ""vocab_icon"", ""expected_background_mode"": ""icon_image"", ""expected_concept_word"": ""court"", ""reviewed_from"": ""audit/visual-assets/sheets/pending_visual/07-vocab-pack-vocab-icon-generated-047.jpg"", ""decision_source"": ""audit/visual-assets/decisions-vocab-001-075.jsonl"", ""sha256"": ""de7b922e3ccb98b9e4158d05875f2837a9d69304c6e042557af5f7bf822e2567"", ""bytes"": 12752, ""notes"": ""Corrupt tile split into quadrants."", ""reason_codes"": [""bad_crop"", ""generation_artifact""]}"
live:vocab:crane-bird,crane-bird,crane bird,vocab,live,07_vocab-pack,production_asset,public/assets/07_vocab-pack/img/crane-bird.png,ART_REDO,"[""text_artifact""]","[""text_artifact""]",Text 'Crane bird' rendered directly on the image.,,audit/visual-assets/sheets/pending_visual/07-vocab-pack-vocab-icon-generated-047.jpg,,"{""asset_id"": ""live:vocab:crane-bird"", ""key"": ""crane-bird"", ""concept"": ""crane bird"", ""source_bank"": ""07_vocab-pack"", ""source_role"": ""production_asset"", ""source_path"": ""public/assets/07_vocab-pack/img/crane-bird.png"", ""expected_asset_type"": ""vocab_icon"", ""expected_background_mode"": ""icon_image"", ""expected_concept_word"": ""crane bird"", ""reviewed_from"": ""audit/visual-assets/sheets/pending_visual/07-vocab-pack-vocab-icon-generated-047.jpg"", ""decision_source"": ""audit/visual-assets/decisions-vocab-001-075.jsonl"", ""sha256"": ""34895a4e411e8c8ccce2363384cdc13ac0315c70353631cd6dad700d69829778"", ""bytes"": 19078, ""notes"": ""Text 'Crane bird' rendered directly on the image."", ""reason_codes"": [""text_artifact""]}"
live:vocab:cultivate,cultivate,cultivate,vocab,live,07_vocab-pack,production_asset,public/assets/07_vocab-pack/img/cultivate.png,ART_REDO,"[""wrong_concept""]","[""wrong_concept""]","Shows cleaning sponge with water drops, labeled 'cultivate'.",,audit/visual-assets/sheets/pending_visual/07-vocab-pack-vocab-icon-generated-050.jpg,,"{""asset_id"": ""live:vocab:cultivate"", ""key"": ""cultivate"", ""concept"": ""cultivate"", ""source_bank"": ""07_vocab-pack"", ""source_role"": ""production_asset"", ""source_path"": ""public/assets/07_vocab-pack/img/cultivate.png"", ""expected_asset_type"": ""vocab_icon"", ""expected_background_mode"": ""icon_image"", ""expected_concept_word"": ""cultivate"", ""reviewed_from"": ""audit/visual-assets/sheets/pending_visual/07-vocab-pack-vocab-icon-generated-050.jpg"", ""decision_source"": ""audit/visual-assets/decisions-vocab-001-075.jsonl"", ""sha256"": ""5324c24ca3f406010958967a8dbbe4844b3ed8e608433e97055e5f64008aef0d"", ""bytes"": 57213, ""notes"": ""Shows cleaning sponge with water drops, labeled 'cultivate'."", ""reason_codes"": [""wrong_concept""]}"
live:vocab:curry,curry,curry,vocab,live,07_vocab-pack,production_asset,public/assets/07_vocab-pack/img/curry.png,ART_REDO,"[""wrong_concept"", ""ambiguous_concept""]","[""wrong_concept"", ""ambiguous_concept""]","Shows teal silicone grid mat, labeled 'curry'.",,audit/visual-assets/sheets/pending_visual/07-vocab-pack-vocab-icon-generated-050.jpg,,"{""asset_id"": ""live:vocab:curry"", ""key"": ""curry"", ""concept"": ""curry"", ""source_bank"": ""07_vocab-pack"", ""source_role"": ""production_asset"", ""source_path"": ""public/assets/07_vocab-pack/img/curry.png"", ""expected_asset_type"": ""vocab_icon"", ""expected_background_mode"": ""icon_image"", ""expected_concept_word"": ""curry"", ""reviewed_from"": ""audit/visual-assets/sheets/pending_visual/07-vocab-pack-vocab-icon-generated-050.jpg"", ""decision_source"": ""audit/visual-assets/decisions-vocab-001-075.jsonl"", ""sha256"": ""6bc0fa5f1171e9e31a6c1bc593f0d9222279a2df9db157f2ac3ff1ff425946f6"", ""bytes"": 52412, ""notes"": ""Shows teal silicone grid mat, labeled 'curry'."", ""reason_codes"": [""wrong_concept"", ""ambiguous_concept""]}"
live:vocab:cut,cut,cut,vocab,live,07_vocab-pack,production_asset,public/assets/07_vocab-pack/img/cut.png,ART_REDO,"[""text_artifact""]","[""text_artifact""]",Text 'CUT' rendered directly on the image.,,audit/visual-assets/sheets/pending_visual/07-vocab-pack-vocab-icon-generated-051.jpg,,"{""asset_id"": ""live:vocab:cut"", ""key"": ""cut"", ""concept"": ""cut"", ""source_bank"": ""07_vocab-pack"", ""source_role"": ""production_asset"", ""source_path"": ""public/assets/07_vocab-pack/img/cut.png"", ""expected_asset_type"": ""vocab_icon"", ""expected_background_mode"": ""icon_image"", ""expected_concept_word"": ""cut"", ""reviewed_from"": ""audit/visual-assets/sheets/pending_visual/07-vocab-pack-vocab-icon-generated-051.jpg"", ""decision_source"": ""audit/visual-assets/decisions-vocab-001-075.jsonl"", ""sha256"": ""d3b5534e01747068718cf6750a466a2a76ef9ab996cc1596917933bf2587c8dc"", ""bytes"": 42001, ""notes"": ""Text 'CUT' rendered directly on the image."", ""reason_codes"": [""text_artifact""]}"
live:vocab:dalmatian,dalmatian,dalmatian,vocab,live,07_vocab-pack,production_asset,public/assets/07_vocab-pack/img/dalmatian.png,ART_REDO,"[""text_artifact""]","[""text_artifact""]",Text 'Dalmatian' rendered directly on the image.,,audit/visual-assets/sheets/pending_visual/07-vocab-pack-vocab-icon-generated-051.jpg,,"{""asset_id"": ""live:vocab:dalmatian"", ""key"": ""dalmatian"", ""concept"": ""dalmatian"", ""source_bank"": ""07_vocab-pack"", ""source_role"": ""production_asset"", ""source_path"": ""public/assets/07_vocab-pack/img/dalmatian.png"", ""expected_asset_type"": ""vocab_icon"", ""expected_background_mode"": ""icon_image"", ""expected_concept_word"": ""dalmatian"", ""reviewed_from"": ""audit/visual-assets/sheets/pending_visual/07-vocab-pack-vocab-icon-generated-051.jpg"", ""decision_source"": ""audit/visual-assets/decisions-vocab-001-075.jsonl"", ""sha256"": ""b0e54b562e51efa059db33ce875f5a7c309ddda8b5bc22c7d1d5b313ca4f087d"", ""bytes"": 45642, ""notes"": ""Text 'Dalmatian' rendered directly on the image."", ""reason_codes"": [""text_artifact""]}"
live:vocab:dash,dash,dash,vocab,live,07_vocab-pack,production_asset,public/assets/07_vocab-pack/img/dash.png,ART_REDO,"[""text_artifact""]","[""text_artifact""]",Text 'dash' rendered directly on the image.,,audit/visual-assets/sheets/pending_visual/07-vocab-pack-vocab-icon-generated-052.jpg,,"{""asset_id"": ""live:vocab:dash"", ""key"": ""dash"", ""concept"": ""dash"", ""source_bank"": ""07_vocab-pack"", ""source_role"": ""production_asset"", ""source_path"": ""public/assets/07_vocab-pack/img/dash.png"", ""expected_asset_type"": ""vocab_icon"", ""expected_background_mode"": ""icon_image"", ""expected_concept_word"": ""dash"", ""reviewed_from"": ""audit/visual-assets/sheets/pending_visual/07-vocab-pack-vocab-icon-generated-052.jpg"", ""decision_source"": ""audit/visual-assets/decisions-vocab-001-075.jsonl"", ""sha256"": ""1fa6c2aee2b04c02c8fcdf5919c94e27914c8d3934c1d043a3f5b2c98f743661"", ""bytes"": 40571, ""notes"": ""Text 'dash' rendered directly on the image."", ""reason_codes"": [""text_artifact""]}"
live:vocab:decay,decay,decay,vocab,live,07_vocab-pack,production_asset,public/assets/07_vocab-pack/img/decay.png,ART_REDO,"[""wrong_concept""]","[""wrong_concept""]","Shows boy ringing a bell, labeled 'decay'.",,audit/visual-assets/sheets/pending_visual/07-vocab-pack-vocab-icon-generated-052.jpg,,"{""asset_id"": ""live:vocab:decay"", ""key"": ""decay"", ""concept"": ""decay"", ""source_bank"": ""07_vocab-pack"", ""source_role"": ""production_asset"", ""source_path"": ""public/assets/07_vocab-pack/img/decay.png"", ""expected_asset_type"": ""vocab_icon"", ""expected_background_mode"": ""icon_image"", ""expected_concept_word"": ""decay"", ""reviewed_from"": ""audit/visual-assets/sheets/pending_visual/07-vocab-pack-vocab-icon-generated-052.jpg"", ""decision_source"": ""audit/visual-assets/decisions-vocab-001-075.jsonl"", ""sha256"": ""1f12b1096781a61b457310525b1badc99230705ed5c908839d2bf1ba0d2b57ac"", ""bytes"": 62737, ""notes"": ""Shows boy ringing a bell, labeled 'decay'."", ""reason_codes"": [""wrong_concept""]}"
live:vocab:deckchair,deckchair,deckchair,vocab,live,07_vocab-pack,production_asset,public/assets/07_vocab-pack/img/deckchair.png,ART_REDO,"[""text_artifact""]","[""text_artifact""]",Text 'deckchair' rendered directly on the image.,,audit/visual-assets/sheets/pending_visual/07-vocab-pack-vocab-icon-generated-052.jpg,,"{""asset_id"": ""live:vocab:deckchair"", ""key"": ""deckchair"", ""concept"": ""deckchair"", ""source_bank"": ""07_vocab-pack"", ""source_role"": ""production_asset"", ""source_path"": ""public/assets/07_vocab-pack/img/deckchair.png"", ""expected_asset_type"": ""vocab_icon"", ""expected_background_mode"": ""icon_image"", ""expected_concept_word"": ""deckchair"", ""reviewed_from"": ""audit/visual-assets/sheets/pending_visual/07-vocab-pack-vocab-icon-generated-052.jpg"", ""decision_source"": ""audit/visual-assets/decisions-vocab-001-075.jsonl"", ""sha256"": ""6900bfa0777d169c5057509a55767a9d22e976f683d3ba7f2fa50b41e760c79f"", ""bytes"": 84332, ""notes"": ""Text 'deckchair' rendered directly on the image."", ""reason_codes"": [""text_artifact""]}"
live:vocab:dedicate,dedicate,dedicate,vocab,live,07_vocab-pack,production_asset,public/assets/07_vocab-pack/img/dedicate.png,ART_REDO,"[""text_artifact""]","[""text_artifact""]",Text 'dedicate' rendered directly on the image.,,audit/visual-assets/sheets/pending_visual/07-vocab-pack-vocab-icon-generated-053.jpg,,"{""asset_id"": ""live:vocab:dedicate"", ""key"": ""dedicate"", ""concept"": ""dedicate"", ""source_bank"": ""07_vocab-pack"", ""source_role"": ""production_asset"", ""source_path"": ""public/assets/07_vocab-pack/img/dedicate.png"", ""expected_asset_type"": ""vocab_icon"", ""expected_background_mode"": ""icon_image"", ""expected_concept_word"": ""dedicate"", ""reviewed_from"": ""audit/visual-assets/sheets/pending_visual/07-vocab-pack-vocab-icon-generated-053.jpg"", ""decision_source"": ""audit/visual-assets/decisions-vocab-001-075.jsonl"", ""sha256"": ""64c388c27bdc2095a87632e47366407ce55d8e43c6bc0d21d382e8a185a401df"", ""bytes"": 59550, ""notes"": ""Text 'dedicate' rendered directly on the image."", ""reason_codes"": [""text_artifact""]}"
live:vocab:define,define,define,vocab,live,07_vocab-pack,production_asset,public/assets/07_vocab-pack/img/define.png,ART_REDO,"[""text_artifact""]","[""text_artifact""]",Text 'define' rendered directly on the image.,,audit/visual-assets/sheets/pending_visual/07-vocab-pack-vocab-icon-generated-053.jpg,,"{""asset_id"": ""live:vocab:define"", ""key"": ""define"", ""concept"": ""define"", ""source_bank"": ""07_vocab-pack"", ""source_role"": ""production_asset"", ""source_path"": ""public/assets/07_vocab-pack/img/define.png"", ""expected_asset_type"": ""vocab_icon"", ""expected_background_mode"": ""icon_image"", ""expected_concept_word"": ""define"", ""reviewed_from"": ""audit/visual-assets/sheets/pending_visual/07-vocab-pack-vocab-icon-generated-053.jpg"", ""decision_source"": ""audit/visual-assets/decisions-vocab-001-075.jsonl"", ""sha256"": ""f75af2f2302e996b59850ffa9249956192c20d699570c4d49f1caad5479298e5"", ""bytes"": 47537, ""notes"": ""Text 'define' rendered directly on the image."", ""reason_codes"": [""text_artifact""]}"
live:vocab:demand,demand,demand,vocab,live,07_vocab-pack,production_asset,public/assets/07_vocab-pack/img/demand.png,ART_REDO,"[""text_artifact""]","[""text_artifact""]",Text 'demanc' typo rendered directly on the image.,,audit/visual-assets/sheets/pending_visual/07-vocab-pack-vocab-icon-generated-053.jpg,,"{""asset_id"": ""live:vocab:demand"", ""key"": ""demand"", ""concept"": ""demand"", ""source_bank"": ""07_vocab-pack"", ""source_role"": ""production_asset"", ""source_path"": ""public/assets/07_vocab-pack/img/demand.png"", ""expected_asset_type"": ""vocab_icon"", ""expected_background_mode"": ""icon_image"", ""expected_concept_word"": ""demand"", ""reviewed_from"": ""audit/visual-assets/sheets/pending_visual/07-vocab-pack-vocab-icon-generated-053.jpg"", ""decision_source"": ""audit/visual-assets/decisions-vocab-001-075.jsonl"", ""sha256"": ""f47b14ac388c87ef34385a2324924622322ab40e202de94dfd28b36f9f297e19"", ""bytes"": 48203, ""notes"": ""Text 'demanc' typo rendered directly on the image."", ""reason_codes"": [""text_artifact""]}"
live:vocab:demolish,demolish,demolish,vocab,live,07_vocab-pack,production_asset,public/assets/07_vocab-pack/img/demolish.png,ART_REDO,"[""wrong_concept""]","[""wrong_concept""]","Shows children with hand puppets, labeled 'demolish'.",,audit/visual-assets/sheets/pending_visual/07-vocab-pack-vocab-icon-generated-054.jpg,,"{""asset_id"": ""live:vocab:demolish"", ""key"": ""demolish"", ""concept"": ""demolish"", ""source_bank"": ""07_vocab-pack"", ""source_role"": ""production_asset"", ""source_path"": ""public/assets/07_vocab-pack/img/demolish.png"", ""expected_asset_type"": ""vocab_icon"", ""expected_background_mode"": ""icon_image"", ""expected_concept_word"": ""demolish"", ""reviewed_from"": ""audit/visual-assets/sheets/pending_visual/07-vocab-pack-vocab-icon-generated-054.jpg"", ""decision_source"": ""audit/visual-assets/decisions-vocab-001-075.jsonl"", ""sha256"": ""192165d3031cc2367136f8683af3d5256d59fe2f8f383a4ff65e817a924c92e2"", ""bytes"": 58908, ""notes"": ""Shows children with hand puppets, labeled 'demolish'."", ""reason_codes"": [""wrong_concept""]}"
live:vocab:demonstrate,demonstrate,demonstrate,vocab,live,07_vocab-pack,production_asset,public/assets/07_vocab-pack/img/demonstrate.png,ART_REDO,"[""text_artifact""]","[""text_artifact""]",Text 'demonstrate' rendered directly on the image.,,audit/visual-assets/sheets/pending_visual/07-vocab-pack-vocab-icon-generated-054.jpg,,"{""asset_id"": ""live:vocab:demonstrate"", ""key"": ""demonstrate"", ""concept"": ""demonstrate"", ""source_bank"": ""07_vocab-pack"", ""source_role"": ""production_asset"", ""source_path"": ""public/assets/07_vocab-pack/img/demonstrate.png"", ""expected_asset_type"": ""vocab_icon"", ""expected_background_mode"": ""icon_image"", ""expected_concept_word"": ""demonstrate"", ""reviewed_from"": ""audit/visual-assets/sheets/pending_visual/07-vocab-pack-vocab-icon-generated-054.jpg"", ""decision_source"": ""audit/visual-assets/decisions-vocab-001-075.jsonl"", ""sha256"": ""fc3ac9bb9f12df1cd6b9305b3628ebb16b4773034c65e76ad63cb3761ca1e6b4"", ""bytes"": 59882, ""notes"": ""Text 'demonstrate' rendered directly on the image."", ""reason_codes"": [""text_artifact""]}"
live:vocab:deny,deny,deny,vocab,live,07_vocab-pack,production_asset,public/assets/07_vocab-pack/img/deny.png,ART_REDO,"[""text_artifact""]","[""text_artifact""]",Text 'deny' rendered directly on the image.,,audit/visual-assets/sheets/pending_visual/07-vocab-pack-vocab-icon-generated-054.jpg,,"{""asset_id"": ""live:vocab:deny"", ""key"": ""deny"", ""concept"": ""deny"", ""source_bank"": ""07_vocab-pack"", ""source_role"": ""production_asset"", ""source_path"": ""public/assets/07_vocab-pack/img/deny.png"", ""expected_asset_type"": ""vocab_icon"", ""expected_background_mode"": ""icon_image"", ""expected_concept_word"": ""deny"", ""reviewed_from"": ""audit/visual-assets/sheets/pending_visual/07-vocab-pack-vocab-icon-generated-054.jpg"", ""decision_source"": ""audit/visual-assets/decisions-vocab-001-075.jsonl"", ""sha256"": ""53d157e2bb97b1bfabf485d9424b9625f9ab571b134d19e0d6c0597861961a43"", ""bytes"": 36406, ""notes"": ""Text 'deny' rendered directly on the image."", ""reason_codes"": [""text_artifact""]}"
live:vocab:depart,depart,depart,vocab,live,07_vocab-pack,production_asset,public/assets/07_vocab-pack/img/depart.png,ART_REDO,"[""text_artifact""]","[""text_artifact""]",Text 'depart' rendered directly on the image.,,audit/visual-assets/sheets/pending_visual/07-vocab-pack-vocab-icon-generated-054.jpg,,"{""asset_id"": ""live:vocab:depart"", ""key"": ""depart"", ""concept"": ""depart"", ""source_bank"": ""07_vocab-pack"", ""source_role"": ""production_asset"", ""source_path"": ""public/assets/07_vocab-pack/img/depart.png"", ""expected_asset_type"": ""vocab_icon"", ""expected_background_mode"": ""icon_image"", ""expected_concept_word"": ""depart"", ""reviewed_from"": ""audit/visual-assets/sheets/pending_visual/07-vocab-pack-vocab-icon-generated-054.jpg"", ""decision_source"": ""audit/visual-assets/decisions-vocab-001-075.jsonl"", ""sha256"": ""a4cc7aa944c03f6906e801d57fe4f58d805f25f955e048f8b229c5ef7a00dc0a"", ""bytes"": 46308, ""notes"": ""Text 'depart' rendered directly on the image."", ""reason_codes"": [""text_artifact""]}"
live:vocab:deprive,deprive,deprive,vocab,live,07_vocab-pack,production_asset,public/assets/07_vocab-pack/img/deprive.png,ART_REDO,"[""text_artifact""]","[""text_artifact""]",Text 'deprive' rendered directly on the image.,,audit/visual-assets/sheets/pending_visual/07-vocab-pack-vocab-icon-generated-054.jpg,,"{""asset_id"": ""live:vocab:deprive"", ""key"": ""deprive"", ""concept"": ""deprive"", ""source_bank"": ""07_vocab-pack"", ""source_role"": ""production_asset"", ""source_path"": ""public/assets/07_vocab-pack/img/deprive.png"", ""expected_asset_type"": ""vocab_icon"", ""expected_background_mode"": ""icon_image"", ""expected_concept_word"": ""deprive"", ""reviewed_from"": ""audit/visual-assets/sheets/pending_visual/07-vocab-pack-vocab-icon-generated-054.jpg"", ""decision_source"": ""audit/visual-assets/decisions-vocab-001-075.jsonl"", ""sha256"": ""b5182ab5d1176a015bb02a5dc6b476bacdf61f291beefe9ef686b06a7a770959"", ""bytes"": 53743, ""notes"": ""Text 'deprive' rendered directly on the image."", ""reason_codes"": [""text_artifact""]}"
live:vocab:derive,derive,derive,vocab,live,07_vocab-pack,production_asset,public/assets/07_vocab-pack/img/derive.png,ART_REDO,"[""text_artifact""]","[""text_artifact""]",Text 'derive' rendered directly on the image.,,audit/visual-assets/sheets/pending_visual/07-vocab-pack-vocab-icon-generated-054.jpg,,"{""asset_id"": ""live:vocab:derive"", ""key"": ""derive"", ""concept"": ""derive"", ""source_bank"": ""07_vocab-pack"", ""source_role"": ""production_asset"", ""source_path"": ""public/assets/07_vocab-pack/img/derive.png"", ""expected_asset_type"": ""vocab_icon"", ""expected_background_mode"": ""icon_image"", ""expected_concept_word"": ""derive"", ""reviewed_from"": ""audit/visual-assets/sheets/pending_visual/07-vocab-pack-vocab-icon-generated-054.jpg"", ""decision_source"": ""audit/visual-assets/decisions-vocab-001-075.jsonl"", ""sha256"": ""24ee6775612f918b4bb1b9c7feb7cceaacaa8020103e30b11569993f37167530"", ""bytes"": 50979, ""notes"": ""Text 'derive' rendered directly on the image."", ""reason_codes"": [""text_artifact""]}"
live:vocab:deserve,deserve,deserve,vocab,live,07_vocab-pack,production_asset,public/assets/07_vocab-pack/img/deserve.png,ART_REDO,"[""text_artifact""]","[""text_artifact""]",Text 'deserve' rendered directly on the image.,,audit/visual-assets/sheets/pending_visual/07-vocab-pack-vocab-icon-generated-055.jpg,,"{""asset_id"": ""live:vocab:deserve"", ""key"": ""deserve"", ""concept"": ""deserve"", ""source_bank"": ""07_vocab-pack"", ""source_role"": ""production_asset"", ""source_path"": ""public/assets/07_vocab-pack/img/deserve.png"", ""expected_asset_type"": ""vocab_icon"", ""expected_background_mode"": ""icon_image"", ""expected_concept_word"": ""deserve"", ""reviewed_from"": ""audit/visual-assets/sheets/pending_visual/07-vocab-pack-vocab-icon-generated-055.jpg"", ""decision_source"": ""audit/visual-assets/decisions-vocab-001-075.jsonl"", ""sha256"": ""785f368fa2a81cfa77dd7a51da6b39c64da482e0d1a35ea490cf8099fc643dfd"", ""bytes"": 53223, ""notes"": ""Text 'deserve' rendered directly on the image."", ""reason_codes"": [""text_artifact""]}"
live:vocab:design,design,design,vocab,live,07_vocab-pack,production_asset,public/assets/07_vocab-pack/img/design.png,ART_REDO,"[""text_artifact""]","[""text_artifact""]",Text 'design' rendered directly on the image.,,audit/visual-assets/sheets/pending_visual/07-vocab-pack-vocab-icon-generated-055.jpg,,"{""asset_id"": ""live:vocab:design"", ""key"": ""design"", ""concept"": ""design"", ""source_bank"": ""07_vocab-pack"", ""source_role"": ""production_asset"", ""source_path"": ""public/assets/07_vocab-pack/img/design.png"", ""expected_asset_type"": ""vocab_icon"", ""expected_background_mode"": ""icon_image"", ""expected_concept_word"": ""design"", ""reviewed_from"": ""audit/visual-assets/sheets/pending_visual/07-vocab-pack-vocab-icon-generated-055.jpg"", ""decision_source"": ""audit/visual-assets/decisions-vocab-001-075.jsonl"", ""sha256"": ""2a42e36d7f1d82c6a6ae0d56f3025bc0f6ad098544c5db668d6a193e1ed31cf2"", ""bytes"": 62054, ""notes"": ""Text 'design' rendered directly on the image."", ""reason_codes"": [""text_artifact""]}"
live:vocab:dial,dial,dial,vocab,live,07_vocab-pack,production_asset,public/assets/07_vocab-pack/img/dial.png,ART_REDO,"[""wrong_concept""]","[""wrong_concept""]","Shows toddler in bathtub washing hair, labeled 'dial'.",,audit/visual-assets/sheets/pending_visual/07-vocab-pack-vocab-icon-generated-056.jpg,,"{""asset_id"": ""live:vocab:dial"", ""key"": ""dial"", ""concept"": ""dial"", ""source_bank"": ""07_vocab-pack"", ""source_role"": ""production_asset"", ""source_path"": ""public/assets/07_vocab-pack/img/dial.png"", ""expected_asset_type"": ""vocab_icon"", ""expected_background_mode"": ""icon_image"", ""expected_concept_word"": ""dial"", ""reviewed_from"": ""audit/visual-assets/sheets/pending_visual/07-vocab-pack-vocab-icon-generated-056.jpg"", ""decision_source"": ""audit/visual-assets/decisions-vocab-001-075.jsonl"", ""sha256"": ""f6b31a5efd1c484b62366a95322c5b49c9a13f3cbdb2c2fe0d20ce2fa9e2089f"", ""bytes"": 68185, ""notes"": ""Shows toddler in bathtub washing hair, labeled 'dial'."", ""reason_codes"": [""wrong_concept""]}"
live:vocab:die,die,die,vocab,live,07_vocab-pack,production_asset,public/assets/07_vocab-pack/img/die.png,ART_REDO,"[""wrong_concept""]","[""wrong_concept""]","Shows decorative floral picture frame, labeled 'die'.",,audit/visual-assets/sheets/pending_visual/07-vocab-pack-vocab-icon-generated-056.jpg,,"{""asset_id"": ""live:vocab:die"", ""key"": ""die"", ""concept"": ""die"", ""source_bank"": ""07_vocab-pack"", ""source_role"": ""production_asset"", ""source_path"": ""public/assets/07_vocab-pack/img/die.png"", ""expected_asset_type"": ""vocab_icon"", ""expected_background_mode"": ""icon_image"", ""expected_concept_word"": ""die"", ""reviewed_from"": ""audit/visual-assets/sheets/pending_visual/07-vocab-pack-vocab-icon-generated-056.jpg"", ""decision_source"": ""audit/visual-assets/decisions-vocab-001-075.jsonl"", ""sha256"": ""7173d06cccfccc6e38ed199b0e4334c38c796bccafefe01b0b8f9ccbc8a72456"", ""bytes"": 63450, ""notes"": ""Shows decorative floral picture frame, labeled 'die'."", ""reason_codes"": [""wrong_concept""]}"
live:vocab:dodgeball,dodgeball,dodgeball,vocab,live,07_vocab-pack,production_asset,public/assets/07_vocab-pack/img/dodgeball.png,ART_REDO,"[""text_artifact""]","[""text_artifact""]",Text 'dodgeball' rendered directly on the image.,,audit/visual-assets/sheets/pending_visual/07-vocab-pack-vocab-icon-generated-059.jpg,,"{""asset_id"": ""live:vocab:dodgeball"", ""key"": ""dodgeball"", ""concept"": ""dodgeball"", ""source_bank"": ""07_vocab-pack"", ""source_role"": ""production_asset"", ""source_path"": ""public/assets/07_vocab-pack/img/dodgeball.png"", ""expected_asset_type"": ""vocab_icon"", ""expected_background_mode"": ""icon_image"", ""expected_concept_word"": ""dodgeball"", ""reviewed_from"": ""audit/visual-assets/sheets/pending_visual/07-vocab-pack-vocab-icon-generated-059.jpg"", ""decision_source"": ""audit/visual-assets/decisions-vocab-001-075.jsonl"", ""sha256"": ""ab368567772359feebe56828073cfb17ec641c002880ba6fa88968011bb0fb30"", ""bytes"": 32198, ""notes"": ""Text 'dodgeball' rendered directly on the image."", ""reason_codes"": [""text_artifact""]}"
live:vocab:doggypaddle,doggypaddle,doggypaddle,vocab,live,07_vocab-pack,production_asset,public/assets/07_vocab-pack/img/doggypaddle.png,ART_REDO,"[""text_artifact""]","[""text_artifact""]",Text 'Doggypaddle' rendered directly on the image.,,audit/visual-assets/sheets/pending_visual/07-vocab-pack-vocab-icon-generated-059.jpg,,"{""asset_id"": ""live:vocab:doggypaddle"", ""key"": ""doggypaddle"", ""concept"": ""doggypaddle"", ""source_bank"": ""07_vocab-pack"", ""source_role"": ""production_asset"", ""source_path"": ""public/assets/07_vocab-pack/img/doggypaddle.png"", ""expected_asset_type"": ""vocab_icon"", ""expected_background_mode"": ""icon_image"", ""expected_concept_word"": ""doggypaddle"", ""reviewed_from"": ""audit/visual-assets/sheets/pending_visual/07-vocab-pack-vocab-icon-generated-059.jpg"", ""decision_source"": ""audit/visual-assets/decisions-vocab-001-075.jsonl"", ""sha256"": ""8ea8125b4d1e859d6c7e5941563fdded453b65f62f3f6a361d2abc27adcd57ff"", ""bytes"": 48995, ""notes"": ""Text 'Doggypaddle' rendered directly on the image."", ""reason_codes"": [""text_artifact""]}"
live:vocab:draw,draw,draw,vocab,live,07_vocab-pack,production_asset,public/assets/07_vocab-pack/img/draw.png,ART_REDO,"[""text_artifact""]","[""text_artifact""]",Text 'DRAW' rendered directly on the image.,,audit/visual-assets/sheets/pending_visual/07-vocab-pack-vocab-icon-generated-061.jpg,,"{""asset_id"": ""live:vocab:draw"", ""key"": ""draw"", ""concept"": ""draw"", ""source_bank"": ""07_vocab-pack"", ""source_role"": ""production_asset"", ""source_path"": ""public/assets/07_vocab-pack/img/draw.png"", ""expected_asset_type"": ""vocab_icon"", ""expected_background_mode"": ""icon_image"", ""expected_concept_word"": ""draw"", ""reviewed_from"": ""audit/visual-assets/sheets/pending_visual/07-vocab-pack-vocab-icon-generated-061.jpg"", ""decision_source"": ""audit/visual-assets/decisions-vocab-001-075.jsonl"", ""sha256"": ""5cf2a47ac0602e96fd1081389e4cd02a630f6f91daf385c0cea9faea987ae488"", ""bytes"": 23441, ""notes"": ""Text 'DRAW' rendered directly on the image."", ""reason_codes"": [""text_artifact""]}"
live:vocab:drizzle,drizzle,drizzle,vocab,live,07_vocab-pack,production_asset,public/assets/07_vocab-pack/img/drizzle.png,ART_REDO,"[""text_artifact""]","[""text_artifact""]",Text 'Drizzle' rendered directly on the image.,,audit/visual-assets/sheets/pending_visual/07-vocab-pack-vocab-icon-generated-061.jpg,,"{""asset_id"": ""live:vocab:drizzle"", ""key"": ""drizzle"", ""concept"": ""drizzle"", ""source_bank"": ""07_vocab-pack"", ""source_role"": ""production_asset"", ""source_path"": ""public/assets/07_vocab-pack/img/drizzle.png"", ""expected_asset_type"": ""vocab_icon"", ""expected_background_mode"": ""icon_image"", ""expected_concept_word"": ""drizzle"", ""reviewed_from"": ""audit/visual-assets/sheets/pending_visual/07-vocab-pack-vocab-icon-generated-061.jpg"", ""decision_source"": ""audit/visual-assets/decisions-vocab-001-075.jsonl"", ""sha256"": ""d7f38860b82ec78b634b81a5fa3854fdea6d0d3570c60ffc516a1f44be9e87a9"", ""bytes"": 21775, ""notes"": ""Text 'Drizzle' rendered directly on the image."", ""reason_codes"": [""text_artifact""]}"
live:vocab:drown,drown,drown,vocab,live,07_vocab-pack,production_asset,public/assets/07_vocab-pack/img/drown.png,ART_REDO,"[""wrong_concept""]","[""wrong_concept""]","Shows boy woodworking with hand drill, labeled 'drown'.",,audit/visual-assets/sheets/pending_visual/07-vocab-pack-vocab-icon-generated-061.jpg,,"{""asset_id"": ""live:vocab:drown"", ""key"": ""drown"", ""concept"": ""drown"", ""source_bank"": ""07_vocab-pack"", ""source_role"": ""production_asset"", ""source_path"": ""public/assets/07_vocab-pack/img/drown.png"", ""expected_asset_type"": ""vocab_icon"", ""expected_background_mode"": ""icon_image"", ""expected_concept_word"": ""drown"", ""reviewed_from"": ""audit/visual-assets/sheets/pending_visual/07-vocab-pack-vocab-icon-generated-061.jpg"", ""decision_source"": ""audit/visual-assets/decisions-vocab-001-075.jsonl"", ""sha256"": ""28c9df1637eaab75c5f3e5ff5090f5a8cab78f841db183b8d38ec43642d2b88e"", ""bytes"": 63531, ""notes"": ""Shows boy woodworking with hand drill, labeled 'drown'."", ""reason_codes"": [""wrong_concept""]}"
live:vocab:duckgoose,duckgoose,duckgoose,vocab,live,07_vocab-pack,production_asset,public/assets/07_vocab-pack/img/duckgoose.png,ART_REDO,"[""text_artifact""]","[""text_artifact""]",Text 'Duck Duck Goose' rendered directly on the image.,,audit/visual-assets/sheets/pending_visual/07-vocab-pack-vocab-icon-generated-062.jpg,,"{""asset_id"": ""live:vocab:duckgoose"", ""key"": ""duckgoose"", ""concept"": ""duckgoose"", ""source_bank"": ""07_vocab-pack"", ""source_role"": ""production_asset"", ""source_path"": ""public/assets/07_vocab-pack/img/duckgoose.png"", ""expected_asset_type"": ""vocab_icon"", ""expected_background_mode"": ""icon_image"", ""expected_concept_word"": ""duckgoose"", ""reviewed_from"": ""audit/visual-assets/sheets/pending_visual/07-vocab-pack-vocab-icon-generated-062.jpg"", ""decision_source"": ""audit/visual-assets/decisions-vocab-001-075.jsonl"", ""sha256"": ""d477795472cf267d58dc7c2b34e677153d4a0f6742131d54879c5d2f92b5f7f0"", ""bytes"": 55254, ""notes"": ""Text 'Duck Duck Goose' rendered directly on the image."", ""reason_codes"": [""text_artifact""]}"
live:vocab:dumpling,dumpling,dumpling,vocab,live,07_vocab-pack,production_asset,public/assets/07_vocab-pack/img/dumpling.png,ART_REDO,"[""bad_crop"", ""generation_artifact""]","[""bad_crop"", ""generation_artifact""]",Corrupt tile split with empty left side and rice bowl.,,audit/visual-assets/sheets/pending_visual/07-vocab-pack-vocab-icon-generated-062.jpg,,"{""asset_id"": ""live:vocab:dumpling"", ""key"": ""dumpling"", ""concept"": ""dumpling"", ""source_bank"": ""07_vocab-pack"", ""source_role"": ""production_asset"", ""source_path"": ""public/assets/07_vocab-pack/img/dumpling.png"", ""expected_asset_type"": ""vocab_icon"", ""expected_background_mode"": ""icon_image"", ""expected_concept_word"": ""dumpling"", ""reviewed_from"": ""audit/visual-assets/sheets/pending_visual/07-vocab-pack-vocab-icon-generated-062.jpg"", ""decision_source"": ""audit/visual-assets/decisions-vocab-001-075.jsonl"", ""sha256"": ""3dffcbe0157ddca1a11ddcb3a4ba490e911dea60514a57c2cad79070455086a5"", ""bytes"": 17760, ""notes"": ""Corrupt tile split with empty left side and rice bowl."", ""reason_codes"": [""bad_crop"", ""generation_artifact""]}"
live:vocab:eagle,eagle,eagle,vocab,live,07_vocab-pack,production_asset,public/assets/07_vocab-pack/img/eagle.png,ART_REDO,"[""text_artifact""]","[""text_artifact""]",Text 'Eagle' rendered directly on the image.,,audit/visual-assets/sheets/pending_visual/07-vocab-pack-vocab-icon-generated-063.jpg,,"{""asset_id"": ""live:vocab:eagle"", ""key"": ""eagle"", ""concept"": ""eagle"", ""source_bank"": ""07_vocab-pack"", ""source_role"": ""production_asset"", ""source_path"": ""public/assets/07_vocab-pack/img/eagle.png"", ""expected_asset_type"": ""vocab_icon"", ""expected_background_mode"": ""icon_image"", ""expected_concept_word"": ""eagle"", ""reviewed_from"": ""audit/visual-assets/sheets/pending_visual/07-vocab-pack-vocab-icon-generated-063.jpg"", ""decision_source"": ""audit/visual-assets/decisions-vocab-001-075.jsonl"", ""sha256"": ""78c31f0db23c2ad40f9bba3a625c96484a7a19d86a149b46d6f5533bda0ab70b"", ""bytes"": 68832, ""notes"": ""Text 'Eagle' rendered directly on the image."", ""reason_codes"": [""text_artifact""]}"
live:vocab:ecosystem,ecosystem,ecosystem,vocab,live,07_vocab-pack,production_asset,public/assets/07_vocab-pack/img/ecosystem.png,ART_REDO,"[""bad_crop"", ""generation_artifact""]","[""bad_crop"", ""generation_artifact""]",Corrupt tile split with horizontal lines and empty space.,,audit/visual-assets/sheets/pending_visual/07-vocab-pack-vocab-icon-generated-064.jpg,,"{""asset_id"": ""live:vocab:ecosystem"", ""key"": ""ecosystem"", ""concept"": ""ecosystem"", ""source_bank"": ""07_vocab-pack"", ""source_role"": ""production_asset"", ""source_path"": ""public/assets/07_vocab-pack/img/ecosystem.png"", ""expected_asset_type"": ""vocab_icon"", ""expected_background_mode"": ""icon_image"", ""expected_concept_word"": ""ecosystem"", ""reviewed_from"": ""audit/visual-assets/sheets/pending_visual/07-vocab-pack-vocab-icon-generated-064.jpg"", ""decision_source"": ""audit/visual-assets/decisions-vocab-001-075.jsonl"", ""sha256"": ""83909a1e9986c18a64c3f42056085da7456a9a177845b459e224d8513475e7d0"", ""bytes"": 33943, ""notes"": ""Corrupt tile split with horizontal lines and empty space."", ""reason_codes"": [""bad_crop"", ""generation_artifact""]}"
live:vocab:ecstasy,ecstasy,ecstasy,vocab,live,07_vocab-pack,production_asset,public/assets/07_vocab-pack/img/ecstasy.png,ART_REDO,"[""bad_crop"", ""generation_artifact""]","[""bad_crop"", ""generation_artifact""]",Corrupt tile split with floating mask and triangle.,,audit/visual-assets/sheets/pending_visual/07-vocab-pack-vocab-icon-generated-064.jpg,,"{""asset_id"": ""live:vocab:ecstasy"", ""key"": ""ecstasy"", ""concept"": ""ecstasy"", ""source_bank"": ""07_vocab-pack"", ""source_role"": ""production_asset"", ""source_path"": ""public/assets/07_vocab-pack/img/ecstasy.png"", ""expected_asset_type"": ""vocab_icon"", ""expected_background_mode"": ""icon_image"", ""expected_concept_word"": ""ecstasy"", ""reviewed_from"": ""audit/visual-assets/sheets/pending_visual/07-vocab-pack-vocab-icon-generated-064.jpg"", ""decision_source"": ""audit/visual-assets/decisions-vocab-001-075.jsonl"", ""sha256"": ""fc7ff9301df7165c33e96bf43c0ee1868bbb7c1a4d550477a1b1e2d1118783d9"", ""bytes"": 22791, ""notes"": ""Corrupt tile split with floating mask and triangle."", ""reason_codes"": [""bad_crop"", ""generation_artifact""]}"
live:vocab:edition,edition,edition,vocab,live,07_vocab-pack,production_asset,public/assets/07_vocab-pack/img/edition.png,ART_REDO,"[""bad_crop"", ""generation_artifact""]","[""bad_crop"", ""generation_artifact""]",Corrupt tile with books severed by horizontal line.,,audit/visual-assets/sheets/pending_visual/07-vocab-pack-vocab-icon-generated-064.jpg,,"{""asset_id"": ""live:vocab:edition"", ""key"": ""edition"", ""concept"": ""edition"", ""source_bank"": ""07_vocab-pack"", ""source_role"": ""production_asset"", ""source_path"": ""public/assets/07_vocab-pack/img/edition.png"", ""expected_asset_type"": ""vocab_icon"", ""expected_background_mode"": ""icon_image"", ""expected_concept_word"": ""edition"", ""reviewed_from"": ""audit/visual-assets/sheets/pending_visual/07-vocab-pack-vocab-icon-generated-064.jpg"", ""decision_source"": ""audit/visual-assets/decisions-vocab-001-075.jsonl"", ""sha256"": ""f18af708dbe60cce33950ad152c191f941bc8a3beb99cac7bde2e618e30453ac"", ""bytes"": 33996, ""notes"": ""Corrupt tile with books severed by horizontal line."", ""reason_codes"": [""bad_crop"", ""generation_artifact""]}"
live:vocab:efficiency,efficiency,efficiency,vocab,live,07_vocab-pack,production_asset,public/assets/07_vocab-pack/img/efficiency.png,ART_REDO,"[""bad_crop"", ""generation_artifact""]","[""bad_crop"", ""generation_artifact""]",Corrupt tile with tool rack and test tubes severed.,,audit/visual-assets/sheets/pending_visual/07-vocab-pack-vocab-icon-generated-064.jpg,,"{""asset_id"": ""live:vocab:efficiency"", ""key"": ""efficiency"", ""concept"": ""efficiency"", ""source_bank"": ""07_vocab-pack"", ""source_role"": ""production_asset"", ""source_path"": ""public/assets/07_vocab-pack/img/efficiency.png"", ""expected_asset_type"": ""vocab_icon"", ""expected_background_mode"": ""icon_image"", ""expected_concept_word"": ""efficiency"", ""reviewed_from"": ""audit/visual-assets/sheets/pending_visual/07-vocab-pack-vocab-icon-generated-064.jpg"", ""decision_source"": ""audit/visual-assets/decisions-vocab-001-075.jsonl"", ""sha256"": ""b7d7e39837b2666f20ca1f319e0914f21dd966f97a1178dd96a6f8b0fe8d43fc"", ""bytes"": 28716, ""notes"": ""Corrupt tile with tool rack and test tubes severed."", ""reason_codes"": [""bad_crop"", ""generation_artifact""]}"
live:vocab:election,election,election,vocab,live,07_vocab-pack,production_asset,public/assets/07_vocab-pack/img/election.png,ART_REDO,"[""bad_crop"", ""generation_artifact""]","[""bad_crop"", ""generation_artifact""]",Corrupt tile with ballot box and crown split.,,audit/visual-assets/sheets/pending_visual/07-vocab-pack-vocab-icon-generated-065.jpg,,"{""asset_id"": ""live:vocab:election"", ""key"": ""election"", ""concept"": ""election"", ""source_bank"": ""07_vocab-pack"", ""source_role"": ""production_asset"", ""source_path"": ""public/assets/07_vocab-pack/img/election.png"", ""expected_asset_type"": ""vocab_icon"", ""expected_background_mode"": ""icon_image"", ""expected_concept_word"": ""election"", ""reviewed_from"": ""audit/visual-assets/sheets/pending_visual/07-vocab-pack-vocab-icon-generated-065.jpg"", ""decision_source"": ""audit/visual-assets/decisions-vocab-001-075.jsonl"", ""sha256"": ""badf6f23e896610b62d9b62f1be74bdf2b3a41c9594e4f9151fc17243aed2ca3"", ""bytes"": 25820, ""notes"": ""Corrupt tile with ballot box and crown split."", ""reason_codes"": [""bad_crop"", ""generation_artifact""]}"
live:vocab:electron,electron,electron,vocab,live,07_vocab-pack,production_asset,public/assets/07_vocab-pack/img/electron.png,ART_REDO,"[""bad_crop"", ""generation_artifact""]","[""bad_crop"", ""generation_artifact""]",Corrupt tile with atom model split from mug.,,audit/visual-assets/sheets/pending_visual/07-vocab-pack-vocab-icon-generated-065.jpg,,"{""asset_id"": ""live:vocab:electron"", ""key"": ""electron"", ""concept"": ""electron"", ""source_bank"": ""07_vocab-pack"", ""source_role"": ""production_asset"", ""source_path"": ""public/assets/07_vocab-pack/img/electron.png"", ""expected_asset_type"": ""vocab_icon"", ""expected_background_mode"": ""icon_image"", ""expected_concept_word"": ""electron"", ""reviewed_from"": ""audit/visual-assets/sheets/pending_visual/07-vocab-pack-vocab-icon-generated-065.jpg"", ""decision_source"": ""audit/visual-assets/decisions-vocab-001-075.jsonl"", ""sha256"": ""13075071bdc22f3ce5a2e20cdf4bc3359602251bbc294a6dd1ae171c20c165b2"", ""bytes"": 45132, ""notes"": ""Corrupt tile with atom model split from mug."", ""reason_codes"": [""bad_crop"", ""generation_artifact""]}"
live:vocab:element,element,element,vocab,live,07_vocab-pack,production_asset,public/assets/07_vocab-pack/img/element.png,ART_REDO,"[""bad_crop"", ""generation_artifact""]","[""bad_crop"", ""generation_artifact""]",Corrupt tile with chalkboard severed.,,audit/visual-assets/sheets/pending_visual/07-vocab-pack-vocab-icon-generated-065.jpg,,"{""asset_id"": ""live:vocab:element"", ""key"": ""element"", ""concept"": ""element"", ""source_bank"": ""07_vocab-pack"", ""source_role"": ""production_asset"", ""source_path"": ""public/assets/07_vocab-pack/img/element.png"", ""expected_asset_type"": ""vocab_icon"", ""expected_background_mode"": ""icon_image"", ""expected_concept_word"": ""element"", ""reviewed_from"": ""audit/visual-assets/sheets/pending_visual/07-vocab-pack-vocab-icon-generated-065.jpg"", ""decision_source"": ""audit/visual-assets/decisions-vocab-001-075.jsonl"", ""sha256"": ""16ce55c5da66cdb9309ce8992e0de87e080ef88790e7daf28b33b62c5c1d7365"", ""bytes"": 23879, ""notes"": ""Corrupt tile with chalkboard severed."", ""reason_codes"": [""bad_crop"", ""generation_artifact""]}"
live:vocab:emperor,emperor,emperor,vocab,live,07_vocab-pack,production_asset,public/assets/07_vocab-pack/img/emperor.png,ART_REDO,"[""bad_crop"", ""generation_artifact""]","[""bad_crop"", ""generation_artifact""]",Corrupt tile with globe split from floating curtain.,,audit/visual-assets/sheets/pending_visual/07-vocab-pack-vocab-icon-generated-066.jpg,,"{""asset_id"": ""live:vocab:emperor"", ""key"": ""emperor"", ""concept"": ""emperor"", ""source_bank"": ""07_vocab-pack"", ""source_role"": ""production_asset"", ""source_path"": ""public/assets/07_vocab-pack/img/emperor.png"", ""expected_asset_type"": ""vocab_icon"", ""expected_background_mode"": ""icon_image"", ""expected_concept_word"": ""emperor"", ""reviewed_from"": ""audit/visual-assets/sheets/pending_visual/07-vocab-pack-vocab-icon-generated-066.jpg"", ""decision_source"": ""audit/visual-assets/decisions-vocab-001-075.jsonl"", ""sha256"": ""dd80815ff92a6b02f37288d95f3cc03ce23378ce07cf740d9fc7712e7bc039da"", ""bytes"": 31852, ""notes"": ""Corrupt tile with globe split from floating curtain."", ""reason_codes"": [""bad_crop"", ""generation_artifact""]}"
live:vocab:empire,empire,empire,vocab,live,07_vocab-pack,production_asset,public/assets/07_vocab-pack/img/empire.png,ART_REDO,"[""bad_crop"", ""generation_artifact""]","[""bad_crop"", ""generation_artifact""]",Corrupt tile with crown severed by horizontal line.,,audit/visual-assets/sheets/pending_visual/07-vocab-pack-vocab-icon-generated-066.jpg,,"{""asset_id"": ""live:vocab:empire"", ""key"": ""empire"", ""concept"": ""empire"", ""source_bank"": ""07_vocab-pack"", ""source_role"": ""production_asset"", ""source_path"": ""public/assets/07_vocab-pack/img/empire.png"", ""expected_asset_type"": ""vocab_icon"", ""expected_background_mode"": ""icon_image"", ""expected_concept_word"": ""empire"", ""reviewed_from"": ""audit/visual-assets/sheets/pending_visual/07-vocab-pack-vocab-icon-generated-066.jpg"", ""decision_source"": ""audit/visual-assets/decisions-vocab-001-075.jsonl"", ""sha256"": ""2503634a11954af62e728f915a18b37c866d72393086e49c6033699a90a58150"", ""bytes"": 34588, ""notes"": ""Corrupt tile with crown severed by horizontal line."", ""reason_codes"": [""bad_crop"", ""generation_artifact""]}"
live:vocab:emu,emu,emu,vocab,live,07_vocab-pack,production_asset,public/assets/07_vocab-pack/img/emu.png,ART_REDO,"[""text_artifact""]","[""text_artifact""]",Text 'Emu' rendered directly on the image.,,audit/visual-assets/sheets/pending_visual/07-vocab-pack-vocab-icon-generated-066.jpg,,"{""asset_id"": ""live:vocab:emu"", ""key"": ""emu"", ""concept"": ""emu"", ""source_bank"": ""07_vocab-pack"", ""source_role"": ""production_asset"", ""source_path"": ""public/assets/07_vocab-pack/img/emu.png"", ""expected_asset_type"": ""vocab_icon"", ""expected_background_mode"": ""icon_image"", ""expected_concept_word"": ""emu"", ""reviewed_from"": ""audit/visual-assets/sheets/pending_visual/07-vocab-pack-vocab-icon-generated-066.jpg"", ""decision_source"": ""audit/visual-assets/decisions-vocab-001-075.jsonl"", ""sha256"": ""cb3a05cfff04c2ed1f63878743ac4785ed3d31290a2638a54c217d15f495192d"", ""bytes"": 23356, ""notes"": ""Text 'Emu' rendered directly on the image."", ""reason_codes"": [""text_artifact""]}"
live:vocab:encyclopedia,encyclopedia,encyclopedia,vocab,live,07_vocab-pack,production_asset,public/assets/07_vocab-pack/img/encyclopedia.png,ART_REDO,"[""bad_crop"", ""generation_artifact""]","[""bad_crop"", ""generation_artifact""]",Corrupt tile with books severed by line.,,audit/visual-assets/sheets/pending_visual/07-vocab-pack-vocab-icon-generated-066.jpg,,"{""asset_id"": ""live:vocab:encyclopedia"", ""key"": ""encyclopedia"", ""concept"": ""encyclopedia"", ""source_bank"": ""07_vocab-pack"", ""source_role"": ""production_asset"", ""source_path"": ""public/assets/07_vocab-pack/img/encyclopedia.png"", ""expected_asset_type"": ""vocab_icon"", ""expected_background_mode"": ""icon_image"", ""expected_concept_word"": ""encyclopedia"", ""reviewed_from"": ""audit/visual-assets/sheets/pending_visual/07-vocab-pack-vocab-icon-generated-066.jpg"", ""decision_source"": ""audit/visual-assets/decisions-vocab-001-075.jsonl"", ""sha256"": ""4201715fe26fd8ee88c8cab7737b50f524237e0c50a314165dc58ba1f1e4f78b"", ""bytes"": 35386, ""notes"": ""Corrupt tile with books severed by line."", ""reason_codes"": [""bad_crop"", ""generation_artifact""]}"
live:vocab:enemy,enemy,enemy,vocab,live,07_vocab-pack,production_asset,public/assets/07_vocab-pack/img/enemy.png,ART_REDO,"[""bad_crop"", ""generation_artifact""]","[""bad_crop"", ""generation_artifact""]",Corrupt tile with helmet split from color bar.,,audit/visual-assets/sheets/pending_visual/07-vocab-pack-vocab-icon-generated-066.jpg,,"{""asset_id"": ""live:vocab:enemy"", ""key"": ""enemy"", ""concept"": ""enemy"", ""source_bank"": ""07_vocab-pack"", ""source_role"": ""production_asset"", ""source_path"": ""public/assets/07_vocab-pack/img/enemy.png"", ""expected_asset_type"": ""vocab_icon"", ""expected_background_mode"": ""icon_image"", ""expected_concept_word"": ""enemy"", ""reviewed_from"": ""audit/visual-assets/sheets/pending_visual/07-vocab-pack-vocab-icon-generated-066.jpg"", ""decision_source"": ""audit/visual-assets/decisions-vocab-001-075.jsonl"", ""sha256"": ""b6e888756ce97edfcb1724837a1a502f2ef3bf83b1b9d28e838867c92ec89b37"", ""bytes"": 51156, ""notes"": ""Corrupt tile with helmet split from color bar."", ""reason_codes"": [""bad_crop"", ""generation_artifact""]}"
live:vocab:engineering,engineering,engineering,vocab,live,07_vocab-pack,production_asset,public/assets/07_vocab-pack/img/engineering.png,ART_REDO,"[""bad_crop"", ""generation_artifact""]","[""bad_crop"", ""generation_artifact""]",Corrupt tile with blueprint split from pom poms.,,audit/visual-assets/sheets/pending_visual/07-vocab-pack-vocab-icon-generated-066.jpg,,"{""asset_id"": ""live:vocab:engineering"", ""key"": ""engineering"", ""concept"": ""engineering"", ""source_bank"": ""07_vocab-pack"", ""source_role"": ""production_asset"", ""source_path"": ""public/assets/07_vocab-pack/img/engineering.png"", ""expected_asset_type"": ""vocab_icon"", ""expected_background_mode"": ""icon_image"", ""expected_concept_word"": ""engineering"", ""reviewed_from"": ""audit/visual-assets/sheets/pending_visual/07-vocab-pack-vocab-icon-generated-066.jpg"", ""decision_source"": ""audit/visual-assets/decisions-vocab-001-075.jsonl"", ""sha256"": ""cc612bc0c0914b867e21e827085c31b71a90b86588f9b68b1bd1d28f154879c0"", ""bytes"": 34446, ""notes"": ""Corrupt tile with blueprint split from pom poms."", ""reason_codes"": [""bad_crop"", ""generation_artifact""]}"
live:vocab:englishman,englishman,englishman,vocab,live,07_vocab-pack,production_asset,public/assets/07_vocab-pack/img/englishman.png,ART_REDO,"[""bad_crop"", ""generation_artifact""]","[""bad_crop"", ""generation_artifact""]",Corrupt tile with suit split from binoculars.,,audit/visual-assets/sheets/pending_visual/07-vocab-pack-vocab-icon-generated-066.jpg,,"{""asset_id"": ""live:vocab:englishman"", ""key"": ""englishman"", ""concept"": ""englishman"", ""source_bank"": ""07_vocab-pack"", ""source_role"": ""production_asset"", ""source_path"": ""public/assets/07_vocab-pack/img/englishman.png"", ""expected_asset_type"": ""vocab_icon"", ""expected_background_mode"": ""icon_image"", ""expected_concept_word"": ""englishman"", ""reviewed_from"": ""audit/visual-assets/sheets/pending_visual/07-vocab-pack-vocab-icon-generated-066.jpg"", ""decision_source"": ""audit/visual-assets/decisions-vocab-001-075.jsonl"", ""sha256"": ""aa66d35f580fb5c960e672efa1509ff8090c31ac0ba2d698577d99fc779d7cb8"", ""bytes"": 36449, ""notes"": ""Corrupt tile with suit split from binoculars."", ""reason_codes"": [""bad_crop"", ""generation_artifact""]}"
live:vocab:entertainer,entertainer,entertainer,vocab,live,07_vocab-pack,production_asset,public/assets/07_vocab-pack/img/entertainer.png,ART_REDO,"[""bad_crop"", ""generation_artifact""]","[""bad_crop"", ""generation_artifact""]",Corrupt tile with stool split from doorway.,,audit/visual-assets/sheets/pending_visual/07-vocab-pack-vocab-icon-generated-067.jpg,,"{""asset_id"": ""live:vocab:entertainer"", ""key"": ""entertainer"", ""concept"": ""entertainer"", ""source_bank"": ""07_vocab-pack"", ""source_role"": ""production_asset"", ""source_path"": ""public/assets/07_vocab-pack/img/entertainer.png"", ""expected_asset_type"": ""vocab_icon"", ""expected_background_mode"": ""icon_image"", ""expected_concept_word"": ""entertainer"", ""reviewed_from"": ""audit/visual-assets/sheets/pending_visual/07-vocab-pack-vocab-icon-generated-067.jpg"", ""decision_source"": ""audit/visual-assets/decisions-vocab-001-075.jsonl"", ""sha256"": ""f4c5eb7e6badc7b3d1f981cf83e94f2a15a35b679432f824948b0c752f48d1ad"", ""bytes"": 42859, ""notes"": ""Corrupt tile with stool split from doorway."", ""reason_codes"": [""bad_crop"", ""generation_artifact""]}"
live:vocab:enthusiasm,enthusiasm,enthusiasm,vocab,live,07_vocab-pack,production_asset,public/assets/07_vocab-pack/img/enthusiasm.png,ART_REDO,"[""bad_crop"", ""generation_artifact""]","[""bad_crop"", ""generation_artifact""]",Corrupt tile with bag severed.,,audit/visual-assets/sheets/pending_visual/07-vocab-pack-vocab-icon-generated-067.jpg,,"{""asset_id"": ""live:vocab:enthusiasm"", ""key"": ""enthusiasm"", ""concept"": ""enthusiasm"", ""source_bank"": ""07_vocab-pack"", ""source_role"": ""production_asset"", ""source_path"": ""public/assets/07_vocab-pack/img/enthusiasm.png"", ""expected_asset_type"": ""vocab_icon"", ""expected_background_mode"": ""icon_image"", ""expected_concept_word"": ""enthusiasm"", ""reviewed_from"": ""audit/visual-assets/sheets/pending_visual/07-vocab-pack-vocab-icon-generated-067.jpg"", ""decision_source"": ""audit/visual-assets/decisions-vocab-001-075.jsonl"", ""sha256"": ""aa7e7616e70a5d88f02d536fa84e2eaee5e4cbdf1967ecf6e823117d948b0ebb"", ""bytes"": 34428, ""notes"": ""Corrupt tile with bag severed."", ""reason_codes"": [""bad_crop"", ""generation_artifact""]}"
live:vocab:enthusiast,enthusiast,enthusiast,vocab,live,07_vocab-pack,production_asset,public/assets/07_vocab-pack/img/enthusiast.png,ART_REDO,"[""bad_crop"", ""generation_artifact""]","[""bad_crop"", ""generation_artifact""]",Corrupt tile with books severed.,,audit/visual-assets/sheets/pending_visual/07-vocab-pack-vocab-icon-generated-067.jpg,,"{""asset_id"": ""live:vocab:enthusiast"", ""key"": ""enthusiast"", ""concept"": ""enthusiast"", ""source_bank"": ""07_vocab-pack"", ""source_role"": ""production_asset"", ""source_path"": ""public/assets/07_vocab-pack/img/enthusiast.png"", ""expected_asset_type"": ""vocab_icon"", ""expected_background_mode"": ""icon_image"", ""expected_concept_word"": ""enthusiast"", ""reviewed_from"": ""audit/visual-assets/sheets/pending_visual/07-vocab-pack-vocab-icon-generated-067.jpg"", ""decision_source"": ""audit/visual-assets/decisions-vocab-001-075.jsonl"", ""sha256"": ""d45d2ba1412d97d8ce20ff98027961542a8b634f2e6c134757aa07fb9d42bbae"", ""bytes"": 31915, ""notes"": ""Corrupt tile with books severed."", ""reason_codes"": [""bad_crop"", ""generation_artifact""]}"
live:vocab:entry,entry,entry,vocab,live,07_vocab-pack,production_asset,public/assets/07_vocab-pack/img/entry.png,ART_REDO,"[""bad_crop"", ""generation_artifact""]","[""bad_crop"", ""generation_artifact""]",Corrupt tile with doorway severed.,,audit/visual-assets/sheets/pending_visual/07-vocab-pack-vocab-icon-generated-067.jpg,,"{""asset_id"": ""live:vocab:entry"", ""key"": ""entry"", ""concept"": ""entry"", ""source_bank"": ""07_vocab-pack"", ""source_role"": ""production_asset"", ""source_path"": ""public/assets/07_vocab-pack/img/entry.png"", ""expected_asset_type"": ""vocab_icon"", ""expected_background_mode"": ""icon_image"", ""expected_concept_word"": ""entry"", ""reviewed_from"": ""audit/visual-assets/sheets/pending_visual/07-vocab-pack-vocab-icon-generated-067.jpg"", ""decision_source"": ""audit/visual-assets/decisions-vocab-001-075.jsonl"", ""sha256"": ""cd1c719e691bbcdf276f3b203fdabac0a1e32d41789669253021824c97daf6ae"", ""bytes"": 23506, ""notes"": ""Corrupt tile with doorway severed."", ""reason_codes"": [""bad_crop"", ""generation_artifact""]}"
live:vocab:environmentalist,environmentalist,environmentalist,vocab,live,07_vocab-pack,production_asset,public/assets/07_vocab-pack/img/environmentalist.png,ART_REDO,"[""bad_crop"", ""generation_artifact""]","[""bad_crop"", ""generation_artifact""]",Corrupt tile with tote bag severed.,,audit/visual-assets/sheets/pending_visual/07-vocab-pack-vocab-icon-generated-067.jpg,,"{""asset_id"": ""live:vocab:environmentalist"", ""key"": ""environmentalist"", ""concept"": ""environmentalist"", ""source_bank"": ""07_vocab-pack"", ""source_role"": ""production_asset"", ""source_path"": ""public/assets/07_vocab-pack/img/environmentalist.png"", ""expected_asset_type"": ""vocab_icon"", ""expected_background_mode"": ""icon_image"", ""expected_concept_word"": ""environmentalist"", ""reviewed_from"": ""audit/visual-assets/sheets/pending_visual/07-vocab-pack-vocab-icon-generated-067.jpg"", ""decision_source"": ""audit/visual-assets/decisions-vocab-001-075.jsonl"", ""sha256"": ""34fcc00978837a26e81d9de4d29c6438015c99e8ea9a95f0adda12e638510b2f"", ""bytes"": 31804, ""notes"": ""Corrupt tile with tote bag severed."", ""reason_codes"": [""bad_crop"", ""generation_artifact""]}"
live:vocab:era,era,era,vocab,live,07_vocab-pack,production_asset,public/assets/07_vocab-pack/img/era.png,ART_REDO,"[""bad_crop"", ""generation_artifact""]","[""bad_crop"", ""generation_artifact""]",Corrupt tile with watches split from clipboard.,,audit/visual-assets/sheets/pending_visual/07-vocab-pack-vocab-icon-generated-067.jpg,,"{""asset_id"": ""live:vocab:era"", ""key"": ""era"", ""concept"": ""era"", ""source_bank"": ""07_vocab-pack"", ""source_role"": ""production_asset"", ""source_path"": ""public/assets/07_vocab-pack/img/era.png"", ""expected_asset_type"": ""vocab_icon"", ""expected_background_mode"": ""icon_image"", ""expected_concept_word"": ""era"", ""reviewed_from"": ""audit/visual-assets/sheets/pending_visual/07-vocab-pack-vocab-icon-generated-067.jpg"", ""decision_source"": ""audit/visual-assets/decisions-vocab-001-075.jsonl"", ""sha256"": ""80bab7469b5d5d6bf3d738e722e9947d40dbc68649c20551313afc36d6faf0af"", ""bytes"": 36700, ""notes"": ""Corrupt tile with watches split from clipboard."", ""reason_codes"": [""bad_crop"", ""generation_artifact""]}"
live:vocab:eraseboard,eraseboard,eraseboard,vocab,live,07_vocab-pack,production_asset,public/assets/07_vocab-pack/img/eraseboard.png,ART_REDO,"[""text_artifact""]","[""text_artifact""]",Text 'eraseboard' rendered directly on the image.,,audit/visual-assets/sheets/pending_visual/07-vocab-pack-vocab-icon-generated-067.jpg,,"{""asset_id"": ""live:vocab:eraseboard"", ""key"": ""eraseboard"", ""concept"": ""eraseboard"", ""source_bank"": ""07_vocab-pack"", ""source_role"": ""production_asset"", ""source_path"": ""public/assets/07_vocab-pack/img/eraseboard.png"", ""expected_asset_type"": ""vocab_icon"", ""expected_background_mode"": ""icon_image"", ""expected_concept_word"": ""eraseboard"", ""reviewed_from"": ""audit/visual-assets/sheets/pending_visual/07-vocab-pack-vocab-icon-generated-067.jpg"", ""decision_source"": ""audit/visual-assets/decisions-vocab-001-075.jsonl"", ""sha256"": ""4fde5997b7a2e04cb1d7fa8f01a378925a2312c0c720bcba2640fd3c9a647ef7"", ""bytes"": 66958, ""notes"": ""Text 'eraseboard' rendered directly on the image."", ""reason_codes"": [""text_artifact""]}"
live:vocab:erupt,erupt,erupt,vocab,live,07_vocab-pack,production_asset,public/assets/07_vocab-pack/img/erupt.png,ART_REDO,"[""wrong_concept""]","[""wrong_concept""]","Shows burglar climbing through window, labeled 'erupt'.",,audit/visual-assets/sheets/pending_visual/07-vocab-pack-vocab-icon-generated-067.jpg,,"{""asset_id"": ""live:vocab:erupt"", ""key"": ""erupt"", ""concept"": ""erupt"", ""source_bank"": ""07_vocab-pack"", ""source_role"": ""production_asset"", ""source_path"": ""public/assets/07_vocab-pack/img/erupt.png"", ""expected_asset_type"": ""vocab_icon"", ""expected_background_mode"": ""icon_image"", ""expected_concept_word"": ""erupt"", ""reviewed_from"": ""audit/visual-assets/sheets/pending_visual/07-vocab-pack-vocab-icon-generated-067.jpg"", ""decision_source"": ""audit/visual-assets/decisions-vocab-001-075.jsonl"", ""sha256"": ""8ac3b7ebe4b937c543d6ce6d967dbc72de16a70e0ea4adf4fd373019b6811dfc"", ""bytes"": 88066, ""notes"": ""Shows burglar climbing through window, labeled 'erupt'."", ""reason_codes"": [""wrong_concept""]}"
live:vocab:essence,essence,essence,vocab,live,07_vocab-pack,production_asset,public/assets/07_vocab-pack/img/essence.png,ART_REDO,"[""bad_crop"", ""generation_artifact""]","[""bad_crop"", ""generation_artifact""]",Corrupt tile with flowers split from apple basket.,,audit/visual-assets/sheets/pending_visual/07-vocab-pack-vocab-icon-generated-068.jpg,,"{""asset_id"": ""live:vocab:essence"", ""key"": ""essence"", ""concept"": ""essence"", ""source_bank"": ""07_vocab-pack"", ""source_role"": ""production_asset"", ""source_path"": ""public/assets/07_vocab-pack/img/essence.png"", ""expected_asset_type"": ""vocab_icon"", ""expected_background_mode"": ""icon_image"", ""expected_concept_word"": ""essence"", ""reviewed_from"": ""audit/visual-assets/sheets/pending_visual/07-vocab-pack-vocab-icon-generated-068.jpg"", ""decision_source"": ""audit/visual-assets/decisions-vocab-001-075.jsonl"", ""sha256"": ""ccd5216f86f276dacda79c4b63d0e215d183c9af4569ac04c35bf5120f96b4ff"", ""bytes"": 38135, ""notes"": ""Corrupt tile with flowers split from apple basket."", ""reason_codes"": [""bad_crop"", ""generation_artifact""]}"
live:vocab:eternity,eternity,eternity,vocab,live,07_vocab-pack,production_asset,public/assets/07_vocab-pack/img/eternity.png,ART_REDO,"[""bad_crop"", ""generation_artifact""]","[""bad_crop"", ""generation_artifact""]",Corrupt tile with infinity symbol split from scale.,,audit/visual-assets/sheets/pending_visual/07-vocab-pack-vocab-icon-generated-068.jpg,,"{""asset_id"": ""live:vocab:eternity"", ""key"": ""eternity"", ""concept"": ""eternity"", ""source_bank"": ""07_vocab-pack"", ""source_role"": ""production_asset"", ""source_path"": ""public/assets/07_vocab-pack/img/eternity.png"", ""expected_asset_type"": ""vocab_icon"", ""expected_background_mode"": ""icon_image"", ""expected_concept_word"": ""eternity"", ""reviewed_from"": ""audit/visual-assets/sheets/pending_visual/07-vocab-pack-vocab-icon-generated-068.jpg"", ""decision_source"": ""audit/visual-assets/decisions-vocab-001-075.jsonl"", ""sha256"": ""8cf06c549fed812a3203a5ce7e086cb400d19ebff24031e68cd486af3e1b594f"", ""bytes"": 26324, ""notes"": ""Corrupt tile with infinity symbol split from scale."", ""reason_codes"": [""bad_crop"", ""generation_artifact""]}"
live:vocab:examiner,examiner,examiner,vocab,live,07_vocab-pack,production_asset,public/assets/07_vocab-pack/img/examiner.png,ART_REDO,"[""bad_crop"", ""generation_artifact""]","[""bad_crop"", ""generation_artifact""]",Corrupt tile with clipboard split from wallet.,,audit/visual-assets/sheets/pending_visual/07-vocab-pack-vocab-icon-generated-068.jpg,,"{""asset_id"": ""live:vocab:examiner"", ""key"": ""examiner"", ""concept"": ""examiner"", ""source_bank"": ""07_vocab-pack"", ""source_role"": ""production_asset"", ""source_path"": ""public/assets/07_vocab-pack/img/examiner.png"", ""expected_asset_type"": ""vocab_icon"", ""expected_background_mode"": ""icon_image"", ""expected_concept_word"": ""examiner"", ""reviewed_from"": ""audit/visual-assets/sheets/pending_visual/07-vocab-pack-vocab-icon-generated-068.jpg"", ""decision_source"": ""audit/visual-assets/decisions-vocab-001-075.jsonl"", ""sha256"": ""abee1ae2c3b5c58ab1719e58855fb6f0bf050ea33fed3ad7b5d111b0080e6f76"", ""bytes"": 20384, ""notes"": ""Corrupt tile with clipboard split from wallet."", ""reason_codes"": [""bad_crop"", ""generation_artifact""]}"
live:vocab:excess,excess,excess,vocab,live,07_vocab-pack,production_asset,public/assets/07_vocab-pack/img/excess.png,ART_REDO,"[""bad_crop"", ""generation_artifact""]","[""bad_crop"", ""generation_artifact""]",Corrupt tile with apple basket severed.,,audit/visual-assets/sheets/pending_visual/07-vocab-pack-vocab-icon-generated-068.jpg,,"{""asset_id"": ""live:vocab:excess"", ""key"": ""excess"", ""concept"": ""excess"", ""source_bank"": ""07_vocab-pack"", ""source_role"": ""production_asset"", ""source_path"": ""public/assets/07_vocab-pack/img/excess.png"", ""expected_asset_type"": ""vocab_icon"", ""expected_background_mode"": ""icon_image"", ""expected_concept_word"": ""excess"", ""reviewed_from"": ""audit/visual-assets/sheets/pending_visual/07-vocab-pack-vocab-icon-generated-068.jpg"", ""decision_source"": ""audit/visual-assets/decisions-vocab-001-075.jsonl"", ""sha256"": ""9174b47b8ca8d253f4d8c092dc2e5f6a387d3f309064b9098b1eb05897821817"", ""bytes"": 42765, ""notes"": ""Corrupt tile with apple basket severed."", ""reason_codes"": [""bad_crop"", ""generation_artifact""]}"
live:vocab:exchange-rate,exchange-rate,exchange rate,vocab,live,07_vocab-pack,production_asset,public/assets/07_vocab-pack/img/exchange-rate.png,ART_REDO,"[""bad_crop"", ""generation_artifact""]","[""bad_crop"", ""generation_artifact""]",Corrupt tile with scale split from showerhead.,,audit/visual-assets/sheets/pending_visual/07-vocab-pack-vocab-icon-generated-068.jpg,,"{""asset_id"": ""live:vocab:exchange-rate"", ""key"": ""exchange-rate"", ""concept"": ""exchange rate"", ""source_bank"": ""07_vocab-pack"", ""source_role"": ""production_asset"", ""source_path"": ""public/assets/07_vocab-pack/img/exchange-rate.png"", ""expected_asset_type"": ""vocab_icon"", ""expected_background_mode"": ""icon_image"", ""expected_concept_word"": ""exchange rate"", ""reviewed_from"": ""audit/visual-assets/sheets/pending_visual/07-vocab-pack-vocab-icon-generated-068.jpg"", ""decision_source"": ""audit/visual-assets/decisions-vocab-001-075.jsonl"", ""sha256"": ""1700f48f8c81b023827c911e8af4c60726acfca86863d48aaf08302623ed80cd"", ""bytes"": 19276, ""notes"": ""Corrupt tile with scale split from showerhead."", ""reason_codes"": [""bad_crop"", ""generation_artifact""]}"
live:vocab:execute,execute,execute,vocab,live,07_vocab-pack,production_asset,public/assets/07_vocab-pack/img/execute.png,ART_REDO,"[""wrong_concept""]","[""wrong_concept""]","Shows people walking in winter, labeled 'execute'.",,audit/visual-assets/sheets/pending_visual/07-vocab-pack-vocab-icon-generated-068.jpg,,"{""asset_id"": ""live:vocab:execute"", ""key"": ""execute"", ""concept"": ""execute"", ""source_bank"": ""07_vocab-pack"", ""source_role"": ""production_asset"", ""source_path"": ""public/assets/07_vocab-pack/img/execute.png"", ""expected_asset_type"": ""vocab_icon"", ""expected_background_mode"": ""icon_image"", ""expected_concept_word"": ""execute"", ""reviewed_from"": ""audit/visual-assets/sheets/pending_visual/07-vocab-pack-vocab-icon-generated-068.jpg"", ""decision_source"": ""audit/visual-assets/decisions-vocab-001-075.jsonl"", ""sha256"": ""1092ef5406e25041b77dbf24f6f0c63b7ff7b7a45f10363aed2215f46eb04db5"", ""bytes"": 65584, ""notes"": ""Shows people walking in winter, labeled 'execute'."", ""reason_codes"": [""wrong_concept""]}"
live:vocab:expand,expand,expand,vocab,live,07_vocab-pack,production_asset,public/assets/07_vocab-pack/img/expand.png,ART_REDO,"[""text_artifact""]","[""text_artifact""]",Text 'expand' rendered directly on the image.,,audit/visual-assets/sheets/pending_visual/07-vocab-pack-vocab-icon-generated-069.jpg,,"{""asset_id"": ""live:vocab:expand"", ""key"": ""expand"", ""concept"": ""expand"", ""source_bank"": ""07_vocab-pack"", ""source_role"": ""production_asset"", ""source_path"": ""public/assets/07_vocab-pack/img/expand.png"", ""expected_asset_type"": ""vocab_icon"", ""expected_background_mode"": ""icon_image"", ""expected_concept_word"": ""expand"", ""reviewed_from"": ""audit/visual-assets/sheets/pending_visual/07-vocab-pack-vocab-icon-generated-069.jpg"", ""decision_source"": ""audit/visual-assets/decisions-vocab-001-075.jsonl"", ""sha256"": ""4389c5a633e6e8671e78543296fd77f16be66699e3ff30d71bffad9bead7ff22"", ""bytes"": 31114, ""notes"": ""Text 'expand' rendered directly on the image."", ""reason_codes"": [""text_artifact""]}"
live:vocab:expense,expense,expense,vocab,live,07_vocab-pack,production_asset,public/assets/07_vocab-pack/img/expense.png,ART_REDO,"[""bad_crop"", ""generation_artifact""]","[""bad_crop"", ""generation_artifact""]",Corrupt tile with shopping bags severed.,,audit/visual-assets/sheets/pending_visual/07-vocab-pack-vocab-icon-generated-069.jpg,,"{""asset_id"": ""live:vocab:expense"", ""key"": ""expense"", ""concept"": ""expense"", ""source_bank"": ""07_vocab-pack"", ""source_role"": ""production_asset"", ""source_path"": ""public/assets/07_vocab-pack/img/expense.png"", ""expected_asset_type"": ""vocab_icon"", ""expected_background_mode"": ""icon_image"", ""expected_concept_word"": ""expense"", ""reviewed_from"": ""audit/visual-assets/sheets/pending_visual/07-vocab-pack-vocab-icon-generated-069.jpg"", ""decision_source"": ""audit/visual-assets/decisions-vocab-001-075.jsonl"", ""sha256"": ""1d1da6af41603a48b407f6e221bfcbdf81d345ca7b6a311f53e06680627b3eef"", ""bytes"": 30639, ""notes"": ""Corrupt tile with shopping bags severed."", ""reason_codes"": [""bad_crop"", ""generation_artifact""]}"
live:vocab:explode,explode,explode,vocab,live,07_vocab-pack,production_asset,public/assets/07_vocab-pack/img/explode.png,ART_REDO,"[""wrong_concept""]","[""wrong_concept""]","Shows chef chopping vegetables, labeled 'explode'.",,audit/visual-assets/sheets/pending_visual/07-vocab-pack-vocab-icon-generated-069.jpg,,"{""asset_id"": ""live:vocab:explode"", ""key"": ""explode"", ""concept"": ""explode"", ""source_bank"": ""07_vocab-pack"", ""source_role"": ""production_asset"", ""source_path"": ""public/assets/07_vocab-pack/img/explode.png"", ""expected_asset_type"": ""vocab_icon"", ""expected_background_mode"": ""icon_image"", ""expected_concept_word"": ""explode"", ""reviewed_from"": ""audit/visual-assets/sheets/pending_visual/07-vocab-pack-vocab-icon-generated-069.jpg"", ""decision_source"": ""audit/visual-assets/decisions-vocab-001-075.jsonl"", ""sha256"": ""ff8431fade255f16cfe27e22985083ef3b351fea26b38bc2e8c68f8d93e16211"", ""bytes"": 59523, ""notes"": ""Shows chef chopping vegetables, labeled 'explode'."", ""reason_codes"": [""wrong_concept""]}"
live:vocab:extreme-sports,extreme-sports,extreme sports,vocab,live,07_vocab-pack,production_asset,public/assets/07_vocab-pack/img/extreme-sports.png,ART_REDO,"[""bad_crop"", ""generation_artifact""]","[""bad_crop"", ""generation_artifact""]",Corrupt tile with helmet split from skateboard.,,audit/visual-assets/sheets/pending_visual/07-vocab-pack-vocab-icon-generated-069.jpg,,"{""asset_id"": ""live:vocab:extreme-sports"", ""key"": ""extreme-sports"", ""concept"": ""extreme sports"", ""source_bank"": ""07_vocab-pack"", ""source_role"": ""production_asset"", ""source_path"": ""public/assets/07_vocab-pack/img/extreme-sports.png"", ""expected_asset_type"": ""vocab_icon"", ""expected_background_mode"": ""icon_image"", ""expected_concept_word"": ""extreme sports"", ""reviewed_from"": ""audit/visual-assets/sheets/pending_visual/07-vocab-pack-vocab-icon-generated-069.jpg"", ""decision_source"": ""audit/visual-assets/decisions-vocab-001-075.jsonl"", ""sha256"": ""ac68965e01ae263b7edca7f25030126b894ba2022e8ac983f63172980b41a238"", ""bytes"": 26799, ""notes"": ""Corrupt tile with helmet split from skateboard."", ""reason_codes"": [""bad_crop"", ""generation_artifact""]}"
live:vocab:eyesight,eyesight,eyesight,vocab,live,07_vocab-pack,production_asset,public/assets/07_vocab-pack/img/eyesight.png,ART_REDO,"[""bad_crop"", ""generation_artifact""]","[""bad_crop"", ""generation_artifact""]",Corrupt tile with eye chart severed by line.,,audit/visual-assets/sheets/pending_visual/07-vocab-pack-vocab-icon-generated-070.jpg,,"{""asset_id"": ""live:vocab:eyesight"", ""key"": ""eyesight"", ""concept"": ""eyesight"", ""source_bank"": ""07_vocab-pack"", ""source_role"": ""production_asset"", ""source_path"": ""public/assets/07_vocab-pack/img/eyesight.png"", ""expected_asset_type"": ""vocab_icon"", ""expected_background_mode"": ""icon_image"", ""expected_concept_word"": ""eyesight"", ""reviewed_from"": ""audit/visual-assets/sheets/pending_visual/07-vocab-pack-vocab-icon-generated-070.jpg"", ""decision_source"": ""audit/visual-assets/decisions-vocab-001-075.jsonl"", ""sha256"": ""ce0d185382636abad75d0ea4e3e3098c8d50e035b5496f150f7a64340ae5abee"", ""bytes"": 32841, ""notes"": ""Corrupt tile with eye chart severed by line."", ""reason_codes"": [""bad_crop"", ""generation_artifact""]}"
live:vocab:facility,facility,facility,vocab,live,07_vocab-pack,production_asset,public/assets/07_vocab-pack/img/facility.png,ART_REDO,"[""bad_crop"", ""generation_artifact""]","[""bad_crop"", ""generation_artifact""]",Corrupt tile with building split from luggage.,,audit/visual-assets/sheets/pending_visual/07-vocab-pack-vocab-icon-generated-070.jpg,,"{""asset_id"": ""live:vocab:facility"", ""key"": ""facility"", ""concept"": ""facility"", ""source_bank"": ""07_vocab-pack"", ""source_role"": ""production_asset"", ""source_path"": ""public/assets/07_vocab-pack/img/facility.png"", ""expected_asset_type"": ""vocab_icon"", ""expected_background_mode"": ""icon_image"", ""expected_concept_word"": ""facility"", ""reviewed_from"": ""audit/visual-assets/sheets/pending_visual/07-vocab-pack-vocab-icon-generated-070.jpg"", ""decision_source"": ""audit/visual-assets/decisions-vocab-001-075.jsonl"", ""sha256"": ""7d4c72bc89e4a6830b2022c84d49ed9978d47ad206e66e45dc517c4ca644ca3a"", ""bytes"": 33087, ""notes"": ""Corrupt tile with building split from luggage."", ""reason_codes"": [""bad_crop"", ""generation_artifact""]}"
live:vocab:failure,failure,failure,vocab,live,07_vocab-pack,production_asset,public/assets/07_vocab-pack/img/failure.png,ART_REDO,"[""bad_crop"", ""generation_artifact""]","[""bad_crop"", ""generation_artifact""]",Corrupt tile with lightbulb split from watering can.,,audit/visual-assets/sheets/pending_visual/07-vocab-pack-vocab-icon-generated-070.jpg,,"{""asset_id"": ""live:vocab:failure"", ""key"": ""failure"", ""concept"": ""failure"", ""source_bank"": ""07_vocab-pack"", ""source_role"": ""production_asset"", ""source_path"": ""public/assets/07_vocab-pack/img/failure.png"", ""expected_asset_type"": ""vocab_icon"", ""expected_background_mode"": ""icon_image"", ""expected_concept_word"": ""failure"", ""reviewed_from"": ""audit/visual-assets/sheets/pending_visual/07-vocab-pack-vocab-icon-generated-070.jpg"", ""decision_source"": ""audit/visual-assets/decisions-vocab-001-075.jsonl"", ""sha256"": ""c9830b20677a91dd44813957479f66a9303f9e9b09f95743fed7b307d56e2f13"", ""bytes"": 29580, ""notes"": ""Corrupt tile with lightbulb split from watering can."", ""reason_codes"": [""bad_crop"", ""generation_artifact""]}"
live:vocab:fairy,fairy,fairy,vocab,live,07_vocab-pack,production_asset,public/assets/07_vocab-pack/img/fairy.png,ART_REDO,"[""bad_crop"", ""generation_artifact""]","[""bad_crop"", ""generation_artifact""]",Corrupt tile split into 4 quadrants.,,audit/visual-assets/sheets/pending_visual/07-vocab-pack-vocab-icon-generated-070.jpg,,"{""asset_id"": ""live:vocab:fairy"", ""key"": ""fairy"", ""concept"": ""fairy"", ""source_bank"": ""07_vocab-pack"", ""source_role"": ""production_asset"", ""source_path"": ""public/assets/07_vocab-pack/img/fairy.png"", ""expected_asset_type"": ""vocab_icon"", ""expected_background_mode"": ""icon_image"", ""expected_concept_word"": ""fairy"", ""reviewed_from"": ""audit/visual-assets/sheets/pending_visual/07-vocab-pack-vocab-icon-generated-070.jpg"", ""decision_source"": ""audit/visual-assets/decisions-vocab-001-075.jsonl"", ""sha256"": ""aa972d7fde84de8b5713ffebb5f945a6c462a18bfe1bf325c60aa14ac40a9edf"", ""bytes"": 40533, ""notes"": ""Corrupt tile split into 4 quadrants."", ""reason_codes"": [""bad_crop"", ""generation_artifact""]}"
live:vocab:falafel,falafel,falafel,vocab,live,07_vocab-pack,production_asset,public/assets/07_vocab-pack/img/falafel.png,ART_REDO,"[""wrong_concept""]","[""wrong_concept""]","Shows hairbrush, labeled 'falafel'.",,audit/visual-assets/sheets/pending_visual/07-vocab-pack-vocab-icon-generated-070.jpg,,"{""asset_id"": ""live:vocab:falafel"", ""key"": ""falafel"", ""concept"": ""falafel"", ""source_bank"": ""07_vocab-pack"", ""source_role"": ""production_asset"", ""source_path"": ""public/assets/07_vocab-pack/img/falafel.png"", ""expected_asset_type"": ""vocab_icon"", ""expected_background_mode"": ""icon_image"", ""expected_concept_word"": ""falafel"", ""reviewed_from"": ""audit/visual-assets/sheets/pending_visual/07-vocab-pack-vocab-icon-generated-070.jpg"", ""decision_source"": ""audit/visual-assets/decisions-vocab-001-075.jsonl"", ""sha256"": ""472eca995ac1df04f4461e41f232dbb2fbb30a139b54b826b3386e92257b036e"", ""bytes"": 22914, ""notes"": ""Shows hairbrush, labeled 'falafel'."", ""reason_codes"": [""wrong_concept""]}"
live:vocab:fantasy,fantasy,fantasy,vocab,live,07_vocab-pack,production_asset,public/assets/07_vocab-pack/img/fantasy.png,ART_REDO,"[""bad_crop"", ""generation_artifact""]","[""bad_crop"", ""generation_artifact""]",Corrupt tile with wizard hat split from farm.,,audit/visual-assets/sheets/pending_visual/07-vocab-pack-vocab-icon-generated-071.jpg,,"{""asset_id"": ""live:vocab:fantasy"", ""key"": ""fantasy"", ""concept"": ""fantasy"", ""source_bank"": ""07_vocab-pack"", ""source_role"": ""production_asset"", ""source_path"": ""public/assets/07_vocab-pack/img/fantasy.png"", ""expected_asset_type"": ""vocab_icon"", ""expected_background_mode"": ""icon_image"", ""expected_concept_word"": ""fantasy"", ""reviewed_from"": ""audit/visual-assets/sheets/pending_visual/07-vocab-pack-vocab-icon-generated-071.jpg"", ""decision_source"": ""audit/visual-assets/decisions-vocab-001-075.jsonl"", ""sha256"": ""8bb5206548e0723da22648c0960277473e55a9241f17d9cdaf04e6f0976f4c5b"", ""bytes"": 35847, ""notes"": ""Corrupt tile with wizard hat split from farm."", ""reason_codes"": [""bad_crop"", ""generation_artifact""]}"
live:vocab:farewell,farewell,farewell,vocab,live,07_vocab-pack,production_asset,public/assets/07_vocab-pack/img/farewell.png,ART_REDO,"[""wrong_concept""]","[""wrong_concept""]","Shows cow standing in field, labeled 'farewell'.",,audit/visual-assets/sheets/pending_visual/07-vocab-pack-vocab-icon-generated-071.jpg,,"{""asset_id"": ""live:vocab:farewell"", ""key"": ""farewell"", ""concept"": ""farewell"", ""source_bank"": ""07_vocab-pack"", ""source_role"": ""production_asset"", ""source_path"": ""public/assets/07_vocab-pack/img/farewell.png"", ""expected_asset_type"": ""vocab_icon"", ""expected_background_mode"": ""icon_image"", ""expected_concept_word"": ""farewell"", ""reviewed_from"": ""audit/visual-assets/sheets/pending_visual/07-vocab-pack-vocab-icon-generated-071.jpg"", ""decision_source"": ""audit/visual-assets/decisions-vocab-001-075.jsonl"", ""sha256"": ""d94a6f75b182af13ed87897d1193e1827a143e986124a607f7a1cfdb42da4a48"", ""bytes"": 32132, ""notes"": ""Shows cow standing in field, labeled 'farewell'."", ""reason_codes"": [""wrong_concept""]}"
live:vocab:farming,farming,farming,vocab,live,07_vocab-pack,production_asset,public/assets/07_vocab-pack/img/farming.png,ART_REDO,"[""bad_crop"", ""generation_artifact""]","[""bad_crop"", ""generation_artifact""]",Corrupt tile with tractor severed.,,audit/visual-assets/sheets/pending_visual/07-vocab-pack-vocab-icon-generated-071.jpg,,"{""asset_id"": ""live:vocab:farming"", ""key"": ""farming"", ""concept"": ""farming"", ""source_bank"": ""07_vocab-pack"", ""source_role"": ""production_asset"", ""source_path"": ""public/assets/07_vocab-pack/img/farming.png"", ""expected_asset_type"": ""vocab_icon"", ""expected_background_mode"": ""icon_image"", ""expected_concept_word"": ""farming"", ""reviewed_from"": ""audit/visual-assets/sheets/pending_visual/07-vocab-pack-vocab-icon-generated-071.jpg"", ""decision_source"": ""audit/visual-assets/decisions-vocab-001-075.jsonl"", ""sha256"": ""17782cc24db8ccb4e5e25dccc383ba5412349d80b15639bb254efde2891b5f76"", ""bytes"": 24510, ""notes"": ""Corrupt tile with tractor severed."", ""reason_codes"": [""bad_crop"", ""generation_artifact""]}"
live:vocab:farmland,farmland,farmland,vocab,live,07_vocab-pack,production_asset,public/assets/07_vocab-pack/img/farmland.png,ART_REDO,"[""bad_crop"", ""generation_artifact""]","[""bad_crop"", ""generation_artifact""]",Corrupt tile with crops severed by line.,,audit/visual-assets/sheets/pending_visual/07-vocab-pack-vocab-icon-generated-071.jpg,,"{""asset_id"": ""live:vocab:farmland"", ""key"": ""farmland"", ""concept"": ""farmland"", ""source_bank"": ""07_vocab-pack"", ""source_role"": ""production_asset"", ""source_path"": ""public/assets/07_vocab-pack/img/farmland.png"", ""expected_asset_type"": ""vocab_icon"", ""expected_background_mode"": ""icon_image"", ""expected_concept_word"": ""farmland"", ""reviewed_from"": ""audit/visual-assets/sheets/pending_visual/07-vocab-pack-vocab-icon-generated-071.jpg"", ""decision_source"": ""audit/visual-assets/decisions-vocab-001-075.jsonl"", ""sha256"": ""427c8f179cd4d7e48bc048f9baf8c3d6c1a89d3f5e4f7a0c8f543f5f5e7cf15a"", ""bytes"": 45474, ""notes"": ""Corrupt tile with crops severed by line."", ""reason_codes"": [""bad_crop"", ""generation_artifact""]}"
live:vocab:fax,fax,fax,vocab,live,07_vocab-pack,production_asset,public/assets/07_vocab-pack/img/fax.png,ART_REDO,"[""wrong_concept""]","[""wrong_concept""]","Shows boy drinking from mug, labeled 'fax'.",,audit/visual-assets/sheets/pending_visual/07-vocab-pack-vocab-icon-generated-072.jpg,,"{""asset_id"": ""live:vocab:fax"", ""key"": ""fax"", ""concept"": ""fax"", ""source_bank"": ""07_vocab-pack"", ""source_role"": ""production_asset"", ""source_path"": ""public/assets/07_vocab-pack/img/fax.png"", ""expected_asset_type"": ""vocab_icon"", ""expected_background_mode"": ""icon_image"", ""expected_concept_word"": ""fax"", ""reviewed_from"": ""audit/visual-assets/sheets/pending_visual/07-vocab-pack-vocab-icon-generated-072.jpg"", ""decision_source"": ""audit/visual-assets/decisions-vocab-001-075.jsonl"", ""sha256"": ""57fc54571ec795f81ed96b546091bb580761a54fc204d723931f1f09d369bf5a"", ""bytes"": 58529, ""notes"": ""Shows boy drinking from mug, labeled 'fax'."", ""reason_codes"": [""wrong_concept""]}"
live:vocab:feast,feast,feast,vocab,live,07_vocab-pack,production_asset,public/assets/07_vocab-pack/img/feast.png,ART_REDO,"[""bad_crop"", ""generation_artifact""]","[""bad_crop"", ""generation_artifact""]",Corrupt tile with feast table severed.,,audit/visual-assets/sheets/pending_visual/07-vocab-pack-vocab-icon-generated-072.jpg,,"{""asset_id"": ""live:vocab:feast"", ""key"": ""feast"", ""concept"": ""feast"", ""source_bank"": ""07_vocab-pack"", ""source_role"": ""production_asset"", ""source_path"": ""public/assets/07_vocab-pack/img/feast.png"", ""expected_asset_type"": ""vocab_icon"", ""expected_background_mode"": ""icon_image"", ""expected_concept_word"": ""feast"", ""reviewed_from"": ""audit/visual-assets/sheets/pending_visual/07-vocab-pack-vocab-icon-generated-072.jpg"", ""decision_source"": ""audit/visual-assets/decisions-vocab-001-075.jsonl"", ""sha256"": ""d2e025887dfa9930a06e2fc3f3d0a8838b9676476678496ce5a605da6cb28ae2"", ""bytes"": 40091, ""notes"": ""Corrupt tile with feast table severed."", ""reason_codes"": [""bad_crop"", ""generation_artifact""]}"
live:vocab:fellow,fellow,fellow,vocab,live,07_vocab-pack,production_asset,public/assets/07_vocab-pack/img/fellow.png,ART_REDO,"[""bad_crop"", ""generation_artifact""]","[""bad_crop"", ""generation_artifact""]",Corrupt tile split into 4 quadrants.,,audit/visual-assets/sheets/pending_visual/07-vocab-pack-vocab-icon-generated-072.jpg,,"{""asset_id"": ""live:vocab:fellow"", ""key"": ""fellow"", ""concept"": ""fellow"", ""source_bank"": ""07_vocab-pack"", ""source_role"": ""production_asset"", ""source_path"": ""public/assets/07_vocab-pack/img/fellow.png"", ""expected_asset_type"": ""vocab_icon"", ""expected_background_mode"": ""icon_image"", ""expected_concept_word"": ""fellow"", ""reviewed_from"": ""audit/visual-assets/sheets/pending_visual/07-vocab-pack-vocab-icon-generated-072.jpg"", ""decision_source"": ""audit/visual-assets/decisions-vocab-001-075.jsonl"", ""sha256"": ""28f59ee0d5cba175dd47b616241db79b36e34385fd5367b413e339f95d97fd7a"", ""bytes"": 22301, ""notes"": ""Corrupt tile split into 4 quadrants."", ""reason_codes"": [""bad_crop"", ""generation_artifact""]}"
live:vocab:fence-gate,fence-gate,fence gate,vocab,live,07_vocab-pack,production_asset,public/assets/07_vocab-pack/img/fence-gate.png,ART_REDO,"[""text_artifact""]","[""text_artifact""]",Text 'Fence-gate' rendered directly on the image.,,audit/visual-assets/sheets/pending_visual/07-vocab-pack-vocab-icon-generated-072.jpg,,"{""asset_id"": ""live:vocab:fence-gate"", ""key"": ""fence-gate"", ""concept"": ""fence gate"", ""source_bank"": ""07_vocab-pack"", ""source_role"": ""production_asset"", ""source_path"": ""public/assets/07_vocab-pack/img/fence-gate.png"", ""expected_asset_type"": ""vocab_icon"", ""expected_background_mode"": ""icon_image"", ""expected_concept_word"": ""fence gate"", ""reviewed_from"": ""audit/visual-assets/sheets/pending_visual/07-vocab-pack-vocab-icon-generated-072.jpg"", ""decision_source"": ""audit/visual-assets/decisions-vocab-001-075.jsonl"", ""sha256"": ""1e105295d306391a3436a3d45f50251567dc5e59c51ad29f9bcd1d286397e2be"", ""bytes"": 46724, ""notes"": ""Text 'Fence-gate' rendered directly on the image."", ""reason_codes"": [""text_artifact""]}"
live:vocab:ferment,ferment,ferment,vocab,live,07_vocab-pack,production_asset,public/assets/07_vocab-pack/img/ferment.png,ART_REDO,"[""text_artifact""]","[""text_artifact""]",Text 'ferment' rendered directly on the image.,,audit/visual-assets/sheets/pending_visual/07-vocab-pack-vocab-icon-generated-072.jpg,,"{""asset_id"": ""live:vocab:ferment"", ""key"": ""ferment"", ""concept"": ""ferment"", ""source_bank"": ""07_vocab-pack"", ""source_role"": ""production_asset"", ""source_path"": ""public/assets/07_vocab-pack/img/ferment.png"", ""expected_asset_type"": ""vocab_icon"", ""expected_background_mode"": ""icon_image"", ""expected_concept_word"": ""ferment"", ""reviewed_from"": ""audit/visual-assets/sheets/pending_visual/07-vocab-pack-vocab-icon-generated-072.jpg"", ""decision_source"": ""audit/visual-assets/decisions-vocab-001-075.jsonl"", ""sha256"": ""662cc89f40b2815321f7da38928f31ca1d35cf411bc9c98ae0f1e3e9b3368a1e"", ""bytes"": 78810, ""notes"": ""Text 'ferment' rendered directly on the image."", ""reason_codes"": [""text_artifact""]}"
live:vocab:fifth,fifth,fifth,vocab,live,07_vocab-pack,production_asset,public/assets/07_vocab-pack/img/fifth.png,ART_REDO,"[""bad_crop"", ""generation_artifact""]","[""bad_crop"", ""generation_artifact""]",Corrupt tile with clothing severed by line.,,audit/visual-assets/sheets/pending_visual/07-vocab-pack-vocab-icon-generated-073.jpg,,"{""asset_id"": ""live:vocab:fifth"", ""key"": ""fifth"", ""concept"": ""fifth"", ""source_bank"": ""07_vocab-pack"", ""source_role"": ""production_asset"", ""source_path"": ""public/assets/07_vocab-pack/img/fifth.png"", ""expected_asset_type"": ""vocab_icon"", ""expected_background_mode"": ""icon_image"", ""expected_concept_word"": ""fifth"", ""reviewed_from"": ""audit/visual-assets/sheets/pending_visual/07-vocab-pack-vocab-icon-generated-073.jpg"", ""decision_source"": ""audit/visual-assets/decisions-vocab-001-075.jsonl"", ""sha256"": ""3e1c75dc46da651974c838433d940aad9803b2be21c3cf6122875412cde2b67b"", ""bytes"": 51265, ""notes"": ""Corrupt tile with clothing severed by line."", ""reason_codes"": [""bad_crop"", ""generation_artifact""]}"
live:vocab:fillet,fillet,fillet,vocab,live,07_vocab-pack,production_asset,public/assets/07_vocab-pack/img/fillet.png,ART_REDO,"[""text_artifact""]","[""text_artifact""]",Text 'fillet' rendered directly on the image.,,audit/visual-assets/sheets/pending_visual/07-vocab-pack-vocab-icon-generated-073.jpg,,"{""asset_id"": ""live:vocab:fillet"", ""key"": ""fillet"", ""concept"": ""fillet"", ""source_bank"": ""07_vocab-pack"", ""source_role"": ""production_asset"", ""source_path"": ""public/assets/07_vocab-pack/img/fillet.png"", ""expected_asset_type"": ""vocab_icon"", ""expected_background_mode"": ""icon_image"", ""expected_concept_word"": ""fillet"", ""reviewed_from"": ""audit/visual-assets/sheets/pending_visual/07-vocab-pack-vocab-icon-generated-073.jpg"", ""decision_source"": ""audit/visual-assets/decisions-vocab-001-075.jsonl"", ""sha256"": ""c370c2767b8aa0fe5308cf69d2acdbe48a0f5a8e70d181ca7db478e898fa7f1a"", ""bytes"": 83872, ""notes"": ""Text 'fillet' rendered directly on the image."", ""reason_codes"": [""text_artifact""]}"
live:vocab:filling,filling,filling,vocab,live,07_vocab-pack,production_asset,public/assets/07_vocab-pack/img/filling.png,ART_REDO,"[""bad_crop"", ""generation_artifact""]","[""bad_crop"", ""generation_artifact""]",Corrupt tile with jacket split from tooth filling.,,audit/visual-assets/sheets/pending_visual/07-vocab-pack-vocab-icon-generated-073.jpg,,"{""asset_id"": ""live:vocab:filling"", ""key"": ""filling"", ""concept"": ""filling"", ""source_bank"": ""07_vocab-pack"", ""source_role"": ""production_asset"", ""source_path"": ""public/assets/07_vocab-pack/img/filling.png"", ""expected_asset_type"": ""vocab_icon"", ""expected_background_mode"": ""icon_image"", ""expected_concept_word"": ""filling"", ""reviewed_from"": ""audit/visual-assets/sheets/pending_visual/07-vocab-pack-vocab-icon-generated-073.jpg"", ""decision_source"": ""audit/visual-assets/decisions-vocab-001-075.jsonl"", ""sha256"": ""ce75906ff5622f0ceb498ac80cac4851b4f76c104b60a047e5eabafe8118fa78"", ""bytes"": 22318, ""notes"": ""Corrupt tile with jacket split from tooth filling."", ""reason_codes"": [""bad_crop"", ""generation_artifact""]}"
live:vocab:film-maker,film-maker,film maker,vocab,live,07_vocab-pack,production_asset,public/assets/07_vocab-pack/img/film-maker.png,ART_REDO,"[""bad_crop"", ""generation_artifact""]","[""bad_crop"", ""generation_artifact""]",Corrupt tile with movie camera split from cupcakes.,,audit/visual-assets/sheets/pending_visual/07-vocab-pack-vocab-icon-generated-073.jpg,,"{""asset_id"": ""live:vocab:film-maker"", ""key"": ""film-maker"", ""concept"": ""film maker"", ""source_bank"": ""07_vocab-pack"", ""source_role"": ""production_asset"", ""source_path"": ""public/assets/07_vocab-pack/img/film-maker.png"", ""expected_asset_type"": ""vocab_icon"", ""expected_background_mode"": ""icon_image"", ""expected_concept_word"": ""film maker"", ""reviewed_from"": ""audit/visual-assets/sheets/pending_visual/07-vocab-pack-vocab-icon-generated-073.jpg"", ""decision_source"": ""audit/visual-assets/decisions-vocab-001-075.jsonl"", ""sha256"": ""0939fa4cf9f678c8bc7ae3ec6e984299d7811526f94564a1a449926663b8ea36"", ""bytes"": 33622, ""notes"": ""Corrupt tile with movie camera split from cupcakes."", ""reason_codes"": [""bad_crop"", ""generation_artifact""]}"
live:vocab:filter,filter,filter,vocab,live,07_vocab-pack,production_asset,public/assets/07_vocab-pack/img/filter.png,ART_REDO,"[""bad_crop"", ""generation_artifact""]","[""bad_crop"", ""generation_artifact""]",Corrupt tile with cupcakes split from coffee filter.,,audit/visual-assets/sheets/pending_visual/07-vocab-pack-vocab-icon-generated-073.jpg,,"{""asset_id"": ""live:vocab:filter"", ""key"": ""filter"", ""concept"": ""filter"", ""source_bank"": ""07_vocab-pack"", ""source_role"": ""production_asset"", ""source_path"": ""public/assets/07_vocab-pack/img/filter.png"", ""expected_asset_type"": ""vocab_icon"", ""expected_background_mode"": ""icon_image"", ""expected_concept_word"": ""filter"", ""reviewed_from"": ""audit/visual-assets/sheets/pending_visual/07-vocab-pack-vocab-icon-generated-073.jpg"", ""decision_source"": ""audit/visual-assets/decisions-vocab-001-075.jsonl"", ""sha256"": ""c737e5e6e04c5ef08c04067281e0a6a5c440004432e95cab267a20554aba3bb3"", ""bytes"": 24624, ""notes"": ""Corrupt tile with cupcakes split from coffee filter."", ""reason_codes"": [""bad_crop"", ""generation_artifact""]}"
live:vocab:find,find,find,vocab,live,07_vocab-pack,production_asset,public/assets/07_vocab-pack/img/find.png,ART_REDO,"[""text_artifact""]","[""text_artifact""]",Text 'FIND' rendered directly on the image.,,audit/visual-assets/sheets/pending_visual/07-vocab-pack-vocab-icon-generated-074.jpg,,"{""asset_id"": ""live:vocab:find"", ""key"": ""find"", ""concept"": ""find"", ""source_bank"": ""07_vocab-pack"", ""source_role"": ""production_asset"", ""source_path"": ""public/assets/07_vocab-pack/img/find.png"", ""expected_asset_type"": ""vocab_icon"", ""expected_background_mode"": ""icon_image"", ""expected_concept_word"": ""find"", ""reviewed_from"": ""audit/visual-assets/sheets/pending_visual/07-vocab-pack-vocab-icon-generated-074.jpg"", ""decision_source"": ""audit/visual-assets/decisions-vocab-001-075.jsonl"", ""sha256"": ""63e3f6357612a7d3092b9defa7c29dd921804a15a57e222baf46a35d9c92ea40"", ""bytes"": 35393, ""notes"": ""Text 'FIND' rendered directly on the image."", ""reason_codes"": [""text_artifact""]}"
live:vocab:finding,finding,finding,vocab,live,07_vocab-pack,production_asset,public/assets/07_vocab-pack/img/finding.png,ART_REDO,"[""bad_crop"", ""generation_artifact""]","[""bad_crop"", ""generation_artifact""]",Corrupt tile with magnifying glass split from hooks.,,audit/visual-assets/sheets/pending_visual/07-vocab-pack-vocab-icon-generated-074.jpg,,"{""asset_id"": ""live:vocab:finding"", ""key"": ""finding"", ""concept"": ""finding"", ""source_bank"": ""07_vocab-pack"", ""source_role"": ""production_asset"", ""source_path"": ""public/assets/07_vocab-pack/img/finding.png"", ""expected_asset_type"": ""vocab_icon"", ""expected_background_mode"": ""icon_image"", ""expected_concept_word"": ""finding"", ""reviewed_from"": ""audit/visual-assets/sheets/pending_visual/07-vocab-pack-vocab-icon-generated-074.jpg"", ""decision_source"": ""audit/visual-assets/decisions-vocab-001-075.jsonl"", ""sha256"": ""aefc720c6a743943120b60b6010596184847822ed6355992f429b070a0031337"", ""bytes"": 20931, ""notes"": ""Corrupt tile with magnifying glass split from hooks."", ""reason_codes"": [""bad_crop"", ""generation_artifact""]}"
live:vocab:fine,fine,fine,vocab,live,07_vocab-pack,production_asset,public/assets/07_vocab-pack/img/fine.png,ART_REDO,"[""bad_crop"", ""generation_artifact""]","[""bad_crop"", ""generation_artifact""]",Corrupt tile with violin split from hash marks.,,audit/visual-assets/sheets/pending_visual/07-vocab-pack-vocab-icon-generated-074.jpg,,"{""asset_id"": ""live:vocab:fine"", ""key"": ""fine"", ""concept"": ""fine"", ""source_bank"": ""07_vocab-pack"", ""source_role"": ""production_asset"", ""source_path"": ""public/assets/07_vocab-pack/img/fine.png"", ""expected_asset_type"": ""vocab_icon"", ""expected_background_mode"": ""icon_image"", ""expected_concept_word"": ""fine"", ""reviewed_from"": ""audit/visual-assets/sheets/pending_visual/07-vocab-pack-vocab-icon-generated-074.jpg"", ""decision_source"": ""audit/visual-assets/decisions-vocab-001-075.jsonl"", ""sha256"": ""fbc8e87297d8d13536cba05d0c50e549ef668b2e63ff94462effd3adbff04606"", ""bytes"": 23029, ""notes"": ""Corrupt tile with violin split from hash marks."", ""reason_codes"": [""bad_crop"", ""generation_artifact""]}"
live:vocab:first-lady,first-lady,first lady,vocab,live,07_vocab-pack,production_asset,public/assets/07_vocab-pack/img/first-lady.png,ART_REDO,"[""bad_crop"", ""generation_artifact""]","[""bad_crop"", ""generation_artifact""]",Corrupt tile with handbag and hat severed by line.,,audit/visual-assets/sheets/pending_visual/07-vocab-pack-vocab-icon-generated-075.jpg,,"{""asset_id"": ""live:vocab:first-lady"", ""key"": ""first-lady"", ""concept"": ""first lady"", ""source_bank"": ""07_vocab-pack"", ""source_role"": ""production_asset"", ""source_path"": ""public/assets/07_vocab-pack/img/first-lady.png"", ""expected_asset_type"": ""vocab_icon"", ""expected_background_mode"": ""icon_image"", ""expected_concept_word"": ""first lady"", ""reviewed_from"": ""audit/visual-assets/sheets/pending_visual/07-vocab-pack-vocab-icon-generated-075.jpg"", ""decision_source"": ""audit/visual-assets/decisions-vocab-001-075.jsonl"", ""sha256"": ""e00050b54f9308650e9bbf18b231f1970d00859503b18b97b1e7f25acd430eb6"", ""bytes"": 31371, ""notes"": ""Corrupt tile with handbag and hat severed by line."", ""reason_codes"": [""bad_crop"", ""generation_artifact""]}"
live:vocab:fitness,fitness,fitness,vocab,live,07_vocab-pack,production_asset,public/assets/07_vocab-pack/img/fitness.png,ART_REDO,"[""bad_crop"", ""generation_artifact""]","[""bad_crop"", ""generation_artifact""]",Corrupt tile with dumbbell and sneaker severed.,,audit/visual-assets/sheets/pending_visual/07-vocab-pack-vocab-icon-generated-075.jpg,,"{""asset_id"": ""live:vocab:fitness"", ""key"": ""fitness"", ""concept"": ""fitness"", ""source_bank"": ""07_vocab-pack"", ""source_role"": ""production_asset"", ""source_path"": ""public/assets/07_vocab-pack/img/fitness.png"", ""expected_asset_type"": ""vocab_icon"", ""expected_background_mode"": ""icon_image"", ""expected_concept_word"": ""fitness"", ""reviewed_from"": ""audit/visual-assets/sheets/pending_visual/07-vocab-pack-vocab-icon-generated-075.jpg"", ""decision_source"": ""audit/visual-assets/decisions-vocab-001-075.jsonl"", ""sha256"": ""27b47b9e616f604bbb9fd9fbb93996eb9ce1160ad264de03c0514c4c4adcfe36"", ""bytes"": 27753, ""notes"": ""Corrupt tile with dumbbell and sneaker severed."", ""reason_codes"": [""bad_crop"", ""generation_artifact""]}"
live:vocab:fix,fix,fix,vocab,live,07_vocab-pack,production_asset,public/assets/07_vocab-pack/img/fix.png,ART_REDO,"[""text_artifact""]","[""text_artifact""]",Text 'FIX' rendered directly on the image.,,audit/visual-assets/sheets/pending_visual/07-vocab-pack-vocab-icon-generated-075.jpg,,"{""asset_id"": ""live:vocab:fix"", ""key"": ""fix"", ""concept"": ""fix"", ""source_bank"": ""07_vocab-pack"", ""source_role"": ""production_asset"", ""source_path"": ""public/assets/07_vocab-pack/img/fix.png"", ""expected_asset_type"": ""vocab_icon"", ""expected_background_mode"": ""icon_image"", ""expected_concept_word"": ""fix"", ""reviewed_from"": ""audit/visual-assets/sheets/pending_visual/07-vocab-pack-vocab-icon-generated-075.jpg"", ""decision_source"": ""audit/visual-assets/decisions-vocab-001-075.jsonl"", ""sha256"": ""aec96f95daefa84f2aef073778061b7016ad2df8df278eb0cda7b6239eada502"", ""bytes"": 25701, ""notes"": ""Text 'FIX' rendered directly on the image."", ""reason_codes"": [""text_artifact""]}"
live:vocab:flashlight-aid,flashlight-aid,flashlight aid,vocab,live,07_vocab-pack,production_asset,public/assets/07_vocab-pack/img/flashlight-aid.png,ART_REDO,"[""generation_artifact"", ""bad_crop""]","[""generation_artifact"", ""bad_crop""]",Disconnected floating gray piece at top of frame above flashlight.,,audit/visual-assets/sheets/pending_visual/07-vocab-pack-vocab-icon-generated-076.jpg,,"{""asset_id"": ""live:vocab:flashlight-aid"", ""key"": ""flashlight-aid"", ""concept"": ""flashlight aid"", ""source_bank"": ""07_vocab-pack"", ""source_role"": ""production_asset"", ""source_path"": ""public/assets/07_vocab-pack/img/flashlight-aid.png"", ""expected_asset_type"": ""vocab_icon"", ""expected_background_mode"": ""icon_image"", ""expected_concept_word"": ""flashlight aid"", ""reviewed_from"": ""audit/visual-assets/sheets/pending_visual/07-vocab-pack-vocab-icon-generated-076.jpg"", ""decision_source"": ""audit/visual-assets/decisions-vocab-076-150.jsonl"", ""sha256"": ""ee805738a7780342b0fc20fcc2439ab10b05a3dd04e1037dad9b8e18a92fde46"", ""bytes"": 14845, ""notes"": ""Disconnected floating gray piece at top of frame above flashlight."", ""reason_codes"": [""generation_artifact"", ""bad_crop""]}"
live:vocab:flee,flee,flee,vocab,live,07_vocab-pack,production_asset,public/assets/07_vocab-pack/img/flee.png,ART_REDO,"[""text_artifact""]","[""text_artifact""]",Contains English text 'flee' printed directly on the image asset.,,audit/visual-assets/sheets/pending_visual/07-vocab-pack-vocab-icon-generated-076.jpg,,"{""asset_id"": ""live:vocab:flee"", ""key"": ""flee"", ""concept"": ""flee"", ""source_bank"": ""07_vocab-pack"", ""source_role"": ""production_asset"", ""source_path"": ""public/assets/07_vocab-pack/img/flee.png"", ""expected_asset_type"": ""vocab_icon"", ""expected_background_mode"": ""icon_image"", ""expected_concept_word"": ""flee"", ""reviewed_from"": ""audit/visual-assets/sheets/pending_visual/07-vocab-pack-vocab-icon-generated-076.jpg"", ""decision_source"": ""audit/visual-assets/decisions-vocab-076-150.jsonl"", ""sha256"": ""d392e881061b48e63c0498171c8547454e05921244922b30b072c731a3461b66"", ""bytes"": 39074, ""notes"": ""Contains English text 'flee' printed directly on the image asset."", ""reason_codes"": [""text_artifact""]}"
live:vocab:floor,floor,floor,vocab,live,07_vocab-pack,production_asset,public/assets/07_vocab-pack/img/floor.png,ART_REDO,"[""wrong_concept""]","[""wrong_concept""]",Two intersecting thin lines on blank canvas; unreadable abstraction.,,audit/visual-assets/sheets/pending_visual/07-vocab-pack-vocab-icon-generated-076.jpg,,"{""asset_id"": ""live:vocab:floor"", ""key"": ""floor"", ""concept"": ""floor"", ""source_bank"": ""07_vocab-pack"", ""source_role"": ""production_asset"", ""source_path"": ""public/assets/07_vocab-pack/img/floor.png"", ""expected_asset_type"": ""vocab_icon"", ""expected_background_mode"": ""icon_image"", ""expected_concept_word"": ""floor"", ""reviewed_from"": ""audit/visual-assets/sheets/pending_visual/07-vocab-pack-vocab-icon-generated-076.jpg"", ""decision_source"": ""audit/visual-assets/decisions-vocab-076-150.jsonl"", ""sha256"": ""eafab4c85e95ec045ebb3397eba88a3c7a62a58c465a6e0fa52ec2b645a642aa"", ""bytes"": 4004, ""notes"": ""Two intersecting thin lines on blank canvas; unreadable abstraction."", ""reason_codes"": [""wrong_concept""]}"
live:vocab:flossdance,flossdance,flossdance,vocab,live,07_vocab-pack,production_asset,public/assets/07_vocab-pack/img/flossdance.png,ART_REDO,"[""text_artifact""]","[""text_artifact""]",Contains English text 'Flossdance' printed below figure.,,audit/visual-assets/sheets/pending_visual/07-vocab-pack-vocab-icon-generated-077.jpg,,"{""asset_id"": ""live:vocab:flossdance"", ""key"": ""flossdance"", ""concept"": ""flossdance"", ""source_bank"": ""07_vocab-pack"", ""source_role"": ""production_asset"", ""source_path"": ""public/assets/07_vocab-pack/img/flossdance.png"", ""expected_asset_type"": ""vocab_icon"", ""expected_background_mode"": ""icon_image"", ""expected_concept_word"": ""flossdance"", ""reviewed_from"": ""audit/visual-assets/sheets/pending_visual/07-vocab-pack-vocab-icon-generated-077.jpg"", ""decision_source"": ""audit/visual-assets/decisions-vocab-076-150.jsonl"", ""sha256"": ""778e1a748ebb8d77b444764e4005a308c26b15f5a66a1a54871e71d5ab71bb61"", ""bytes"": 28473, ""notes"": ""Contains English text 'Flossdance' printed below figure."", ""reason_codes"": [""text_artifact""]}"
live:vocab:fluent,fluent,fluent,vocab,live,07_vocab-pack,production_asset,public/assets/07_vocab-pack/img/fluent.png,ART_REDO,"[""wrong_concept"", ""text_artifact""]","[""wrong_concept"", ""text_artifact""]",Pitcher pouring liquid with text 'fluent' below; semantic confusion with linguistic fluency.,,audit/visual-assets/sheets/pending_visual/07-vocab-pack-vocab-icon-generated-077.jpg,,"{""asset_id"": ""live:vocab:fluent"", ""key"": ""fluent"", ""concept"": ""fluent"", ""source_bank"": ""07_vocab-pack"", ""source_role"": ""production_asset"", ""source_path"": ""public/assets/07_vocab-pack/img/fluent.png"", ""expected_asset_type"": ""vocab_icon"", ""expected_background_mode"": ""icon_image"", ""expected_concept_word"": ""fluent"", ""reviewed_from"": ""audit/visual-assets/sheets/pending_visual/07-vocab-pack-vocab-icon-generated-077.jpg"", ""decision_source"": ""audit/visual-assets/decisions-vocab-076-150.jsonl"", ""sha256"": ""7bd0c947a37492ee01d4e33b5a0c2caa129dbd0ae9f8e7868257d53cb5808e90"", ""bytes"": 44732, ""notes"": ""Pitcher pouring liquid with text 'fluent' below; semantic confusion with linguistic fluency."", ""reason_codes"": [""wrong_concept"", ""text_artifact""]}"
live:vocab:flunk,flunk,flunk,vocab,live,07_vocab-pack,production_asset,public/assets/07_vocab-pack/img/flunk.png,ART_REDO,"[""wrong_concept""]","[""wrong_concept""]","Mother applying bandage to child's scraped knee; depicts first aid/injury, not failing an exam.",,audit/visual-assets/sheets/pending_visual/07-vocab-pack-vocab-icon-generated-077.jpg,,"{""asset_id"": ""live:vocab:flunk"", ""key"": ""flunk"", ""concept"": ""flunk"", ""source_bank"": ""07_vocab-pack"", ""source_role"": ""production_asset"", ""source_path"": ""public/assets/07_vocab-pack/img/flunk.png"", ""expected_asset_type"": ""vocab_icon"", ""expected_background_mode"": ""icon_image"", ""expected_concept_word"": ""flunk"", ""reviewed_from"": ""audit/visual-assets/sheets/pending_visual/07-vocab-pack-vocab-icon-generated-077.jpg"", ""decision_source"": ""audit/visual-assets/decisions-vocab-076-150.jsonl"", ""sha256"": ""8b2ecac6b73aade0300a918a5bddbd4cb65f368a228dd66d34d058afe552d0c0"", ""bytes"": 68104, ""notes"": ""Mother applying bandage to child's scraped knee; depicts first aid/injury, not failing an exam."", ""reason_codes"": [""wrong_concept""]}"
live:vocab:folk,folk,folk,vocab,live,07_vocab-pack,production_asset,public/assets/07_vocab-pack/img/folk.png,ART_REDO,"[""wrong_concept""]","[""wrong_concept""]","Divided into two horizontal panels with line; lute on top, chemistry beakers on bottom.",,audit/visual-assets/sheets/pending_visual/07-vocab-pack-vocab-icon-generated-078.jpg,,"{""asset_id"": ""live:vocab:folk"", ""key"": ""folk"", ""concept"": ""folk"", ""source_bank"": ""07_vocab-pack"", ""source_role"": ""production_asset"", ""source_path"": ""public/assets/07_vocab-pack/img/folk.png"", ""expected_asset_type"": ""vocab_icon"", ""expected_background_mode"": ""icon_image"", ""expected_concept_word"": ""folk"", ""reviewed_from"": ""audit/visual-assets/sheets/pending_visual/07-vocab-pack-vocab-icon-generated-078.jpg"", ""decision_source"": ""audit/visual-assets/decisions-vocab-076-150.jsonl"", ""sha256"": ""7bba4fe7c9fc28b753cd37f48154e15ef03aa20a3a586d295d583d661f33d83a"", ""bytes"": 33563, ""notes"": ""Divided into two horizontal panels with line; lute on top, chemistry beakers on bottom."", ""reason_codes"": [""wrong_concept""]}"
live:vocab:follow,follow,follow,vocab,live,07_vocab-pack,production_asset,public/assets/07_vocab-pack/img/follow.png,ART_REDO,"[""text_artifact""]","[""text_artifact""]",Contains English text 'Follow' printed at bottom.,,audit/visual-assets/sheets/pending_visual/07-vocab-pack-vocab-icon-generated-078.jpg,,"{""asset_id"": ""live:vocab:follow"", ""key"": ""follow"", ""concept"": ""follow"", ""source_bank"": ""07_vocab-pack"", ""source_role"": ""production_asset"", ""source_path"": ""public/assets/07_vocab-pack/img/follow.png"", ""expected_asset_type"": ""vocab_icon"", ""expected_background_mode"": ""icon_image"", ""expected_concept_word"": ""follow"", ""reviewed_from"": ""audit/visual-assets/sheets/pending_visual/07-vocab-pack-vocab-icon-generated-078.jpg"", ""decision_source"": ""audit/visual-assets/decisions-vocab-076-150.jsonl"", ""sha256"": ""bb5f8cff27bd5ec2a4ecb2e56ffc19d66979d6c5a182687155f21225647e2c84"", ""bytes"": 48649, ""notes"": ""Contains English text 'Follow' printed at bottom."", ""reason_codes"": [""text_artifact""]}"
live:vocab:fond,fond,fond,vocab,live,07_vocab-pack,production_asset,public/assets/07_vocab-pack/img/fond.png,ART_REDO,"[""text_artifact""]","[""text_artifact""]",Teddy bear with red heart and text 'fond' printed below.,,audit/visual-assets/sheets/pending_visual/07-vocab-pack-vocab-icon-generated-078.jpg,,"{""asset_id"": ""live:vocab:fond"", ""key"": ""fond"", ""concept"": ""fond"", ""source_bank"": ""07_vocab-pack"", ""source_role"": ""production_asset"", ""source_path"": ""public/assets/07_vocab-pack/img/fond.png"", ""expected_asset_type"": ""vocab_icon"", ""expected_background_mode"": ""icon_image"", ""expected_concept_word"": ""fond"", ""reviewed_from"": ""audit/visual-assets/sheets/pending_visual/07-vocab-pack-vocab-icon-generated-078.jpg"", ""decision_source"": ""audit/visual-assets/decisions-vocab-076-150.jsonl"", ""sha256"": ""c09accf09e88348787fc3cc049d50ea06e14f37a9f46d3d863ed4a88eb672c16"", ""bytes"": 51991, ""notes"": ""Teddy bear with red heart and text 'fond' printed below."", ""reason_codes"": [""text_artifact""]}"
live:vocab:foolish,foolish,foolish,vocab,live,07_vocab-pack,production_asset,public/assets/07_vocab-pack/img/foolish.png,ART_REDO,"[""text_artifact""]","[""text_artifact""]",Rubber duck with crown and text 'foolish' printed below.,,audit/visual-assets/sheets/pending_visual/07-vocab-pack-vocab-icon-generated-078.jpg,,"{""asset_id"": ""live:vocab:foolish"", ""key"": ""foolish"", ""concept"": ""foolish"", ""source_bank"": ""07_vocab-pack"", ""source_role"": ""production_asset"", ""source_path"": ""public/assets/07_vocab-pack/img/foolish.png"", ""expected_asset_type"": ""vocab_icon"", ""expected_background_mode"": ""icon_image"", ""expected_concept_word"": ""foolish"", ""reviewed_from"": ""audit/visual-assets/sheets/pending_visual/07-vocab-pack-vocab-icon-generated-078.jpg"", ""decision_source"": ""audit/visual-assets/decisions-vocab-076-150.jsonl"", ""sha256"": ""22214c24c22ef34dfa25dcbdd066e075eab0e7816bbe885a9772785911eaa7e1"", ""bytes"": 39447, ""notes"": ""Rubber duck with crown and text 'foolish' printed below."", ""reason_codes"": [""text_artifact""]}"
live:vocab:forbidden,forbidden,forbidden,vocab,live,07_vocab-pack,production_asset,public/assets/07_vocab-pack/img/forbidden.png,ART_REDO,"[""text_artifact""]","[""text_artifact""]",Wooden gate with red stop sign and text 'forbidden' printed below.,,audit/visual-assets/sheets/pending_visual/07-vocab-pack-vocab-icon-generated-078.jpg,,"{""asset_id"": ""live:vocab:forbidden"", ""key"": ""forbidden"", ""concept"": ""forbidden"", ""source_bank"": ""07_vocab-pack"", ""source_role"": ""production_asset"", ""source_path"": ""public/assets/07_vocab-pack/img/forbidden.png"", ""expected_asset_type"": ""vocab_icon"", ""expected_background_mode"": ""icon_image"", ""expected_concept_word"": ""forbidden"", ""reviewed_from"": ""audit/visual-assets/sheets/pending_visual/07-vocab-pack-vocab-icon-generated-078.jpg"", ""decision_source"": ""audit/visual-assets/decisions-vocab-076-150.jsonl"", ""sha256"": ""1005ee6280e3b1145780780bb04724661fef55acc3b88b9f088b0f1b660f2fa9"", ""bytes"": 56810, ""notes"": ""Wooden gate with red stop sign and text 'forbidden' printed below."", ""reason_codes"": [""text_artifact""]}"
live:vocab:forecast,forecast,forecast,vocab,live,07_vocab-pack,production_asset,public/assets/07_vocab-pack/img/forecast.png,ART_REDO,"[""text_artifact""]","[""text_artifact""]","Monitor with weather icons, split line above, and text 'Forecast' below.",,audit/visual-assets/sheets/pending_visual/07-vocab-pack-vocab-icon-generated-078.jpg,,"{""asset_id"": ""live:vocab:forecast"", ""key"": ""forecast"", ""concept"": ""forecast"", ""source_bank"": ""07_vocab-pack"", ""source_role"": ""production_asset"", ""source_path"": ""public/assets/07_vocab-pack/img/forecast.png"", ""expected_asset_type"": ""vocab_icon"", ""expected_background_mode"": ""icon_image"", ""expected_concept_word"": ""forecast"", ""reviewed_from"": ""audit/visual-assets/sheets/pending_visual/07-vocab-pack-vocab-icon-generated-078.jpg"", ""decision_source"": ""audit/visual-assets/decisions-vocab-076-150.jsonl"", ""sha256"": ""a7584807858fcce775aad5574f4fec2183c395e1145b08ab33295530fc271b8f"", ""bytes"": 28690, ""notes"": ""Monitor with weather icons, split line above, and text 'Forecast' below."", ""reason_codes"": [""text_artifact""]}"
live:vocab:formal,formal,formal,vocab,live,07_vocab-pack,production_asset,public/assets/07_vocab-pack/img/formal.png,ART_REDO,"[""text_artifact""]","[""text_artifact""]",Tuxedo bowtie collar with text 'formal' printed below.,,audit/visual-assets/sheets/pending_visual/07-vocab-pack-vocab-icon-generated-079.jpg,,"{""asset_id"": ""live:vocab:formal"", ""key"": ""formal"", ""concept"": ""formal"", ""source_bank"": ""07_vocab-pack"", ""source_role"": ""production_asset"", ""source_path"": ""public/assets/07_vocab-pack/img/formal.png"", ""expected_asset_type"": ""vocab_icon"", ""expected_background_mode"": ""icon_image"", ""expected_concept_word"": ""formal"", ""reviewed_from"": ""audit/visual-assets/sheets/pending_visual/07-vocab-pack-vocab-icon-generated-079.jpg"", ""decision_source"": ""audit/visual-assets/decisions-vocab-076-150.jsonl"", ""sha256"": ""07bea609f09594753916012074ff58b71cefb2629a58d510487a2143f1b7d82a"", ""bytes"": 43146, ""notes"": ""Tuxedo bowtie collar with text 'formal' printed below."", ""reason_codes"": [""text_artifact""]}"
live:vocab:former,former,former,vocab,live,07_vocab-pack,production_asset,public/assets/07_vocab-pack/img/former.png,ART_REDO,"[""wrong_concept"", ""text_artifact""]","[""wrong_concept"", ""text_artifact""]",Vintage steam train model on stand with text 'former' printed below.,,audit/visual-assets/sheets/pending_visual/07-vocab-pack-vocab-icon-generated-079.jpg,,"{""asset_id"": ""live:vocab:former"", ""key"": ""former"", ""concept"": ""former"", ""source_bank"": ""07_vocab-pack"", ""source_role"": ""production_asset"", ""source_path"": ""public/assets/07_vocab-pack/img/former.png"", ""expected_asset_type"": ""vocab_icon"", ""expected_background_mode"": ""icon_image"", ""expected_concept_word"": ""former"", ""reviewed_from"": ""audit/visual-assets/sheets/pending_visual/07-vocab-pack-vocab-icon-generated-079.jpg"", ""decision_source"": ""audit/visual-assets/decisions-vocab-076-150.jsonl"", ""sha256"": ""50d3dafe2a215beaab8698a56af723dddf1bebee092e8e3ee515cb530b3e9e2d"", ""bytes"": 49301, ""notes"": ""Vintage steam train model on stand with text 'former' printed below."", ""reason_codes"": [""wrong_concept"", ""text_artifact""]}"
live:vocab:fortunate,fortunate,fortunate,vocab,live,07_vocab-pack,production_asset,public/assets/07_vocab-pack/img/fortunate.png,ART_REDO,"[""text_artifact""]","[""text_artifact""]",Four-leaf clover and gold star charm with text 'fortunate' printed below.,,audit/visual-assets/sheets/pending_visual/07-vocab-pack-vocab-icon-generated-079.jpg,,"{""asset_id"": ""live:vocab:fortunate"", ""key"": ""fortunate"", ""concept"": ""fortunate"", ""source_bank"": ""07_vocab-pack"", ""source_role"": ""production_asset"", ""source_path"": ""public/assets/07_vocab-pack/img/fortunate.png"", ""expected_asset_type"": ""vocab_icon"", ""expected_background_mode"": ""icon_image"", ""expected_concept_word"": ""fortunate"", ""reviewed_from"": ""audit/visual-assets/sheets/pending_visual/07-vocab-pack-vocab-icon-generated-079.jpg"", ""decision_source"": ""audit/visual-assets/decisions-vocab-076-150.jsonl"", ""sha256"": ""c8213f39924fb5b51133a414afec4efa301b8435cdc932324665a0541acd624b"", ""bytes"": 46483, ""notes"": ""Four-leaf clover and gold star charm with text 'fortunate' printed below."", ""reason_codes"": [""text_artifact""]}"
live:vocab:foursquare,foursquare,foursquare,vocab,live,07_vocab-pack,production_asset,public/assets/07_vocab-pack/img/foursquare.png,ART_REDO,"[""text_artifact""]","[""text_artifact""]",First foursquare variant with text 'foursquare' printed below.,,audit/visual-assets/sheets/pending_visual/07-vocab-pack-vocab-icon-generated-079.jpg,,"{""asset_id"": ""live:vocab:foursquare"", ""key"": ""foursquare"", ""concept"": ""foursquare"", ""source_bank"": ""07_vocab-pack"", ""source_role"": ""production_asset"", ""source_path"": ""public/assets/07_vocab-pack/img/foursquare.png"", ""expected_asset_type"": ""vocab_icon"", ""expected_background_mode"": ""icon_image"", ""expected_concept_word"": ""foursquare"", ""reviewed_from"": ""audit/visual-assets/sheets/pending_visual/07-vocab-pack-vocab-icon-generated-079.jpg"", ""decision_source"": ""audit/visual-assets/decisions-vocab-076-150.jsonl"", ""sha256"": ""58779617e2498cc70bf15b50536c72e37c081455887c58639176f917d1945ddd"", ""bytes"": 47491, ""notes"": ""First foursquare variant with text 'foursquare' printed below."", ""reason_codes"": [""text_artifact""]}"
live:vocab:frank,frank,frank,vocab,live,07_vocab-pack,production_asset,public/assets/07_vocab-pack/img/frank.png,ART_REDO,"[""ambiguous_concept""]","[""ambiguous_concept""]",Girl talking with speech bubble; abstract pedagogical depiction of frankness.,,audit/visual-assets/sheets/pending_visual/07-vocab-pack-vocab-icon-generated-079.jpg,,"{""asset_id"": ""live:vocab:frank"", ""key"": ""frank"", ""concept"": ""frank"", ""source_bank"": ""07_vocab-pack"", ""source_role"": ""production_asset"", ""source_path"": ""public/assets/07_vocab-pack/img/frank.png"", ""expected_asset_type"": ""vocab_icon"", ""expected_background_mode"": ""icon_image"", ""expected_concept_word"": ""frank"", ""reviewed_from"": ""audit/visual-assets/sheets/pending_visual/07-vocab-pack-vocab-icon-generated-079.jpg"", ""decision_source"": ""audit/visual-assets/decisions-vocab-076-150.jsonl"", ""sha256"": ""1ac9172f83a9cb87c26c7d0b4fc258521c7c7a1e8bee996ee41fe86f2f91b03d"", ""bytes"": 76084, ""notes"": ""Girl talking with speech bubble; abstract pedagogical depiction of frankness."", ""reason_codes"": [""ambiguous_concept""]}"
live:vocab:freak,freak,freak,vocab,live,07_vocab-pack,production_asset,public/assets/07_vocab-pack/img/freak.png,ART_REDO,"[""wrong_concept""]","[""wrong_concept""]","Boy hammering wooden crate; depicts carpentry/building, not freak.",,audit/visual-assets/sheets/pending_visual/07-vocab-pack-vocab-icon-generated-079.jpg,,"{""asset_id"": ""live:vocab:freak"", ""key"": ""freak"", ""concept"": ""freak"", ""source_bank"": ""07_vocab-pack"", ""source_role"": ""production_asset"", ""source_path"": ""public/assets/07_vocab-pack/img/freak.png"", ""expected_asset_type"": ""vocab_icon"", ""expected_background_mode"": ""icon_image"", ""expected_concept_word"": ""freak"", ""reviewed_from"": ""audit/visual-assets/sheets/pending_visual/07-vocab-pack-vocab-icon-generated-079.jpg"", ""decision_source"": ""audit/visual-assets/decisions-vocab-076-150.jsonl"", ""sha256"": ""df9f1cfe3dd0da2719808c5d452cc854d096d7dbf7ce2c9e3e704d753aae85e5"", ""bytes"": 63708, ""notes"": ""Boy hammering wooden crate; depicts carpentry/building, not freak."", ""reason_codes"": [""wrong_concept""]}"
live:vocab:free,free,free,vocab,live,07_vocab-pack,production_asset,public/assets/07_vocab-pack/img/free.png,ART_REDO,"[""wrong_concept""]","[""wrong_concept""]","Rotting apple with worm; depicts rotten/spoiled fruit, not free.",,audit/visual-assets/sheets/pending_visual/07-vocab-pack-vocab-icon-generated-079.jpg,,"{""asset_id"": ""live:vocab:free"", ""key"": ""free"", ""concept"": ""free"", ""source_bank"": ""07_vocab-pack"", ""source_role"": ""production_asset"", ""source_path"": ""public/assets/07_vocab-pack/img/free.png"", ""expected_asset_type"": ""vocab_icon"", ""expected_background_mode"": ""icon_image"", ""expected_concept_word"": ""free"", ""reviewed_from"": ""audit/visual-assets/sheets/pending_visual/07-vocab-pack-vocab-icon-generated-079.jpg"", ""decision_source"": ""audit/visual-assets/decisions-vocab-076-150.jsonl"", ""sha256"": ""967f0296a779529a2142e14bb909ba6c95a61699111117a0b5a074cfb9869385"", ""bytes"": 75144, ""notes"": ""Rotting apple with worm; depicts rotten/spoiled fruit, not free."", ""reason_codes"": [""wrong_concept""]}"
live:vocab:freethrow,freethrow,freethrow,vocab,live,07_vocab-pack,production_asset,public/assets/07_vocab-pack/img/freethrow.png,ART_REDO,"[""text_artifact""]","[""text_artifact""]",Basketball player shooting free throw with text 'freethrow' printed below.,,audit/visual-assets/sheets/pending_visual/07-vocab-pack-vocab-icon-generated-079.jpg,,"{""asset_id"": ""live:vocab:freethrow"", ""key"": ""freethrow"", ""concept"": ""freethrow"", ""source_bank"": ""07_vocab-pack"", ""source_role"": ""production_asset"", ""source_path"": ""public/assets/07_vocab-pack/img/freethrow.png"", ""expected_asset_type"": ""vocab_icon"", ""expected_background_mode"": ""icon_image"", ""expected_concept_word"": ""freethrow"", ""reviewed_from"": ""audit/visual-assets/sheets/pending_visual/07-vocab-pack-vocab-icon-generated-079.jpg"", ""decision_source"": ""audit/visual-assets/decisions-vocab-076-150.jsonl"", ""sha256"": ""249a4d6bfa78de3c1649b61894b6e93bd89e90da2a236cc0508e318dcec8a3b2"", ""bytes"": 43166, ""notes"": ""Basketball player shooting free throw with text 'freethrow' printed below."", ""reason_codes"": [""text_artifact""]}"
live:vocab:freezing,freezing,freezing,vocab,live,07_vocab-pack,production_asset,public/assets/07_vocab-pack/img/freezing.png,ART_REDO,"[""text_artifact""]","[""text_artifact""]",Thermometer in snow crystals with text 'freezing' printed below.,,audit/visual-assets/sheets/pending_visual/07-vocab-pack-vocab-icon-generated-079.jpg,,"{""asset_id"": ""live:vocab:freezing"", ""key"": ""freezing"", ""concept"": ""freezing"", ""source_bank"": ""07_vocab-pack"", ""source_role"": ""production_asset"", ""source_path"": ""public/assets/07_vocab-pack/img/freezing.png"", ""expected_asset_type"": ""vocab_icon"", ""expected_background_mode"": ""icon_image"", ""expected_concept_word"": ""freezing"", ""reviewed_from"": ""audit/visual-assets/sheets/pending_visual/07-vocab-pack-vocab-icon-generated-079.jpg"", ""decision_source"": ""audit/visual-assets/decisions-vocab-076-150.jsonl"", ""sha256"": ""e97c64de86b82f58e5c39aff655270411e2fa1a7500b54ae2218cf3b1d3d1d2b"", ""bytes"": 40430, ""notes"": ""Thermometer in snow crystals with text 'freezing' printed below."", ""reason_codes"": [""text_artifact""]}"
live:vocab:frequent,frequent,frequent,vocab,live,07_vocab-pack,production_asset,public/assets/07_vocab-pack/img/frequent.png,ART_REDO,"[""text_artifact""]","[""text_artifact""]",Row of repeated city transit buses with text 'frequent' printed below.,,audit/visual-assets/sheets/pending_visual/07-vocab-pack-vocab-icon-generated-080.jpg,,"{""asset_id"": ""live:vocab:frequent"", ""key"": ""frequent"", ""concept"": ""frequent"", ""source_bank"": ""07_vocab-pack"", ""source_role"": ""production_asset"", ""source_path"": ""public/assets/07_vocab-pack/img/frequent.png"", ""expected_asset_type"": ""vocab_icon"", ""expected_background_mode"": ""icon_image"", ""expected_concept_word"": ""frequent"", ""reviewed_from"": ""audit/visual-assets/sheets/pending_visual/07-vocab-pack-vocab-icon-generated-080.jpg"", ""decision_source"": ""audit/visual-assets/decisions-vocab-076-150.jsonl"", ""sha256"": ""dd9aa2f04ab313de3d37b419dceaf00ccf65253af46c5e39a56b394ad0a64443"", ""bytes"": 61849, ""notes"": ""Row of repeated city transit buses with text 'frequent' printed below."", ""reason_codes"": [""text_artifact""]}"
live:vocab:frighten,frighten,frighten,vocab,live,07_vocab-pack,production_asset,public/assets/07_vocab-pack/img/frighten.png,ART_REDO,"[""text_artifact""]","[""text_artifact""]",Ghost shouting 'BOO!' with text artifact.,,audit/visual-assets/sheets/pending_visual/07-vocab-pack-vocab-icon-generated-080.jpg,,"{""asset_id"": ""live:vocab:frighten"", ""key"": ""frighten"", ""concept"": ""frighten"", ""source_bank"": ""07_vocab-pack"", ""source_role"": ""production_asset"", ""source_path"": ""public/assets/07_vocab-pack/img/frighten.png"", ""expected_asset_type"": ""vocab_icon"", ""expected_background_mode"": ""icon_image"", ""expected_concept_word"": ""frighten"", ""reviewed_from"": ""audit/visual-assets/sheets/pending_visual/07-vocab-pack-vocab-icon-generated-080.jpg"", ""decision_source"": ""audit/visual-assets/decisions-vocab-076-150.jsonl"", ""sha256"": ""d3cab4821abff942f0c6d488e09d1544d9e0c674f09aa70cda244f69e5dcc6d5"", ""bytes"": 54347, ""notes"": ""Ghost shouting 'BOO!' with text artifact."", ""reason_codes"": [""text_artifact""]}"
live:vocab:frozen,frozen,frozen,vocab,live,07_vocab-pack,production_asset,public/assets/07_vocab-pack/img/frozen.png,ART_REDO,"[""text_artifact""]","[""text_artifact""]",Strawberry encased in ice cube with text 'frozen' printed below.,,audit/visual-assets/sheets/pending_visual/07-vocab-pack-vocab-icon-generated-080.jpg,,"{""asset_id"": ""live:vocab:frozen"", ""key"": ""frozen"", ""concept"": ""frozen"", ""source_bank"": ""07_vocab-pack"", ""source_role"": ""production_asset"", ""source_path"": ""public/assets/07_vocab-pack/img/frozen.png"", ""expected_asset_type"": ""vocab_icon"", ""expected_background_mode"": ""icon_image"", ""expected_concept_word"": ""frozen"", ""reviewed_from"": ""audit/visual-assets/sheets/pending_visual/07-vocab-pack-vocab-icon-generated-080.jpg"", ""decision_source"": ""audit/visual-assets/decisions-vocab-076-150.jsonl"", ""sha256"": ""72ad718038da1e4e0227b0841d795a661b793ea99ac2d22f9ec7c7102c6e35fd"", ""bytes"": 44313, ""notes"": ""Strawberry encased in ice cube with text 'frozen' printed below."", ""reason_codes"": [""text_artifact""]}"
live:vocab:full-time,full-time,full time,vocab,live,07_vocab-pack,production_asset,public/assets/07_vocab-pack/img/full-time.png,ART_REDO,"[""text_artifact""]","[""text_artifact""]",Clock and calendar with text 'full-time' printed below.,,audit/visual-assets/sheets/pending_visual/07-vocab-pack-vocab-icon-generated-081.jpg,,"{""asset_id"": ""live:vocab:full-time"", ""key"": ""full-time"", ""concept"": ""full time"", ""source_bank"": ""07_vocab-pack"", ""source_role"": ""production_asset"", ""source_path"": ""public/assets/07_vocab-pack/img/full-time.png"", ""expected_asset_type"": ""vocab_icon"", ""expected_background_mode"": ""icon_image"", ""expected_concept_word"": ""full time"", ""reviewed_from"": ""audit/visual-assets/sheets/pending_visual/07-vocab-pack-vocab-icon-generated-081.jpg"", ""decision_source"": ""audit/visual-assets/decisions-vocab-076-150.jsonl"", ""sha256"": ""91dd921c5f2d91045c936c20476abbcd3ae26c341199f3b678ad1dd10bd4da32"", ""bytes"": 46449, ""notes"": ""Clock and calendar with text 'full-time' printed below."", ""reason_codes"": [""text_artifact""]}"
live:vocab:future,future,future,vocab,live,07_vocab-pack,production_asset,public/assets/07_vocab-pack/img/future.png,ART_REDO,"[""text_artifact""]","[""text_artifact""]",Rocket launching towards sunrise with text 'future' printed below.,,audit/visual-assets/sheets/pending_visual/07-vocab-pack-vocab-icon-generated-081.jpg,,"{""asset_id"": ""live:vocab:future"", ""key"": ""future"", ""concept"": ""future"", ""source_bank"": ""07_vocab-pack"", ""source_role"": ""production_asset"", ""source_path"": ""public/assets/07_vocab-pack/img/future.png"", ""expected_asset_type"": ""vocab_icon"", ""expected_background_mode"": ""icon_image"", ""expected_concept_word"": ""future"", ""reviewed_from"": ""audit/visual-assets/sheets/pending_visual/07-vocab-pack-vocab-icon-generated-081.jpg"", ""decision_source"": ""audit/visual-assets/decisions-vocab-076-150.jsonl"", ""sha256"": ""2030182af9717967063981ddc62c473e7f58926b29afa7cc5a11a10d0203a24d"", ""bytes"": 41722, ""notes"": ""Rocket launching towards sunrise with text 'future' printed below."", ""reason_codes"": [""text_artifact""]}"
live:vocab:gaga,gaga,gaga,vocab,live,07_vocab-pack,production_asset,public/assets/07_vocab-pack/img/gaga.png,ART_REDO,"[""text_artifact""]","[""text_artifact""]",Children playing in gaga ball pit with text 'gaga' printed below.,,audit/visual-assets/sheets/pending_visual/07-vocab-pack-vocab-icon-generated-081.jpg,,"{""asset_id"": ""live:vocab:gaga"", ""key"": ""gaga"", ""concept"": ""gaga"", ""source_bank"": ""07_vocab-pack"", ""source_role"": ""production_asset"", ""source_path"": ""public/assets/07_vocab-pack/img/gaga.png"", ""expected_asset_type"": ""vocab_icon"", ""expected_background_mode"": ""icon_image"", ""expected_concept_word"": ""gaga"", ""reviewed_from"": ""audit/visual-assets/sheets/pending_visual/07-vocab-pack-vocab-icon-generated-081.jpg"", ""decision_source"": ""audit/visual-assets/decisions-vocab-076-150.jsonl"", ""sha256"": ""1cf545424f7eaade171d24f19ec41505996fe2e81978ad8844f98fb4bc351bf5"", ""bytes"": 52068, ""notes"": ""Children playing in gaga ball pit with text 'gaga' printed below."", ""reason_codes"": [""text_artifact""]}"
live:vocab:gallop,gallop,gallop,vocab,live,07_vocab-pack,production_asset,public/assets/07_vocab-pack/img/gallop.png,ART_REDO,"[""text_artifact""]","[""text_artifact""]",Brown horse galloping with text 'Gallop' printed below.,,audit/visual-assets/sheets/pending_visual/07-vocab-pack-vocab-icon-generated-082.jpg,,"{""asset_id"": ""live:vocab:gallop"", ""key"": ""gallop"", ""concept"": ""gallop"", ""source_bank"": ""07_vocab-pack"", ""source_role"": ""production_asset"", ""source_path"": ""public/assets/07_vocab-pack/img/gallop.png"", ""expected_asset_type"": ""vocab_icon"", ""expected_background_mode"": ""icon_image"", ""expected_concept_word"": ""gallop"", ""reviewed_from"": ""audit/visual-assets/sheets/pending_visual/07-vocab-pack-vocab-icon-generated-082.jpg"", ""decision_source"": ""audit/visual-assets/decisions-vocab-076-150.jsonl"", ""sha256"": ""05619641ba70677d4590eb0ba5159ca6ad9f788d0903e1c0e538d600d6f0663e"", ""bytes"": 37881, ""notes"": ""Brown horse galloping with text 'Gallop' printed below."", ""reason_codes"": [""text_artifact""]}"
live:vocab:gay,gay,gay,vocab,live,07_vocab-pack,production_asset,public/assets/07_vocab-pack/img/gay.png,ART_REDO,"[""text_artifact""]","[""text_artifact""]",Rainbow umbrella and pinwheel with text 'gay' printed below.,,audit/visual-assets/sheets/pending_visual/07-vocab-pack-vocab-icon-generated-083.jpg,,"{""asset_id"": ""live:vocab:gay"", ""key"": ""gay"", ""concept"": ""gay"", ""source_bank"": ""07_vocab-pack"", ""source_role"": ""production_asset"", ""source_path"": ""public/assets/07_vocab-pack/img/gay.png"", ""expected_asset_type"": ""vocab_icon"", ""expected_background_mode"": ""icon_image"", ""expected_concept_word"": ""gay"", ""reviewed_from"": ""audit/visual-assets/sheets/pending_visual/07-vocab-pack-vocab-icon-generated-083.jpg"", ""decision_source"": ""audit/visual-assets/decisions-vocab-076-150.jsonl"", ""sha256"": ""9c9578219805cdfbaad24c38cb0b5f21ac27d9739c7dc5e5a62a08601a06a377"", ""bytes"": 32097, ""notes"": ""Rainbow umbrella and pinwheel with text 'gay' printed below."", ""reason_codes"": [""text_artifact""]}"
live:vocab:generous,generous,generous,vocab,live,07_vocab-pack,production_asset,public/assets/07_vocab-pack/img/generous.png,ART_REDO,"[""text_artifact""]","[""text_artifact""]",Two hands giving fruit basket with text 'generous' printed below.,,audit/visual-assets/sheets/pending_visual/07-vocab-pack-vocab-icon-generated-083.jpg,,"{""asset_id"": ""live:vocab:generous"", ""key"": ""generous"", ""concept"": ""generous"", ""source_bank"": ""07_vocab-pack"", ""source_role"": ""production_asset"", ""source_path"": ""public/assets/07_vocab-pack/img/generous.png"", ""expected_asset_type"": ""vocab_icon"", ""expected_background_mode"": ""icon_image"", ""expected_concept_word"": ""generous"", ""reviewed_from"": ""audit/visual-assets/sheets/pending_visual/07-vocab-pack-vocab-icon-generated-083.jpg"", ""decision_source"": ""audit/visual-assets/decisions-vocab-076-150.jsonl"", ""sha256"": ""a5d5951d179ceb4da79e078c5b7c7d483b02102e7f5e7310869e60342cd6e763"", ""bytes"": 84824, ""notes"": ""Two hands giving fruit basket with text 'generous' printed below."", ""reason_codes"": [""text_artifact""]}"
live:vocab:genetic,genetic,genetic,vocab,live,07_vocab-pack,production_asset,public/assets/07_vocab-pack/img/genetic.png,ART_REDO,"[""text_artifact""]","[""text_artifact""]",DNA double helix with text 'genetic' printed below.,,audit/visual-assets/sheets/pending_visual/07-vocab-pack-vocab-icon-generated-083.jpg,,"{""asset_id"": ""live:vocab:genetic"", ""key"": ""genetic"", ""concept"": ""genetic"", ""source_bank"": ""07_vocab-pack"", ""source_role"": ""production_asset"", ""source_path"": ""public/assets/07_vocab-pack/img/genetic.png"", ""expected_asset_type"": ""vocab_icon"", ""expected_background_mode"": ""icon_image"", ""expected_concept_word"": ""genetic"", ""reviewed_from"": ""audit/visual-assets/sheets/pending_visual/07-vocab-pack-vocab-icon-generated-083.jpg"", ""decision_source"": ""audit/visual-assets/decisions-vocab-076-150.jsonl"", ""sha256"": ""63104698747e619f38c553b5bcefe8c4c80b525825e57924f23fba43becdfff7"", ""bytes"": 26289, ""notes"": ""DNA double helix with text 'genetic' printed below."", ""reason_codes"": [""text_artifact""]}"
live:vocab:geographical,geographical,geographical,vocab,live,07_vocab-pack,production_asset,public/assets/07_vocab-pack/img/geographical.png,ART_REDO,"[""text_artifact""]","[""text_artifact""]",World globe with text 'geographical' printed below.,,audit/visual-assets/sheets/pending_visual/07-vocab-pack-vocab-icon-generated-083.jpg,,"{""asset_id"": ""live:vocab:geographical"", ""key"": ""geographical"", ""concept"": ""geographical"", ""source_bank"": ""07_vocab-pack"", ""source_role"": ""production_asset"", ""source_path"": ""public/assets/07_vocab-pack/img/geographical.png"", ""expected_asset_type"": ""vocab_icon"", ""expected_background_mode"": ""icon_image"", ""expected_concept_word"": ""geographical"", ""reviewed_from"": ""audit/visual-assets/sheets/pending_visual/07-vocab-pack-vocab-icon-generated-083.jpg"", ""decision_source"": ""audit/visual-assets/decisions-vocab-076-150.jsonl"", ""sha256"": ""d7302ba1ff6218e4af314a173390f49cb050f4c0de7eec22bdf266289e78b911"", ""bytes"": 57773, ""notes"": ""World globe with text 'geographical' printed below."", ""reason_codes"": [""text_artifact""]}"
live:vocab:giant,giant,giant,vocab,live,07_vocab-pack,production_asset,public/assets/07_vocab-pack/img/giant.png,ART_REDO,"[""text_artifact""]","[""text_artifact""]",Teddy bear with red ball and text 'giant' printed below.,,audit/visual-assets/sheets/pending_visual/07-vocab-pack-vocab-icon-generated-084.jpg,,"{""asset_id"": ""live:vocab:giant"", ""key"": ""giant"", ""concept"": ""giant"", ""source_bank"": ""07_vocab-pack"", ""source_role"": ""production_asset"", ""source_path"": ""public/assets/07_vocab-pack/img/giant.png"", ""expected_asset_type"": ""vocab_icon"", ""expected_background_mode"": ""icon_image"", ""expected_concept_word"": ""giant"", ""reviewed_from"": ""audit/visual-assets/sheets/pending_visual/07-vocab-pack-vocab-icon-generated-084.jpg"", ""decision_source"": ""audit/visual-assets/decisions-vocab-076-150.jsonl"", ""sha256"": ""eefd9f9372e48e060e5ef4d48c973070e5bc1835b3ad7859c0c45123298170fe"", ""bytes"": 42366, ""notes"": ""Teddy bear with red ball and text 'giant' printed below."", ""reason_codes"": [""text_artifact""]}"
live:vocab:gifted,gifted,gifted,vocab,live,07_vocab-pack,production_asset,public/assets/07_vocab-pack/img/gifted.png,ART_REDO,"[""text_artifact""]","[""text_artifact""]",Blue gift box with gold star and text 'gifted' printed below.,,audit/visual-assets/sheets/pending_visual/07-vocab-pack-vocab-icon-generated-084.jpg,,"{""asset_id"": ""live:vocab:gifted"", ""key"": ""gifted"", ""concept"": ""gifted"", ""source_bank"": ""07_vocab-pack"", ""source_role"": ""production_asset"", ""source_path"": ""public/assets/07_vocab-pack/img/gifted.png"", ""expected_asset_type"": ""vocab_icon"", ""expected_background_mode"": ""icon_image"", ""expected_concept_word"": ""gifted"", ""reviewed_from"": ""audit/visual-assets/sheets/pending_visual/07-vocab-pack-vocab-icon-generated-084.jpg"", ""decision_source"": ""audit/visual-assets/decisions-vocab-076-150.jsonl"", ""sha256"": ""bc1dedf27f84765ae69252c64a5a4ef9acdc6d74a128d62b6d875694e8df59a0"", ""bytes"": 39138, ""notes"": ""Blue gift box with gold star and text 'gifted' printed below."", ""reason_codes"": [""text_artifact""]}"
live:vocab:goalie,goalie,goalie,vocab,live,07_vocab-pack,production_asset,public/assets/07_vocab-pack/img/goalie.png,ART_REDO,"[""text_artifact""]","[""text_artifact""]",Goalkeeper diving in net with text 'goalie' printed below.,,audit/visual-assets/sheets/pending_visual/07-vocab-pack-vocab-icon-generated-085.jpg,,"{""asset_id"": ""live:vocab:goalie"", ""key"": ""goalie"", ""concept"": ""goalie"", ""source_bank"": ""07_vocab-pack"", ""source_role"": ""production_asset"", ""source_path"": ""public/assets/07_vocab-pack/img/goalie.png"", ""expected_asset_type"": ""vocab_icon"", ""expected_background_mode"": ""icon_image"", ""expected_concept_word"": ""goalie"", ""reviewed_from"": ""audit/visual-assets/sheets/pending_visual/07-vocab-pack-vocab-icon-generated-085.jpg"", ""decision_source"": ""audit/visual-assets/decisions-vocab-076-150.jsonl"", ""sha256"": ""d682187857b941dbf649077aa62aca6fb2464cba6a2656a6f42c436714c9ca90"", ""bytes"": 56807, ""notes"": ""Goalkeeper diving in net with text 'goalie' printed below."", ""reason_codes"": [""text_artifact""]}"
live:vocab:grandchild,grandchild,grandchild,vocab,live,07_vocab-pack,production_asset,public/assets/07_vocab-pack/img/grandchild.png,ART_REDO,"[""wrong_concept""]","[""wrong_concept""]",Shows a toy building block cube instead of a grandchild figure.,,audit/visual-assets/sheets/pending_visual/07-vocab-pack-vocab-icon-generated-087.jpg,,"{""asset_id"": ""live:vocab:grandchild"", ""key"": ""grandchild"", ""concept"": ""grandchild"", ""source_bank"": ""07_vocab-pack"", ""source_role"": ""production_asset"", ""source_path"": ""public/assets/07_vocab-pack/img/grandchild.png"", ""expected_asset_type"": ""vocab_icon"", ""expected_background_mode"": ""icon_image"", ""expected_concept_word"": ""grandchild"", ""reviewed_from"": ""audit/visual-assets/sheets/pending_visual/07-vocab-pack-vocab-icon-generated-087.jpg"", ""decision_source"": ""audit/visual-assets/decisions-vocab-076-150.jsonl"", ""sha256"": ""551594e43553d515e92cd9a5d30ee0d4a9e7f99e10f0226bbb020b4d475ff9cc"", ""bytes"": 60151, ""notes"": ""Shows a toy building block cube instead of a grandchild figure."", ""reason_codes"": [""wrong_concept""]}"
live:vocab:grandson,grandson,grandson,vocab,live,07_vocab-pack,production_asset,public/assets/07_vocab-pack/img/grandson.png,ART_REDO,"[""wrong_concept""]","[""wrong_concept""]",Shows a yellow toy car instead of a grandson figure.,,audit/visual-assets/sheets/pending_visual/07-vocab-pack-vocab-icon-generated-087.jpg,,"{""asset_id"": ""live:vocab:grandson"", ""key"": ""grandson"", ""concept"": ""grandson"", ""source_bank"": ""07_vocab-pack"", ""source_role"": ""production_asset"", ""source_path"": ""public/assets/07_vocab-pack/img/grandson.png"", ""expected_asset_type"": ""vocab_icon"", ""expected_background_mode"": ""icon_image"", ""expected_concept_word"": ""grandson"", ""reviewed_from"": ""audit/visual-assets/sheets/pending_visual/07-vocab-pack-vocab-icon-generated-087.jpg"", ""decision_source"": ""audit/visual-assets/decisions-vocab-076-150.jsonl"", ""sha256"": ""a01ff52fc7f2cdd5307a100abbc3a835f1f9d55e539dd6e88b177d7ab005f4d2"", ""bytes"": 43288, ""notes"": ""Shows a yellow toy car instead of a grandson figure."", ""reason_codes"": [""wrong_concept""]}"
live:vocab:grip,grip,grip,vocab,live,07_vocab-pack,production_asset,public/assets/07_vocab-pack/img/grip.png,ART_REDO,"[""ambiguous_concept""]","[""ambiguous_concept""]",Boy celebrating at board game with raised fists; primarily depicts victory rather than grip.,,audit/visual-assets/sheets/pending_visual/07-vocab-pack-vocab-icon-generated-088.jpg,,"{""asset_id"": ""live:vocab:grip"", ""key"": ""grip"", ""concept"": ""grip"", ""source_bank"": ""07_vocab-pack"", ""source_role"": ""production_asset"", ""source_path"": ""public/assets/07_vocab-pack/img/grip.png"", ""expected_asset_type"": ""vocab_icon"", ""expected_background_mode"": ""icon_image"", ""expected_concept_word"": ""grip"", ""reviewed_from"": ""audit/visual-assets/sheets/pending_visual/07-vocab-pack-vocab-icon-generated-088.jpg"", ""decision_source"": ""audit/visual-assets/decisions-vocab-076-150.jsonl"", ""sha256"": ""af3f6b00d9f2763cb9d4a528bc17b1418330ddf92e7f901a6f9919d1d5efe48e"", ""bytes"": 65227, ""notes"": ""Boy celebrating at board game with raised fists; primarily depicts victory rather than grip."", ""reason_codes"": [""ambiguous_concept""]}"
live:vocab:guacamole,guacamole,guacamole,vocab,live,07_vocab-pack,production_asset,public/assets/07_vocab-pack/img/guacamole.png,ART_REDO,"[""wrong_concept""]","[""wrong_concept""]",Shows a beige soap bar in dish instead of green guacamole dip.,,audit/visual-assets/sheets/pending_visual/07-vocab-pack-vocab-icon-generated-089.jpg,,"{""asset_id"": ""live:vocab:guacamole"", ""key"": ""guacamole"", ""concept"": ""guacamole"", ""source_bank"": ""07_vocab-pack"", ""source_role"": ""production_asset"", ""source_path"": ""public/assets/07_vocab-pack/img/guacamole.png"", ""expected_asset_type"": ""vocab_icon"", ""expected_background_mode"": ""icon_image"", ""expected_concept_word"": ""guacamole"", ""reviewed_from"": ""audit/visual-assets/sheets/pending_visual/07-vocab-pack-vocab-icon-generated-089.jpg"", ""decision_source"": ""audit/visual-assets/decisions-vocab-076-150.jsonl"", ""sha256"": ""3827ca2537aaa347a660d3986cc3d0bd801c707577b6eb65817ea209d25f9520"", ""bytes"": 28673, ""notes"": ""Shows a beige soap bar in dish instead of green guacamole dip."", ""reason_codes"": [""wrong_concept""]}"
live:vocab:haunt,haunt,haunt,vocab,live,07_vocab-pack,production_asset,public/assets/07_vocab-pack/img/haunt.png,ART_REDO,"[""wrong_concept""]","[""wrong_concept""]","Boy with mallet knocking down block tower; depicts destruction/play, not haunting.",,audit/visual-assets/sheets/pending_visual/07-vocab-pack-vocab-icon-generated-093.jpg,,"{""asset_id"": ""live:vocab:haunt"", ""key"": ""haunt"", ""concept"": ""haunt"", ""source_bank"": ""07_vocab-pack"", ""source_role"": ""production_asset"", ""source_path"": ""public/assets/07_vocab-pack/img/haunt.png"", ""expected_asset_type"": ""vocab_icon"", ""expected_background_mode"": ""icon_image"", ""expected_concept_word"": ""haunt"", ""reviewed_from"": ""audit/visual-assets/sheets/pending_visual/07-vocab-pack-vocab-icon-generated-093.jpg"", ""decision_source"": ""audit/visual-assets/decisions-vocab-076-150.jsonl"", ""sha256"": ""b9c3b77548060a01f3bde483196c117d8a6e3fe3717b46c72046c9d0237a0ece"", ""bytes"": 77560, ""notes"": ""Boy with mallet knocking down block tower; depicts destruction/play, not haunting."", ""reason_codes"": [""wrong_concept""]}"
live:vocab:hawk,hawk,hawk,vocab,live,07_vocab-pack,production_asset,public/assets/07_vocab-pack/img/hawk.png,ART_REDO,"[""text_artifact""]","[""text_artifact""]",Hawk bird with text 'Hawk' printed below.,,audit/visual-assets/sheets/pending_visual/07-vocab-pack-vocab-icon-generated-093.jpg,,"{""asset_id"": ""live:vocab:hawk"", ""key"": ""hawk"", ""concept"": ""hawk"", ""source_bank"": ""07_vocab-pack"", ""source_role"": ""production_asset"", ""source_path"": ""public/assets/07_vocab-pack/img/hawk.png"", ""expected_asset_type"": ""vocab_icon"", ""expected_background_mode"": ""icon_image"", ""expected_concept_word"": ""hawk"", ""reviewed_from"": ""audit/visual-assets/sheets/pending_visual/07-vocab-pack-vocab-icon-generated-093.jpg"", ""decision_source"": ""audit/visual-assets/decisions-vocab-076-150.jsonl"", ""sha256"": ""02e62ba9f07afb7c3113e5dd5e463b616d481ac90fa4aeb52444a58e897e18e5"", ""bytes"": 24939, ""notes"": ""Hawk bird with text 'Hawk' printed below."", ""reason_codes"": [""text_artifact""]}"
live:vocab:hay-bale-icon,hay-bale-icon,hay bale icon,vocab,live,07_vocab-pack,production_asset,public/assets/07_vocab-pack/img/hay-bale-icon.png,ART_REDO,"[""text_artifact""]","[""text_artifact""]",Hay bale with text 'Hay-bale-icon' printed below.,,audit/visual-assets/sheets/pending_visual/07-vocab-pack-vocab-icon-generated-093.jpg,,"{""asset_id"": ""live:vocab:hay-bale-icon"", ""key"": ""hay-bale-icon"", ""concept"": ""hay bale icon"", ""source_bank"": ""07_vocab-pack"", ""source_role"": ""production_asset"", ""source_path"": ""public/assets/07_vocab-pack/img/hay-bale-icon.png"", ""expected_asset_type"": ""vocab_icon"", ""expected_background_mode"": ""icon_image"", ""expected_concept_word"": ""hay bale icon"", ""reviewed_from"": ""audit/visual-assets/sheets/pending_visual/07-vocab-pack-vocab-icon-generated-093.jpg"", ""decision_source"": ""audit/visual-assets/decisions-vocab-076-150.jsonl"", ""sha256"": ""6b16a5e352096ca0729b36abae93c4265009889b02b478c47c917d29b3567554"", ""bytes"": 39380, ""notes"": ""Hay bale with text 'Hay-bale-icon' printed below."", ""reason_codes"": [""text_artifact""]}"
live:vocab:header,header,header,vocab,live,07_vocab-pack,production_asset,public/assets/07_vocab-pack/img/header.png,ART_REDO,"[""text_artifact""]","[""text_artifact""]",Soccer player heading ball with text 'header' printed below.,,audit/visual-assets/sheets/pending_visual/07-vocab-pack-vocab-icon-generated-093.jpg,,"{""asset_id"": ""live:vocab:header"", ""key"": ""header"", ""concept"": ""header"", ""source_bank"": ""07_vocab-pack"", ""source_role"": ""production_asset"", ""source_path"": ""public/assets/07_vocab-pack/img/header.png"", ""expected_asset_type"": ""vocab_icon"", ""expected_background_mode"": ""icon_image"", ""expected_concept_word"": ""header"", ""reviewed_from"": ""audit/visual-assets/sheets/pending_visual/07-vocab-pack-vocab-icon-generated-093.jpg"", ""decision_source"": ""audit/visual-assets/decisions-vocab-076-150.jsonl"", ""sha256"": ""e326ea793dc9a4390d624aa6a89e572f98b7d5dfec8bc4b15c2bc222e7774d27"", ""bytes"": 31050, ""notes"": ""Soccer player heading ball with text 'header' printed below."", ""reason_codes"": [""text_artifact""]}"
live:vocab:heal,heal,heal,vocab,live,07_vocab-pack,production_asset,public/assets/07_vocab-pack/img/heal.png,ART_REDO,"[""wrong_concept""]","[""wrong_concept""]","Hand inserting coin into piggy bank; depicts saving money, not healing.",,audit/visual-assets/sheets/pending_visual/07-vocab-pack-vocab-icon-generated-093.jpg,,"{""asset_id"": ""live:vocab:heal"", ""key"": ""heal"", ""concept"": ""heal"", ""source_bank"": ""07_vocab-pack"", ""source_role"": ""production_asset"", ""source_path"": ""public/assets/07_vocab-pack/img/heal.png"", ""expected_asset_type"": ""vocab_icon"", ""expected_background_mode"": ""icon_image"", ""expected_concept_word"": ""heal"", ""reviewed_from"": ""audit/visual-assets/sheets/pending_visual/07-vocab-pack-vocab-icon-generated-093.jpg"", ""decision_source"": ""audit/visual-assets/decisions-vocab-076-150.jsonl"", ""sha256"": ""0e0f4aa0db7505ee2d4cc02ab112d17219263929865849d2f299064dfc65758b"", ""bytes"": 47832, ""notes"": ""Hand inserting coin into piggy bank; depicts saving money, not healing."", ""reason_codes"": [""wrong_concept""]}"
live:vocab:heap,heap,heap,vocab,live,07_vocab-pack,production_asset,public/assets/07_vocab-pack/img/heap.png,ART_REDO,"[""wrong_concept""]","[""wrong_concept""]","Boy climbing small stepladder; depicts climbing, not a heap.",,audit/visual-assets/sheets/pending_visual/07-vocab-pack-vocab-icon-generated-093.jpg,,"{""asset_id"": ""live:vocab:heap"", ""key"": ""heap"", ""concept"": ""heap"", ""source_bank"": ""07_vocab-pack"", ""source_role"": ""production_asset"", ""source_path"": ""public/assets/07_vocab-pack/img/heap.png"", ""expected_asset_type"": ""vocab_icon"", ""expected_background_mode"": ""icon_image"", ""expected_concept_word"": ""heap"", ""reviewed_from"": ""audit/visual-assets/sheets/pending_visual/07-vocab-pack-vocab-icon-generated-093.jpg"", ""decision_source"": ""audit/visual-assets/decisions-vocab-076-150.jsonl"", ""sha256"": ""9a0de3f8dc3f9bbba31a84e7711f5f1b37071ecedbb7985458ab4eab42c7774f"", ""bytes"": 45082, ""notes"": ""Boy climbing small stepladder; depicts climbing, not a heap."", ""reason_codes"": [""wrong_concept""]}"
live:vocab:hedgetrim,hedgetrim,hedgetrim,vocab,live,07_vocab-pack,production_asset,public/assets/07_vocab-pack/img/hedgetrim.png,ART_REDO,"[""text_artifact""]","[""text_artifact""]",Gardener trimming hedge with text 'hedgetrim' printed below.,,audit/visual-assets/sheets/pending_visual/07-vocab-pack-vocab-icon-generated-094.jpg,,"{""asset_id"": ""live:vocab:hedgetrim"", ""key"": ""hedgetrim"", ""concept"": ""hedgetrim"", ""source_bank"": ""07_vocab-pack"", ""source_role"": ""production_asset"", ""source_path"": ""public/assets/07_vocab-pack/img/hedgetrim.png"", ""expected_asset_type"": ""vocab_icon"", ""expected_background_mode"": ""icon_image"", ""expected_concept_word"": ""hedgetrim"", ""reviewed_from"": ""audit/visual-assets/sheets/pending_visual/07-vocab-pack-vocab-icon-generated-094.jpg"", ""decision_source"": ""audit/visual-assets/decisions-vocab-076-150.jsonl"", ""sha256"": ""2b5eb4a7e6beda16660ad4c7515b5af87e85335aeb467c940095c1a6e4a957a8"", ""bytes"": 51434, ""notes"": ""Gardener trimming hedge with text 'hedgetrim' printed below."", ""reason_codes"": [""text_artifact""]}"
live:vocab:hide,hide,hide,vocab,live,07_vocab-pack,production_asset,public/assets/07_vocab-pack/img/hide.png,ART_REDO,"[""text_artifact""]","[""text_artifact""]",Boy peeking behind curtain with text 'HIDE' printed below.,,audit/visual-assets/sheets/pending_visual/07-vocab-pack-vocab-icon-generated-095.jpg,,"{""asset_id"": ""live:vocab:hide"", ""key"": ""hide"", ""concept"": ""hide"", ""source_bank"": ""07_vocab-pack"", ""source_role"": ""production_asset"", ""source_path"": ""public/assets/07_vocab-pack/img/hide.png"", ""expected_asset_type"": ""vocab_icon"", ""expected_background_mode"": ""icon_image"", ""expected_concept_word"": ""hide"", ""reviewed_from"": ""audit/visual-assets/sheets/pending_visual/07-vocab-pack-vocab-icon-generated-095.jpg"", ""decision_source"": ""audit/visual-assets/decisions-vocab-076-150.jsonl"", ""sha256"": ""a915bd42d8b9af0cc4c4de121d99cb57839ef7d1c3a20fa2a3a6da19bdcdd2e4"", ""bytes"": 53595, ""notes"": ""Boy peeking behind curtain with text 'HIDE' printed below."", ""reason_codes"": [""text_artifact""]}"
live:vocab:hidenseek,hidenseek,hidenseek,vocab,live,07_vocab-pack,production_asset,public/assets/07_vocab-pack/img/hidenseek.png,ART_REDO,"[""text_artifact""]","[""text_artifact""]",Children playing hide and seek with text 'Hide and Seek' printed below.,,audit/visual-assets/sheets/pending_visual/07-vocab-pack-vocab-icon-generated-095.jpg,,"{""asset_id"": ""live:vocab:hidenseek"", ""key"": ""hidenseek"", ""concept"": ""hidenseek"", ""source_bank"": ""07_vocab-pack"", ""source_role"": ""production_asset"", ""source_path"": ""public/assets/07_vocab-pack/img/hidenseek.png"", ""expected_asset_type"": ""vocab_icon"", ""expected_background_mode"": ""icon_image"", ""expected_concept_word"": ""hidenseek"", ""reviewed_from"": ""audit/visual-assets/sheets/pending_visual/07-vocab-pack-vocab-icon-generated-095.jpg"", ""decision_source"": ""audit/visual-assets/decisions-vocab-076-150.jsonl"", ""sha256"": ""d30c295b07f74a0ba48308eb5f93d58b5ccf8270de0d0e3ff264d5e16ee540a1"", ""bytes"": 57715, ""notes"": ""Children playing hide and seek with text 'Hide and Seek' printed below."", ""reason_codes"": [""text_artifact""]}"
live:vocab:hire,hire,hire,vocab,live,07_vocab-pack,production_asset,public/assets/07_vocab-pack/img/hire.png,ART_REDO,"[""wrong_concept""]","[""wrong_concept""]","Hands pushing toy train cars together; depicts connecting/playing, not hiring.",,audit/visual-assets/sheets/pending_visual/07-vocab-pack-vocab-icon-generated-096.jpg,,"{""asset_id"": ""live:vocab:hire"", ""key"": ""hire"", ""concept"": ""hire"", ""source_bank"": ""07_vocab-pack"", ""source_role"": ""production_asset"", ""source_path"": ""public/assets/07_vocab-pack/img/hire.png"", ""expected_asset_type"": ""vocab_icon"", ""expected_background_mode"": ""icon_image"", ""expected_concept_word"": ""hire"", ""reviewed_from"": ""audit/visual-assets/sheets/pending_visual/07-vocab-pack-vocab-icon-generated-096.jpg"", ""decision_source"": ""audit/visual-assets/decisions-vocab-076-150.jsonl"", ""sha256"": ""e544c33268922fa7b8172056b97b87cdbf2a572a271f1448961a0c3c979ea070"", ""bytes"": 43757, ""notes"": ""Hands pushing toy train cars together; depicts connecting/playing, not hiring."", ""reason_codes"": [""wrong_concept""]}"
live:vocab:hitch,hitch,hitch,vocab,live,07_vocab-pack,production_asset,public/assets/07_vocab-pack/img/hitch.png,ART_REDO,"[""text_artifact""]","[""text_artifact""]",Truck towing trailer hitch with text 'hitch' printed below.,,audit/visual-assets/sheets/pending_visual/07-vocab-pack-vocab-icon-generated-096.jpg,,"{""asset_id"": ""live:vocab:hitch"", ""key"": ""hitch"", ""concept"": ""hitch"", ""source_bank"": ""07_vocab-pack"", ""source_role"": ""production_asset"", ""source_path"": ""public/assets/07_vocab-pack/img/hitch.png"", ""expected_asset_type"": ""vocab_icon"", ""expected_background_mode"": ""icon_image"", ""expected_concept_word"": ""hitch"", ""reviewed_from"": ""audit/visual-assets/sheets/pending_visual/07-vocab-pack-vocab-icon-generated-096.jpg"", ""decision_source"": ""audit/visual-assets/decisions-vocab-076-150.jsonl"", ""sha256"": ""cb26f745fa5dfcb704d488a176e072a14007f9cfab442216bba4ba836eff116b"", ""bytes"": 39031, ""notes"": ""Truck towing trailer hitch with text 'hitch' printed below."", ""reason_codes"": [""text_artifact""]}"
live:vocab:hole,hole,hole,vocab,live,07_vocab-pack,production_asset,public/assets/07_vocab-pack/img/hole.png,ART_REDO,"[""wrong_concept""]","[""wrong_concept""]",Blank white canvas with two thin intersecting crosshair lines.,,audit/visual-assets/sheets/pending_visual/07-vocab-pack-vocab-icon-generated-096.jpg,,"{""asset_id"": ""live:vocab:hole"", ""key"": ""hole"", ""concept"": ""hole"", ""source_bank"": ""07_vocab-pack"", ""source_role"": ""production_asset"", ""source_path"": ""public/assets/07_vocab-pack/img/hole.png"", ""expected_asset_type"": ""vocab_icon"", ""expected_background_mode"": ""icon_image"", ""expected_concept_word"": ""hole"", ""reviewed_from"": ""audit/visual-assets/sheets/pending_visual/07-vocab-pack-vocab-icon-generated-096.jpg"", ""decision_source"": ""audit/visual-assets/decisions-vocab-076-150.jsonl"", ""sha256"": ""f404ac8ad3668dcde7104e816a5427be04e4915f0418bbfbd557b49e6e92096e"", ""bytes"": 40819, ""notes"": ""Blank white canvas with two thin intersecting crosshair lines."", ""reason_codes"": [""wrong_concept""]}"
live:vocab:holepunch,holepunch,holepunch,vocab,live,07_vocab-pack,production_asset,public/assets/07_vocab-pack/img/holepunch.png,ART_REDO,"[""text_artifact""]","[""text_artifact""]",Hand using hole punch on paper with text 'holepunch' printed below.,,audit/visual-assets/sheets/pending_visual/07-vocab-pack-vocab-icon-generated-096.jpg,,"{""asset_id"": ""live:vocab:holepunch"", ""key"": ""holepunch"", ""concept"": ""holepunch"", ""source_bank"": ""07_vocab-pack"", ""source_role"": ""production_asset"", ""source_path"": ""public/assets/07_vocab-pack/img/holepunch.png"", ""expected_asset_type"": ""vocab_icon"", ""expected_background_mode"": ""icon_image"", ""expected_concept_word"": ""holepunch"", ""reviewed_from"": ""audit/visual-assets/sheets/pending_visual/07-vocab-pack-vocab-icon-generated-096.jpg"", ""decision_source"": ""audit/visual-assets/decisions-vocab-076-150.jsonl"", ""sha256"": ""9dfee44eb528eaaec3574c4bb2dd01b8b3cdad9f2433ee8080369ae537b512c7"", ""bytes"": 34174, ""notes"": ""Hand using hole punch on paper with text 'holepunch' printed below."", ""reason_codes"": [""text_artifact""]}"
live:vocab:host,host,host,vocab,live,07_vocab-pack,production_asset,public/assets/07_vocab-pack/img/host.png,ART_REDO,"[""wrong_concept""]","[""wrong_concept""]",Empty wooden tray/bench without any host figure or concept.,,audit/visual-assets/sheets/pending_visual/07-vocab-pack-vocab-icon-generated-098.jpg,,"{""asset_id"": ""live:vocab:host"", ""key"": ""host"", ""concept"": ""host"", ""source_bank"": ""07_vocab-pack"", ""source_role"": ""production_asset"", ""source_path"": ""public/assets/07_vocab-pack/img/host.png"", ""expected_asset_type"": ""vocab_icon"", ""expected_background_mode"": ""icon_image"", ""expected_concept_word"": ""host"", ""reviewed_from"": ""audit/visual-assets/sheets/pending_visual/07-vocab-pack-vocab-icon-generated-098.jpg"", ""decision_source"": ""audit/visual-assets/decisions-vocab-076-150.jsonl"", ""sha256"": ""05703d362301da8c3e9a799c3c85ee906d63cfd249ac80622ab2325a3953d9c9"", ""bytes"": 21090, ""notes"": ""Empty wooden tray/bench without any host figure or concept."", ""reason_codes"": [""wrong_concept""]}"
live:vocab:hostess,hostess,hostess,vocab,live,07_vocab-pack,production_asset,public/assets/07_vocab-pack/img/hostess.png,ART_REDO,"[""wrong_concept""]","[""wrong_concept""]",Wooden easel clipboard sign without any hostess figure or concept.,,audit/visual-assets/sheets/pending_visual/07-vocab-pack-vocab-icon-generated-098.jpg,,"{""asset_id"": ""live:vocab:hostess"", ""key"": ""hostess"", ""concept"": ""hostess"", ""source_bank"": ""07_vocab-pack"", ""source_role"": ""production_asset"", ""source_path"": ""public/assets/07_vocab-pack/img/hostess.png"", ""expected_asset_type"": ""vocab_icon"", ""expected_background_mode"": ""icon_image"", ""expected_concept_word"": ""hostess"", ""reviewed_from"": ""audit/visual-assets/sheets/pending_visual/07-vocab-pack-vocab-icon-generated-098.jpg"", ""decision_source"": ""audit/visual-assets/decisions-vocab-076-150.jsonl"", ""sha256"": ""19b71003f3549d457636cac7d3bec64641b8d73e62e3e9d0f2aaf5cb61160899"", ""bytes"": 55464, ""notes"": ""Wooden easel clipboard sign without any hostess figure or concept."", ""reason_codes"": [""wrong_concept""]}"
live:vocab:hotpotato,hotpotato,hotpotato,vocab,live,07_vocab-pack,production_asset,public/assets/07_vocab-pack/img/hotpotato.png,ART_REDO,"[""text_artifact""]","[""text_artifact""]",Children tossing hot potato with text 'Hot Potato' printed below.,,audit/visual-assets/sheets/pending_visual/07-vocab-pack-vocab-icon-generated-098.jpg,,"{""asset_id"": ""live:vocab:hotpotato"", ""key"": ""hotpotato"", ""concept"": ""hotpotato"", ""source_bank"": ""07_vocab-pack"", ""source_role"": ""production_asset"", ""source_path"": ""public/assets/07_vocab-pack/img/hotpotato.png"", ""expected_asset_type"": ""vocab_icon"", ""expected_background_mode"": ""icon_image"", ""expected_concept_word"": ""hotpotato"", ""reviewed_from"": ""audit/visual-assets/sheets/pending_visual/07-vocab-pack-vocab-icon-generated-098.jpg"", ""decision_source"": ""audit/visual-assets/decisions-vocab-076-150.jsonl"", ""sha256"": ""ab9139e7da5a70c93a7daa43926b3ccb882e7d503ec9486717d9993e5341bd80"", ""bytes"": 34157, ""notes"": ""Children tossing hot potato with text 'Hot Potato' printed below."", ""reason_codes"": [""text_artifact""]}"
live:vocab:hoverboard,hoverboard,hoverboard,vocab,live,07_vocab-pack,production_asset,public/assets/07_vocab-pack/img/hoverboard.png,ART_REDO,"[""text_artifact""]","[""text_artifact""]",Boy riding hoverboard with text 'hoverboard' printed below.,,audit/visual-assets/sheets/pending_visual/07-vocab-pack-vocab-icon-generated-098.jpg,,"{""asset_id"": ""live:vocab:hoverboard"", ""key"": ""hoverboard"", ""concept"": ""hoverboard"", ""source_bank"": ""07_vocab-pack"", ""source_role"": ""production_asset"", ""source_path"": ""public/assets/07_vocab-pack/img/hoverboard.png"", ""expected_asset_type"": ""vocab_icon"", ""expected_background_mode"": ""icon_image"", ""expected_concept_word"": ""hoverboard"", ""reviewed_from"": ""audit/visual-assets/sheets/pending_visual/07-vocab-pack-vocab-icon-generated-098.jpg"", ""decision_source"": ""audit/visual-assets/decisions-vocab-076-150.jsonl"", ""sha256"": ""7ebae4df8b7437d4c6206ccc39c7a55bf6597624476aafb7138147ae6d9693bb"", ""bytes"": 37268, ""notes"": ""Boy riding hoverboard with text 'hoverboard' printed below."", ""reason_codes"": [""text_artifact""]}"
live:vocab:hummingbird,hummingbird,hummingbird,vocab,live,07_vocab-pack,production_asset,public/assets/07_vocab-pack/img/hummingbird.png,ART_REDO,"[""text_artifact""]","[""text_artifact""]",Hummingbird flying with text 'Hummingbird' printed below.,,audit/visual-assets/sheets/pending_visual/07-vocab-pack-vocab-icon-generated-099.jpg,,"{""asset_id"": ""live:vocab:hummingbird"", ""key"": ""hummingbird"", ""concept"": ""hummingbird"", ""source_bank"": ""07_vocab-pack"", ""source_role"": ""production_asset"", ""source_path"": ""public/assets/07_vocab-pack/img/hummingbird.png"", ""expected_asset_type"": ""vocab_icon"", ""expected_background_mode"": ""icon_image"", ""expected_concept_word"": ""hummingbird"", ""reviewed_from"": ""audit/visual-assets/sheets/pending_visual/07-vocab-pack-vocab-icon-generated-099.jpg"", ""decision_source"": ""audit/visual-assets/decisions-vocab-076-150.jsonl"", ""sha256"": ""63eede62a8d53b3cd0007a23f54ca88ab9895d3f8b451e7deea9a153e464459a"", ""bytes"": 75233, ""notes"": ""Hummingbird flying with text 'Hummingbird' printed below."", ""reason_codes"": [""text_artifact""]}"
live:vocab:hummus,hummus,hummus,vocab,live,07_vocab-pack,production_asset,public/assets/07_vocab-pack/img/hummus.png,ART_REDO,"[""wrong_concept""]","[""wrong_concept""]",White squeeze bottle of lotion/shampoo instead of hummus dip.,,audit/visual-assets/sheets/pending_visual/07-vocab-pack-vocab-icon-generated-099.jpg,,"{""asset_id"": ""live:vocab:hummus"", ""key"": ""hummus"", ""concept"": ""hummus"", ""source_bank"": ""07_vocab-pack"", ""source_role"": ""production_asset"", ""source_path"": ""public/assets/07_vocab-pack/img/hummus.png"", ""expected_asset_type"": ""vocab_icon"", ""expected_background_mode"": ""icon_image"", ""expected_concept_word"": ""hummus"", ""reviewed_from"": ""audit/visual-assets/sheets/pending_visual/07-vocab-pack-vocab-icon-generated-099.jpg"", ""decision_source"": ""audit/visual-assets/decisions-vocab-076-150.jsonl"", ""sha256"": ""9c25487f32ccca2875b21138d71f1f16743a1b728cdb742731750d9cdf2732a0"", ""bytes"": 26266, ""notes"": ""White squeeze bottle of lotion/shampoo instead of hummus dip."", ""reason_codes"": [""wrong_concept""]}"
live:vocab:hush,hush,hush,vocab,live,07_vocab-pack,production_asset,public/assets/07_vocab-pack/img/hush.png,ART_REDO,"[""wrong_concept""]","[""wrong_concept""]","Wilting dying potted flower with falling petals; depicts wilting, not hush.",,audit/visual-assets/sheets/pending_visual/07-vocab-pack-vocab-icon-generated-099.jpg,,"{""asset_id"": ""live:vocab:hush"", ""key"": ""hush"", ""concept"": ""hush"", ""source_bank"": ""07_vocab-pack"", ""source_role"": ""production_asset"", ""source_path"": ""public/assets/07_vocab-pack/img/hush.png"", ""expected_asset_type"": ""vocab_icon"", ""expected_background_mode"": ""icon_image"", ""expected_concept_word"": ""hush"", ""reviewed_from"": ""audit/visual-assets/sheets/pending_visual/07-vocab-pack-vocab-icon-generated-099.jpg"", ""decision_source"": ""audit/visual-assets/decisions-vocab-076-150.jsonl"", ""sha256"": ""bf4419740f22cbd7bc14ab07cc080b040a9abfc80ee1e616de307c0b077086ba"", ""bytes"": 41977, ""notes"": ""Wilting dying potted flower with falling petals; depicts wilting, not hush."", ""reason_codes"": [""wrong_concept""]}"
live:vocab:ice,ice,ice,vocab,live,07_vocab-pack,production_asset,public/assets/07_vocab-pack/img/ice.png,ART_REDO,"[""text_artifact""]","[""text_artifact""]",Ice crystal with text 'Ice' printed below.,,audit/visual-assets/sheets/pending_visual/07-vocab-pack-vocab-icon-generated-100.jpg,,"{""asset_id"": ""live:vocab:ice"", ""key"": ""ice"", ""concept"": ""ice"", ""source_bank"": ""07_vocab-pack"", ""source_role"": ""production_asset"", ""source_path"": ""public/assets/07_vocab-pack/img/ice.png"", ""expected_asset_type"": ""vocab_icon"", ""expected_background_mode"": ""icon_image"", ""expected_concept_word"": ""ice"", ""reviewed_from"": ""audit/visual-assets/sheets/pending_visual/07-vocab-pack-vocab-icon-generated-100.jpg"", ""decision_source"": ""audit/visual-assets/decisions-vocab-076-150.jsonl"", ""sha256"": ""d35e0a16601ce68fdb478f3139d7410653bd0e021a91ba447fe0407db5db4d68"", ""bytes"": 25128, ""notes"": ""Ice crystal with text 'Ice' printed below."", ""reason_codes"": [""text_artifact""]}"
live:vocab:icescoop,icescoop,icescoop,vocab,live,07_vocab-pack,production_asset,public/assets/07_vocab-pack/img/icescoop.png,ART_REDO,"[""text_artifact""]","[""text_artifact""]",Hand scooping ice cream with text 'icescoop' printed below.,,audit/visual-assets/sheets/pending_visual/07-vocab-pack-vocab-icon-generated-100.jpg,,"{""asset_id"": ""live:vocab:icescoop"", ""key"": ""icescoop"", ""concept"": ""icescoop"", ""source_bank"": ""07_vocab-pack"", ""source_role"": ""production_asset"", ""source_path"": ""public/assets/07_vocab-pack/img/icescoop.png"", ""expected_asset_type"": ""vocab_icon"", ""expected_background_mode"": ""icon_image"", ""expected_concept_word"": ""icescoop"", ""reviewed_from"": ""audit/visual-assets/sheets/pending_visual/07-vocab-pack-vocab-icon-generated-100.jpg"", ""decision_source"": ""audit/visual-assets/decisions-vocab-076-150.jsonl"", ""sha256"": ""526962288433bb33ab2029f125670c3b7577d0dd26f0b1d6e1eeabb66b502357"", ""bytes"": 42240, ""notes"": ""Hand scooping ice cream with text 'icescoop' printed below."", ""reason_codes"": [""text_artifact""]}"
live:vocab:icicle,icicle,icicle,vocab,live,07_vocab-pack,production_asset,public/assets/07_vocab-pack/img/icicle.png,ART_REDO,"[""text_artifact""]","[""text_artifact""]",Icicles hanging with text 'Icicle' printed below.,,audit/visual-assets/sheets/pending_visual/07-vocab-pack-vocab-icon-generated-100.jpg,,"{""asset_id"": ""live:vocab:icicle"", ""key"": ""icicle"", ""concept"": ""icicle"", ""source_bank"": ""07_vocab-pack"", ""source_role"": ""production_asset"", ""source_path"": ""public/assets/07_vocab-pack/img/icicle.png"", ""expected_asset_type"": ""vocab_icon"", ""expected_background_mode"": ""icon_image"", ""expected_concept_word"": ""icicle"", ""reviewed_from"": ""audit/visual-assets/sheets/pending_visual/07-vocab-pack-vocab-icon-generated-100.jpg"", ""decision_source"": ""audit/visual-assets/decisions-vocab-076-150.jsonl"", ""sha256"": ""0d85f4b3de24efb5bf85ae654381286de4ed94bc6fb38215208be2b8ea68cf60"", ""bytes"": 22625, ""notes"": ""Icicles hanging with text 'Icicle' printed below."", ""reason_codes"": [""text_artifact""]}"
live:vocab:illuminate,illuminate,illuminate,vocab,live,07_vocab-pack,production_asset,public/assets/07_vocab-pack/img/illuminate.png,ART_REDO,"[""wrong_concept""]","[""wrong_concept""]","Two hands connecting electrical cord plug; depicts plugging in, not illuminate.",,audit/visual-assets/sheets/pending_visual/07-vocab-pack-vocab-icon-generated-101.jpg,,"{""asset_id"": ""live:vocab:illuminate"", ""key"": ""illuminate"", ""concept"": ""illuminate"", ""source_bank"": ""07_vocab-pack"", ""source_role"": ""production_asset"", ""source_path"": ""public/assets/07_vocab-pack/img/illuminate.png"", ""expected_asset_type"": ""vocab_icon"", ""expected_background_mode"": ""icon_image"", ""expected_concept_word"": ""illuminate"", ""reviewed_from"": ""audit/visual-assets/sheets/pending_visual/07-vocab-pack-vocab-icon-generated-101.jpg"", ""decision_source"": ""audit/visual-assets/decisions-vocab-076-150.jsonl"", ""sha256"": ""2537f289cffe16d6114b5dc7976af80bd74b055f476aa3c0f1e1a3353f8313b7"", ""bytes"": 23384, ""notes"": ""Two hands connecting electrical cord plug; depicts plugging in, not illuminate."", ""reason_codes"": [""wrong_concept""]}"
live:vocab:immerse,immerse,immerse,vocab,live,07_vocab-pack,production_asset,public/assets/07_vocab-pack/img/immerse.png,ART_REDO,"[""wrong_concept""]","[""wrong_concept""]",Hand pressing toy car on dry table surface without liquid immersion.,,audit/visual-assets/sheets/pending_visual/07-vocab-pack-vocab-icon-generated-101.jpg,,"{""asset_id"": ""live:vocab:immerse"", ""key"": ""immerse"", ""concept"": ""immerse"", ""source_bank"": ""07_vocab-pack"", ""source_role"": ""production_asset"", ""source_path"": ""public/assets/07_vocab-pack/img/immerse.png"", ""expected_asset_type"": ""vocab_icon"", ""expected_background_mode"": ""icon_image"", ""expected_concept_word"": ""immerse"", ""reviewed_from"": ""audit/visual-assets/sheets/pending_visual/07-vocab-pack-vocab-icon-generated-101.jpg"", ""decision_source"": ""audit/visual-assets/decisions-vocab-076-150.jsonl"", ""sha256"": ""7206eae768d45f5990c10643df6d9e2e172fe1bee0e6cc71e920394175154c2a"", ""bytes"": 42240, ""notes"": ""Hand pressing toy car on dry table surface without liquid immersion."", ""reason_codes"": [""wrong_concept""]}"
live:vocab:imprison,imprison,imprison,vocab,live,07_vocab-pack,production_asset,public/assets/07_vocab-pack/img/imprison.png,ART_REDO,"[""wrong_concept""]","[""wrong_concept""]",Boy happily playing with wooden building blocks.,,audit/visual-assets/sheets/pending_visual/07-vocab-pack-vocab-icon-generated-101.jpg,,"{""asset_id"": ""live:vocab:imprison"", ""key"": ""imprison"", ""concept"": ""imprison"", ""source_bank"": ""07_vocab-pack"", ""source_role"": ""production_asset"", ""source_path"": ""public/assets/07_vocab-pack/img/imprison.png"", ""expected_asset_type"": ""vocab_icon"", ""expected_background_mode"": ""icon_image"", ""expected_concept_word"": ""imprison"", ""reviewed_from"": ""audit/visual-assets/sheets/pending_visual/07-vocab-pack-vocab-icon-generated-101.jpg"", ""decision_source"": ""audit/visual-assets/decisions-vocab-076-150.jsonl"", ""sha256"": ""c85ce489f1816a076dc39c087e0db347e0956b5e25ab09734fb668100f6e0f27"", ""bytes"": 66053, ""notes"": ""Boy happily playing with wooden building blocks."", ""reason_codes"": [""wrong_concept""]}"
live:vocab:indent,indent,indent,vocab,live,07_vocab-pack,production_asset,public/assets/07_vocab-pack/img/indent.png,ART_REDO,"[""wrong_concept""]","[""wrong_concept""]","Boy sharing apple with girl; depicts sharing/giving, not typographical indent.",,audit/visual-assets/sheets/pending_visual/07-vocab-pack-vocab-icon-generated-102.jpg,,"{""asset_id"": ""live:vocab:indent"", ""key"": ""indent"", ""concept"": ""indent"", ""source_bank"": ""07_vocab-pack"", ""source_role"": ""production_asset"", ""source_path"": ""public/assets/07_vocab-pack/img/indent.png"", ""expected_asset_type"": ""vocab_icon"", ""expected_background_mode"": ""icon_image"", ""expected_concept_word"": ""indent"", ""reviewed_from"": ""audit/visual-assets/sheets/pending_visual/07-vocab-pack-vocab-icon-generated-102.jpg"", ""decision_source"": ""audit/visual-assets/decisions-vocab-076-150.jsonl"", ""sha256"": ""d3b464e08375c0816ce3a081aca2ebe692d30c42419325efe606d0cab80c6376"", ""bytes"": 52145, ""notes"": ""Boy sharing apple with girl; depicts sharing/giving, not typographical indent."", ""reason_codes"": [""wrong_concept""]}"
live:vocab:jog,jog,jog,vocab,live,07_vocab-pack,production_asset,public/assets/07_vocab-pack/img/jog.png,ART_REDO,"[""text_artifact""]","[""text_artifact""]",Boy jogging with text 'Jog' printed below.,,audit/visual-assets/sheets/pending_visual/07-vocab-pack-vocab-icon-generated-106.jpg,,"{""asset_id"": ""live:vocab:jog"", ""key"": ""jog"", ""concept"": ""jog"", ""source_bank"": ""07_vocab-pack"", ""source_role"": ""production_asset"", ""source_path"": ""public/assets/07_vocab-pack/img/jog.png"", ""expected_asset_type"": ""vocab_icon"", ""expected_background_mode"": ""icon_image"", ""expected_concept_word"": ""jog"", ""reviewed_from"": ""audit/visual-assets/sheets/pending_visual/07-vocab-pack-vocab-icon-generated-106.jpg"", ""decision_source"": ""audit/visual-assets/decisions-vocab-076-150.jsonl"", ""sha256"": ""f11126e902ee9f909479c4cdd2ee646711875101136eeb259876cb0dd8db8fa1"", ""bytes"": 26710, ""notes"": ""Boy jogging with text 'Jog' printed below."", ""reason_codes"": [""text_artifact""]}"
live:vocab:julienne,julienne,julienne,vocab,live,07_vocab-pack,production_asset,public/assets/07_vocab-pack/img/julienne.png,ART_REDO,"[""text_artifact""]","[""text_artifact""]",Cutting carrots into strips with text 'julienne' printed at top.,,audit/visual-assets/sheets/pending_visual/07-vocab-pack-vocab-icon-generated-107.jpg,,"{""asset_id"": ""live:vocab:julienne"", ""key"": ""julienne"", ""concept"": ""julienne"", ""source_bank"": ""07_vocab-pack"", ""source_role"": ""production_asset"", ""source_path"": ""public/assets/07_vocab-pack/img/julienne.png"", ""expected_asset_type"": ""vocab_icon"", ""expected_background_mode"": ""icon_image"", ""expected_concept_word"": ""julienne"", ""reviewed_from"": ""audit/visual-assets/sheets/pending_visual/07-vocab-pack-vocab-icon-generated-107.jpg"", ""decision_source"": ""audit/visual-assets/decisions-vocab-076-150.jsonl"", ""sha256"": ""230b3b3513915a86300cd267c51072f509fb508aa15745d1ccd9dc8fb4b14a3f"", ""bytes"": 85304, ""notes"": ""Cutting carrots into strips with text 'julienne' printed at top."", ""reason_codes"": [""text_artifact""]}"
live:vocab:kickball,kickball,kickball,vocab,live,07_vocab-pack,production_asset,public/assets/07_vocab-pack/img/kickball.png,ART_REDO,"[""text_artifact""]","[""text_artifact""]",Boy kicking playground ball with text 'kickball' printed below.,,audit/visual-assets/sheets/pending_visual/07-vocab-pack-vocab-icon-generated-108.jpg,,"{""asset_id"": ""live:vocab:kickball"", ""key"": ""kickball"", ""concept"": ""kickball"", ""source_bank"": ""07_vocab-pack"", ""source_role"": ""production_asset"", ""source_path"": ""public/assets/07_vocab-pack/img/kickball.png"", ""expected_asset_type"": ""vocab_icon"", ""expected_background_mode"": ""icon_image"", ""expected_concept_word"": ""kickball"", ""reviewed_from"": ""audit/visual-assets/sheets/pending_visual/07-vocab-pack-vocab-icon-generated-108.jpg"", ""decision_source"": ""audit/visual-assets/decisions-vocab-076-150.jsonl"", ""sha256"": ""da97d96aafdba920a48984006926e23b06443d19360d6a3bc6a66b5820216f6a"", ""bytes"": 33184, ""notes"": ""Boy kicking playground ball with text 'kickball' printed below."", ""reason_codes"": [""text_artifact""]}"
live:vocab:killing,killing,killing,vocab,live,07_vocab-pack,production_asset,public/assets/07_vocab-pack/img/killing.png,ART_REDO,"[""wrong_concept""]","[""wrong_concept""]",Burning candle in candlestick holder; does not depict killing.,,audit/visual-assets/sheets/pending_visual/07-vocab-pack-vocab-icon-generated-108.jpg,,"{""asset_id"": ""live:vocab:killing"", ""key"": ""killing"", ""concept"": ""killing"", ""source_bank"": ""07_vocab-pack"", ""source_role"": ""production_asset"", ""source_path"": ""public/assets/07_vocab-pack/img/killing.png"", ""expected_asset_type"": ""vocab_icon"", ""expected_background_mode"": ""icon_image"", ""expected_concept_word"": ""killing"", ""reviewed_from"": ""audit/visual-assets/sheets/pending_visual/07-vocab-pack-vocab-icon-generated-108.jpg"", ""decision_source"": ""audit/visual-assets/decisions-vocab-076-150.jsonl"", ""sha256"": ""3314268627bd4045261a4bfa291cbbdf6b0871de7bb39359b7e16c16343a6977"", ""bytes"": 30239, ""notes"": ""Burning candle in candlestick holder; does not depict killing."", ""reason_codes"": [""wrong_concept""]}"
live:vocab:lantern-bug,lantern-bug,lantern bug,vocab,live,07_vocab-pack,production_asset,public/assets/07_vocab-pack/img/lantern-bug.png,ART_REDO,"[""wrong_concept""]","[""wrong_concept""]",Depicts a vintage hurricane oil lamp instead of a lantern bug insect.,,audit/visual-assets/sheets/pending_visual/07-vocab-pack-vocab-icon-generated-110.jpg,,"{""asset_id"": ""live:vocab:lantern-bug"", ""key"": ""lantern-bug"", ""concept"": ""lantern bug"", ""source_bank"": ""07_vocab-pack"", ""source_role"": ""production_asset"", ""source_path"": ""public/assets/07_vocab-pack/img/lantern-bug.png"", ""expected_asset_type"": ""vocab_icon"", ""expected_background_mode"": ""icon_image"", ""expected_concept_word"": ""lantern bug"", ""reviewed_from"": ""audit/visual-assets/sheets/pending_visual/07-vocab-pack-vocab-icon-generated-110.jpg"", ""decision_source"": ""audit/visual-assets/decisions-vocab-076-150.jsonl"", ""sha256"": ""952bfb7ac8f61993475aa6922d02dc4f2b536b6120c64ab2e2433ed3cea786a2"", ""bytes"": 30062, ""notes"": ""Depicts a vintage hurricane oil lamp instead of a lantern bug insect."", ""reason_codes"": [""wrong_concept""]}"
live:vocab:layup,layup,layup,vocab,live,07_vocab-pack,production_asset,public/assets/07_vocab-pack/img/layup.png,ART_REDO,"[""text_artifact""]","[""text_artifact""]",Basketball player doing layup with text 'layup' printed below.,,audit/visual-assets/sheets/pending_visual/07-vocab-pack-vocab-icon-generated-111.jpg,,"{""asset_id"": ""live:vocab:layup"", ""key"": ""layup"", ""concept"": ""layup"", ""source_bank"": ""07_vocab-pack"", ""source_role"": ""production_asset"", ""source_path"": ""public/assets/07_vocab-pack/img/layup.png"", ""expected_asset_type"": ""vocab_icon"", ""expected_background_mode"": ""icon_image"", ""expected_concept_word"": ""layup"", ""reviewed_from"": ""audit/visual-assets/sheets/pending_visual/07-vocab-pack-vocab-icon-generated-111.jpg"", ""decision_source"": ""audit/visual-assets/decisions-vocab-076-150.jsonl"", ""sha256"": ""57ee04ddebc170c26482862ee46c67356e0e5f03a13b372013cbb41d9f7648e5"", ""bytes"": 31443, ""notes"": ""Basketball player doing layup with text 'layup' printed below."", ""reason_codes"": [""text_artifact""]}"
live:vocab:lead,lead,lead,vocab,live,07_vocab-pack,production_asset,public/assets/07_vocab-pack/img/lead.png,ART_REDO,"[""text_artifact""]","[""text_artifact""]",Boy leading line of children with text 'Lead' printed below.,,audit/visual-assets/sheets/pending_visual/07-vocab-pack-vocab-icon-generated-112.jpg,,"{""asset_id"": ""live:vocab:lead"", ""key"": ""lead"", ""concept"": ""lead"", ""source_bank"": ""07_vocab-pack"", ""source_role"": ""production_asset"", ""source_path"": ""public/assets/07_vocab-pack/img/lead.png"", ""expected_asset_type"": ""vocab_icon"", ""expected_background_mode"": ""icon_image"", ""expected_concept_word"": ""lead"", ""reviewed_from"": ""audit/visual-assets/sheets/pending_visual/07-vocab-pack-vocab-icon-generated-112.jpg"", ""decision_source"": ""audit/visual-assets/decisions-vocab-076-150.jsonl"", ""sha256"": ""9f9e2c38c75d714e3a95c16a04e0f277a1bccdacbd366f304f8a2ed6b0a0ce86"", ""bytes"": 48844, ""notes"": ""Boy leading line of children with text 'Lead' printed below."", ""reason_codes"": [""text_artifact""]}"
live:vocab:lengthen,lengthen,lengthen,vocab,live,07_vocab-pack,production_asset,public/assets/07_vocab-pack/img/lengthen.png,ART_REDO,"[""text_artifact""]","[""text_artifact""]",Hands pulling measuring tape with text 'Lengthen' printed below.,,audit/visual-assets/sheets/pending_visual/07-vocab-pack-vocab-icon-generated-113.jpg,,"{""asset_id"": ""live:vocab:lengthen"", ""key"": ""lengthen"", ""concept"": ""lengthen"", ""source_bank"": ""07_vocab-pack"", ""source_role"": ""production_asset"", ""source_path"": ""public/assets/07_vocab-pack/img/lengthen.png"", ""expected_asset_type"": ""vocab_icon"", ""expected_background_mode"": ""icon_image"", ""expected_concept_word"": ""lengthen"", ""reviewed_from"": ""audit/visual-assets/sheets/pending_visual/07-vocab-pack-vocab-icon-generated-113.jpg"", ""decision_source"": ""audit/visual-assets/decisions-vocab-076-150.jsonl"", ""sha256"": ""2347c0aae43ff528af04eb5a3b5c3d18e555a5cddf01ec170eb717b45393ed63"", ""bytes"": 24215, ""notes"": ""Hands pulling measuring tape with text 'Lengthen' printed below."", ""reason_codes"": [""text_artifact""]}"
live:vocab:lie,lie,lie,vocab,live,07_vocab-pack,production_asset,public/assets/07_vocab-pack/img/lie.png,ART_REDO,"[""blank"", ""wrong_concept""]","[""blank"", ""wrong_concept""]",Completely blank white tile with border.,,audit/visual-assets/sheets/pending_visual/07-vocab-pack-vocab-icon-generated-113.jpg,,"{""asset_id"": ""live:vocab:lie"", ""key"": ""lie"", ""concept"": ""lie"", ""source_bank"": ""07_vocab-pack"", ""source_role"": ""production_asset"", ""source_path"": ""public/assets/07_vocab-pack/img/lie.png"", ""expected_asset_type"": ""vocab_icon"", ""expected_background_mode"": ""icon_image"", ""expected_concept_word"": ""lie"", ""reviewed_from"": ""audit/visual-assets/sheets/pending_visual/07-vocab-pack-vocab-icon-generated-113.jpg"", ""decision_source"": ""audit/visual-assets/decisions-vocab-076-150.jsonl"", ""sha256"": ""30bfb04e14034a4f161b1e0691dab48352e044e61e5c27a777d11d42b4603588"", ""bytes"": 4302, ""notes"": ""Completely blank white tile with border."", ""reason_codes"": [""blank"", ""wrong_concept""]}"
live:vocab:lighten,lighten,lighten,vocab,live,07_vocab-pack,production_asset,public/assets/07_vocab-pack/img/lighten.png,ART_REDO,"[""text_artifact""]","[""text_artifact""]",Boy removing books from box with text 'Lighten' printed below.,,audit/visual-assets/sheets/pending_visual/07-vocab-pack-vocab-icon-generated-114.jpg,,"{""asset_id"": ""live:vocab:lighten"", ""key"": ""lighten"", ""concept"": ""lighten"", ""source_bank"": ""07_vocab-pack"", ""source_role"": ""production_asset"", ""source_path"": ""public/assets/07_vocab-pack/img/lighten.png"", ""expected_asset_type"": ""vocab_icon"", ""expected_background_mode"": ""icon_image"", ""expected_concept_word"": ""lighten"", ""reviewed_from"": ""audit/visual-assets/sheets/pending_visual/07-vocab-pack-vocab-icon-generated-114.jpg"", ""decision_source"": ""audit/visual-assets/decisions-vocab-076-150.jsonl"", ""sha256"": ""442a3cca2633336fd7b9c24c9125e721efdf8532cbb8aa57a8e8f8483a7e273a"", ""bytes"": 56956, ""notes"": ""Boy removing books from box with text 'Lighten' printed below."", ""reason_codes"": [""text_artifact""]}"
live:vocab:limbo,limbo,limbo,vocab,live,07_vocab-pack,production_asset,public/assets/07_vocab-pack/img/limbo.png,ART_REDO,"[""text_artifact""]","[""text_artifact""]",Boy doing limbo dance under pole with text 'Limbo' printed below.,,audit/visual-assets/sheets/pending_visual/07-vocab-pack-vocab-icon-generated-114.jpg,,"{""asset_id"": ""live:vocab:limbo"", ""key"": ""limbo"", ""concept"": ""limbo"", ""source_bank"": ""07_vocab-pack"", ""source_role"": ""production_asset"", ""source_path"": ""public/assets/07_vocab-pack/img/limbo.png"", ""expected_asset_type"": ""vocab_icon"", ""expected_background_mode"": ""icon_image"", ""expected_concept_word"": ""limbo"", ""reviewed_from"": ""audit/visual-assets/sheets/pending_visual/07-vocab-pack-vocab-icon-generated-114.jpg"", ""decision_source"": ""audit/visual-assets/decisions-vocab-076-150.jsonl"", ""sha256"": ""1c2107d72c563b0701c9a2b75e052569995926249553cd0501b98bb33ee4102e"", ""bytes"": 33997, ""notes"": ""Boy doing limbo dance under pole with text 'Limbo' printed below."", ""reason_codes"": [""text_artifact""]}"
live:vocab:magnify,magnify,magnify,vocab,live,07_vocab-pack,production_asset,public/assets/07_vocab-pack/img/magnify.png,ART_REDO,"[""text_artifact""]","[""text_artifact""]",Boy with magnifying glass and text 'Magnify' printed below.,,audit/visual-assets/sheets/pending_visual/07-vocab-pack-vocab-icon-generated-118.jpg,,"{""asset_id"": ""live:vocab:magnify"", ""key"": ""magnify"", ""concept"": ""magnify"", ""source_bank"": ""07_vocab-pack"", ""source_role"": ""production_asset"", ""source_path"": ""public/assets/07_vocab-pack/img/magnify.png"", ""expected_asset_type"": ""vocab_icon"", ""expected_background_mode"": ""icon_image"", ""expected_concept_word"": ""magnify"", ""reviewed_from"": ""audit/visual-assets/sheets/pending_visual/07-vocab-pack-vocab-icon-generated-118.jpg"", ""decision_source"": ""audit/visual-assets/decisions-vocab-076-150.jsonl"", ""sha256"": ""b8c3f801c14b0c17f8cae1c4799543c8e0facbaeea63f51f9fd3d802dfbf9c4b"", ""bytes"": 57000, ""notes"": ""Boy with magnifying glass and text 'Magnify' printed below."", ""reason_codes"": [""text_artifact""]}"
live:vocab:march,march,march,vocab,live,07_vocab-pack,production_asset,public/assets/07_vocab-pack/img/march.png,ART_REDO,"[""text_artifact""]","[""text_artifact""]",Boy marching with text 'March' printed below.,,audit/visual-assets/sheets/pending_visual/07-vocab-pack-vocab-icon-generated-119.jpg,,"{""asset_id"": ""live:vocab:march"", ""key"": ""march"", ""concept"": ""march"", ""source_bank"": ""07_vocab-pack"", ""source_role"": ""production_asset"", ""source_path"": ""public/assets/07_vocab-pack/img/march.png"", ""expected_asset_type"": ""vocab_icon"", ""expected_background_mode"": ""icon_image"", ""expected_concept_word"": ""march"", ""reviewed_from"": ""audit/visual-assets/sheets/pending_visual/07-vocab-pack-vocab-icon-generated-119.jpg"", ""decision_source"": ""audit/visual-assets/decisions-vocab-076-150.jsonl"", ""sha256"": ""0a32e32884d8790571d33f41eb15d362f92242a65dbb3f3476859df7231f76e8"", ""bytes"": 27002, ""notes"": ""Boy marching with text 'March' printed below."", ""reason_codes"": [""text_artifact""]}"
live:vocab:marionette,marionette,marionette,vocab,live,07_vocab-pack,production_asset,public/assets/07_vocab-pack/img/marionette.png,ART_REDO,"[""text_artifact""]","[""text_artifact""]",Marionette puppet on strings with text 'Marionette' printed below.,,audit/visual-assets/sheets/pending_visual/07-vocab-pack-vocab-icon-generated-120.jpg,,"{""asset_id"": ""live:vocab:marionette"", ""key"": ""marionette"", ""concept"": ""marionette"", ""source_bank"": ""07_vocab-pack"", ""source_role"": ""production_asset"", ""source_path"": ""public/assets/07_vocab-pack/img/marionette.png"", ""expected_asset_type"": ""vocab_icon"", ""expected_background_mode"": ""icon_image"", ""expected_concept_word"": ""marionette"", ""reviewed_from"": ""audit/visual-assets/sheets/pending_visual/07-vocab-pack-vocab-icon-generated-120.jpg"", ""decision_source"": ""audit/visual-assets/decisions-vocab-076-150.jsonl"", ""sha256"": ""394f7d02ffc805f24dcbd06693d209f078eb87ca0d7b995287824ed5fce256c8"", ""bytes"": 38178, ""notes"": ""Marionette puppet on strings with text 'Marionette' printed below."", ""reason_codes"": [""text_artifact""]}"
live:vocab:mess,mess,mess,vocab,live,07_vocab-pack,production_asset,public/assets/07_vocab-pack/img/mess.png,ART_REDO,"[""text_artifact""]","[""text_artifact""]",Boy with messy art supplies and text 'Mess' printed below.,,audit/visual-assets/sheets/pending_visual/07-vocab-pack-vocab-icon-generated-122.jpg,,"{""asset_id"": ""live:vocab:mess"", ""key"": ""mess"", ""concept"": ""mess"", ""source_bank"": ""07_vocab-pack"", ""source_role"": ""production_asset"", ""source_path"": ""public/assets/07_vocab-pack/img/mess.png"", ""expected_asset_type"": ""vocab_icon"", ""expected_background_mode"": ""icon_image"", ""expected_concept_word"": ""mess"", ""reviewed_from"": ""audit/visual-assets/sheets/pending_visual/07-vocab-pack-vocab-icon-generated-122.jpg"", ""decision_source"": ""audit/visual-assets/decisions-vocab-076-150.jsonl"", ""sha256"": ""40fdb96aeee77194267e0e17a01419b3f2771cd69972758c40d4e74215b79818"", ""bytes"": 64134, ""notes"": ""Boy with messy art supplies and text 'Mess' printed below."", ""reason_codes"": [""text_artifact""]}"
live:vocab:monkeybar,monkeybar,monkeybar,vocab,live,07_vocab-pack,production_asset,public/assets/07_vocab-pack/img/monkeybar.png,ART_REDO,"[""text_artifact""]","[""text_artifact""]",Boy swinging on monkey bars with text 'monkeybar' printed below.,,audit/visual-assets/sheets/pending_visual/07-vocab-pack-vocab-icon-generated-125.jpg,,"{""asset_id"": ""live:vocab:monkeybar"", ""key"": ""monkeybar"", ""concept"": ""monkeybar"", ""source_bank"": ""07_vocab-pack"", ""source_role"": ""production_asset"", ""source_path"": ""public/assets/07_vocab-pack/img/monkeybar.png"", ""expected_asset_type"": ""vocab_icon"", ""expected_background_mode"": ""icon_image"", ""expected_concept_word"": ""monkeybar"", ""reviewed_from"": ""audit/visual-assets/sheets/pending_visual/07-vocab-pack-vocab-icon-generated-125.jpg"", ""decision_source"": ""audit/visual-assets/decisions-vocab-076-150.jsonl"", ""sha256"": ""342d59e40dd8f072a48818202ec938b891c172f3e134be9d2e4cf552c0ed5880"", ""bytes"": 42688, ""notes"": ""Boy swinging on monkey bars with text 'monkeybar' printed below."", ""reason_codes"": [""text_artifact""]}"
live:vocab:moonwalk,moonwalk,moonwalk,vocab,live,07_vocab-pack,production_asset,public/assets/07_vocab-pack/img/moonwalk.png,ART_REDO,"[""text_artifact""]","[""text_artifact""]",Man performing moonwalk dance with text 'Moonwalk' printed below.,,audit/visual-assets/sheets/pending_visual/07-vocab-pack-vocab-icon-generated-126.jpg,,"{""asset_id"": ""live:vocab:moonwalk"", ""key"": ""moonwalk"", ""concept"": ""moonwalk"", ""source_bank"": ""07_vocab-pack"", ""source_role"": ""production_asset"", ""source_path"": ""public/assets/07_vocab-pack/img/moonwalk.png"", ""expected_asset_type"": ""vocab_icon"", ""expected_background_mode"": ""icon_image"", ""expected_concept_word"": ""moonwalk"", ""reviewed_from"": ""audit/visual-assets/sheets/pending_visual/07-vocab-pack-vocab-icon-generated-126.jpg"", ""decision_source"": ""audit/visual-assets/decisions-vocab-076-150.jsonl"", ""sha256"": ""7ecf19db06a48516a18d45715d4bd27d390484c254682f321b354000994c1443"", ""bytes"": 28617, ""notes"": ""Man performing moonwalk dance with text 'Moonwalk' printed below."", ""reason_codes"": [""text_artifact""]}"
live:vocab:moor,moor,moor,vocab,live,07_vocab-pack,production_asset,public/assets/07_vocab-pack/img/moor.png,ART_REDO,"[""text_artifact""]","[""text_artifact""]",Boat tied to dock with text 'moor' printed below.,,audit/visual-assets/sheets/pending_visual/07-vocab-pack-vocab-icon-generated-126.jpg,,"{""asset_id"": ""live:vocab:moor"", ""key"": ""moor"", ""concept"": ""moor"", ""source_bank"": ""07_vocab-pack"", ""source_role"": ""production_asset"", ""source_path"": ""public/assets/07_vocab-pack/img/moor.png"", ""expected_asset_type"": ""vocab_icon"", ""expected_background_mode"": ""icon_image"", ""expected_concept_word"": ""moor"", ""reviewed_from"": ""audit/visual-assets/sheets/pending_visual/07-vocab-pack-vocab-icon-generated-126.jpg"", ""decision_source"": ""audit/visual-assets/decisions-vocab-076-150.jsonl"", ""sha256"": ""6d00eb52efae06a368ebecb79bd79d7762601bfe804b3c94667d08857ed23a98"", ""bytes"": 38025, ""notes"": ""Boat tied to dock with text 'moor' printed below."", ""reason_codes"": [""text_artifact""]}"
live:vocab:mount,mount,mount,vocab,live,07_vocab-pack,production_asset,public/assets/07_vocab-pack/img/mount.png,ART_REDO,"[""wrong_concept""]","[""wrong_concept""]","Farmer feeding chickens in coop; depicts feeding poultry, not mounting.",,audit/visual-assets/sheets/pending_visual/07-vocab-pack-vocab-icon-generated-127.jpg,,"{""asset_id"": ""live:vocab:mount"", ""key"": ""mount"", ""concept"": ""mount"", ""source_bank"": ""07_vocab-pack"", ""source_role"": ""production_asset"", ""source_path"": ""public/assets/07_vocab-pack/img/mount.png"", ""expected_asset_type"": ""vocab_icon"", ""expected_background_mode"": ""icon_image"", ""expected_concept_word"": ""mount"", ""reviewed_from"": ""audit/visual-assets/sheets/pending_visual/07-vocab-pack-vocab-icon-generated-127.jpg"", ""decision_source"": ""audit/visual-assets/decisions-vocab-076-150.jsonl"", ""sha256"": ""38b7ac54d889ff26163f348a52db85085e843543435d35c73111b3bc965dedff"", ""bytes"": 62827, ""notes"": ""Farmer feeding chickens in coop; depicts feeding poultry, not mounting."", ""reason_codes"": [""wrong_concept""]}"
live:vocab:mowlawn,mowlawn,mowlawn,vocab,live,07_vocab-pack,production_asset,public/assets/07_vocab-pack/img/mowlawn.png,ART_REDO,"[""text_artifact""]","[""text_artifact""]",Boy mowing lawn with text 'mowlawn' printed below.,,audit/visual-assets/sheets/pending_visual/07-vocab-pack-vocab-icon-generated-127.jpg,,"{""asset_id"": ""live:vocab:mowlawn"", ""key"": ""mowlawn"", ""concept"": ""mowlawn"", ""source_bank"": ""07_vocab-pack"", ""source_role"": ""production_asset"", ""source_path"": ""public/assets/07_vocab-pack/img/mowlawn.png"", ""expected_asset_type"": ""vocab_icon"", ""expected_background_mode"": ""icon_image"", ""expected_concept_word"": ""mowlawn"", ""reviewed_from"": ""audit/visual-assets/sheets/pending_visual/07-vocab-pack-vocab-icon-generated-127.jpg"", ""decision_source"": ""audit/visual-assets/decisions-vocab-076-150.jsonl"", ""sha256"": ""65f28b96409fea2c411652a10cfc66e9ab3046b09cb5b80bd636dc21fc2bb112"", ""bytes"": 45534, ""notes"": ""Boy mowing lawn with text 'mowlawn' printed below."", ""reason_codes"": [""text_artifact""]}"
live:vocab:mumble,mumble,mumble,vocab,live,07_vocab-pack,production_asset,public/assets/07_vocab-pack/img/mumble.png,ART_REDO,"[""text_artifact""]","[""text_artifact""]",Boy covering mouth mumbling with text 'Mumble' printed below.,,audit/visual-assets/sheets/pending_visual/07-vocab-pack-vocab-icon-generated-128.jpg,,"{""asset_id"": ""live:vocab:mumble"", ""key"": ""mumble"", ""concept"": ""mumble"", ""source_bank"": ""07_vocab-pack"", ""source_role"": ""production_asset"", ""source_path"": ""public/assets/07_vocab-pack/img/mumble.png"", ""expected_asset_type"": ""vocab_icon"", ""expected_background_mode"": ""icon_image"", ""expected_concept_word"": ""mumble"", ""reviewed_from"": ""audit/visual-assets/sheets/pending_visual/07-vocab-pack-vocab-icon-generated-128.jpg"", ""decision_source"": ""audit/visual-assets/decisions-vocab-076-150.jsonl"", ""sha256"": ""41efc13132e139346cc8a86c094eff9137e84d9095d4eefb00df174256ba72d8"", ""bytes"": 42754, ""notes"": ""Boy covering mouth mumbling with text 'Mumble' printed below."", ""reason_codes"": [""text_artifact""]}"
live:vocab:musicalchairs,musicalchairs,musicalchairs,vocab,live,07_vocab-pack,production_asset,public/assets/07_vocab-pack/img/musicalchairs.png,ART_REDO,"[""text_artifact""]","[""text_artifact""]",Children playing game with text 'Musical Chairs' printed below.,,audit/visual-assets/sheets/pending_visual/07-vocab-pack-vocab-icon-generated-128.jpg,,"{""asset_id"": ""live:vocab:musicalchairs"", ""key"": ""musicalchairs"", ""concept"": ""musicalchairs"", ""source_bank"": ""07_vocab-pack"", ""source_role"": ""production_asset"", ""source_path"": ""public/assets/07_vocab-pack/img/musicalchairs.png"", ""expected_asset_type"": ""vocab_icon"", ""expected_background_mode"": ""icon_image"", ""expected_concept_word"": ""musicalchairs"", ""reviewed_from"": ""audit/visual-assets/sheets/pending_visual/07-vocab-pack-vocab-icon-generated-128.jpg"", ""decision_source"": ""audit/visual-assets/decisions-vocab-076-150.jsonl"", ""sha256"": ""72b3d41433a5e863fb6eeb82f1099f0633f7fcaba82eba4a5e45b212c78c2669"", ""bytes"": 59244, ""notes"": ""Children playing game with text 'Musical Chairs' printed below."", ""reason_codes"": [""text_artifact""]}"
live:vocab:mutter,mutter,mutter,vocab,live,07_vocab-pack,production_asset,public/assets/07_vocab-pack/img/mutter.png,ART_REDO,"[""text_artifact""]","[""text_artifact""]",Boy muttering with text 'Mutter' printed below.,,audit/visual-assets/sheets/pending_visual/07-vocab-pack-vocab-icon-generated-128.jpg,,"{""asset_id"": ""live:vocab:mutter"", ""key"": ""mutter"", ""concept"": ""mutter"", ""source_bank"": ""07_vocab-pack"", ""source_role"": ""production_asset"", ""source_path"": ""public/assets/07_vocab-pack/img/mutter.png"", ""expected_asset_type"": ""vocab_icon"", ""expected_background_mode"": ""icon_image"", ""expected_concept_word"": ""mutter"", ""reviewed_from"": ""audit/visual-assets/sheets/pending_visual/07-vocab-pack-vocab-icon-generated-128.jpg"", ""decision_source"": ""audit/visual-assets/decisions-vocab-076-150.jsonl"", ""sha256"": ""c969cc70d2428c81677f60ed7e171eac4ccba4ab03f900a800430f6118e51423"", ""bytes"": 28798, ""notes"": ""Boy muttering with text 'Mutter' printed below."", ""reason_codes"": [""text_artifact""]}"
live:vocab:naan,naan,naan,vocab,live,07_vocab-pack,production_asset,public/assets/07_vocab-pack/img/naan.png,ART_REDO,"[""wrong_concept""]","[""wrong_concept""]",Roll of white toilet paper / paper towel instead of naan flatbread.,,audit/visual-assets/sheets/pending_visual/07-vocab-pack-vocab-icon-generated-129.jpg,,"{""asset_id"": ""live:vocab:naan"", ""key"": ""naan"", ""concept"": ""naan"", ""source_bank"": ""07_vocab-pack"", ""source_role"": ""production_asset"", ""source_path"": ""public/assets/07_vocab-pack/img/naan.png"", ""expected_asset_type"": ""vocab_icon"", ""expected_background_mode"": ""icon_image"", ""expected_concept_word"": ""naan"", ""reviewed_from"": ""audit/visual-assets/sheets/pending_visual/07-vocab-pack-vocab-icon-generated-129.jpg"", ""decision_source"": ""audit/visual-assets/decisions-vocab-076-150.jsonl"", ""sha256"": ""6ffa705ad5bd06ff4d78ab84eb5f578accc32975e34459eba5ae82fa1d985971"", ""bytes"": 30825, ""notes"": ""Roll of white toilet paper / paper towel instead of naan flatbread."", ""reason_codes"": [""wrong_concept""]}"
live:vocab:nachos,nachos,nachos,vocab,live,07_vocab-pack,production_asset,public/assets/07_vocab-pack/img/nachos.png,ART_REDO,"[""wrong_concept""]","[""wrong_concept""]",White squeeze tube of cosmetic cream instead of tortilla nachos.,,audit/visual-assets/sheets/pending_visual/07-vocab-pack-vocab-icon-generated-129.jpg,,"{""asset_id"": ""live:vocab:nachos"", ""key"": ""nachos"", ""concept"": ""nachos"", ""source_bank"": ""07_vocab-pack"", ""source_role"": ""production_asset"", ""source_path"": ""public/assets/07_vocab-pack/img/nachos.png"", ""expected_asset_type"": ""vocab_icon"", ""expected_background_mode"": ""icon_image"", ""expected_concept_word"": ""nachos"", ""reviewed_from"": ""audit/visual-assets/sheets/pending_visual/07-vocab-pack-vocab-icon-generated-129.jpg"", ""decision_source"": ""audit/visual-assets/decisions-vocab-076-150.jsonl"", ""sha256"": ""4cae8b14716add7698495fc573b95c48b913f7d7f3cdf571384a71c9d1a92c9a"", ""bytes"": 22258, ""notes"": ""White squeeze tube of cosmetic cream instead of tortilla nachos."", ""reason_codes"": [""wrong_concept""]}"
live:vocab:navigate,navigate,navigate,vocab,live,07_vocab-pack,production_asset,public/assets/07_vocab-pack/img/navigate.png,ART_REDO,"[""text_artifact""]","[""text_artifact""]",Boy navigating trail with map and text 'Navigate' printed below.,,audit/visual-assets/sheets/pending_visual/07-vocab-pack-vocab-icon-generated-129.jpg,,"{""asset_id"": ""live:vocab:navigate"", ""key"": ""navigate"", ""concept"": ""navigate"", ""source_bank"": ""07_vocab-pack"", ""source_role"": ""production_asset"", ""source_path"": ""public/assets/07_vocab-pack/img/navigate.png"", ""expected_asset_type"": ""vocab_icon"", ""expected_background_mode"": ""icon_image"", ""expected_concept_word"": ""navigate"", ""reviewed_from"": ""audit/visual-assets/sheets/pending_visual/07-vocab-pack-vocab-icon-generated-129.jpg"", ""decision_source"": ""audit/visual-assets/decisions-vocab-076-150.jsonl"", ""sha256"": ""783406a921b457fa05121108c2c97687fc3095f5e41ba8a04f24ba1b961e08a8"", ""bytes"": 54545, ""notes"": ""Boy navigating trail with map and text 'Navigate' printed below."", ""reason_codes"": [""text_artifact""]}"
live:vocab:olive-slice,olive-slice,olive slice,vocab,live,07_vocab-pack,production_asset,public/assets/07_vocab-pack/img/olive-slice.png,ART_REDO,"[""wrong_concept""]","[""wrong_concept""]",Whole green bell pepper instead of an olive slice.,,audit/visual-assets/sheets/pending_visual/07-vocab-pack-vocab-icon-generated-133.jpg,,"{""asset_id"": ""live:vocab:olive-slice"", ""key"": ""olive-slice"", ""concept"": ""olive slice"", ""source_bank"": ""07_vocab-pack"", ""source_role"": ""production_asset"", ""source_path"": ""public/assets/07_vocab-pack/img/olive-slice.png"", ""expected_asset_type"": ""vocab_icon"", ""expected_background_mode"": ""icon_image"", ""expected_concept_word"": ""olive slice"", ""reviewed_from"": ""audit/visual-assets/sheets/pending_visual/07-vocab-pack-vocab-icon-generated-133.jpg"", ""decision_source"": ""audit/visual-assets/decisions-vocab-076-150.jsonl"", ""sha256"": ""1c04623998265f4e529310f7559e3b28904dc8c32bad23a90fe2fca6761964a1"", ""bytes"": 78314, ""notes"": ""Whole green bell pepper instead of an olive slice."", ""reason_codes"": [""wrong_concept""]}"
live:vocab:ollie,ollie,ollie,vocab,live,07_vocab-pack,production_asset,public/assets/07_vocab-pack/img/ollie.png,ART_REDO,"[""text_artifact""]","[""text_artifact""]",Skater performing an ollie with text 'ollie' printed below.,,audit/visual-assets/sheets/pending_visual/07-vocab-pack-vocab-icon-generated-133.jpg,,"{""asset_id"": ""live:vocab:ollie"", ""key"": ""ollie"", ""concept"": ""ollie"", ""source_bank"": ""07_vocab-pack"", ""source_role"": ""production_asset"", ""source_path"": ""public/assets/07_vocab-pack/img/ollie.png"", ""expected_asset_type"": ""vocab_icon"", ""expected_background_mode"": ""icon_image"", ""expected_concept_word"": ""ollie"", ""reviewed_from"": ""audit/visual-assets/sheets/pending_visual/07-vocab-pack-vocab-icon-generated-133.jpg"", ""decision_source"": ""audit/visual-assets/decisions-vocab-076-150.jsonl"", ""sha256"": ""913f6a6bdb5ed4fbb07960b6e41e372b976c098212cacf3b4ca9461a33dffb6c"", ""bytes"": 23296, ""notes"": ""Skater performing an ollie with text 'ollie' printed below."", ""reason_codes"": [""text_artifact""]}"
live:vocab:oppose,oppose,oppose,vocab,live,07_vocab-pack,production_asset,public/assets/07_vocab-pack/img/oppose.png,ART_REDO,"[""text_artifact""]","[""text_artifact""]",Boy pushing back rolling sphere with text 'oppose' printed below.,,audit/visual-assets/sheets/pending_visual/07-vocab-pack-vocab-icon-generated-134.jpg,,"{""asset_id"": ""live:vocab:oppose"", ""key"": ""oppose"", ""concept"": ""oppose"", ""source_bank"": ""07_vocab-pack"", ""source_role"": ""production_asset"", ""source_path"": ""public/assets/07_vocab-pack/img/oppose.png"", ""expected_asset_type"": ""vocab_icon"", ""expected_background_mode"": ""icon_image"", ""expected_concept_word"": ""oppose"", ""reviewed_from"": ""audit/visual-assets/sheets/pending_visual/07-vocab-pack-vocab-icon-generated-134.jpg"", ""decision_source"": ""audit/visual-assets/decisions-vocab-076-150.jsonl"", ""sha256"": ""a674d8b741cee0c31e7ff24f1383470bd688152d81c13ade01a43bc2289f43c2"", ""bytes"": 48368, ""notes"": ""Boy pushing back rolling sphere with text 'oppose' printed below."", ""reason_codes"": [""text_artifact""]}"
live:vocab:ostrich,ostrich,ostrich,vocab,live,07_vocab-pack,production_asset,public/assets/07_vocab-pack/img/ostrich.png,ART_REDO,"[""text_artifact""]","[""text_artifact""]",Ostrich bird standing with text 'Ostrich' printed below.,,audit/visual-assets/sheets/pending_visual/07-vocab-pack-vocab-icon-generated-135.jpg,,"{""asset_id"": ""live:vocab:ostrich"", ""key"": ""ostrich"", ""concept"": ""ostrich"", ""source_bank"": ""07_vocab-pack"", ""source_role"": ""production_asset"", ""source_path"": ""public/assets/07_vocab-pack/img/ostrich.png"", ""expected_asset_type"": ""vocab_icon"", ""expected_background_mode"": ""icon_image"", ""expected_concept_word"": ""ostrich"", ""reviewed_from"": ""audit/visual-assets/sheets/pending_visual/07-vocab-pack-vocab-icon-generated-135.jpg"", ""decision_source"": ""audit/visual-assets/decisions-vocab-076-150.jsonl"", ""sha256"": ""627f58a4b2496a56f8957f780ae2884627f760d7b27dcaba970b970257fe96e7"", ""bytes"": 67364, ""notes"": ""Ostrich bird standing with text 'Ostrich' printed below."", ""reason_codes"": [""text_artifact""]}"
live:vocab:outgrow,outgrow,outgrow,vocab,live,07_vocab-pack,production_asset,public/assets/07_vocab-pack/img/outgrow.png,ART_REDO,"[""text_artifact""]","[""text_artifact""]",Boy holding out small shirts with text 'Outgrow' printed below.,,audit/visual-assets/sheets/pending_visual/07-vocab-pack-vocab-icon-generated-135.jpg,,"{""asset_id"": ""live:vocab:outgrow"", ""key"": ""outgrow"", ""concept"": ""outgrow"", ""source_bank"": ""07_vocab-pack"", ""source_role"": ""production_asset"", ""source_path"": ""public/assets/07_vocab-pack/img/outgrow.png"", ""expected_asset_type"": ""vocab_icon"", ""expected_background_mode"": ""icon_image"", ""expected_concept_word"": ""outgrow"", ""reviewed_from"": ""audit/visual-assets/sheets/pending_visual/07-vocab-pack-vocab-icon-generated-135.jpg"", ""decision_source"": ""audit/visual-assets/decisions-vocab-076-150.jsonl"", ""sha256"": ""f431de89f3f1dcbb46dcf262b943213e7aa96b8c7a18d11b019bb39960a5ca73"", ""bytes"": 50141, ""notes"": ""Boy holding out small shirts with text 'Outgrow' printed below."", ""reason_codes"": [""text_artifact""]}"
live:vocab:overtake,overtake,overtake,vocab,live,07_vocab-pack,production_asset,public/assets/07_vocab-pack/img/overtake.png,ART_REDO,"[""text_artifact""]","[""text_artifact""]",Boy on bicycle overtaking friend with text 'Overtake' printed below.,,audit/visual-assets/sheets/pending_visual/07-vocab-pack-vocab-icon-generated-136.jpg,,"{""asset_id"": ""live:vocab:overtake"", ""key"": ""overtake"", ""concept"": ""overtake"", ""source_bank"": ""07_vocab-pack"", ""source_role"": ""production_asset"", ""source_path"": ""public/assets/07_vocab-pack/img/overtake.png"", ""expected_asset_type"": ""vocab_icon"", ""expected_background_mode"": ""icon_image"", ""expected_concept_word"": ""overtake"", ""reviewed_from"": ""audit/visual-assets/sheets/pending_visual/07-vocab-pack-vocab-icon-generated-136.jpg"", ""decision_source"": ""audit/visual-assets/decisions-vocab-076-150.jsonl"", ""sha256"": ""ba78e16ccd8f9b44f906ef11356ec6504ff8ab48217f79756c1099c905871481"", ""bytes"": 71577, ""notes"": ""Boy on bicycle overtaking friend with text 'Overtake' printed below."", ""reason_codes"": [""text_artifact""]}"
live:vocab:pair,pair,pair,vocab,live,07_vocab-pack,production_asset,public/assets/07_vocab-pack/img/pair.png,ART_REDO,"[""wrong_concept""]","[""wrong_concept""]","Girl watering potted plant; depicts watering/gardening, not a pair.",,audit/visual-assets/sheets/pending_visual/07-vocab-pack-vocab-icon-generated-137.jpg,,"{""asset_id"": ""live:vocab:pair"", ""key"": ""pair"", ""concept"": ""pair"", ""source_bank"": ""07_vocab-pack"", ""source_role"": ""production_asset"", ""source_path"": ""public/assets/07_vocab-pack/img/pair.png"", ""expected_asset_type"": ""vocab_icon"", ""expected_background_mode"": ""icon_image"", ""expected_concept_word"": ""pair"", ""reviewed_from"": ""audit/visual-assets/sheets/pending_visual/07-vocab-pack-vocab-icon-generated-137.jpg"", ""decision_source"": ""audit/visual-assets/decisions-vocab-076-150.jsonl"", ""sha256"": ""fa883ec8385e23660a4098b14180925d7b200dc6e970d9f013ec265c729049b2"", ""bytes"": 38417, ""notes"": ""Girl watering potted plant; depicts watering/gardening, not a pair."", ""reason_codes"": [""wrong_concept""]}"
live:vocab:paper,paper,paper,vocab,live,07_vocab-pack,production_asset,public/assets/07_vocab-pack/img/paper.png,ART_REDO,"[""blank"", ""wrong_concept""]","[""blank"", ""wrong_concept""]","Blank white canvas with two crosshair lines, no paper asset.",,audit/visual-assets/sheets/pending_visual/07-vocab-pack-vocab-icon-generated-138.jpg,,"{""asset_id"": ""live:vocab:paper"", ""key"": ""paper"", ""concept"": ""paper"", ""source_bank"": ""07_vocab-pack"", ""source_role"": ""production_asset"", ""source_path"": ""public/assets/07_vocab-pack/img/paper.png"", ""expected_asset_type"": ""vocab_icon"", ""expected_background_mode"": ""icon_image"", ""expected_concept_word"": ""paper"", ""reviewed_from"": ""audit/visual-assets/sheets/pending_visual/07-vocab-pack-vocab-icon-generated-138.jpg"", ""decision_source"": ""audit/visual-assets/decisions-vocab-076-150.jsonl"", ""sha256"": ""f6c91e08d2e9b91d6920d4634034c7a5f6cbe43608b70a595d5a4adb0a4893f5"", ""bytes"": 4454, ""notes"": ""Blank white canvas with two crosshair lines, no paper asset."", ""reason_codes"": [""blank"", ""wrong_concept""]}"
live:vocab:pearl,pearl,pearl,vocab,live,07_vocab-pack,production_asset,public/assets/07_vocab-pack/img/pearl.png,ART_REDO,"[""blank"", ""wrong_concept""]","[""blank"", ""wrong_concept""]","Blank white canvas with two crosshair lines, no pearl asset.",,audit/visual-assets/sheets/pending_visual/07-vocab-pack-vocab-icon-generated-141.jpg,,"{""asset_id"": ""live:vocab:pearl"", ""key"": ""pearl"", ""concept"": ""pearl"", ""source_bank"": ""07_vocab-pack"", ""source_role"": ""production_asset"", ""source_path"": ""public/assets/07_vocab-pack/img/pearl.png"", ""expected_asset_type"": ""vocab_icon"", ""expected_background_mode"": ""icon_image"", ""expected_concept_word"": ""pearl"", ""reviewed_from"": ""audit/visual-assets/sheets/pending_visual/07-vocab-pack-vocab-icon-generated-141.jpg"", ""decision_source"": ""audit/visual-assets/decisions-vocab-076-150.jsonl"", ""sha256"": ""ab7f40b94abbce863ca44fff5c019a8df2b8fe420ac1f745b54791c95cff4806"", ""bytes"": 4056, ""notes"": ""Blank white canvas with two crosshair lines, no pearl asset."", ""reason_codes"": [""blank"", ""wrong_concept""]}"
live:vocab:pelican,pelican,pelican,vocab,live,07_vocab-pack,production_asset,public/assets/07_vocab-pack/img/pelican.png,ART_REDO,"[""text_artifact""]","[""text_artifact""]",Pelican bird standing with text 'Pelican' printed below.,,audit/visual-assets/sheets/pending_visual/07-vocab-pack-vocab-icon-generated-141.jpg,,"{""asset_id"": ""live:vocab:pelican"", ""key"": ""pelican"", ""concept"": ""pelican"", ""source_bank"": ""07_vocab-pack"", ""source_role"": ""production_asset"", ""source_path"": ""public/assets/07_vocab-pack/img/pelican.png"", ""expected_asset_type"": ""vocab_icon"", ""expected_background_mode"": ""icon_image"", ""expected_concept_word"": ""pelican"", ""reviewed_from"": ""audit/visual-assets/sheets/pending_visual/07-vocab-pack-vocab-icon-generated-141.jpg"", ""decision_source"": ""audit/visual-assets/decisions-vocab-076-150.jsonl"", ""sha256"": ""14ed310ff9f2b5bcfd3a1595679c15f8ef7bccedd291bb32c5ba46452a4f3f7e"", ""bytes"": 22934, ""notes"": ""Pelican bird standing with text 'Pelican' printed below."", ""reason_codes"": [""text_artifact""]}"
live:vocab:pineapple-ring,pineapple-ring,pineapple ring,vocab,live,07_vocab-pack,production_asset,public/assets/07_vocab-pack/img/pineapple-ring.png,ART_REDO,"[""wrong_concept""]","[""wrong_concept""]",Shredded noodles/cheese shavings instead of pineapple rings.,,audit/visual-assets/sheets/pending_visual/07-vocab-pack-vocab-icon-generated-145.jpg,,"{""asset_id"": ""live:vocab:pineapple-ring"", ""key"": ""pineapple-ring"", ""concept"": ""pineapple ring"", ""source_bank"": ""07_vocab-pack"", ""source_role"": ""production_asset"", ""source_path"": ""public/assets/07_vocab-pack/img/pineapple-ring.png"", ""expected_asset_type"": ""vocab_icon"", ""expected_background_mode"": ""icon_image"", ""expected_concept_word"": ""pineapple ring"", ""reviewed_from"": ""audit/visual-assets/sheets/pending_visual/07-vocab-pack-vocab-icon-generated-145.jpg"", ""decision_source"": ""audit/visual-assets/decisions-vocab-076-150.jsonl"", ""sha256"": ""8b76cb82f5b7b39f3e2c5123b8eac129d4c9d55e113ab61b4f8890f479306810"", ""bytes"": 87279, ""notes"": ""Shredded noodles/cheese shavings instead of pineapple rings."", ""reason_codes"": [""wrong_concept""]}"
live:vocab:pivot,pivot,pivot,vocab,live,07_vocab-pack,production_asset,public/assets/07_vocab-pack/img/pivot.png,ART_REDO,"[""text_artifact""]","[""text_artifact""]",Basketball player pivoting on court with text 'pivot' printed below.,,audit/visual-assets/sheets/pending_visual/07-vocab-pack-vocab-icon-generated-145.jpg,,"{""asset_id"": ""live:vocab:pivot"", ""key"": ""pivot"", ""concept"": ""pivot"", ""source_bank"": ""07_vocab-pack"", ""source_role"": ""production_asset"", ""source_path"": ""public/assets/07_vocab-pack/img/pivot.png"", ""expected_asset_type"": ""vocab_icon"", ""expected_background_mode"": ""icon_image"", ""expected_concept_word"": ""pivot"", ""reviewed_from"": ""audit/visual-assets/sheets/pending_visual/07-vocab-pack-vocab-icon-generated-145.jpg"", ""decision_source"": ""audit/visual-assets/decisions-vocab-076-150.jsonl"", ""sha256"": ""1301ea761e0ffbc365c2d2765985034d74413b49b5a08acf72d7c83eca4e7b43"", ""bytes"": 48055, ""notes"": ""Basketball player pivoting on court with text 'pivot' printed below."", ""reason_codes"": [""text_artifact""]}"
live:vocab:pizza-box,pizza-box,pizza box,vocab,live,07_vocab-pack,production_asset,public/assets/07_vocab-pack/img/pizza-box.png,ART_REDO,"[""wrong_concept""]","[""wrong_concept""]",Black olive slices instead of a pizza box.,,audit/visual-assets/sheets/pending_visual/07-vocab-pack-vocab-icon-generated-145.jpg,,"{""asset_id"": ""live:vocab:pizza-box"", ""key"": ""pizza-box"", ""concept"": ""pizza box"", ""source_bank"": ""07_vocab-pack"", ""source_role"": ""production_asset"", ""source_path"": ""public/assets/07_vocab-pack/img/pizza-box.png"", ""expected_asset_type"": ""vocab_icon"", ""expected_background_mode"": ""icon_image"", ""expected_concept_word"": ""pizza box"", ""reviewed_from"": ""audit/visual-assets/sheets/pending_visual/07-vocab-pack-vocab-icon-generated-145.jpg"", ""decision_source"": ""audit/visual-assets/decisions-vocab-076-150.jsonl"", ""sha256"": ""0c4bfe4f6640d7255b00c3c8a2563f1c8e5e4f1c008e7f768bb359a5228ab67a"", ""bytes"": 82793, ""notes"": ""Black olive slices instead of a pizza box."", ""reason_codes"": [""wrong_concept""]}"
live:vocab:pizza-cutter,pizza-cutter,pizza cutter,vocab,live,07_vocab-pack,production_asset,public/assets/07_vocab-pack/img/pizza-cutter.png,ART_REDO,"[""wrong_concept""]","[""wrong_concept""]",Cardboard takeout pizza box instead of a pizza cutter tool.,,audit/visual-assets/sheets/pending_visual/07-vocab-pack-vocab-icon-generated-145.jpg,,"{""asset_id"": ""live:vocab:pizza-cutter"", ""key"": ""pizza-cutter"", ""concept"": ""pizza cutter"", ""source_bank"": ""07_vocab-pack"", ""source_role"": ""production_asset"", ""source_path"": ""public/assets/07_vocab-pack/img/pizza-cutter.png"", ""expected_asset_type"": ""vocab_icon"", ""expected_background_mode"": ""icon_image"", ""expected_concept_word"": ""pizza cutter"", ""reviewed_from"": ""audit/visual-assets/sheets/pending_visual/07-vocab-pack-vocab-icon-generated-145.jpg"", ""decision_source"": ""audit/visual-assets/decisions-vocab-076-150.jsonl"", ""sha256"": ""bcbfb191db2046a0a8b7e671cf8fb72bd944c7af2bdcc7f212c93d50535d72b3"", ""bytes"": 68697, ""notes"": ""Cardboard takeout pizza box instead of a pizza cutter tool."", ""reason_codes"": [""wrong_concept""]}"
live:vocab:playground,playground,playground,vocab,live,07_vocab-pack,production_asset,public/assets/07_vocab-pack/img/playground.png,ART_REDO,"[""text_artifact""]","[""text_artifact""]",Playground slide with ladder and text 'Playground' printed below.,,audit/visual-assets/sheets/pending_visual/07-vocab-pack-vocab-icon-generated-147.jpg,,"{""asset_id"": ""live:vocab:playground"", ""key"": ""playground"", ""concept"": ""playground"", ""source_bank"": ""07_vocab-pack"", ""source_role"": ""production_asset"", ""source_path"": ""public/assets/07_vocab-pack/img/playground.png"", ""expected_asset_type"": ""vocab_icon"", ""expected_background_mode"": ""icon_image"", ""expected_concept_word"": ""playground"", ""reviewed_from"": ""audit/visual-assets/sheets/pending_visual/07-vocab-pack-vocab-icon-generated-147.jpg"", ""decision_source"": ""audit/visual-assets/decisions-vocab-076-150.jsonl"", ""sha256"": ""63b835e095cc3288643e99d5aa5e2c41bd287787ddd54909ccf37479c6d58690"", ""bytes"": 33591, ""notes"": ""Playground slide with ladder and text 'Playground' printed below."", ""reason_codes"": [""text_artifact""]}"
live:vocab:pole,pole,pole,vocab,live,07_vocab-pack,production_asset,public/assets/07_vocab-pack/img/pole.png,ART_REDO,"[""text_artifact""]","[""text_artifact""]",Red vertical pole with mounts and text 'Pole' printed below.,,audit/visual-assets/sheets/pending_visual/07-vocab-pack-vocab-icon-generated-148.jpg,,"{""asset_id"": ""live:vocab:pole"", ""key"": ""pole"", ""concept"": ""pole"", ""source_bank"": ""07_vocab-pack"", ""source_role"": ""production_asset"", ""source_path"": ""public/assets/07_vocab-pack/img/pole.png"", ""expected_asset_type"": ""vocab_icon"", ""expected_background_mode"": ""icon_image"", ""expected_concept_word"": ""pole"", ""reviewed_from"": ""audit/visual-assets/sheets/pending_visual/07-vocab-pack-vocab-icon-generated-148.jpg"", ""decision_source"": ""audit/visual-assets/decisions-vocab-076-150.jsonl"", ""sha256"": ""51bd56d5937b4805141da8b4747d6b8765ba0372297dd35b545ac991c0fe146f"", ""bytes"": 12160, ""notes"": ""Red vertical pole with mounts and text 'Pole' printed below."", ""reason_codes"": [""text_artifact""]}"
live:vocab:pretzel,pretzel,pretzel,vocab,live,07_vocab-pack,production_asset,public/assets/07_vocab-pack/img/pretzel.png,ART_REDO,"[""generation_artifact""]","[""generation_artifact""]",Contains duplicate slice artifact on right border.,,audit/visual-assets/sheets/pending_visual/07-vocab-pack-vocab-icon-generated-151.jpg,,"{""asset_id"": ""live:vocab:pretzel"", ""key"": ""pretzel"", ""concept"": ""pretzel"", ""source_bank"": ""07_vocab-pack"", ""source_role"": ""production_asset"", ""source_path"": ""public/assets/07_vocab-pack/img/pretzel.png"", ""expected_asset_type"": ""vocab_icon"", ""expected_background_mode"": ""icon_image"", ""expected_concept_word"": ""pretzel"", ""reviewed_from"": ""audit/visual-assets/sheets/pending_visual/07-vocab-pack-vocab-icon-generated-151.jpg"", ""decision_source"": ""audit/visual-assets/decisions-vocab-151-225.jsonl"", ""sha256"": ""845d80480a04c890d0be8c2a39323b19cb821c369c59ffa18e7db8e17f646363"", ""bytes"": 23623, ""notes"": ""Contains duplicate slice artifact on right border."", ""reason_codes"": [""generation_artifact""]}"
live:vocab:process,process,process,vocab,live,07_vocab-pack,production_asset,public/assets/07_vocab-pack/img/process.png,ART_REDO,"[""text_artifact""]","[""text_artifact""]",Contains baked-in text label 'process' below vegetables.,,audit/visual-assets/sheets/pending_visual/07-vocab-pack-vocab-icon-generated-152.jpg,,"{""asset_id"": ""live:vocab:process"", ""key"": ""process"", ""concept"": ""process"", ""source_bank"": ""07_vocab-pack"", ""source_role"": ""production_asset"", ""source_path"": ""public/assets/07_vocab-pack/img/process.png"", ""expected_asset_type"": ""vocab_icon"", ""expected_background_mode"": ""icon_image"", ""expected_concept_word"": ""process"", ""reviewed_from"": ""audit/visual-assets/sheets/pending_visual/07-vocab-pack-vocab-icon-generated-152.jpg"", ""decision_source"": ""audit/visual-assets/decisions-vocab-151-225.jsonl"", ""sha256"": ""722721a18144cb06308932afff7b8e00944351cfb80dc41042a5075a23a3adf8"", ""bytes"": 46835, ""notes"": ""Contains baked-in text label 'process' below vegetables."", ""reason_codes"": [""text_artifact""]}"
live:vocab:project,project,project,vocab,live,07_vocab-pack,production_asset,public/assets/07_vocab-pack/img/project.png,ART_REDO,"[""text_artifact""]","[""text_artifact""]",Contains baked-in text label 'project' at bottom.,,audit/visual-assets/sheets/pending_visual/07-vocab-pack-vocab-icon-generated-152.jpg,,"{""asset_id"": ""live:vocab:project"", ""key"": ""project"", ""concept"": ""project"", ""source_bank"": ""07_vocab-pack"", ""source_role"": ""production_asset"", ""source_path"": ""public/assets/07_vocab-pack/img/project.png"", ""expected_asset_type"": ""vocab_icon"", ""expected_background_mode"": ""icon_image"", ""expected_concept_word"": ""project"", ""reviewed_from"": ""audit/visual-assets/sheets/pending_visual/07-vocab-pack-vocab-icon-generated-152.jpg"", ""decision_source"": ""audit/visual-assets/decisions-vocab-151-225.jsonl"", ""sha256"": ""7b765e8d8c9a118ab2e53f7593fda0ac4724f0f17622a42213beee9c1bd6ba9d"", ""bytes"": 30587, ""notes"": ""Contains baked-in text label 'project' at bottom."", ""reason_codes"": [""text_artifact""]}"
live:vocab:puree,puree,puree,vocab,live,07_vocab-pack,production_asset,public/assets/07_vocab-pack/img/puree.png,ART_REDO,"[""text_artifact""]","[""text_artifact""]",Contains baked-in text label 'puree' above soup pot.,,audit/visual-assets/sheets/pending_visual/07-vocab-pack-vocab-icon-generated-154.jpg,,"{""asset_id"": ""live:vocab:puree"", ""key"": ""puree"", ""concept"": ""puree"", ""source_bank"": ""07_vocab-pack"", ""source_role"": ""production_asset"", ""source_path"": ""public/assets/07_vocab-pack/img/puree.png"", ""expected_asset_type"": ""vocab_icon"", ""expected_background_mode"": ""icon_image"", ""expected_concept_word"": ""puree"", ""reviewed_from"": ""audit/visual-assets/sheets/pending_visual/07-vocab-pack-vocab-icon-generated-154.jpg"", ""decision_source"": ""audit/visual-assets/decisions-vocab-151-225.jsonl"", ""sha256"": ""349c6c27d4c2c9ba9f807f8e16b9dcb0294e76da8b90f76b32d19434ffcda96d"", ""bytes"": 74834, ""notes"": ""Contains baked-in text label 'puree' above soup pot."", ""reason_codes"": [""text_artifact""]}"
live:vocab:quit,quit,quit,vocab,live,07_vocab-pack,production_asset,public/assets/07_vocab-pack/img/quit.png,ART_REDO,"[""text_artifact""]","[""text_artifact""]",Contains baked-in text label 'quit' below game controller.,,audit/visual-assets/sheets/pending_visual/07-vocab-pack-vocab-icon-generated-155.jpg,,"{""asset_id"": ""live:vocab:quit"", ""key"": ""quit"", ""concept"": ""quit"", ""source_bank"": ""07_vocab-pack"", ""source_role"": ""production_asset"", ""source_path"": ""public/assets/07_vocab-pack/img/quit.png"", ""expected_asset_type"": ""vocab_icon"", ""expected_background_mode"": ""icon_image"", ""expected_concept_word"": ""quit"", ""reviewed_from"": ""audit/visual-assets/sheets/pending_visual/07-vocab-pack-vocab-icon-generated-155.jpg"", ""decision_source"": ""audit/visual-assets/decisions-vocab-151-225.jsonl"", ""sha256"": ""2e164dab96649d15d303ee1df4f141ea77c2d42cfd8c237ab69e0c79fc1d817c"", ""bytes"": 36067, ""notes"": ""Contains baked-in text label 'quit' below game controller."", ""reason_codes"": [""text_artifact""]}"
live:vocab:raisehand,raisehand,raisehand,vocab,live,07_vocab-pack,production_asset,public/assets/07_vocab-pack/img/raisehand.png,ART_REDO,"[""text_artifact""]","[""text_artifact""]",Contains baked-in text label 'raisehand' at bottom.,,audit/visual-assets/sheets/pending_visual/07-vocab-pack-vocab-icon-generated-156.jpg,,"{""asset_id"": ""live:vocab:raisehand"", ""key"": ""raisehand"", ""concept"": ""raisehand"", ""source_bank"": ""07_vocab-pack"", ""source_role"": ""production_asset"", ""source_path"": ""public/assets/07_vocab-pack/img/raisehand.png"", ""expected_asset_type"": ""vocab_icon"", ""expected_background_mode"": ""icon_image"", ""expected_concept_word"": ""raisehand"", ""reviewed_from"": ""audit/visual-assets/sheets/pending_visual/07-vocab-pack-vocab-icon-generated-156.jpg"", ""decision_source"": ""audit/visual-assets/decisions-vocab-151-225.jsonl"", ""sha256"": ""1359451a447f5e827da433592b74fedfd8b3cf8ed05ee79122c86e2c9b51a09f"", ""bytes"": 42050, ""notes"": ""Contains baked-in text label 'raisehand' at bottom."", ""reason_codes"": [""text_artifact""]}"
live:vocab:rakeleaf,rakeleaf,rakeleaf,vocab,live,07_vocab-pack,production_asset,public/assets/07_vocab-pack/img/rakeleaf.png,ART_REDO,"[""text_artifact""]","[""text_artifact""]",Contains baked-in text label 'rakeleaf' at bottom.,,audit/visual-assets/sheets/pending_visual/07-vocab-pack-vocab-icon-generated-157.jpg,,"{""asset_id"": ""live:vocab:rakeleaf"", ""key"": ""rakeleaf"", ""concept"": ""rakeleaf"", ""source_bank"": ""07_vocab-pack"", ""source_role"": ""production_asset"", ""source_path"": ""public/assets/07_vocab-pack/img/rakeleaf.png"", ""expected_asset_type"": ""vocab_icon"", ""expected_background_mode"": ""icon_image"", ""expected_concept_word"": ""rakeleaf"", ""reviewed_from"": ""audit/visual-assets/sheets/pending_visual/07-vocab-pack-vocab-icon-generated-157.jpg"", ""decision_source"": ""audit/visual-assets/decisions-vocab-151-225.jsonl"", ""sha256"": ""52ae86503df3e15e23eaf40b3c9c8dc648b8d83d65e058d51b2f484d35425440"", ""bytes"": 42846, ""notes"": ""Contains baked-in text label 'rakeleaf' at bottom."", ""reason_codes"": [""text_artifact""]}"
live:vocab:rebel,rebel,rebel,vocab,live,07_vocab-pack,production_asset,public/assets/07_vocab-pack/img/rebel.png,ART_REDO,"[""text_artifact""]","[""text_artifact""]",Contains baked-in text label 'rebel' at bottom.,,audit/visual-assets/sheets/pending_visual/07-vocab-pack-vocab-icon-generated-158.jpg,,"{""asset_id"": ""live:vocab:rebel"", ""key"": ""rebel"", ""concept"": ""rebel"", ""source_bank"": ""07_vocab-pack"", ""source_role"": ""production_asset"", ""source_path"": ""public/assets/07_vocab-pack/img/rebel.png"", ""expected_asset_type"": ""vocab_icon"", ""expected_background_mode"": ""icon_image"", ""expected_concept_word"": ""rebel"", ""reviewed_from"": ""audit/visual-assets/sheets/pending_visual/07-vocab-pack-vocab-icon-generated-158.jpg"", ""decision_source"": ""audit/visual-assets/decisions-vocab-151-225.jsonl"", ""sha256"": ""e1a7b1566b6ade45f56f2303cd9a7bb853b76f4c8bcd7c9851859f5f5bc91688"", ""bytes"": 49554, ""notes"": ""Contains baked-in text label 'rebel' at bottom."", ""reason_codes"": [""text_artifact""]}"
live:vocab:reduce,reduce,reduce,vocab,live,07_vocab-pack,production_asset,public/assets/07_vocab-pack/img/reduce.png,ART_REDO,"[""text_artifact""]","[""text_artifact""]",Contains baked-in text label 'reduce' at bottom.,,audit/visual-assets/sheets/pending_visual/07-vocab-pack-vocab-icon-generated-159.jpg,,"{""asset_id"": ""live:vocab:reduce"", ""key"": ""reduce"", ""concept"": ""reduce"", ""source_bank"": ""07_vocab-pack"", ""source_role"": ""production_asset"", ""source_path"": ""public/assets/07_vocab-pack/img/reduce.png"", ""expected_asset_type"": ""vocab_icon"", ""expected_background_mode"": ""icon_image"", ""expected_concept_word"": ""reduce"", ""reviewed_from"": ""audit/visual-assets/sheets/pending_visual/07-vocab-pack-vocab-icon-generated-159.jpg"", ""decision_source"": ""audit/visual-assets/decisions-vocab-151-225.jsonl"", ""sha256"": ""1a2606dfe8d73dd8eafa99b2272d01be805ca3f8439b777572c9c62ac79ff125"", ""bytes"": 41237, ""notes"": ""Contains baked-in text label 'reduce' at bottom."", ""reason_codes"": [""text_artifact""]}"
live:vocab:remind,remind,remind,vocab,live,07_vocab-pack,production_asset,public/assets/07_vocab-pack/img/remind.png,ART_REDO,"[""text_artifact""]","[""text_artifact""]",Contains baked-in text label 'remind' at bottom.,,audit/visual-assets/sheets/pending_visual/07-vocab-pack-vocab-icon-generated-160.jpg,,"{""asset_id"": ""live:vocab:remind"", ""key"": ""remind"", ""concept"": ""remind"", ""source_bank"": ""07_vocab-pack"", ""source_role"": ""production_asset"", ""source_path"": ""public/assets/07_vocab-pack/img/remind.png"", ""expected_asset_type"": ""vocab_icon"", ""expected_background_mode"": ""icon_image"", ""expected_concept_word"": ""remind"", ""reviewed_from"": ""audit/visual-assets/sheets/pending_visual/07-vocab-pack-vocab-icon-generated-160.jpg"", ""decision_source"": ""audit/visual-assets/decisions-vocab-151-225.jsonl"", ""sha256"": ""d91a728ebd41acb836f899b72eb4164affc8f919d0d8ef35ee59341f3e20e7a0"", ""bytes"": 53722, ""notes"": ""Contains baked-in text label 'remind' at bottom."", ""reason_codes"": [""text_artifact""]}"
live:vocab:repeat,repeat,repeat,vocab,live,07_vocab-pack,production_asset,public/assets/07_vocab-pack/img/repeat.png,ART_REDO,"[""text_artifact""]","[""text_artifact""]",Contains baked-in text label 'repeat' at bottom.,,audit/visual-assets/sheets/pending_visual/07-vocab-pack-vocab-icon-generated-160.jpg,,"{""asset_id"": ""live:vocab:repeat"", ""key"": ""repeat"", ""concept"": ""repeat"", ""source_bank"": ""07_vocab-pack"", ""source_role"": ""production_asset"", ""source_path"": ""public/assets/07_vocab-pack/img/repeat.png"", ""expected_asset_type"": ""vocab_icon"", ""expected_background_mode"": ""icon_image"", ""expected_concept_word"": ""repeat"", ""reviewed_from"": ""audit/visual-assets/sheets/pending_visual/07-vocab-pack-vocab-icon-generated-160.jpg"", ""decision_source"": ""audit/visual-assets/decisions-vocab-151-225.jsonl"", ""sha256"": ""82442bc413b30993f6d038290e4daae22da8be38768849b9ca42777840c43555"", ""bytes"": 60032, ""notes"": ""Contains baked-in text label 'repeat' at bottom."", ""reason_codes"": [""text_artifact""]}"
live:vocab:rescue,rescue,rescue,vocab,live,07_vocab-pack,production_asset,public/assets/07_vocab-pack/img/rescue.png,ART_REDO,"[""text_artifact""]","[""text_artifact""]",Contains baked-in text label 'Rescue' under life preserver.,,audit/visual-assets/sheets/pending_visual/07-vocab-pack-vocab-icon-generated-161.jpg,,"{""asset_id"": ""live:vocab:rescue"", ""key"": ""rescue"", ""concept"": ""rescue"", ""source_bank"": ""07_vocab-pack"", ""source_role"": ""production_asset"", ""source_path"": ""public/assets/07_vocab-pack/img/rescue.png"", ""expected_asset_type"": ""vocab_icon"", ""expected_background_mode"": ""icon_image"", ""expected_concept_word"": ""rescue"", ""reviewed_from"": ""audit/visual-assets/sheets/pending_visual/07-vocab-pack-vocab-icon-generated-161.jpg"", ""decision_source"": ""audit/visual-assets/decisions-vocab-151-225.jsonl"", ""sha256"": ""59a23805ae27965cbcaf5ccf0050b12a9ebab362ca971984a7206a6b9735f3e3"", ""bytes"": 56967, ""notes"": ""Contains baked-in text label 'Rescue' under life preserver."", ""reason_codes"": [""text_artifact""]}"
live:vocab:retire,retire,retire,vocab,live,07_vocab-pack,production_asset,public/assets/07_vocab-pack/img/retire.png,ART_REDO,"[""text_artifact""]","[""text_artifact""]",Contains baked-in text label 'retire' at bottom.,,audit/visual-assets/sheets/pending_visual/07-vocab-pack-vocab-icon-generated-162.jpg,,"{""asset_id"": ""live:vocab:retire"", ""key"": ""retire"", ""concept"": ""retire"", ""source_bank"": ""07_vocab-pack"", ""source_role"": ""production_asset"", ""source_path"": ""public/assets/07_vocab-pack/img/retire.png"", ""expected_asset_type"": ""vocab_icon"", ""expected_background_mode"": ""icon_image"", ""expected_concept_word"": ""retire"", ""reviewed_from"": ""audit/visual-assets/sheets/pending_visual/07-vocab-pack-vocab-icon-generated-162.jpg"", ""decision_source"": ""audit/visual-assets/decisions-vocab-151-225.jsonl"", ""sha256"": ""0decb8d88a979922bf3e8261b0493e426abee70df48d9083790b919df38bc246"", ""bytes"": 58064, ""notes"": ""Contains baked-in text label 'retire' at bottom."", ""reason_codes"": [""text_artifact""]}"
live:vocab:robotdance,robotdance,robotdance,vocab,live,07_vocab-pack,production_asset,public/assets/07_vocab-pack/img/robotdance.png,ART_REDO,"[""text_artifact""]","[""text_artifact""]",Contains baked-in text label 'Robotdance' at bottom.,,audit/visual-assets/sheets/pending_visual/07-vocab-pack-vocab-icon-generated-164.jpg,,"{""asset_id"": ""live:vocab:robotdance"", ""key"": ""robotdance"", ""concept"": ""robotdance"", ""source_bank"": ""07_vocab-pack"", ""source_role"": ""production_asset"", ""source_path"": ""public/assets/07_vocab-pack/img/robotdance.png"", ""expected_asset_type"": ""vocab_icon"", ""expected_background_mode"": ""icon_image"", ""expected_concept_word"": ""robotdance"", ""reviewed_from"": ""audit/visual-assets/sheets/pending_visual/07-vocab-pack-vocab-icon-generated-164.jpg"", ""decision_source"": ""audit/visual-assets/decisions-vocab-151-225.jsonl"", ""sha256"": ""476e63998ceef24b308d3e8d2d2ec53ddcfa72b935a7b89d78ac0d84e6988eb7"", ""bytes"": 35563, ""notes"": ""Contains baked-in text label 'Robotdance' at bottom."", ""reason_codes"": [""text_artifact""]}"
live:vocab:rolldice,rolldice,rolldice,vocab,live,07_vocab-pack,production_asset,public/assets/07_vocab-pack/img/rolldice.png,ART_REDO,"[""text_artifact""]","[""text_artifact""]",Contains baked-in text label 'Roll Dice' at bottom.,,audit/visual-assets/sheets/pending_visual/07-vocab-pack-vocab-icon-generated-164.jpg,,"{""asset_id"": ""live:vocab:rolldice"", ""key"": ""rolldice"", ""concept"": ""rolldice"", ""source_bank"": ""07_vocab-pack"", ""source_role"": ""production_asset"", ""source_path"": ""public/assets/07_vocab-pack/img/rolldice.png"", ""expected_asset_type"": ""vocab_icon"", ""expected_background_mode"": ""icon_image"", ""expected_concept_word"": ""rolldice"", ""reviewed_from"": ""audit/visual-assets/sheets/pending_visual/07-vocab-pack-vocab-icon-generated-164.jpg"", ""decision_source"": ""audit/visual-assets/decisions-vocab-151-225.jsonl"", ""sha256"": ""b7608ab9ebbb211afdc1f6eef005ec34eb4e163cff516466e14c2fdd61838c00"", ""bytes"": 32639, ""notes"": ""Contains baked-in text label 'Roll Dice' at bottom."", ""reason_codes"": [""text_artifact""]}"
live:vocab:scamper,scamper,scamper,vocab,live,07_vocab-pack,production_asset,public/assets/07_vocab-pack/img/scamper.png,ART_REDO,"[""text_artifact""]","[""text_artifact""]",Contains baked-in text label 'scamper' at bottom.,,audit/visual-assets/sheets/pending_visual/07-vocab-pack-vocab-icon-generated-168.jpg,,"{""asset_id"": ""live:vocab:scamper"", ""key"": ""scamper"", ""concept"": ""scamper"", ""source_bank"": ""07_vocab-pack"", ""source_role"": ""production_asset"", ""source_path"": ""public/assets/07_vocab-pack/img/scamper.png"", ""expected_asset_type"": ""vocab_icon"", ""expected_background_mode"": ""icon_image"", ""expected_concept_word"": ""scamper"", ""reviewed_from"": ""audit/visual-assets/sheets/pending_visual/07-vocab-pack-vocab-icon-generated-168.jpg"", ""decision_source"": ""audit/visual-assets/decisions-vocab-151-225.jsonl"", ""sha256"": ""023b61b006c9871e6df7be6f26e3cb8d121c1068be4db2edd16c3a03fba72c02"", ""bytes"": 45558, ""notes"": ""Contains baked-in text label 'scamper' at bottom."", ""reason_codes"": [""text_artifact""]}"
live:vocab:scurry,scurry,scurry,vocab,live,07_vocab-pack,production_asset,public/assets/07_vocab-pack/img/scurry.png,ART_REDO,"[""text_artifact""]","[""text_artifact""]",Contains baked-in text label 'scurry' under mouse.,,audit/visual-assets/sheets/pending_visual/07-vocab-pack-vocab-icon-generated-170.jpg,,"{""asset_id"": ""live:vocab:scurry"", ""key"": ""scurry"", ""concept"": ""scurry"", ""source_bank"": ""07_vocab-pack"", ""source_role"": ""production_asset"", ""source_path"": ""public/assets/07_vocab-pack/img/scurry.png"", ""expected_asset_type"": ""vocab_icon"", ""expected_background_mode"": ""icon_image"", ""expected_concept_word"": ""scurry"", ""reviewed_from"": ""audit/visual-assets/sheets/pending_visual/07-vocab-pack-vocab-icon-generated-170.jpg"", ""decision_source"": ""audit/visual-assets/decisions-vocab-151-225.jsonl"", ""sha256"": ""524782307c769cee89d4eaed07f0459607d02c292fc4fb8d9931baf9b5f8a2f7"", ""bytes"": 48153, ""notes"": ""Contains baked-in text label 'scurry' under mouse."", ""reason_codes"": [""text_artifact""]}"
live:vocab:scuttle,scuttle,scuttle,vocab,live,07_vocab-pack,production_asset,public/assets/07_vocab-pack/img/scuttle.png,ART_REDO,"[""text_artifact""]","[""text_artifact""]",Contains baked-in text label 'scuttle' under crab.,,audit/visual-assets/sheets/pending_visual/07-vocab-pack-vocab-icon-generated-171.jpg,,"{""asset_id"": ""live:vocab:scuttle"", ""key"": ""scuttle"", ""concept"": ""scuttle"", ""source_bank"": ""07_vocab-pack"", ""source_role"": ""production_asset"", ""source_path"": ""public/assets/07_vocab-pack/img/scuttle.png"", ""expected_asset_type"": ""vocab_icon"", ""expected_background_mode"": ""icon_image"", ""expected_concept_word"": ""scuttle"", ""reviewed_from"": ""audit/visual-assets/sheets/pending_visual/07-vocab-pack-vocab-icon-generated-171.jpg"", ""decision_source"": ""audit/visual-assets/decisions-vocab-151-225.jsonl"", ""sha256"": ""a74f7a720529fdff4a7d2128e7b36c5650aad4714441809d2e904206542ee15c"", ""bytes"": 60849, ""notes"": ""Contains baked-in text label 'scuttle' under crab."", ""reason_codes"": [""text_artifact""]}"
live:vocab:seedplant,seedplant,seedplant,vocab,live,07_vocab-pack,production_asset,public/assets/07_vocab-pack/img/seedplant.png,ART_REDO,"[""text_artifact""]","[""text_artifact""]",Contains baked-in text label 'seedplant' under boy planting.,,audit/visual-assets/sheets/pending_visual/07-vocab-pack-vocab-icon-generated-172.jpg,,"{""asset_id"": ""live:vocab:seedplant"", ""key"": ""seedplant"", ""concept"": ""seedplant"", ""source_bank"": ""07_vocab-pack"", ""source_role"": ""production_asset"", ""source_path"": ""public/assets/07_vocab-pack/img/seedplant.png"", ""expected_asset_type"": ""vocab_icon"", ""expected_background_mode"": ""icon_image"", ""expected_concept_word"": ""seedplant"", ""reviewed_from"": ""audit/visual-assets/sheets/pending_visual/07-vocab-pack-vocab-icon-generated-172.jpg"", ""decision_source"": ""audit/visual-assets/decisions-vocab-151-225.jsonl"", ""sha256"": ""b24c553ae3f3e21aa9a42e1009027d9bcb170ed8f78674204a3c55b544779274"", ""bytes"": 43539, ""notes"": ""Contains baked-in text label 'seedplant' under boy planting."", ""reason_codes"": [""text_artifact""]}"
live:vocab:sesame-ball,sesame-ball,sesame ball,vocab,live,07_vocab-pack,production_asset,public/assets/07_vocab-pack/img/sesame-ball.png,ART_REDO,"[""edge_cutoff"", ""generation_artifact""]","[""edge_cutoff"", ""generation_artifact""]",Cropped at top edge with detached bottom piece; broken generation.,,audit/visual-assets/sheets/pending_visual/07-vocab-pack-vocab-icon-generated-173.jpg,,"{""asset_id"": ""live:vocab:sesame-ball"", ""key"": ""sesame-ball"", ""concept"": ""sesame ball"", ""source_bank"": ""07_vocab-pack"", ""source_role"": ""production_asset"", ""source_path"": ""public/assets/07_vocab-pack/img/sesame-ball.png"", ""expected_asset_type"": ""vocab_icon"", ""expected_background_mode"": ""icon_image"", ""expected_concept_word"": ""sesame ball"", ""reviewed_from"": ""audit/visual-assets/sheets/pending_visual/07-vocab-pack-vocab-icon-generated-173.jpg"", ""decision_source"": ""audit/visual-assets/decisions-vocab-151-225.jsonl"", ""sha256"": ""8696779001c05adcda9265dd052b55d4cb36fbdb8c2c8c6807794f4b51ed4d29"", ""bytes"": 22860, ""notes"": ""Cropped at top edge with detached bottom piece; broken generation."", ""reason_codes"": [""edge_cutoff"", ""generation_artifact""]}"
live:vocab:shadowpup,shadowpup,shadowpup,vocab,live,07_vocab-pack,production_asset,public/assets/07_vocab-pack/img/shadowpup.png,ART_REDO,"[""text_artifact""]","[""text_artifact""]",Contains baked-in text label 'Shadow Puppet' at bottom.,,audit/visual-assets/sheets/pending_visual/07-vocab-pack-vocab-icon-generated-173.jpg,,"{""asset_id"": ""live:vocab:shadowpup"", ""key"": ""shadowpup"", ""concept"": ""shadowpup"", ""source_bank"": ""07_vocab-pack"", ""source_role"": ""production_asset"", ""source_path"": ""public/assets/07_vocab-pack/img/shadowpup.png"", ""expected_asset_type"": ""vocab_icon"", ""expected_background_mode"": ""icon_image"", ""expected_concept_word"": ""shadowpup"", ""reviewed_from"": ""audit/visual-assets/sheets/pending_visual/07-vocab-pack-vocab-icon-generated-173.jpg"", ""decision_source"": ""audit/visual-assets/decisions-vocab-151-225.jsonl"", ""sha256"": ""cffe8bd969b4e203d2b294f7ee9a9239a87f4de16d6efe7343fa86fa360372fe"", ""bytes"": 43596, ""notes"": ""Contains baked-in text label 'Shadow Puppet' at bottom."", ""reason_codes"": [""text_artifact""]}"
live:vocab:share,share,share,vocab,live,07_vocab-pack,production_asset,public/assets/07_vocab-pack/img/share.png,ART_REDO,"[""text_artifact""]","[""text_artifact""]",Contains baked-in text label 'SHARE' at bottom.,,audit/visual-assets/sheets/pending_visual/07-vocab-pack-vocab-icon-generated-174.jpg,,"{""asset_id"": ""live:vocab:share"", ""key"": ""share"", ""concept"": ""share"", ""source_bank"": ""07_vocab-pack"", ""source_role"": ""production_asset"", ""source_path"": ""public/assets/07_vocab-pack/img/share.png"", ""expected_asset_type"": ""vocab_icon"", ""expected_background_mode"": ""icon_image"", ""expected_concept_word"": ""share"", ""reviewed_from"": ""audit/visual-assets/sheets/pending_visual/07-vocab-pack-vocab-icon-generated-174.jpg"", ""decision_source"": ""audit/visual-assets/decisions-vocab-151-225.jsonl"", ""sha256"": ""07c627c643e8a11984ecb52a674e5e7c8ce60eb236ebb97cbeecdeb8af76f7b6"", ""bytes"": 59825, ""notes"": ""Contains baked-in text label 'SHARE' at bottom."", ""reason_codes"": [""text_artifact""]}"
live:vocab:sidestep,sidestep,sidestep,vocab,live,07_vocab-pack,production_asset,public/assets/07_vocab-pack/img/sidestep.png,ART_REDO,"[""text_artifact""]","[""text_artifact""]",Contains baked-in text label 'sidestep' at bottom.,,audit/visual-assets/sheets/pending_visual/07-vocab-pack-vocab-icon-generated-177.jpg,,"{""asset_id"": ""live:vocab:sidestep"", ""key"": ""sidestep"", ""concept"": ""sidestep"", ""source_bank"": ""07_vocab-pack"", ""source_role"": ""production_asset"", ""source_path"": ""public/assets/07_vocab-pack/img/sidestep.png"", ""expected_asset_type"": ""vocab_icon"", ""expected_background_mode"": ""icon_image"", ""expected_concept_word"": ""sidestep"", ""reviewed_from"": ""audit/visual-assets/sheets/pending_visual/07-vocab-pack-vocab-icon-generated-177.jpg"", ""decision_source"": ""audit/visual-assets/decisions-vocab-151-225.jsonl"", ""sha256"": ""bf167efccd958fd81f170852cec4aa4fdcbefff5eceaed3450b9070bfd820789"", ""bytes"": 44283, ""notes"": ""Contains baked-in text label 'sidestep' at bottom."", ""reason_codes"": [""text_artifact""]}"
live:vocab:sidewalk,sidewalk,sidewalk,vocab,live,07_vocab-pack,production_asset,public/assets/07_vocab-pack/img/sidewalk.png,ART_REDO,"[""text_artifact""]","[""text_artifact""]",Contains baked-in text label 'sidewalk' at bottom.,,audit/visual-assets/sheets/pending_visual/07-vocab-pack-vocab-icon-generated-177.jpg,,"{""asset_id"": ""live:vocab:sidewalk"", ""key"": ""sidewalk"", ""concept"": ""sidewalk"", ""source_bank"": ""07_vocab-pack"", ""source_role"": ""production_asset"", ""source_path"": ""public/assets/07_vocab-pack/img/sidewalk.png"", ""expected_asset_type"": ""vocab_icon"", ""expected_background_mode"": ""icon_image"", ""expected_concept_word"": ""sidewalk"", ""reviewed_from"": ""audit/visual-assets/sheets/pending_visual/07-vocab-pack-vocab-icon-generated-177.jpg"", ""decision_source"": ""audit/visual-assets/decisions-vocab-151-225.jsonl"", ""sha256"": ""590d2031977521b928544930db91669365f56fbd1b0f169723b7681ef4e0ed82"", ""bytes"": 65058, ""notes"": ""Contains baked-in text label 'sidewalk' at bottom."", ""reason_codes"": [""text_artifact""]}"
live:vocab:siu-mai,siu-mai,siu mai,vocab,live,07_vocab-pack,production_asset,public/assets/07_vocab-pack/img/siu-mai.png,ART_REDO,"[""edge_cutoff"", ""generation_artifact""]","[""edge_cutoff"", ""generation_artifact""]",Top dim sum dumpling with chopped detached fragment at bottom.,,audit/visual-assets/sheets/pending_visual/07-vocab-pack-vocab-icon-generated-178.jpg,,"{""asset_id"": ""live:vocab:siu-mai"", ""key"": ""siu-mai"", ""concept"": ""siu mai"", ""source_bank"": ""07_vocab-pack"", ""source_role"": ""production_asset"", ""source_path"": ""public/assets/07_vocab-pack/img/siu-mai.png"", ""expected_asset_type"": ""vocab_icon"", ""expected_background_mode"": ""icon_image"", ""expected_concept_word"": ""siu mai"", ""reviewed_from"": ""audit/visual-assets/sheets/pending_visual/07-vocab-pack-vocab-icon-generated-178.jpg"", ""decision_source"": ""audit/visual-assets/decisions-vocab-151-225.jsonl"", ""sha256"": ""26fb12fa7db0889be7284938ab0f91a127340e95805d93dfa06c745bb5f10bb9"", ""bytes"": 27095, ""notes"": ""Top dim sum dumpling with chopped detached fragment at bottom."", ""reason_codes"": [""edge_cutoff"", ""generation_artifact""]}"
live:vocab:slamdunk,slamdunk,slamdunk,vocab,live,07_vocab-pack,production_asset,public/assets/07_vocab-pack/img/slamdunk.png,ART_REDO,"[""text_artifact""]","[""text_artifact""]",Contains baked-in text label 'slamdunk' at bottom.,,audit/visual-assets/sheets/pending_visual/07-vocab-pack-vocab-icon-generated-179.jpg,,"{""asset_id"": ""live:vocab:slamdunk"", ""key"": ""slamdunk"", ""concept"": ""slamdunk"", ""source_bank"": ""07_vocab-pack"", ""source_role"": ""production_asset"", ""source_path"": ""public/assets/07_vocab-pack/img/slamdunk.png"", ""expected_asset_type"": ""vocab_icon"", ""expected_background_mode"": ""icon_image"", ""expected_concept_word"": ""slamdunk"", ""reviewed_from"": ""audit/visual-assets/sheets/pending_visual/07-vocab-pack-vocab-icon-generated-179.jpg"", ""decision_source"": ""audit/visual-assets/decisions-vocab-151-225.jsonl"", ""sha256"": ""5ad6e556f979dd8859982322cf9b522fa17786ed702b76079aec80f1b8924ca8"", ""bytes"": 30598, ""notes"": ""Contains baked-in text label 'slamdunk' at bottom."", ""reason_codes"": [""text_artifact""]}"
live:vocab:smile,smile,smile,vocab,live,07_vocab-pack,production_asset,public/assets/07_vocab-pack/img/smile.png,ART_REDO,"[""edge_cutoff"", ""generation_artifact""]","[""edge_cutoff"", ""generation_artifact""]",Floating mouth with detached stray green artifact on edge.,,audit/visual-assets/sheets/pending_visual/07-vocab-pack-vocab-icon-generated-180.jpg,,"{""asset_id"": ""live:vocab:smile"", ""key"": ""smile"", ""concept"": ""smile"", ""source_bank"": ""07_vocab-pack"", ""source_role"": ""production_asset"", ""source_path"": ""public/assets/07_vocab-pack/img/smile.png"", ""expected_asset_type"": ""vocab_icon"", ""expected_background_mode"": ""icon_image"", ""expected_concept_word"": ""smile"", ""reviewed_from"": ""audit/visual-assets/sheets/pending_visual/07-vocab-pack-vocab-icon-generated-180.jpg"", ""decision_source"": ""audit/visual-assets/decisions-vocab-151-225.jsonl"", ""sha256"": ""a9834cf44ba265012b35aeb8243a42e1da8c97da5d0b9eaf820790a7f8946a96"", ""bytes"": 18487, ""notes"": ""Floating mouth with detached stray green artifact on edge."", ""reason_codes"": [""edge_cutoff"", ""generation_artifact""]}"
live:vocab:snowangel,snowangel,snowangel,vocab,live,07_vocab-pack,production_asset,public/assets/07_vocab-pack/img/snowangel.png,ART_REDO,"[""text_artifact""]","[""text_artifact""]",Contains baked-in text label 'snowangel' at bottom.,,audit/visual-assets/sheets/pending_visual/07-vocab-pack-vocab-icon-generated-181.jpg,,"{""asset_id"": ""live:vocab:snowangel"", ""key"": ""snowangel"", ""concept"": ""snowangel"", ""source_bank"": ""07_vocab-pack"", ""source_role"": ""production_asset"", ""source_path"": ""public/assets/07_vocab-pack/img/snowangel.png"", ""expected_asset_type"": ""vocab_icon"", ""expected_background_mode"": ""icon_image"", ""expected_concept_word"": ""snowangel"", ""reviewed_from"": ""audit/visual-assets/sheets/pending_visual/07-vocab-pack-vocab-icon-generated-181.jpg"", ""decision_source"": ""audit/visual-assets/decisions-vocab-151-225.jsonl"", ""sha256"": ""c78661c303a64974b2d11c8e59e84770eb0d3a541318b9e3e1fe6b7d6bb0f7c9"", ""bytes"": 41118, ""notes"": ""Contains baked-in text label 'snowangel' at bottom."", ""reason_codes"": [""text_artifact""]}"
live:vocab:spring-roll,spring-roll,spring roll,vocab,live,07_vocab-pack,production_asset,public/assets/07_vocab-pack/img/spring-roll.png,ART_REDO,"[""edge_cutoff"", ""generation_artifact""]","[""edge_cutoff"", ""generation_artifact""]",Split frame with partial spring roll on left and soup on right.,,audit/visual-assets/sheets/pending_visual/07-vocab-pack-vocab-icon-generated-186.jpg,,"{""asset_id"": ""live:vocab:spring-roll"", ""key"": ""spring-roll"", ""concept"": ""spring roll"", ""source_bank"": ""07_vocab-pack"", ""source_role"": ""production_asset"", ""source_path"": ""public/assets/07_vocab-pack/img/spring-roll.png"", ""expected_asset_type"": ""vocab_icon"", ""expected_background_mode"": ""icon_image"", ""expected_concept_word"": ""spring roll"", ""reviewed_from"": ""audit/visual-assets/sheets/pending_visual/07-vocab-pack-vocab-icon-generated-186.jpg"", ""decision_source"": ""audit/visual-assets/decisions-vocab-151-225.jsonl"", ""sha256"": ""92c12dd3579cd98d56201a4deb3e6cff112c846fe75235e3cd78d3e9c58499e2"", ""bytes"": 25147, ""notes"": ""Split frame with partial spring roll on left and soup on right."", ""reason_codes"": [""edge_cutoff"", ""generation_artifact""]}"
live:vocab:sprint,sprint,sprint,vocab,live,07_vocab-pack,production_asset,public/assets/07_vocab-pack/img/sprint.png,ART_REDO,"[""text_artifact""]","[""text_artifact""]",Contains baked-in text label 'Sprint' at bottom.,,audit/visual-assets/sheets/pending_visual/07-vocab-pack-vocab-icon-generated-186.jpg,,"{""asset_id"": ""live:vocab:sprint"", ""key"": ""sprint"", ""concept"": ""sprint"", ""source_bank"": ""07_vocab-pack"", ""source_role"": ""production_asset"", ""source_path"": ""public/assets/07_vocab-pack/img/sprint.png"", ""expected_asset_type"": ""vocab_icon"", ""expected_background_mode"": ""icon_image"", ""expected_concept_word"": ""sprint"", ""reviewed_from"": ""audit/visual-assets/sheets/pending_visual/07-vocab-pack-vocab-icon-generated-186.jpg"", ""decision_source"": ""audit/visual-assets/decisions-vocab-151-225.jsonl"", ""sha256"": ""1ab19fa92f54855af5d54919d4cd77df469f967d4f3eb5fce5f43a8805bed692"", ""bytes"": 30332, ""notes"": ""Contains baked-in text label 'Sprint' at bottom."", ""reason_codes"": [""text_artifact""]}"
live:vocab:staple,staple,staple,vocab,live,07_vocab-pack,production_asset,public/assets/07_vocab-pack/img/staple.png,ART_REDO,"[""edge_cutoff"", ""generation_artifact""]","[""edge_cutoff"", ""generation_artifact""]",Fragmented box with floating stapler hand and stray lines.,,audit/visual-assets/sheets/pending_visual/07-vocab-pack-vocab-icon-generated-188.jpg,,"{""asset_id"": ""live:vocab:staple"", ""key"": ""staple"", ""concept"": ""staple"", ""source_bank"": ""07_vocab-pack"", ""source_role"": ""production_asset"", ""source_path"": ""public/assets/07_vocab-pack/img/staple.png"", ""expected_asset_type"": ""vocab_icon"", ""expected_background_mode"": ""icon_image"", ""expected_concept_word"": ""staple"", ""reviewed_from"": ""audit/visual-assets/sheets/pending_visual/07-vocab-pack-vocab-icon-generated-188.jpg"", ""decision_source"": ""audit/visual-assets/decisions-vocab-151-225.jsonl"", ""sha256"": ""da7408ba3b26e3ae506b997223f4b3b6ed0d52b3c356172b116eb6ac884ac169"", ""bytes"": 22467, ""notes"": ""Fragmented box with floating stapler hand and stray lines."", ""reason_codes"": [""edge_cutoff"", ""generation_artifact""]}"
live:vocab:steep,steep,steep,vocab,live,07_vocab-pack,production_asset,public/assets/07_vocab-pack/img/steep.png,ART_REDO,"[""text_artifact""]","[""text_artifact""]",Contains baked-in text label 'steep' above teacup.,,audit/visual-assets/sheets/pending_visual/07-vocab-pack-vocab-icon-generated-189.jpg,,"{""asset_id"": ""live:vocab:steep"", ""key"": ""steep"", ""concept"": ""steep"", ""source_bank"": ""07_vocab-pack"", ""source_role"": ""production_asset"", ""source_path"": ""public/assets/07_vocab-pack/img/steep.png"", ""expected_asset_type"": ""vocab_icon"", ""expected_background_mode"": ""icon_image"", ""expected_concept_word"": ""steep"", ""reviewed_from"": ""audit/visual-assets/sheets/pending_visual/07-vocab-pack-vocab-icon-generated-189.jpg"", ""decision_source"": ""audit/visual-assets/decisions-vocab-151-225.jsonl"", ""sha256"": ""9d31092224e2cab3ca33b475cc6ef4054a244ec326f460e5e2c5dcb3be04d316"", ""bytes"": 59391, ""notes"": ""Contains baked-in text label 'steep' above teacup."", ""reason_codes"": [""text_artifact""]}"
live:vocab:street,street,street,vocab,live,07_vocab-pack,production_asset,public/assets/07_vocab-pack/img/street.png,ART_REDO,"[""text_artifact""]","[""text_artifact""]",Contains baked-in text label 'Street' at bottom.,,audit/visual-assets/sheets/pending_visual/07-vocab-pack-vocab-icon-generated-190.jpg,,"{""asset_id"": ""live:vocab:street"", ""key"": ""street"", ""concept"": ""street"", ""source_bank"": ""07_vocab-pack"", ""source_role"": ""production_asset"", ""source_path"": ""public/assets/07_vocab-pack/img/street.png"", ""expected_asset_type"": ""vocab_icon"", ""expected_background_mode"": ""icon_image"", ""expected_concept_word"": ""street"", ""reviewed_from"": ""audit/visual-assets/sheets/pending_visual/07-vocab-pack-vocab-icon-generated-190.jpg"", ""decision_source"": ""audit/visual-assets/decisions-vocab-151-225.jsonl"", ""sha256"": ""78a3e19f7191a78807b74f47acc55a7ba40c21a265bd239e2feeb3d4256a8402"", ""bytes"": 58982, ""notes"": ""Contains baked-in text label 'Street' at bottom."", ""reason_codes"": [""text_artifact""]}"
live:vocab:subway,subway,subway,vocab,live,07_vocab-pack,production_asset,public/assets/07_vocab-pack/img/subway.png,ART_REDO,"[""text_artifact""]","[""text_artifact""]",Contains baked-in text label 'subway' at bottom.,,audit/visual-assets/sheets/pending_visual/07-vocab-pack-vocab-icon-generated-192.jpg,,"{""asset_id"": ""live:vocab:subway"", ""key"": ""subway"", ""concept"": ""subway"", ""source_bank"": ""07_vocab-pack"", ""source_role"": ""production_asset"", ""source_path"": ""public/assets/07_vocab-pack/img/subway.png"", ""expected_asset_type"": ""vocab_icon"", ""expected_background_mode"": ""icon_image"", ""expected_concept_word"": ""subway"", ""reviewed_from"": ""audit/visual-assets/sheets/pending_visual/07-vocab-pack-vocab-icon-generated-192.jpg"", ""decision_source"": ""audit/visual-assets/decisions-vocab-151-225.jsonl"", ""sha256"": ""99541c175fc37ea233cdad4be99e51b6083097ad2a730f939a1c760fd27de221"", ""bytes"": 70789, ""notes"": ""Contains baked-in text label 'subway' at bottom."", ""reason_codes"": [""text_artifact""]}"
live:vocab:sunblock,sunblock,sunblock,vocab,live,07_vocab-pack,production_asset,public/assets/07_vocab-pack/img/sunblock.png,ART_REDO,"[""edge_cutoff"", ""generation_artifact""]","[""edge_cutoff"", ""generation_artifact""]",4-quadrant split card with random hockey stick and black cat silhouette.,,audit/visual-assets/sheets/pending_visual/07-vocab-pack-vocab-icon-generated-193.jpg,,"{""asset_id"": ""live:vocab:sunblock"", ""key"": ""sunblock"", ""concept"": ""sunblock"", ""source_bank"": ""07_vocab-pack"", ""source_role"": ""production_asset"", ""source_path"": ""public/assets/07_vocab-pack/img/sunblock.png"", ""expected_asset_type"": ""vocab_icon"", ""expected_background_mode"": ""icon_image"", ""expected_concept_word"": ""sunblock"", ""reviewed_from"": ""audit/visual-assets/sheets/pending_visual/07-vocab-pack-vocab-icon-generated-193.jpg"", ""decision_source"": ""audit/visual-assets/decisions-vocab-151-225.jsonl"", ""sha256"": ""c0b7a909f172e948fe8ddb09129fab8265575591d9e73705aa677bd6fa90180c"", ""bytes"": 15008, ""notes"": ""4-quadrant split card with random hockey stick and black cat silhouette."", ""reason_codes"": [""edge_cutoff"", ""generation_artifact""]}"
live:vocab:sunny-day,sunny-day,sunny day,vocab,live,07_vocab-pack,production_asset,public/assets/07_vocab-pack/img/sunny-day.png,ART_REDO,"[""text_artifact""]","[""text_artifact""]",Contains baked-in text label 'Sunny-day' at bottom.,,audit/visual-assets/sheets/pending_visual/07-vocab-pack-vocab-icon-generated-193.jpg,,"{""asset_id"": ""live:vocab:sunny-day"", ""key"": ""sunny-day"", ""concept"": ""sunny day"", ""source_bank"": ""07_vocab-pack"", ""source_role"": ""production_asset"", ""source_path"": ""public/assets/07_vocab-pack/img/sunny-day.png"", ""expected_asset_type"": ""vocab_icon"", ""expected_background_mode"": ""icon_image"", ""expected_concept_word"": ""sunny day"", ""reviewed_from"": ""audit/visual-assets/sheets/pending_visual/07-vocab-pack-vocab-icon-generated-193.jpg"", ""decision_source"": ""audit/visual-assets/decisions-vocab-151-225.jsonl"", ""sha256"": ""69977332368229a6b14cda1cbe005d2386fc7ff3d1f0bafe2ada1b1599287af3"", ""bytes"": 23585, ""notes"": ""Contains baked-in text label 'Sunny-day' at bottom."", ""reason_codes"": [""text_artifact""]}"
live:vocab:sushi,sushi,sushi,vocab,live,07_vocab-pack,production_asset,public/assets/07_vocab-pack/img/sushi.png,ART_REDO,"[""edge_cutoff"", ""generation_artifact""]","[""edge_cutoff"", ""generation_artifact""]",Split frame with half sushi roll and half dumpling.,,audit/visual-assets/sheets/pending_visual/07-vocab-pack-vocab-icon-generated-194.jpg,,"{""asset_id"": ""live:vocab:sushi"", ""key"": ""sushi"", ""concept"": ""sushi"", ""source_bank"": ""07_vocab-pack"", ""source_role"": ""production_asset"", ""source_path"": ""public/assets/07_vocab-pack/img/sushi.png"", ""expected_asset_type"": ""vocab_icon"", ""expected_background_mode"": ""icon_image"", ""expected_concept_word"": ""sushi"", ""reviewed_from"": ""audit/visual-assets/sheets/pending_visual/07-vocab-pack-vocab-icon-generated-194.jpg"", ""decision_source"": ""audit/visual-assets/decisions-vocab-151-225.jsonl"", ""sha256"": ""e2cf8f90c398f853a7f19d06ee54fa94d90534895b1c38ff6fae0b85d5981bd1"", ""bytes"": 20928, ""notes"": ""Split frame with half sushi roll and half dumpling."", ""reason_codes"": [""edge_cutoff"", ""generation_artifact""]}"
live:vocab:swan,swan,swan,vocab,live,07_vocab-pack,production_asset,public/assets/07_vocab-pack/img/swan.png,ART_REDO,"[""text_artifact""]","[""text_artifact""]",Contains baked-in text label 'Swan' at bottom.,,audit/visual-assets/sheets/pending_visual/07-vocab-pack-vocab-icon-generated-195.jpg,,"{""asset_id"": ""live:vocab:swan"", ""key"": ""swan"", ""concept"": ""swan"", ""source_bank"": ""07_vocab-pack"", ""source_role"": ""production_asset"", ""source_path"": ""public/assets/07_vocab-pack/img/swan.png"", ""expected_asset_type"": ""vocab_icon"", ""expected_background_mode"": ""icon_image"", ""expected_concept_word"": ""swan"", ""reviewed_from"": ""audit/visual-assets/sheets/pending_visual/07-vocab-pack-vocab-icon-generated-195.jpg"", ""decision_source"": ""audit/visual-assets/decisions-vocab-151-225.jsonl"", ""sha256"": ""0a1280df237b564ac5a55435aa832ebd06c80afd7774b31c69c0bb602f3c0010"", ""bytes"": 70313, ""notes"": ""Contains baked-in text label 'Swan' at bottom."", ""reason_codes"": [""text_artifact""]}"
live:vocab:swerve,swerve,swerve,vocab,live,07_vocab-pack,production_asset,public/assets/07_vocab-pack/img/swerve.png,ART_REDO,"[""text_artifact""]","[""text_artifact""]",Contains baked-in text label 'swerve' under scooter.,,audit/visual-assets/sheets/pending_visual/07-vocab-pack-vocab-icon-generated-195.jpg,,"{""asset_id"": ""live:vocab:swerve"", ""key"": ""swerve"", ""concept"": ""swerve"", ""source_bank"": ""07_vocab-pack"", ""source_role"": ""production_asset"", ""source_path"": ""public/assets/07_vocab-pack/img/swerve.png"", ""expected_asset_type"": ""vocab_icon"", ""expected_background_mode"": ""icon_image"", ""expected_concept_word"": ""swerve"", ""reviewed_from"": ""audit/visual-assets/sheets/pending_visual/07-vocab-pack-vocab-icon-generated-195.jpg"", ""decision_source"": ""audit/visual-assets/decisions-vocab-151-225.jsonl"", ""sha256"": ""95e7481ac74f3045673b0bc10ac7986d5d70488082b69c276c3907c8a8f71e77"", ""bytes"": 38950, ""notes"": ""Contains baked-in text label 'swerve' under scooter."", ""reason_codes"": [""text_artifact""]}"
live:vocab:swimsuit,swimsuit,swimsuit,vocab,live,07_vocab-pack,production_asset,public/assets/07_vocab-pack/img/swimsuit.png,ART_REDO,"[""edge_cutoff"", ""generation_artifact""]","[""edge_cutoff"", ""generation_artifact""]",4-quadrant split card with bottle and hole.,,audit/visual-assets/sheets/pending_visual/07-vocab-pack-vocab-icon-generated-195.jpg,,"{""asset_id"": ""live:vocab:swimsuit"", ""key"": ""swimsuit"", ""concept"": ""swimsuit"", ""source_bank"": ""07_vocab-pack"", ""source_role"": ""production_asset"", ""source_path"": ""public/assets/07_vocab-pack/img/swimsuit.png"", ""expected_asset_type"": ""vocab_icon"", ""expected_background_mode"": ""icon_image"", ""expected_concept_word"": ""swimsuit"", ""reviewed_from"": ""audit/visual-assets/sheets/pending_visual/07-vocab-pack-vocab-icon-generated-195.jpg"", ""decision_source"": ""audit/visual-assets/decisions-vocab-151-225.jsonl"", ""sha256"": ""fb30d7d62892b9dc71d14250362141b684aa3b7dc8e7055dfa3c050e649d51e0"", ""bytes"": 25909, ""notes"": ""4-quadrant split card with bottle and hole."", ""reason_codes"": [""edge_cutoff"", ""generation_artifact""]}"
live:vocab:taco,taco,taco,vocab,live,07_vocab-pack,production_asset,public/assets/07_vocab-pack/img/taco.png,ART_REDO,"[""edge_cutoff"", ""generation_artifact""]","[""edge_cutoff"", ""generation_artifact""]",Taco with right border sliced and random dark artifact.,,audit/visual-assets/sheets/pending_visual/07-vocab-pack-vocab-icon-generated-196.jpg,,"{""asset_id"": ""live:vocab:taco"", ""key"": ""taco"", ""concept"": ""taco"", ""source_bank"": ""07_vocab-pack"", ""source_role"": ""production_asset"", ""source_path"": ""public/assets/07_vocab-pack/img/taco.png"", ""expected_asset_type"": ""vocab_icon"", ""expected_background_mode"": ""icon_image"", ""expected_concept_word"": ""taco"", ""reviewed_from"": ""audit/visual-assets/sheets/pending_visual/07-vocab-pack-vocab-icon-generated-196.jpg"", ""decision_source"": ""audit/visual-assets/decisions-vocab-151-225.jsonl"", ""sha256"": ""9be05d45ce74e27bfb3f71a8e3d2c393f72a0cb681fe8025677d62e5733ee96b"", ""bytes"": 17146, ""notes"": ""Taco with right border sliced and random dark artifact."", ""reason_codes"": [""edge_cutoff"", ""generation_artifact""]}"
live:vocab:temperature,temperature,temperature,vocab,live,07_vocab-pack,production_asset,public/assets/07_vocab-pack/img/temperature.png,ART_REDO,"[""text_artifact""]","[""text_artifact""]",Contains baked-in text label 'Temperature' at bottom.,,audit/visual-assets/sheets/pending_visual/07-vocab-pack-vocab-icon-generated-198.jpg,,"{""asset_id"": ""live:vocab:temperature"", ""key"": ""temperature"", ""concept"": ""temperature"", ""source_bank"": ""07_vocab-pack"", ""source_role"": ""production_asset"", ""source_path"": ""public/assets/07_vocab-pack/img/temperature.png"", ""expected_asset_type"": ""vocab_icon"", ""expected_background_mode"": ""icon_image"", ""expected_concept_word"": ""temperature"", ""reviewed_from"": ""audit/visual-assets/sheets/pending_visual/07-vocab-pack-vocab-icon-generated-198.jpg"", ""decision_source"": ""audit/visual-assets/decisions-vocab-151-225.jsonl"", ""sha256"": ""75b7467dd6ff52682668cef8da78dfe1e9d40eebef52a579e207daac868a2624"", ""bytes"": 16199, ""notes"": ""Contains baked-in text label 'Temperature' at bottom."", ""reason_codes"": [""text_artifact""]}"
live:vocab:tetherball,tetherball,tetherball,vocab,live,07_vocab-pack,production_asset,public/assets/07_vocab-pack/img/tetherball.png,ART_REDO,"[""text_artifact""]","[""text_artifact""]",Contains baked-in text label 'tetherball' under boy playing.,,audit/visual-assets/sheets/pending_visual/07-vocab-pack-vocab-icon-generated-199.jpg,,"{""asset_id"": ""live:vocab:tetherball"", ""key"": ""tetherball"", ""concept"": ""tetherball"", ""source_bank"": ""07_vocab-pack"", ""source_role"": ""production_asset"", ""source_path"": ""public/assets/07_vocab-pack/img/tetherball.png"", ""expected_asset_type"": ""vocab_icon"", ""expected_background_mode"": ""icon_image"", ""expected_concept_word"": ""tetherball"", ""reviewed_from"": ""audit/visual-assets/sheets/pending_visual/07-vocab-pack-vocab-icon-generated-199.jpg"", ""decision_source"": ""audit/visual-assets/decisions-vocab-151-225.jsonl"", ""sha256"": ""eb17b72551f8ec8aa022f0bf59a848e2e62d3c7607a079deb8e1073289c2e450"", ""bytes"": 23953, ""notes"": ""Contains baked-in text label 'tetherball' under boy playing."", ""reason_codes"": [""text_artifact""]}"
live:vocab:thumbtack,thumbtack,thumbtack,vocab,live,07_vocab-pack,production_asset,public/assets/07_vocab-pack/img/thumbtack.png,ART_REDO,"[""text_artifact""]","[""text_artifact""]",Contains baked-in text label 'thumbtack' at bottom.,,audit/visual-assets/sheets/pending_visual/07-vocab-pack-vocab-icon-generated-201.jpg,,"{""asset_id"": ""live:vocab:thumbtack"", ""key"": ""thumbtack"", ""concept"": ""thumbtack"", ""source_bank"": ""07_vocab-pack"", ""source_role"": ""production_asset"", ""source_path"": ""public/assets/07_vocab-pack/img/thumbtack.png"", ""expected_asset_type"": ""vocab_icon"", ""expected_background_mode"": ""icon_image"", ""expected_concept_word"": ""thumbtack"", ""reviewed_from"": ""audit/visual-assets/sheets/pending_visual/07-vocab-pack-vocab-icon-generated-201.jpg"", ""decision_source"": ""audit/visual-assets/decisions-vocab-151-225.jsonl"", ""sha256"": ""83e2ae7c74047d86a0384e77771a357da9ff537c8d14f4573f157318a5172bee"", ""bytes"": 68433, ""notes"": ""Contains baked-in text label 'thumbtack' at bottom."", ""reason_codes"": [""text_artifact""]}"
live:vocab:thunder,thunder,thunder,vocab,live,07_vocab-pack,production_asset,public/assets/07_vocab-pack/img/thunder.png,ART_REDO,"[""text_artifact""]","[""text_artifact""]",Contains baked-in text label 'Thunder' at bottom.,,audit/visual-assets/sheets/pending_visual/07-vocab-pack-vocab-icon-generated-201.jpg,,"{""asset_id"": ""live:vocab:thunder"", ""key"": ""thunder"", ""concept"": ""thunder"", ""source_bank"": ""07_vocab-pack"", ""source_role"": ""production_asset"", ""source_path"": ""public/assets/07_vocab-pack/img/thunder.png"", ""expected_asset_type"": ""vocab_icon"", ""expected_background_mode"": ""icon_image"", ""expected_concept_word"": ""thunder"", ""reviewed_from"": ""audit/visual-assets/sheets/pending_visual/07-vocab-pack-vocab-icon-generated-201.jpg"", ""decision_source"": ""audit/visual-assets/decisions-vocab-151-225.jsonl"", ""sha256"": ""e3a64cc7171953afeb6e2600a9c6bcf7a6af7dd8272d01691a70108434bb26fd"", ""bytes"": 15554, ""notes"": ""Contains baked-in text label 'Thunder' at bottom."", ""reason_codes"": [""text_artifact""]}"
live:vocab:tiptoe,tiptoe,tiptoe,vocab,live,07_vocab-pack,production_asset,public/assets/07_vocab-pack/img/tiptoe.png,ART_REDO,"[""text_artifact""]","[""text_artifact""]",Contains baked-in text label 'Tiptoe' at bottom.,,audit/visual-assets/sheets/pending_visual/07-vocab-pack-vocab-icon-generated-202.jpg,,"{""asset_id"": ""live:vocab:tiptoe"", ""key"": ""tiptoe"", ""concept"": ""tiptoe"", ""source_bank"": ""07_vocab-pack"", ""source_role"": ""production_asset"", ""source_path"": ""public/assets/07_vocab-pack/img/tiptoe.png"", ""expected_asset_type"": ""vocab_icon"", ""expected_background_mode"": ""icon_image"", ""expected_concept_word"": ""tiptoe"", ""reviewed_from"": ""audit/visual-assets/sheets/pending_visual/07-vocab-pack-vocab-icon-generated-202.jpg"", ""decision_source"": ""audit/visual-assets/decisions-vocab-151-225.jsonl"", ""sha256"": ""d96de862c20a66141101e678561c0e8abf285ef4fc75df9105e17d5831ab11a4"", ""bytes"": 23725, ""notes"": ""Contains baked-in text label 'Tiptoe' at bottom."", ""reason_codes"": [""text_artifact""]}"
live:vocab:toil,toil,toil,vocab,live,07_vocab-pack,production_asset,public/assets/07_vocab-pack/img/toil.png,ART_REDO,"[""text_artifact""]","[""text_artifact""]",Contains baked-in text label 'Toil' under boy carrying books.,,audit/visual-assets/sheets/pending_visual/07-vocab-pack-vocab-icon-generated-203.jpg,,"{""asset_id"": ""live:vocab:toil"", ""key"": ""toil"", ""concept"": ""toil"", ""source_bank"": ""07_vocab-pack"", ""source_role"": ""production_asset"", ""source_path"": ""public/assets/07_vocab-pack/img/toil.png"", ""expected_asset_type"": ""vocab_icon"", ""expected_background_mode"": ""icon_image"", ""expected_concept_word"": ""toil"", ""reviewed_from"": ""audit/visual-assets/sheets/pending_visual/07-vocab-pack-vocab-icon-generated-203.jpg"", ""decision_source"": ""audit/visual-assets/decisions-vocab-151-225.jsonl"", ""sha256"": ""54d87295bf9e4369daa2a0e43ef204700b7c6633f2598b8ebaaaf2044d923d86"", ""bytes"": 46873, ""notes"": ""Contains baked-in text label 'Toil' under boy carrying books."", ""reason_codes"": [""text_artifact""]}"
live:vocab:torture,torture,torture,vocab,live,07_vocab-pack,production_asset,public/assets/07_vocab-pack/img/torture.png,ART_REDO,"[""text_artifact""]","[""text_artifact""]",Contains baked-in text label 'Torture - Pretend' at bottom.,,audit/visual-assets/sheets/pending_visual/07-vocab-pack-vocab-icon-generated-204.jpg,,"{""asset_id"": ""live:vocab:torture"", ""key"": ""torture"", ""concept"": ""torture"", ""source_bank"": ""07_vocab-pack"", ""source_role"": ""production_asset"", ""source_path"": ""public/assets/07_vocab-pack/img/torture.png"", ""expected_asset_type"": ""vocab_icon"", ""expected_background_mode"": ""icon_image"", ""expected_concept_word"": ""torture"", ""reviewed_from"": ""audit/visual-assets/sheets/pending_visual/07-vocab-pack-vocab-icon-generated-204.jpg"", ""decision_source"": ""audit/visual-assets/decisions-vocab-151-225.jsonl"", ""sha256"": ""b5808b873e86625ab5b8e83cdd57c63b5769e539757c1433c0a10aa5afb40df8"", ""bytes"": 56832, ""notes"": ""Contains baked-in text label 'Torture - Pretend' at bottom."", ""reason_codes"": [""text_artifact""]}"
live:vocab:tractor-toy,tractor-toy,tractor toy,vocab,live,07_vocab-pack,production_asset,public/assets/07_vocab-pack/img/tractor-toy.png,ART_REDO,"[""text_artifact""]","[""text_artifact""]",Contains baked-in text label 'Tractor-toy' at bottom.,,audit/visual-assets/sheets/pending_visual/07-vocab-pack-vocab-icon-generated-205.jpg,,"{""asset_id"": ""live:vocab:tractor-toy"", ""key"": ""tractor-toy"", ""concept"": ""tractor toy"", ""source_bank"": ""07_vocab-pack"", ""source_role"": ""production_asset"", ""source_path"": ""public/assets/07_vocab-pack/img/tractor-toy.png"", ""expected_asset_type"": ""vocab_icon"", ""expected_background_mode"": ""icon_image"", ""expected_concept_word"": ""tractor toy"", ""reviewed_from"": ""audit/visual-assets/sheets/pending_visual/07-vocab-pack-vocab-icon-generated-205.jpg"", ""decision_source"": ""audit/visual-assets/decisions-vocab-151-225.jsonl"", ""sha256"": ""6e24dee0585ff123ccdedb52953dd87b0b4cc1f273cac4661020cad3e283b778"", ""bytes"": 34719, ""notes"": ""Contains baked-in text label 'Tractor-toy' at bottom."", ""reason_codes"": [""text_artifact""]}"
live:vocab:trombone,trombone,trombone,vocab,live,07_vocab-pack,production_asset,public/assets/07_vocab-pack/img/trombone.png,ART_REDO,"[""edge_cutoff"", ""generation_artifact""]","[""edge_cutoff"", ""generation_artifact""]",Red swimsuit on clothesline with paperclip; wrong concept / broken.,,audit/visual-assets/sheets/pending_visual/07-vocab-pack-vocab-icon-generated-207.jpg,,"{""asset_id"": ""live:vocab:trombone"", ""key"": ""trombone"", ""concept"": ""trombone"", ""source_bank"": ""07_vocab-pack"", ""source_role"": ""production_asset"", ""source_path"": ""public/assets/07_vocab-pack/img/trombone.png"", ""expected_asset_type"": ""vocab_icon"", ""expected_background_mode"": ""icon_image"", ""expected_concept_word"": ""trombone"", ""reviewed_from"": ""audit/visual-assets/sheets/pending_visual/07-vocab-pack-vocab-icon-generated-207.jpg"", ""decision_source"": ""audit/visual-assets/decisions-vocab-151-225.jsonl"", ""sha256"": ""ce761479bec455423ce2c6eb30f10f6aa359e11fab3a97c638068139563c1577"", ""bytes"": 42261, ""notes"": ""Red swimsuit on clothesline with paperclip; wrong concept / broken."", ""reason_codes"": [""edge_cutoff"", ""generation_artifact""]}"
live:vocab:tuba,tuba,tuba,vocab,live,07_vocab-pack,production_asset,public/assets/07_vocab-pack/img/tuba.png,ART_REDO,"[""edge_cutoff"", ""generation_artifact""]","[""edge_cutoff"", ""generation_artifact""]",4-quadrant split card with random brass horn and block.,,audit/visual-assets/sheets/pending_visual/07-vocab-pack-vocab-icon-generated-208.jpg,,"{""asset_id"": ""live:vocab:tuba"", ""key"": ""tuba"", ""concept"": ""tuba"", ""source_bank"": ""07_vocab-pack"", ""source_role"": ""production_asset"", ""source_path"": ""public/assets/07_vocab-pack/img/tuba.png"", ""expected_asset_type"": ""vocab_icon"", ""expected_background_mode"": ""icon_image"", ""expected_concept_word"": ""tuba"", ""reviewed_from"": ""audit/visual-assets/sheets/pending_visual/07-vocab-pack-vocab-icon-generated-208.jpg"", ""decision_source"": ""audit/visual-assets/decisions-vocab-151-225.jsonl"", ""sha256"": ""4f9b30f0d0ffed82e517eaf052be722d48c1629d5b44d3bb8f99341bce1b4154"", ""bytes"": 47602, ""notes"": ""4-quadrant split card with random brass horn and block."", ""reason_codes"": [""edge_cutoff"", ""generation_artifact""]}"
live:vocab:tugowar,tugowar,tugowar,vocab,live,07_vocab-pack,production_asset,public/assets/07_vocab-pack/img/tugowar.png,ART_REDO,"[""text_artifact""]","[""text_artifact""]",Contains baked-in text label 'tugowar' at bottom.,,audit/visual-assets/sheets/pending_visual/07-vocab-pack-vocab-icon-generated-208.jpg,,"{""asset_id"": ""live:vocab:tugowar"", ""key"": ""tugowar"", ""concept"": ""tugowar"", ""source_bank"": ""07_vocab-pack"", ""source_role"": ""production_asset"", ""source_path"": ""public/assets/07_vocab-pack/img/tugowar.png"", ""expected_asset_type"": ""vocab_icon"", ""expected_background_mode"": ""icon_image"", ""expected_concept_word"": ""tugowar"", ""reviewed_from"": ""audit/visual-assets/sheets/pending_visual/07-vocab-pack-vocab-icon-generated-208.jpg"", ""decision_source"": ""audit/visual-assets/decisions-vocab-151-225.jsonl"", ""sha256"": ""a4ccdbff33268912c58a6f001e7cb7201875d69a6ba3d9fd92749e101424bea7"", ""bytes"": 26600, ""notes"": ""Contains baked-in text label 'tugowar' at bottom."", ""reason_codes"": [""text_artifact""]}"
live:vocab:unbolt,unbolt,unbolt,vocab,live,07_vocab-pack,production_asset,public/assets/07_vocab-pack/img/unbolt.png,ART_REDO,"[""text_artifact""]","[""text_artifact""]",Contains baked-in text label 'unbolt' at bottom.,,audit/visual-assets/sheets/pending_visual/07-vocab-pack-vocab-icon-generated-210.jpg,,"{""asset_id"": ""live:vocab:unbolt"", ""key"": ""unbolt"", ""concept"": ""unbolt"", ""source_bank"": ""07_vocab-pack"", ""source_role"": ""production_asset"", ""source_path"": ""public/assets/07_vocab-pack/img/unbolt.png"", ""expected_asset_type"": ""vocab_icon"", ""expected_background_mode"": ""icon_image"", ""expected_concept_word"": ""unbolt"", ""reviewed_from"": ""audit/visual-assets/sheets/pending_visual/07-vocab-pack-vocab-icon-generated-210.jpg"", ""decision_source"": ""audit/visual-assets/decisions-vocab-151-225.jsonl"", ""sha256"": ""b27a5728f8407b59cf964b1ad70273096aea03b2c9d2eb9412a487e3a649407f"", ""bytes"": 55872, ""notes"": ""Contains baked-in text label 'unbolt' at bottom."", ""reason_codes"": [""text_artifact""]}"
live:vocab:unbuckle,unbuckle,unbuckle,vocab,live,07_vocab-pack,production_asset,public/assets/07_vocab-pack/img/unbuckle.png,ART_REDO,"[""text_artifact""]","[""text_artifact""]",Contains baked-in text label 'unbuckle' at bottom.,,audit/visual-assets/sheets/pending_visual/07-vocab-pack-vocab-icon-generated-210.jpg,,"{""asset_id"": ""live:vocab:unbuckle"", ""key"": ""unbuckle"", ""concept"": ""unbuckle"", ""source_bank"": ""07_vocab-pack"", ""source_role"": ""production_asset"", ""source_path"": ""public/assets/07_vocab-pack/img/unbuckle.png"", ""expected_asset_type"": ""vocab_icon"", ""expected_background_mode"": ""icon_image"", ""expected_concept_word"": ""unbuckle"", ""reviewed_from"": ""audit/visual-assets/sheets/pending_visual/07-vocab-pack-vocab-icon-generated-210.jpg"", ""decision_source"": ""audit/visual-assets/decisions-vocab-151-225.jsonl"", ""sha256"": ""3704d4a019bc5624f0d8b2757e4928f00479fe36da911f5b4397aea641399b01"", ""bytes"": 41090, ""notes"": ""Contains baked-in text label 'unbuckle' at bottom."", ""reason_codes"": [""text_artifact""]}"
live:vocab:uncork,uncork,uncork,vocab,live,07_vocab-pack,production_asset,public/assets/07_vocab-pack/img/uncork.png,ART_REDO,"[""text_artifact""]","[""text_artifact""]",Contains baked-in text label 'uncork' at top.,,audit/visual-assets/sheets/pending_visual/07-vocab-pack-vocab-icon-generated-210.jpg,,"{""asset_id"": ""live:vocab:uncork"", ""key"": ""uncork"", ""concept"": ""uncork"", ""source_bank"": ""07_vocab-pack"", ""source_role"": ""production_asset"", ""source_path"": ""public/assets/07_vocab-pack/img/uncork.png"", ""expected_asset_type"": ""vocab_icon"", ""expected_background_mode"": ""icon_image"", ""expected_concept_word"": ""uncork"", ""reviewed_from"": ""audit/visual-assets/sheets/pending_visual/07-vocab-pack-vocab-icon-generated-210.jpg"", ""decision_source"": ""audit/visual-assets/decisions-vocab-151-225.jsonl"", ""sha256"": ""447a3f96f4c236651c5aeb38a7bd412c5d6a7550a23a30e770980dc27a8f71e6"", ""bytes"": 44851, ""notes"": ""Contains baked-in text label 'uncork' at top."", ""reason_codes"": [""text_artifact""]}"
live:vocab:uncover,uncover,uncover,vocab,live,07_vocab-pack,production_asset,public/assets/07_vocab-pack/img/uncover.png,ART_REDO,"[""text_artifact""]","[""text_artifact""]",Contains baked-in text label 'Uncover' at bottom.,,audit/visual-assets/sheets/pending_visual/07-vocab-pack-vocab-icon-generated-210.jpg,,"{""asset_id"": ""live:vocab:uncover"", ""key"": ""uncover"", ""concept"": ""uncover"", ""source_bank"": ""07_vocab-pack"", ""source_role"": ""production_asset"", ""source_path"": ""public/assets/07_vocab-pack/img/uncover.png"", ""expected_asset_type"": ""vocab_icon"", ""expected_background_mode"": ""icon_image"", ""expected_concept_word"": ""uncover"", ""reviewed_from"": ""audit/visual-assets/sheets/pending_visual/07-vocab-pack-vocab-icon-generated-210.jpg"", ""decision_source"": ""audit/visual-assets/decisions-vocab-151-225.jsonl"", ""sha256"": ""fb0483e42b875197a91c0452d3290199908dc0eae7876c8311b35f447dd47f90"", ""bytes"": 62025, ""notes"": ""Contains baked-in text label 'Uncover' at bottom."", ""reason_codes"": [""text_artifact""]}"
live:vocab:undo,undo,undo,vocab,live,07_vocab-pack,production_asset,public/assets/07_vocab-pack/img/undo.png,ART_REDO,"[""text_artifact""]","[""text_artifact""]",Contains baked-in text label 'Undo' at bottom.,,audit/visual-assets/sheets/pending_visual/07-vocab-pack-vocab-icon-generated-210.jpg,,"{""asset_id"": ""live:vocab:undo"", ""key"": ""undo"", ""concept"": ""undo"", ""source_bank"": ""07_vocab-pack"", ""source_role"": ""production_asset"", ""source_path"": ""public/assets/07_vocab-pack/img/undo.png"", ""expected_asset_type"": ""vocab_icon"", ""expected_background_mode"": ""icon_image"", ""expected_concept_word"": ""undo"", ""reviewed_from"": ""audit/visual-assets/sheets/pending_visual/07-vocab-pack-vocab-icon-generated-210.jpg"", ""decision_source"": ""audit/visual-assets/decisions-vocab-151-225.jsonl"", ""sha256"": ""79f60b663a223eb51b00082e535ecbf168035f592e6297695738d9d74c4a0270"", ""bytes"": 56596, ""notes"": ""Contains baked-in text label 'Undo' at bottom."", ""reason_codes"": [""text_artifact""]}"
live:vocab:unhook,unhook,unhook,vocab,live,07_vocab-pack,production_asset,public/assets/07_vocab-pack/img/unhook.png,ART_REDO,"[""text_artifact""]","[""text_artifact""]",Contains baked-in text label 'unhook' at bottom.,,audit/visual-assets/sheets/pending_visual/07-vocab-pack-vocab-icon-generated-211.jpg,,"{""asset_id"": ""live:vocab:unhook"", ""key"": ""unhook"", ""concept"": ""unhook"", ""source_bank"": ""07_vocab-pack"", ""source_role"": ""production_asset"", ""source_path"": ""public/assets/07_vocab-pack/img/unhook.png"", ""expected_asset_type"": ""vocab_icon"", ""expected_background_mode"": ""icon_image"", ""expected_concept_word"": ""unhook"", ""reviewed_from"": ""audit/visual-assets/sheets/pending_visual/07-vocab-pack-vocab-icon-generated-211.jpg"", ""decision_source"": ""audit/visual-assets/decisions-vocab-151-225.jsonl"", ""sha256"": ""c0f3f5329fc66c73adf430547e13ec11f45afbb5732f1adb1d3c8de99024f149"", ""bytes"": 37305, ""notes"": ""Contains baked-in text label 'unhook' at bottom."", ""reason_codes"": [""text_artifact""]}"
live:vocab:unlatch,unlatch,unlatch,vocab,live,07_vocab-pack,production_asset,public/assets/07_vocab-pack/img/unlatch.png,ART_REDO,"[""text_artifact""]","[""text_artifact""]",Contains baked-in text label 'unlatch' at bottom.,,audit/visual-assets/sheets/pending_visual/07-vocab-pack-vocab-icon-generated-211.jpg,,"{""asset_id"": ""live:vocab:unlatch"", ""key"": ""unlatch"", ""concept"": ""unlatch"", ""source_bank"": ""07_vocab-pack"", ""source_role"": ""production_asset"", ""source_path"": ""public/assets/07_vocab-pack/img/unlatch.png"", ""expected_asset_type"": ""vocab_icon"", ""expected_background_mode"": ""icon_image"", ""expected_concept_word"": ""unlatch"", ""reviewed_from"": ""audit/visual-assets/sheets/pending_visual/07-vocab-pack-vocab-icon-generated-211.jpg"", ""decision_source"": ""audit/visual-assets/decisions-vocab-151-225.jsonl"", ""sha256"": ""57234744c43c87189782da7b94b3fbc26395d167bd1865447a883ea550beef32"", ""bytes"": 56169, ""notes"": ""Contains baked-in text label 'unlatch' at bottom."", ""reason_codes"": [""text_artifact""]}"
live:vocab:unload,unload,unload,vocab,live,07_vocab-pack,production_asset,public/assets/07_vocab-pack/img/unload.png,ART_REDO,"[""text_artifact""]","[""text_artifact""]",Contains baked-in text label 'unload' under delivery truck.,,audit/visual-assets/sheets/pending_visual/07-vocab-pack-vocab-icon-generated-211.jpg,,"{""asset_id"": ""live:vocab:unload"", ""key"": ""unload"", ""concept"": ""unload"", ""source_bank"": ""07_vocab-pack"", ""source_role"": ""production_asset"", ""source_path"": ""public/assets/07_vocab-pack/img/unload.png"", ""expected_asset_type"": ""vocab_icon"", ""expected_background_mode"": ""icon_image"", ""expected_concept_word"": ""unload"", ""reviewed_from"": ""audit/visual-assets/sheets/pending_visual/07-vocab-pack-vocab-icon-generated-211.jpg"", ""decision_source"": ""audit/visual-assets/decisions-vocab-151-225.jsonl"", ""sha256"": ""df506639a0f62e4f9f577959c7040983cd512496f7f6349cc2193d72d862b8ec"", ""bytes"": 52472, ""notes"": ""Contains baked-in text label 'unload' under delivery truck."", ""reason_codes"": [""text_artifact""]}"
live:vocab:upload,upload,upload,vocab,live,07_vocab-pack,production_asset,public/assets/07_vocab-pack/img/upload.png,ART_REDO,"[""text_artifact""]","[""text_artifact""]",Contains baked-in text label 'Upload' at bottom.,,audit/visual-assets/sheets/pending_visual/07-vocab-pack-vocab-icon-generated-212.jpg,,"{""asset_id"": ""live:vocab:upload"", ""key"": ""upload"", ""concept"": ""upload"", ""source_bank"": ""07_vocab-pack"", ""source_role"": ""production_asset"", ""source_path"": ""public/assets/07_vocab-pack/img/upload.png"", ""expected_asset_type"": ""vocab_icon"", ""expected_background_mode"": ""icon_image"", ""expected_concept_word"": ""upload"", ""reviewed_from"": ""audit/visual-assets/sheets/pending_visual/07-vocab-pack-vocab-icon-generated-212.jpg"", ""decision_source"": ""audit/visual-assets/decisions-vocab-151-225.jsonl"", ""sha256"": ""a052797a10fe135b12103820bb895e762c373e44aeb033e2e62eba2cb541bb29"", ""bytes"": 44358, ""notes"": ""Contains baked-in text label 'Upload' at bottom."", ""reason_codes"": [""text_artifact""]}"
live:vocab:vanish,vanish,vanish,vocab,live,07_vocab-pack,production_asset,public/assets/07_vocab-pack/img/vanish.png,ART_REDO,"[""text_artifact""]","[""text_artifact""]",Contains baked-in text label 'Vanish' under magician table.,,audit/visual-assets/sheets/pending_visual/07-vocab-pack-vocab-icon-generated-213.jpg,,"{""asset_id"": ""live:vocab:vanish"", ""key"": ""vanish"", ""concept"": ""vanish"", ""source_bank"": ""07_vocab-pack"", ""source_role"": ""production_asset"", ""source_path"": ""public/assets/07_vocab-pack/img/vanish.png"", ""expected_asset_type"": ""vocab_icon"", ""expected_background_mode"": ""icon_image"", ""expected_concept_word"": ""vanish"", ""reviewed_from"": ""audit/visual-assets/sheets/pending_visual/07-vocab-pack-vocab-icon-generated-213.jpg"", ""decision_source"": ""audit/visual-assets/decisions-vocab-151-225.jsonl"", ""sha256"": ""56d6185ccbb0d8c2550042d7f8a6ccdcc447ef78e88854c3c193aa0452f0308b"", ""bytes"": 46205, ""notes"": ""Contains baked-in text label 'Vanish' under magician table."", ""reason_codes"": [""text_artifact""]}"
live:vocab:vet,vet,vet,vocab,live,07_vocab-pack,production_asset,public/assets/07_vocab-pack/img/vet.png,ART_REDO,"[""edge_cutoff"", ""generation_artifact""]","[""edge_cutoff"", ""generation_artifact""]",4-quadrant box with partial doctor portrait and stray border lines.,,audit/visual-assets/sheets/pending_visual/07-vocab-pack-vocab-icon-generated-214.jpg,,"{""asset_id"": ""live:vocab:vet"", ""key"": ""vet"", ""concept"": ""vet"", ""source_bank"": ""07_vocab-pack"", ""source_role"": ""production_asset"", ""source_path"": ""public/assets/07_vocab-pack/img/vet.png"", ""expected_asset_type"": ""vocab_icon"", ""expected_background_mode"": ""icon_image"", ""expected_concept_word"": ""vet"", ""reviewed_from"": ""audit/visual-assets/sheets/pending_visual/07-vocab-pack-vocab-icon-generated-214.jpg"", ""decision_source"": ""audit/visual-assets/decisions-vocab-151-225.jsonl"", ""sha256"": ""0258697bccc8867d628de221e288279e9e0b7b78d41e0b0bd88c5620df3d5422"", ""bytes"": 55073, ""notes"": ""4-quadrant box with partial doctor portrait and stray border lines."", ""reason_codes"": [""edge_cutoff"", ""generation_artifact""]}"
live:vocab:vibrate,vibrate,vibrate,vocab,live,07_vocab-pack,production_asset,public/assets/07_vocab-pack/img/vibrate.png,ART_REDO,"[""text_artifact""]","[""text_artifact""]",Contains baked-in text label 'Vibrate' under shaking phone.,,audit/visual-assets/sheets/pending_visual/07-vocab-pack-vocab-icon-generated-214.jpg,,"{""asset_id"": ""live:vocab:vibrate"", ""key"": ""vibrate"", ""concept"": ""vibrate"", ""source_bank"": ""07_vocab-pack"", ""source_role"": ""production_asset"", ""source_path"": ""public/assets/07_vocab-pack/img/vibrate.png"", ""expected_asset_type"": ""vocab_icon"", ""expected_background_mode"": ""icon_image"", ""expected_concept_word"": ""vibrate"", ""reviewed_from"": ""audit/visual-assets/sheets/pending_visual/07-vocab-pack-vocab-icon-generated-214.jpg"", ""decision_source"": ""audit/visual-assets/decisions-vocab-151-225.jsonl"", ""sha256"": ""c66841abd95cbc10347be2299f528679d117d163aa34ef0c7aa027e181bbb906"", ""bytes"": 39316, ""notes"": ""Contains baked-in text label 'Vibrate' under shaking phone."", ""reason_codes"": [""text_artifact""]}"
live:vocab:vulture,vulture,vulture,vocab,live,07_vocab-pack,production_asset,public/assets/07_vocab-pack/img/vulture.png,ART_REDO,"[""text_artifact""]","[""text_artifact""]",Contains baked-in text label 'Vulture' at bottom.,,audit/visual-assets/sheets/pending_visual/07-vocab-pack-vocab-icon-generated-215.jpg,,"{""asset_id"": ""live:vocab:vulture"", ""key"": ""vulture"", ""concept"": ""vulture"", ""source_bank"": ""07_vocab-pack"", ""source_role"": ""production_asset"", ""source_path"": ""public/assets/07_vocab-pack/img/vulture.png"", ""expected_asset_type"": ""vocab_icon"", ""expected_background_mode"": ""icon_image"", ""expected_concept_word"": ""vulture"", ""reviewed_from"": ""audit/visual-assets/sheets/pending_visual/07-vocab-pack-vocab-icon-generated-215.jpg"", ""decision_source"": ""audit/visual-assets/decisions-vocab-151-225.jsonl"", ""sha256"": ""7aaa6d94fd5a4b57f7b16d596a01dc3a7993c0bebae0ad065691dddaee9b479f"", ""bytes"": 26095, ""notes"": ""Contains baked-in text label 'Vulture' at bottom."", ""reason_codes"": [""text_artifact""]}"
live:vocab:waffle,waffle,waffle,vocab,live,07_vocab-pack,production_asset,public/assets/07_vocab-pack/img/waffle.png,ART_REDO,"[""edge_cutoff"", ""generation_artifact""]","[""edge_cutoff"", ""generation_artifact""]",Split card with waffle on left and food skewer on right.,,audit/visual-assets/sheets/pending_visual/07-vocab-pack-vocab-icon-generated-215.jpg,,"{""asset_id"": ""live:vocab:waffle"", ""key"": ""waffle"", ""concept"": ""waffle"", ""source_bank"": ""07_vocab-pack"", ""source_role"": ""production_asset"", ""source_path"": ""public/assets/07_vocab-pack/img/waffle.png"", ""expected_asset_type"": ""vocab_icon"", ""expected_background_mode"": ""icon_image"", ""expected_concept_word"": ""waffle"", ""reviewed_from"": ""audit/visual-assets/sheets/pending_visual/07-vocab-pack-vocab-icon-generated-215.jpg"", ""decision_source"": ""audit/visual-assets/decisions-vocab-151-225.jsonl"", ""sha256"": ""75be56a2dbb11064e7b696da0487ca17fb9e51716fd3960ad61b35f28a447f7e"", ""bytes"": 24602, ""notes"": ""Split card with waffle on left and food skewer on right."", ""reason_codes"": [""edge_cutoff"", ""generation_artifact""]}"
live:vocab:waiting-room,waiting-room,waiting room,vocab,live,07_vocab-pack,production_asset,public/assets/07_vocab-pack/img/waiting-room.png,ART_REDO,"[""text_artifact""]","[""text_artifact""]",Contains baked-in text label 'Waiting-room' under bench.,,audit/visual-assets/sheets/pending_visual/07-vocab-pack-vocab-icon-generated-216.jpg,,"{""asset_id"": ""live:vocab:waiting-room"", ""key"": ""waiting-room"", ""concept"": ""waiting room"", ""source_bank"": ""07_vocab-pack"", ""source_role"": ""production_asset"", ""source_path"": ""public/assets/07_vocab-pack/img/waiting-room.png"", ""expected_asset_type"": ""vocab_icon"", ""expected_background_mode"": ""icon_image"", ""expected_concept_word"": ""waiting room"", ""reviewed_from"": ""audit/visual-assets/sheets/pending_visual/07-vocab-pack-vocab-icon-generated-216.jpg"", ""decision_source"": ""audit/visual-assets/decisions-vocab-151-225.jsonl"", ""sha256"": ""7eccabea018acf32e945f7595cd4f8fd775a3b0d3bef001e3fa3234b8f86d4b2"", ""bytes"": 33126, ""notes"": ""Contains baked-in text label 'Waiting-room' under bench."", ""reason_codes"": [""text_artifact""]}"
live:vocab:warm,warm,warm,vocab,live,07_vocab-pack,production_asset,public/assets/07_vocab-pack/img/warm.png,ART_REDO,"[""text_artifact""]","[""text_artifact""]",Contains baked-in text label 'Warm' under girl with hot mug.,,audit/visual-assets/sheets/pending_visual/07-vocab-pack-vocab-icon-generated-216.jpg,,"{""asset_id"": ""live:vocab:warm"", ""key"": ""warm"", ""concept"": ""warm"", ""source_bank"": ""07_vocab-pack"", ""source_role"": ""production_asset"", ""source_path"": ""public/assets/07_vocab-pack/img/warm.png"", ""expected_asset_type"": ""vocab_icon"", ""expected_background_mode"": ""icon_image"", ""expected_concept_word"": ""warm"", ""reviewed_from"": ""audit/visual-assets/sheets/pending_visual/07-vocab-pack-vocab-icon-generated-216.jpg"", ""decision_source"": ""audit/visual-assets/decisions-vocab-151-225.jsonl"", ""sha256"": ""435d7eafca19a876759d2db9f3edaa26b0bec3920a6e259c4c3bf513e92229cd"", ""bytes"": 48474, ""notes"": ""Contains baked-in text label 'Warm' under girl with hot mug."", ""reason_codes"": [""text_artifact""]}"
live:vocab:warn,warn,warn,vocab,live,07_vocab-pack,production_asset,public/assets/07_vocab-pack/img/warn.png,ART_REDO,"[""text_artifact""]","[""text_artifact""]",Contains baked-in text label 'Warn' under boy gesturing stop near spill.,,audit/visual-assets/sheets/pending_visual/07-vocab-pack-vocab-icon-generated-217.jpg,,"{""asset_id"": ""live:vocab:warn"", ""key"": ""warn"", ""concept"": ""warn"", ""source_bank"": ""07_vocab-pack"", ""source_role"": ""production_asset"", ""source_path"": ""public/assets/07_vocab-pack/img/warn.png"", ""expected_asset_type"": ""vocab_icon"", ""expected_background_mode"": ""icon_image"", ""expected_concept_word"": ""warn"", ""reviewed_from"": ""audit/visual-assets/sheets/pending_visual/07-vocab-pack-vocab-icon-generated-217.jpg"", ""decision_source"": ""audit/visual-assets/decisions-vocab-151-225.jsonl"", ""sha256"": ""443943f02fdf2f6fa866daec44a5dd953d2c5611189f6e617cbdcb225ee072b8"", ""bytes"": 42099, ""notes"": ""Contains baked-in text label 'Warn' under boy gesturing stop near spill."", ""reason_codes"": [""text_artifact""]}"
live:vocab:watercan,watercan,watercan,vocab,live,07_vocab-pack,production_asset,public/assets/07_vocab-pack/img/watercan.png,ART_REDO,"[""text_artifact""]","[""text_artifact""]",Contains baked-in text label 'watercan' under boy watering plants.,,audit/visual-assets/sheets/pending_visual/07-vocab-pack-vocab-icon-generated-218.jpg,,"{""asset_id"": ""live:vocab:watercan"", ""key"": ""watercan"", ""concept"": ""watercan"", ""source_bank"": ""07_vocab-pack"", ""source_role"": ""production_asset"", ""source_path"": ""public/assets/07_vocab-pack/img/watercan.png"", ""expected_asset_type"": ""vocab_icon"", ""expected_background_mode"": ""icon_image"", ""expected_concept_word"": ""watercan"", ""reviewed_from"": ""audit/visual-assets/sheets/pending_visual/07-vocab-pack-vocab-icon-generated-218.jpg"", ""decision_source"": ""audit/visual-assets/decisions-vocab-151-225.jsonl"", ""sha256"": ""8bdc5865bed89b4ae5d95df92cd5703164ee5f7f842acfa3eb3289c27f0e5fe9"", ""bytes"": 47656, ""notes"": ""Contains baked-in text label 'watercan' under boy watering plants."", ""reason_codes"": [""text_artifact""]}"
live:vocab:watering-can-farm,watering-can-farm,watering can farm,vocab,live,07_vocab-pack,production_asset,public/assets/07_vocab-pack/img/watering-can-farm.png,ART_REDO,"[""text_artifact""]","[""text_artifact""]",Contains baked-in text label 'Watering-can-farm' at bottom.,,audit/visual-assets/sheets/pending_visual/07-vocab-pack-vocab-icon-generated-218.jpg,,"{""asset_id"": ""live:vocab:watering-can-farm"", ""key"": ""watering-can-farm"", ""concept"": ""watering can farm"", ""source_bank"": ""07_vocab-pack"", ""source_role"": ""production_asset"", ""source_path"": ""public/assets/07_vocab-pack/img/watering-can-farm.png"", ""expected_asset_type"": ""vocab_icon"", ""expected_background_mode"": ""icon_image"", ""expected_concept_word"": ""watering can farm"", ""reviewed_from"": ""audit/visual-assets/sheets/pending_visual/07-vocab-pack-vocab-icon-generated-218.jpg"", ""decision_source"": ""audit/visual-assets/decisions-vocab-151-225.jsonl"", ""sha256"": ""d3dfe72747fe8382cd5961bc828e23e2f645b1957c3a478a06302c744c00cb43"", ""bytes"": 35177, ""notes"": ""Contains baked-in text label 'Watering-can-farm' at bottom."", ""reason_codes"": [""text_artifact""]}"
live:vocab:wheelbarrow-farm,wheelbarrow-farm,wheelbarrow farm,vocab,live,07_vocab-pack,production_asset,public/assets/07_vocab-pack/img/wheelbarrow-farm.png,ART_REDO,"[""text_artifact""]","[""text_artifact""]",Contains baked-in text label 'Wheelbarrow-farm' at bottom.,,audit/visual-assets/sheets/pending_visual/07-vocab-pack-vocab-icon-generated-220.jpg,,"{""asset_id"": ""live:vocab:wheelbarrow-farm"", ""key"": ""wheelbarrow-farm"", ""concept"": ""wheelbarrow farm"", ""source_bank"": ""07_vocab-pack"", ""source_role"": ""production_asset"", ""source_path"": ""public/assets/07_vocab-pack/img/wheelbarrow-farm.png"", ""expected_asset_type"": ""vocab_icon"", ""expected_background_mode"": ""icon_image"", ""expected_concept_word"": ""wheelbarrow farm"", ""reviewed_from"": ""audit/visual-assets/sheets/pending_visual/07-vocab-pack-vocab-icon-generated-220.jpg"", ""decision_source"": ""audit/visual-assets/decisions-vocab-151-225.jsonl"", ""sha256"": ""d5e9a52f30598309fa3edcc0b7623f75d1908ada435fff4c999d8abe6fadcd00"", ""bytes"": 24315, ""notes"": ""Contains baked-in text label 'Wheelbarrow-farm' at bottom."", ""reason_codes"": [""text_artifact""]}"
live:vocab:wiggle,wiggle,wiggle,vocab,live,07_vocab-pack,production_asset,public/assets/07_vocab-pack/img/wiggle.png,ART_REDO,"[""text_artifact""]","[""text_artifact""]",Contains baked-in text label 'Wiggle' at bottom.,,audit/visual-assets/sheets/pending_visual/07-vocab-pack-vocab-icon-generated-221.jpg,,"{""asset_id"": ""live:vocab:wiggle"", ""key"": ""wiggle"", ""concept"": ""wiggle"", ""source_bank"": ""07_vocab-pack"", ""source_role"": ""production_asset"", ""source_path"": ""public/assets/07_vocab-pack/img/wiggle.png"", ""expected_asset_type"": ""vocab_icon"", ""expected_background_mode"": ""icon_image"", ""expected_concept_word"": ""wiggle"", ""reviewed_from"": ""audit/visual-assets/sheets/pending_visual/07-vocab-pack-vocab-icon-generated-221.jpg"", ""decision_source"": ""audit/visual-assets/decisions-vocab-151-225.jsonl"", ""sha256"": ""7f91c63115dd52e3e53e35eefa536e66d464d28917df0b8b923d63e5146f2cbe"", ""bytes"": 26913, ""notes"": ""Contains baked-in text label 'Wiggle' at bottom."", ""reason_codes"": [""text_artifact""]}"
live:vocab:winter,winter,winter,vocab,live,07_vocab-pack,production_asset,public/assets/07_vocab-pack/img/winter.png,ART_REDO,"[""text_artifact""]","[""text_artifact""]",Contains baked-in text label 'Winter' under snowman and tree.,,audit/visual-assets/sheets/pending_visual/07-vocab-pack-vocab-icon-generated-222.jpg,,"{""asset_id"": ""live:vocab:winter"", ""key"": ""winter"", ""concept"": ""winter"", ""source_bank"": ""07_vocab-pack"", ""source_role"": ""production_asset"", ""source_path"": ""public/assets/07_vocab-pack/img/winter.png"", ""expected_asset_type"": ""vocab_icon"", ""expected_background_mode"": ""icon_image"", ""expected_concept_word"": ""winter"", ""reviewed_from"": ""audit/visual-assets/sheets/pending_visual/07-vocab-pack-vocab-icon-generated-222.jpg"", ""decision_source"": ""audit/visual-assets/decisions-vocab-151-225.jsonl"", ""sha256"": ""61e472e15e8b26e97316442bae7335feb3dcbf3a511503f23b4e7edbdbd73b5a"", ""bytes"": 26783, ""notes"": ""Contains baked-in text label 'Winter' under snowman and tree."", ""reason_codes"": [""text_artifact""]}"
live:vocab:x-ray,x-ray,x ray,vocab,live,07_vocab-pack,production_asset,public/assets/07_vocab-pack/img/x-ray.png,ART_REDO,"[""text_artifact""]","[""text_artifact""]",Contains baked-in text label 'X-ray' under hand radiograph.,,audit/visual-assets/sheets/pending_visual/07-vocab-pack-vocab-icon-generated-224.jpg,,"{""asset_id"": ""live:vocab:x-ray"", ""key"": ""x-ray"", ""concept"": ""x ray"", ""source_bank"": ""07_vocab-pack"", ""source_role"": ""production_asset"", ""source_path"": ""public/assets/07_vocab-pack/img/x-ray.png"", ""expected_asset_type"": ""vocab_icon"", ""expected_background_mode"": ""icon_image"", ""expected_concept_word"": ""x ray"", ""reviewed_from"": ""audit/visual-assets/sheets/pending_visual/07-vocab-pack-vocab-icon-generated-224.jpg"", ""decision_source"": ""audit/visual-assets/decisions-vocab-151-225.jsonl"", ""sha256"": ""96b9b1e727084fa9494f5bdba0d8502dc8bb839f75d3db86885937775ef13290"", ""bytes"": 56016, ""notes"": ""Contains baked-in text label 'X-ray' under hand radiograph."", ""reason_codes"": [""text_artifact""]}"
live:vocab:zigzag,zigzag,zigzag,vocab,live,07_vocab-pack,production_asset,public/assets/07_vocab-pack/img/zigzag.png,ART_REDO,"[""text_artifact""]","[""text_artifact""]",Contains baked-in text label 'zigzag' under runner navigating cones.,,audit/visual-assets/sheets/pending_visual/07-vocab-pack-vocab-icon-generated-225.jpg,,"{""asset_id"": ""live:vocab:zigzag"", ""key"": ""zigzag"", ""concept"": ""zigzag"", ""source_bank"": ""07_vocab-pack"", ""source_role"": ""production_asset"", ""source_path"": ""public/assets/07_vocab-pack/img/zigzag.png"", ""expected_asset_type"": ""vocab_icon"", ""expected_background_mode"": ""icon_image"", ""expected_concept_word"": ""zigzag"", ""reviewed_from"": ""audit/visual-assets/sheets/pending_visual/07-vocab-pack-vocab-icon-generated-225.jpg"", ""decision_source"": ""audit/visual-assets/decisions-vocab-151-225.jsonl"", ""sha256"": ""110b0204b590d3242b8fbeb605618ec649823d6d122f8f62532132119de74398"", ""bytes"": 34104, ""notes"": ""Contains baked-in text label 'zigzag' under runner navigating cones."", ""reason_codes"": [""text_artifact""]}"
live:prop:cast-cashier-hold-happy,cast-cashier-hold-happy,cast cashier hold happy,story cast/actions/roles/environments,live,09_props,production_asset,public/assets/09_props/img/cast-cashier-hold-happy.png,ART_REDO,"[""bad_alpha"", ""poor_cavity""]","[""bad_alpha"", ""poor_cavity""]",Cashier legs and lower body are severely eroded and severed by over-aggressive white-key cutout.,,audit/visual-assets/sheets/pending_visual/09-props-story-action-plate-story-cast-001.jpg,,"{""asset_id"": ""live:prop:cast-cashier-hold-happy"", ""key"": ""cast-cashier-hold-happy"", ""concept"": ""cast cashier hold happy"", ""source_bank"": ""09_props"", ""source_role"": ""production_asset"", ""source_path"": ""public/assets/09_props/img/cast-cashier-hold-happy.png"", ""expected_asset_type"": ""story_action_plate"", ""expected_background_mode"": ""alpha_cutout"", ""expected_concept_word"": ""cast cashier hold happy"", ""reviewed_from"": ""audit/visual-assets/sheets/pending_visual/09-props-story-action-plate-story-cast-001.jpg"", ""decision_source"": ""audit/visual-assets/decisions-story-roles-letters.jsonl"", ""sha256"": ""cb0bf26186144c6e318b7da2a65892ea009d0e93d0aadfe62dbfa8c497201543"", ""bytes"": 87075, ""notes"": ""Cashier legs and lower body are severely eroded and severed by over-aggressive white-key cutout."", ""reason_codes"": [""bad_alpha"", ""poor_cavity""]}"
live:prop:cast-cashier-hold-neutral,cast-cashier-hold-neutral,cast cashier hold neutral,story cast/actions/roles/environments,live,09_props,production_asset,public/assets/09_props/img/cast-cashier-hold-neutral.png,ART_REDO,"[""bad_alpha"", ""poor_cavity""]","[""bad_alpha"", ""poor_cavity""]",Cashier legs and lower body are severely eroded and severed by over-aggressive white-key cutout.,,audit/visual-assets/sheets/pending_visual/09-props-story-action-plate-story-cast-001.jpg,,"{""asset_id"": ""live:prop:cast-cashier-hold-neutral"", ""key"": ""cast-cashier-hold-neutral"", ""concept"": ""cast cashier hold neutral"", ""source_bank"": ""09_props"", ""source_role"": ""production_asset"", ""source_path"": ""public/assets/09_props/img/cast-cashier-hold-neutral.png"", ""expected_asset_type"": ""story_action_plate"", ""expected_background_mode"": ""alpha_cutout"", ""expected_concept_word"": ""cast cashier hold neutral"", ""reviewed_from"": ""audit/visual-assets/sheets/pending_visual/09-props-story-action-plate-story-cast-001.jpg"", ""decision_source"": ""audit/visual-assets/decisions-story-roles-letters.jsonl"", ""sha256"": ""e147ad9bc691459be7da0b85b2498c9cac393c7c2b7c2e6dc60c5fd5b52c87eb"", ""bytes"": 82359, ""notes"": ""Cashier legs and lower body are severely eroded and severed by over-aggressive white-key cutout."", ""reason_codes"": [""bad_alpha"", ""poor_cavity""]}"
live:prop:cast-cashier-idle-happy,cast-cashier-idle-happy,cast cashier idle happy,story cast/actions/roles/environments,live,09_props,production_asset,public/assets/09_props/img/cast-cashier-idle-happy.png,ART_REDO,"[""bad_alpha"", ""poor_cavity""]","[""bad_alpha"", ""poor_cavity""]",Cashier legs and lower body are severely eroded and severed by over-aggressive white-key cutout.,,audit/visual-assets/sheets/pending_visual/09-props-story-cast-story-cast-001.jpg,,"{""asset_id"": ""live:prop:cast-cashier-idle-happy"", ""key"": ""cast-cashier-idle-happy"", ""concept"": ""cast cashier idle happy"", ""source_bank"": ""09_props"", ""source_role"": ""production_asset"", ""source_path"": ""public/assets/09_props/img/cast-cashier-idle-happy.png"", ""expected_asset_type"": ""story_cast"", ""expected_background_mode"": ""alpha_cutout"", ""expected_concept_word"": ""cast cashier idle happy"", ""reviewed_from"": ""audit/visual-assets/sheets/pending_visual/09-props-story-cast-story-cast-001.jpg"", ""decision_source"": ""audit/visual-assets/decisions-story-roles-letters.jsonl"", ""sha256"": ""1cb424bfc4008d73901603950f4b35bdaa2aa6fc964ddc6647595e44d94f7da6"", ""bytes"": 101831, ""notes"": ""Cashier legs and lower body are severely eroded and severed by over-aggressive white-key cutout."", ""reason_codes"": [""bad_alpha"", ""poor_cavity""]}"
live:prop:cast-cashier-idle-neutral,cast-cashier-idle-neutral,cast cashier idle neutral,story cast/actions/roles/environments,live,09_props,production_asset,public/assets/09_props/img/cast-cashier-idle-neutral.png,ART_REDO,"[""bad_alpha"", ""poor_cavity""]","[""bad_alpha"", ""poor_cavity""]",Cashier legs and lower body are severely eroded and severed by over-aggressive white-key cutout.,,audit/visual-assets/sheets/pending_visual/09-props-story-cast-story-cast-001.jpg,,"{""asset_id"": ""live:prop:cast-cashier-idle-neutral"", ""key"": ""cast-cashier-idle-neutral"", ""concept"": ""cast cashier idle neutral"", ""source_bank"": ""09_props"", ""source_role"": ""production_asset"", ""source_path"": ""public/assets/09_props/img/cast-cashier-idle-neutral.png"", ""expected_asset_type"": ""story_cast"", ""expected_background_mode"": ""alpha_cutout"", ""expected_concept_word"": ""cast cashier idle neutral"", ""reviewed_from"": ""audit/visual-assets/sheets/pending_visual/09-props-story-cast-story-cast-001.jpg"", ""decision_source"": ""audit/visual-assets/decisions-story-roles-letters.jsonl"", ""sha256"": ""f21ebb30deade7ef4b15dd99dde23f16bdfca403344291022f5086f760260011"", ""bytes"": 84864, ""notes"": ""Cashier legs and lower body are severely eroded and severed by over-aggressive white-key cutout."", ""reason_codes"": [""bad_alpha"", ""poor_cavity""]}"
live:prop:cast-cashier-listen-happy,cast-cashier-listen-happy,cast cashier listen happy,story cast/actions/roles/environments,live,09_props,production_asset,public/assets/09_props/img/cast-cashier-listen-happy.png,ART_REDO,"[""bad_alpha"", ""poor_cavity""]","[""bad_alpha"", ""poor_cavity""]",Cashier legs and lower body are severely eroded and severed by over-aggressive white-key cutout.,,audit/visual-assets/sheets/pending_visual/09-props-story-action-plate-story-cast-001.jpg,,"{""asset_id"": ""live:prop:cast-cashier-listen-happy"", ""key"": ""cast-cashier-listen-happy"", ""concept"": ""cast cashier listen happy"", ""source_bank"": ""09_props"", ""source_role"": ""production_asset"", ""source_path"": ""public/assets/09_props/img/cast-cashier-listen-happy.png"", ""expected_asset_type"": ""story_action_plate"", ""expected_background_mode"": ""alpha_cutout"", ""expected_concept_word"": ""cast cashier listen happy"", ""reviewed_from"": ""audit/visual-assets/sheets/pending_visual/09-props-story-action-plate-story-cast-001.jpg"", ""decision_source"": ""audit/visual-assets/decisions-story-roles-letters.jsonl"", ""sha256"": ""0fd201c97d544a653b07c3dc7a061565f0a7e8082a988645007be21c5b4ce58f"", ""bytes"": 95364, ""notes"": ""Cashier legs and lower body are severely eroded and severed by over-aggressive white-key cutout."", ""reason_codes"": [""bad_alpha"", ""poor_cavity""]}"
live:prop:cast-cashier-listen-neutral,cast-cashier-listen-neutral,cast cashier listen neutral,story cast/actions/roles/environments,live,09_props,production_asset,public/assets/09_props/img/cast-cashier-listen-neutral.png,ART_REDO,"[""bad_alpha"", ""poor_cavity""]","[""bad_alpha"", ""poor_cavity""]",Cashier legs and lower body are severely eroded and severed by over-aggressive white-key cutout.,,audit/visual-assets/sheets/pending_visual/09-props-story-action-plate-story-cast-001.jpg,,"{""asset_id"": ""live:prop:cast-cashier-listen-neutral"", ""key"": ""cast-cashier-listen-neutral"", ""concept"": ""cast cashier listen neutral"", ""source_bank"": ""09_props"", ""source_role"": ""production_asset"", ""source_path"": ""public/assets/09_props/img/cast-cashier-listen-neutral.png"", ""expected_asset_type"": ""story_action_plate"", ""expected_background_mode"": ""alpha_cutout"", ""expected_concept_word"": ""cast cashier listen neutral"", ""reviewed_from"": ""audit/visual-assets/sheets/pending_visual/09-props-story-action-plate-story-cast-001.jpg"", ""decision_source"": ""audit/visual-assets/decisions-story-roles-letters.jsonl"", ""sha256"": ""9b84efa8ccca0bffddfc6e003b5146265ddb42f7cbcfaac6295d0ec9959d6e5c"", ""bytes"": 83924, ""notes"": ""Cashier legs and lower body are severely eroded and severed by over-aggressive white-key cutout."", ""reason_codes"": [""bad_alpha"", ""poor_cavity""]}"
live:prop:cast-cashier-reach-happy,cast-cashier-reach-happy,cast cashier reach happy,story cast/actions/roles/environments,live,09_props,production_asset,public/assets/09_props/img/cast-cashier-reach-happy.png,ART_REDO,"[""bad_alpha"", ""poor_cavity""]","[""bad_alpha"", ""poor_cavity""]",Cashier legs and lower body are severely eroded and severed by over-aggressive white-key cutout.,,audit/visual-assets/sheets/pending_visual/09-props-story-action-plate-story-cast-001.jpg,,"{""asset_id"": ""live:prop:cast-cashier-reach-happy"", ""key"": ""cast-cashier-reach-happy"", ""concept"": ""cast cashier reach happy"", ""source_bank"": ""09_props"", ""source_role"": ""production_asset"", ""source_path"": ""public/assets/09_props/img/cast-cashier-reach-happy.png"", ""expected_asset_type"": ""story_action_plate"", ""expected_background_mode"": ""alpha_cutout"", ""expected_concept_word"": ""cast cashier reach happy"", ""reviewed_from"": ""audit/visual-assets/sheets/pending_visual/09-props-story-action-plate-story-cast-001.jpg"", ""decision_source"": ""audit/visual-assets/decisions-story-roles-letters.jsonl"", ""sha256"": ""8a9314721a1fc16d4e6b14004420b4739e6d03dbcdea3032cab22b26cfa43f24"", ""bytes"": 114185, ""notes"": ""Cashier legs and lower body are severely eroded and severed by over-aggressive white-key cutout."", ""reason_codes"": [""bad_alpha"", ""poor_cavity""]}"
live:prop:cast-cashier-reach-neutral,cast-cashier-reach-neutral,cast cashier reach neutral,story cast/actions/roles/environments,live,09_props,production_asset,public/assets/09_props/img/cast-cashier-reach-neutral.png,ART_REDO,"[""bad_alpha"", ""poor_cavity""]","[""bad_alpha"", ""poor_cavity""]",Cashier legs and lower body are severely eroded and severed by over-aggressive white-key cutout.,,audit/visual-assets/sheets/pending_visual/09-props-story-action-plate-story-cast-001.jpg,,"{""asset_id"": ""live:prop:cast-cashier-reach-neutral"", ""key"": ""cast-cashier-reach-neutral"", ""concept"": ""cast cashier reach neutral"", ""source_bank"": ""09_props"", ""source_role"": ""production_asset"", ""source_path"": ""public/assets/09_props/img/cast-cashier-reach-neutral.png"", ""expected_asset_type"": ""story_action_plate"", ""expected_background_mode"": ""alpha_cutout"", ""expected_concept_word"": ""cast cashier reach neutral"", ""reviewed_from"": ""audit/visual-assets/sheets/pending_visual/09-props-story-action-plate-story-cast-001.jpg"", ""decision_source"": ""audit/visual-assets/decisions-story-roles-letters.jsonl"", ""sha256"": ""5bdc573e5b83b3559c9f98961718252b1b480267da6e42bda1ccfba5d7923527"", ""bytes"": 109555, ""notes"": ""Cashier legs and lower body are severely eroded and severed by over-aggressive white-key cutout."", ""reason_codes"": [""bad_alpha"", ""poor_cavity""]}"
live:prop:cast-cashier-sit-happy,cast-cashier-sit-happy,cast cashier sit happy,story cast/actions/roles/environments,live,09_props,production_asset,public/assets/09_props/img/cast-cashier-sit-happy.png,ART_REDO,"[""bad_alpha"", ""poor_cavity""]","[""bad_alpha"", ""poor_cavity""]",Cashier legs and lower body are severely eroded and severed by over-aggressive white-key cutout.,,audit/visual-assets/sheets/pending_visual/09-props-story-action-plate-story-cast-001.jpg,,"{""asset_id"": ""live:prop:cast-cashier-sit-happy"", ""key"": ""cast-cashier-sit-happy"", ""concept"": ""cast cashier sit happy"", ""source_bank"": ""09_props"", ""source_role"": ""production_asset"", ""source_path"": ""public/assets/09_props/img/cast-cashier-sit-happy.png"", ""expected_asset_type"": ""story_action_plate"", ""expected_background_mode"": ""alpha_cutout"", ""expected_concept_word"": ""cast cashier sit happy"", ""reviewed_from"": ""audit/visual-assets/sheets/pending_visual/09-props-story-action-plate-story-cast-001.jpg"", ""decision_source"": ""audit/visual-assets/decisions-story-roles-letters.jsonl"", ""sha256"": ""d979c8fb9ecade6079c314a7dfe8ca0d53ec8f2047481e5845d3eed68927114d"", ""bytes"": 116952, ""notes"": ""Cashier legs and lower body are severely eroded and severed by over-aggressive white-key cutout."", ""reason_codes"": [""bad_alpha"", ""poor_cavity""]}"
live:prop:cast-cashier-sit-neutral,cast-cashier-sit-neutral,cast cashier sit neutral,story cast/actions/roles/environments,live,09_props,production_asset,public/assets/09_props/img/cast-cashier-sit-neutral.png,ART_REDO,"[""bad_alpha"", ""poor_cavity""]","[""bad_alpha"", ""poor_cavity""]",Cashier legs and lower body are severely eroded and severed by over-aggressive white-key cutout.,,audit/visual-assets/sheets/pending_visual/09-props-story-action-plate-story-cast-001.jpg,,"{""asset_id"": ""live:prop:cast-cashier-sit-neutral"", ""key"": ""cast-cashier-sit-neutral"", ""concept"": ""cast cashier sit neutral"", ""source_bank"": ""09_props"", ""source_role"": ""production_asset"", ""source_path"": ""public/assets/09_props/img/cast-cashier-sit-neutral.png"", ""expected_asset_type"": ""story_action_plate"", ""expected_background_mode"": ""alpha_cutout"", ""expected_concept_word"": ""cast cashier sit neutral"", ""reviewed_from"": ""audit/visual-assets/sheets/pending_visual/09-props-story-action-plate-story-cast-001.jpg"", ""decision_source"": ""audit/visual-assets/decisions-story-roles-letters.jsonl"", ""sha256"": ""d1f32348c862521c972d3aaac8246114c1c049ab8bff5bd40debefb596c24026"", ""bytes"": 90554, ""notes"": ""Cashier legs and lower body are severely eroded and severed by over-aggressive white-key cutout."", ""reason_codes"": [""bad_alpha"", ""poor_cavity""]}"
live:prop:cast-cashier-talk-happy,cast-cashier-talk-happy,cast cashier talk happy,story cast/actions/roles/environments,live,09_props,production_asset,public/assets/09_props/img/cast-cashier-talk-happy.png,ART_REDO,"[""bad_alpha"", ""poor_cavity""]","[""bad_alpha"", ""poor_cavity""]",Cashier legs and lower body are severely eroded and severed by over-aggressive white-key cutout.,,audit/visual-assets/sheets/pending_visual/09-props-story-action-plate-story-cast-001.jpg,,"{""asset_id"": ""live:prop:cast-cashier-talk-happy"", ""key"": ""cast-cashier-talk-happy"", ""concept"": ""cast cashier talk happy"", ""source_bank"": ""09_props"", ""source_role"": ""production_asset"", ""source_path"": ""public/assets/09_props/img/cast-cashier-talk-happy.png"", ""expected_asset_type"": ""story_action_plate"", ""expected_background_mode"": ""alpha_cutout"", ""expected_concept_word"": ""cast cashier talk happy"", ""reviewed_from"": ""audit/visual-assets/sheets/pending_visual/09-props-story-action-plate-story-cast-001.jpg"", ""decision_source"": ""audit/visual-assets/decisions-story-roles-letters.jsonl"", ""sha256"": ""4a18943c74035a1461b2d333dad89bf4aae4bd06cb59354d849f595f5b271bff"", ""bytes"": 113532, ""notes"": ""Cashier legs and lower body are severely eroded and severed by over-aggressive white-key cutout."", ""reason_codes"": [""bad_alpha"", ""poor_cavity""]}"
live:prop:cast-cashier-talk-neutral,cast-cashier-talk-neutral,cast cashier talk neutral,story cast/actions/roles/environments,live,09_props,production_asset,public/assets/09_props/img/cast-cashier-talk-neutral.png,ART_REDO,"[""bad_alpha"", ""poor_cavity""]","[""bad_alpha"", ""poor_cavity""]",Cashier legs and lower body are severely eroded and severed by over-aggressive white-key cutout.,,audit/visual-assets/sheets/pending_visual/09-props-story-action-plate-story-cast-001.jpg,,"{""asset_id"": ""live:prop:cast-cashier-talk-neutral"", ""key"": ""cast-cashier-talk-neutral"", ""concept"": ""cast cashier talk neutral"", ""source_bank"": ""09_props"", ""source_role"": ""production_asset"", ""source_path"": ""public/assets/09_props/img/cast-cashier-talk-neutral.png"", ""expected_asset_type"": ""story_action_plate"", ""expected_background_mode"": ""alpha_cutout"", ""expected_concept_word"": ""cast cashier talk neutral"", ""reviewed_from"": ""audit/visual-assets/sheets/pending_visual/09-props-story-action-plate-story-cast-001.jpg"", ""decision_source"": ""audit/visual-assets/decisions-story-roles-letters.jsonl"", ""sha256"": ""378f87fc48ab0690ff4bdf177353ca4c4b1432379c3efbf878df247273dd7e08"", ""bytes"": 100318, ""notes"": ""Cashier legs and lower body are severely eroded and severed by over-aggressive white-key cutout."", ""reason_codes"": [""bad_alpha"", ""poor_cavity""]}"
live:prop:cast-cashier-walk-happy,cast-cashier-walk-happy,cast cashier walk happy,story cast/actions/roles/environments,live,09_props,production_asset,public/assets/09_props/img/cast-cashier-walk-happy.png,ART_REDO,"[""bad_alpha"", ""poor_cavity""]","[""bad_alpha"", ""poor_cavity""]",Cashier legs and lower body are severely eroded and severed by over-aggressive white-key cutout.,,audit/visual-assets/sheets/pending_visual/09-props-story-action-plate-story-cast-001.jpg,,"{""asset_id"": ""live:prop:cast-cashier-walk-happy"", ""key"": ""cast-cashier-walk-happy"", ""concept"": ""cast cashier walk happy"", ""source_bank"": ""09_props"", ""source_role"": ""production_asset"", ""source_path"": ""public/assets/09_props/img/cast-cashier-walk-happy.png"", ""expected_asset_type"": ""story_action_plate"", ""expected_background_mode"": ""alpha_cutout"", ""expected_concept_word"": ""cast cashier walk happy"", ""reviewed_from"": ""audit/visual-assets/sheets/pending_visual/09-props-story-action-plate-story-cast-001.jpg"", ""decision_source"": ""audit/visual-assets/decisions-story-roles-letters.jsonl"", ""sha256"": ""be118e80285a4fdd33ac0d3491d0e0fe36970bdd6d1b353136ce8cf8f23bb397"", ""bytes"": 93633, ""notes"": ""Cashier legs and lower body are severely eroded and severed by over-aggressive white-key cutout."", ""reason_codes"": [""bad_alpha"", ""poor_cavity""]}"
live:prop:cast-cashier-walk-neutral,cast-cashier-walk-neutral,cast cashier walk neutral,story cast/actions/roles/environments,live,09_props,production_asset,public/assets/09_props/img/cast-cashier-walk-neutral.png,ART_REDO,"[""bad_alpha"", ""poor_cavity""]","[""bad_alpha"", ""poor_cavity""]",Cashier legs and lower body are severely eroded and severed by over-aggressive white-key cutout.,,audit/visual-assets/sheets/pending_visual/09-props-story-action-plate-story-cast-001.jpg,,"{""asset_id"": ""live:prop:cast-cashier-walk-neutral"", ""key"": ""cast-cashier-walk-neutral"", ""concept"": ""cast cashier walk neutral"", ""source_bank"": ""09_props"", ""source_role"": ""production_asset"", ""source_path"": ""public/assets/09_props/img/cast-cashier-walk-neutral.png"", ""expected_asset_type"": ""story_action_plate"", ""expected_background_mode"": ""alpha_cutout"", ""expected_concept_word"": ""cast cashier walk neutral"", ""reviewed_from"": ""audit/visual-assets/sheets/pending_visual/09-props-story-action-plate-story-cast-001.jpg"", ""decision_source"": ""audit/visual-assets/decisions-story-roles-letters.jsonl"", ""sha256"": ""2134bb741fd83d60a204cb23a53e5788214a77fc4c39319bc3286582a911a649"", ""bytes"": 88216, ""notes"": ""Cashier legs and lower body are severely eroded and severed by over-aggressive white-key cutout."", ""reason_codes"": [""bad_alpha"", ""poor_cavity""]}"
live:prop:cast-chef-hold-happy,cast-chef-hold-happy,cast chef hold happy,story cast/actions/roles/environments,live,09_props,production_asset,public/assets/09_props/img/cast-chef-hold-happy.png,ART_REDO,"[""bad_alpha"", ""white_plate"", ""weak_contrast""]","[""bad_alpha"", ""white_plate"", ""weak_contrast""]",Chef white coat/torso completely vanished into white background due to bad alpha keying.,,audit/visual-assets/sheets/pending_visual/09-props-story-action-plate-story-cast-001.jpg,,"{""asset_id"": ""live:prop:cast-chef-hold-happy"", ""key"": ""cast-chef-hold-happy"", ""concept"": ""cast chef hold happy"", ""source_bank"": ""09_props"", ""source_role"": ""production_asset"", ""source_path"": ""public/assets/09_props/img/cast-chef-hold-happy.png"", ""expected_asset_type"": ""story_action_plate"", ""expected_background_mode"": ""alpha_cutout"", ""expected_concept_word"": ""cast chef hold happy"", ""reviewed_from"": ""audit/visual-assets/sheets/pending_visual/09-props-story-action-plate-story-cast-001.jpg"", ""decision_source"": ""audit/visual-assets/decisions-story-roles-letters.jsonl"", ""sha256"": ""5a7f6c6a9ec4233ad90dcc80e3a103af05d743de4c54461eadaca803934c8975"", ""bytes"": 53544, ""notes"": ""Chef white coat/torso completely vanished into white background due to bad alpha keying."", ""reason_codes"": [""bad_alpha"", ""white_plate"", ""weak_contrast""]}"
live:prop:cast-chef-hold-neutral,cast-chef-hold-neutral,cast chef hold neutral,story cast/actions/roles/environments,live,09_props,production_asset,public/assets/09_props/img/cast-chef-hold-neutral.png,ART_REDO,"[""bad_alpha"", ""white_plate"", ""weak_contrast""]","[""bad_alpha"", ""white_plate"", ""weak_contrast""]",Chef white coat/torso completely vanished into white background due to bad alpha keying.,,audit/visual-assets/sheets/pending_visual/09-props-story-action-plate-story-cast-001.jpg,,"{""asset_id"": ""live:prop:cast-chef-hold-neutral"", ""key"": ""cast-chef-hold-neutral"", ""concept"": ""cast chef hold neutral"", ""source_bank"": ""09_props"", ""source_role"": ""production_asset"", ""source_path"": ""public/assets/09_props/img/cast-chef-hold-neutral.png"", ""expected_asset_type"": ""story_action_plate"", ""expected_background_mode"": ""alpha_cutout"", ""expected_concept_word"": ""cast chef hold neutral"", ""reviewed_from"": ""audit/visual-assets/sheets/pending_visual/09-props-story-action-plate-story-cast-001.jpg"", ""decision_source"": ""audit/visual-assets/decisions-story-roles-letters.jsonl"", ""sha256"": ""d86f61061bd81cd1224ac41f0452ef99cf67b6ffe99989839bb783979a5edbad"", ""bytes"": 46158, ""notes"": ""Chef white coat/torso completely vanished into white background due to bad alpha keying."", ""reason_codes"": [""bad_alpha"", ""white_plate"", ""weak_contrast""]}"
live:prop:cast-chef-idle-happy,cast-chef-idle-happy,cast chef idle happy,story cast/actions/roles/environments,live,09_props,production_asset,public/assets/09_props/img/cast-chef-idle-happy.png,ART_REDO,"[""bad_alpha"", ""white_plate"", ""weak_contrast""]","[""bad_alpha"", ""white_plate"", ""weak_contrast""]",Chef white coat/torso completely vanished into white background due to bad alpha keying.,,audit/visual-assets/sheets/pending_visual/09-props-story-cast-story-cast-001.jpg,,"{""asset_id"": ""live:prop:cast-chef-idle-happy"", ""key"": ""cast-chef-idle-happy"", ""concept"": ""cast chef idle happy"", ""source_bank"": ""09_props"", ""source_role"": ""production_asset"", ""source_path"": ""public/assets/09_props/img/cast-chef-idle-happy.png"", ""expected_asset_type"": ""story_cast"", ""expected_background_mode"": ""alpha_cutout"", ""expected_concept_word"": ""cast chef idle happy"", ""reviewed_from"": ""audit/visual-assets/sheets/pending_visual/09-props-story-cast-story-cast-001.jpg"", ""decision_source"": ""audit/visual-assets/decisions-story-roles-letters.jsonl"", ""sha256"": ""170d63ea2a6270120e9a089335a6c685acca7e9b02771ece0f32d7e88162d3f1"", ""bytes"": 49352, ""notes"": ""Chef white coat/torso completely vanished into white background due to bad alpha keying."", ""reason_codes"": [""bad_alpha"", ""white_plate"", ""weak_contrast""]}"
live:prop:cast-chef-idle-neutral,cast-chef-idle-neutral,cast chef idle neutral,story cast/actions/roles/environments,live,09_props,production_asset,public/assets/09_props/img/cast-chef-idle-neutral.png,ART_REDO,"[""bad_alpha"", ""white_plate"", ""weak_contrast""]","[""bad_alpha"", ""white_plate"", ""weak_contrast""]",Chef white coat/torso completely vanished into white background due to bad alpha keying.,,audit/visual-assets/sheets/pending_visual/09-props-story-cast-story-cast-001.jpg,,"{""asset_id"": ""live:prop:cast-chef-idle-neutral"", ""key"": ""cast-chef-idle-neutral"", ""concept"": ""cast chef idle neutral"", ""source_bank"": ""09_props"", ""source_role"": ""production_asset"", ""source_path"": ""public/assets/09_props/img/cast-chef-idle-neutral.png"", ""expected_asset_type"": ""story_cast"", ""expected_background_mode"": ""alpha_cutout"", ""expected_concept_word"": ""cast chef idle neutral"", ""reviewed_from"": ""audit/visual-assets/sheets/pending_visual/09-props-story-cast-story-cast-001.jpg"", ""decision_source"": ""audit/visual-assets/decisions-story-roles-letters.jsonl"", ""sha256"": ""df8af74496b4dd48c50461641df0e44d3d35edb318e1cb076de4649d7031a88a"", ""bytes"": 44880, ""notes"": ""Chef white coat/torso completely vanished into white background due to bad alpha keying."", ""reason_codes"": [""bad_alpha"", ""white_plate"", ""weak_contrast""]}"
live:prop:cast-chef-listen-happy,cast-chef-listen-happy,cast chef listen happy,story cast/actions/roles/environments,live,09_props,production_asset,public/assets/09_props/img/cast-chef-listen-happy.png,ART_REDO,"[""bad_alpha"", ""white_plate"", ""weak_contrast""]","[""bad_alpha"", ""white_plate"", ""weak_contrast""]",Chef white coat/torso completely vanished into white background due to bad alpha keying.,,audit/visual-assets/sheets/pending_visual/09-props-story-action-plate-story-cast-001.jpg,,"{""asset_id"": ""live:prop:cast-chef-listen-happy"", ""key"": ""cast-chef-listen-happy"", ""concept"": ""cast chef listen happy"", ""source_bank"": ""09_props"", ""source_role"": ""production_asset"", ""source_path"": ""public/assets/09_props/img/cast-chef-listen-happy.png"", ""expected_asset_type"": ""story_action_plate"", ""expected_background_mode"": ""alpha_cutout"", ""expected_concept_word"": ""cast chef listen happy"", ""reviewed_from"": ""audit/visual-assets/sheets/pending_visual/09-props-story-action-plate-story-cast-001.jpg"", ""decision_source"": ""audit/visual-assets/decisions-story-roles-letters.jsonl"", ""sha256"": ""018cf52327c5cdc277ee83d12da6fac5d88f9982832f1f56cf3f130f4fd72634"", ""bytes"": 53295, ""notes"": ""Chef white coat/torso completely vanished into white background due to bad alpha keying."", ""reason_codes"": [""bad_alpha"", ""white_plate"", ""weak_contrast""]}"
live:prop:cast-chef-listen-neutral,cast-chef-listen-neutral,cast chef listen neutral,story cast/actions/roles/environments,live,09_props,production_asset,public/assets/09_props/img/cast-chef-listen-neutral.png,ART_REDO,"[""bad_alpha"", ""white_plate"", ""weak_contrast""]","[""bad_alpha"", ""white_plate"", ""weak_contrast""]",Chef white coat/torso completely vanished into white background due to bad alpha keying.,,audit/visual-assets/sheets/pending_visual/09-props-story-action-plate-story-cast-001.jpg,,"{""asset_id"": ""live:prop:cast-chef-listen-neutral"", ""key"": ""cast-chef-listen-neutral"", ""concept"": ""cast chef listen neutral"", ""source_bank"": ""09_props"", ""source_role"": ""production_asset"", ""source_path"": ""public/assets/09_props/img/cast-chef-listen-neutral.png"", ""expected_asset_type"": ""story_action_plate"", ""expected_background_mode"": ""alpha_cutout"", ""expected_concept_word"": ""cast chef listen neutral"", ""reviewed_from"": ""audit/visual-assets/sheets/pending_visual/09-props-story-action-plate-story-cast-001.jpg"", ""decision_source"": ""audit/visual-assets/decisions-story-roles-letters.jsonl"", ""sha256"": ""7b78d0ee7562dee348d9118a2bec73af95a024b33ddcf7917539f952538218f4"", ""bytes"": 50873, ""notes"": ""Chef white coat/torso completely vanished into white background due to bad alpha keying."", ""reason_codes"": [""bad_alpha"", ""white_plate"", ""weak_contrast""]}"
live:prop:cast-chef-reach-happy,cast-chef-reach-happy,cast chef reach happy,story cast/actions/roles/environments,live,09_props,production_asset,public/assets/09_props/img/cast-chef-reach-happy.png,ART_REDO,"[""bad_alpha"", ""white_plate"", ""weak_contrast""]","[""bad_alpha"", ""white_plate"", ""weak_contrast""]",Chef white coat/torso completely vanished into white background due to bad alpha keying.,,audit/visual-assets/sheets/pending_visual/09-props-story-action-plate-story-cast-001.jpg,,"{""asset_id"": ""live:prop:cast-chef-reach-happy"", ""key"": ""cast-chef-reach-happy"", ""concept"": ""cast chef reach happy"", ""source_bank"": ""09_props"", ""source_role"": ""production_asset"", ""source_path"": ""public/assets/09_props/img/cast-chef-reach-happy.png"", ""expected_asset_type"": ""story_action_plate"", ""expected_background_mode"": ""alpha_cutout"", ""expected_concept_word"": ""cast chef reach happy"", ""reviewed_from"": ""audit/visual-assets/sheets/pending_visual/09-props-story-action-plate-story-cast-001.jpg"", ""decision_source"": ""audit/visual-assets/decisions-story-roles-letters.jsonl"", ""sha256"": ""d9eecf2ac49933bf1dcffdeb72e798b662fa6d9bbaf324a31008b6067a9d166e"", ""bytes"": 56591, ""notes"": ""Chef white coat/torso completely vanished into white background due to bad alpha keying."", ""reason_codes"": [""bad_alpha"", ""white_plate"", ""weak_contrast""]}"
live:prop:cast-chef-reach-neutral,cast-chef-reach-neutral,cast chef reach neutral,story cast/actions/roles/environments,live,09_props,production_asset,public/assets/09_props/img/cast-chef-reach-neutral.png,ART_REDO,"[""bad_alpha"", ""white_plate"", ""weak_contrast""]","[""bad_alpha"", ""white_plate"", ""weak_contrast""]",Chef white coat/torso completely vanished into white background due to bad alpha keying.,,audit/visual-assets/sheets/pending_visual/09-props-story-action-plate-story-cast-001.jpg,,"{""asset_id"": ""live:prop:cast-chef-reach-neutral"", ""key"": ""cast-chef-reach-neutral"", ""concept"": ""cast chef reach neutral"", ""source_bank"": ""09_props"", ""source_role"": ""production_asset"", ""source_path"": ""public/assets/09_props/img/cast-chef-reach-neutral.png"", ""expected_asset_type"": ""story_action_plate"", ""expected_background_mode"": ""alpha_cutout"", ""expected_concept_word"": ""cast chef reach neutral"", ""reviewed_from"": ""audit/visual-assets/sheets/pending_visual/09-props-story-action-plate-story-cast-001.jpg"", ""decision_source"": ""audit/visual-assets/decisions-story-roles-letters.jsonl"", ""sha256"": ""c4a1819397648a93194f1a0274699abd9463069f32a4c803417aba4c7c1b678f"", ""bytes"": 46570, ""notes"": ""Chef white coat/torso completely vanished into white background due to bad alpha keying."", ""reason_codes"": [""bad_alpha"", ""white_plate"", ""weak_contrast""]}"
live:prop:cast-chef-sit-happy,cast-chef-sit-happy,cast chef sit happy,story cast/actions/roles/environments,live,09_props,production_asset,public/assets/09_props/img/cast-chef-sit-happy.png,ART_REDO,"[""bad_alpha"", ""white_plate"", ""weak_contrast""]","[""bad_alpha"", ""white_plate"", ""weak_contrast""]",Chef white coat/torso completely vanished into white background due to bad alpha keying.,,audit/visual-assets/sheets/pending_visual/09-props-story-action-plate-story-cast-001.jpg,,"{""asset_id"": ""live:prop:cast-chef-sit-happy"", ""key"": ""cast-chef-sit-happy"", ""concept"": ""cast chef sit happy"", ""source_bank"": ""09_props"", ""source_role"": ""production_asset"", ""source_path"": ""public/assets/09_props/img/cast-chef-sit-happy.png"", ""expected_asset_type"": ""story_action_plate"", ""expected_background_mode"": ""alpha_cutout"", ""expected_concept_word"": ""cast chef sit happy"", ""reviewed_from"": ""audit/visual-assets/sheets/pending_visual/09-props-story-action-plate-story-cast-001.jpg"", ""decision_source"": ""audit/visual-assets/decisions-story-roles-letters.jsonl"", ""sha256"": ""71f4bf49a5189791ca11c9482726cf69fd52f448af63ee7e79277df7d27a9577"", ""bytes"": 55885, ""notes"": ""Chef white coat/torso completely vanished into white background due to bad alpha keying."", ""reason_codes"": [""bad_alpha"", ""white_plate"", ""weak_contrast""]}"
live:prop:cast-chef-sit-neutral,cast-chef-sit-neutral,cast chef sit neutral,story cast/actions/roles/environments,live,09_props,production_asset,public/assets/09_props/img/cast-chef-sit-neutral.png,ART_REDO,"[""bad_alpha"", ""white_plate"", ""weak_contrast""]","[""bad_alpha"", ""white_plate"", ""weak_contrast""]",Chef white coat/torso completely vanished into white background due to bad alpha keying.,,audit/visual-assets/sheets/pending_visual/09-props-story-action-plate-story-cast-001.jpg,,"{""asset_id"": ""live:prop:cast-chef-sit-neutral"", ""key"": ""cast-chef-sit-neutral"", ""concept"": ""cast chef sit neutral"", ""source_bank"": ""09_props"", ""source_role"": ""production_asset"", ""source_path"": ""public/assets/09_props/img/cast-chef-sit-neutral.png"", ""expected_asset_type"": ""story_action_plate"", ""expected_background_mode"": ""alpha_cutout"", ""expected_concept_word"": ""cast chef sit neutral"", ""reviewed_from"": ""audit/visual-assets/sheets/pending_visual/09-props-story-action-plate-story-cast-001.jpg"", ""decision_source"": ""audit/visual-assets/decisions-story-roles-letters.jsonl"", ""sha256"": ""b1b3717176bba8295ecc22e4e4ccf3414dbd2c546cb552d9e951b8f133bf8afd"", ""bytes"": 59102, ""notes"": ""Chef white coat/torso completely vanished into white background due to bad alpha keying."", ""reason_codes"": [""bad_alpha"", ""white_plate"", ""weak_contrast""]}"
live:prop:cast-chef-talk-happy,cast-chef-talk-happy,cast chef talk happy,story cast/actions/roles/environments,live,09_props,production_asset,public/assets/09_props/img/cast-chef-talk-happy.png,ART_REDO,"[""bad_alpha"", ""white_plate"", ""weak_contrast""]","[""bad_alpha"", ""white_plate"", ""weak_contrast""]",Chef white coat/torso completely vanished into white background due to bad alpha keying.,,audit/visual-assets/sheets/pending_visual/09-props-story-action-plate-story-cast-001.jpg,,"{""asset_id"": ""live:prop:cast-chef-talk-happy"", ""key"": ""cast-chef-talk-happy"", ""concept"": ""cast chef talk happy"", ""source_bank"": ""09_props"", ""source_role"": ""production_asset"", ""source_path"": ""public/assets/09_props/img/cast-chef-talk-happy.png"", ""expected_asset_type"": ""story_action_plate"", ""expected_background_mode"": ""alpha_cutout"", ""expected_concept_word"": ""cast chef talk happy"", ""reviewed_from"": ""audit/visual-assets/sheets/pending_visual/09-props-story-action-plate-story-cast-001.jpg"", ""decision_source"": ""audit/visual-assets/decisions-story-roles-letters.jsonl"", ""sha256"": ""dd65572f658d3c688454e8ea9aa14efaa055ffda3737dd3fb9db3e13ffb4e1ac"", ""bytes"": 49418, ""notes"": ""Chef white coat/torso completely vanished into white background due to bad alpha keying."", ""reason_codes"": [""bad_alpha"", ""white_plate"", ""weak_contrast""]}"
live:prop:cast-chef-talk-neutral,cast-chef-talk-neutral,cast chef talk neutral,story cast/actions/roles/environments,live,09_props,production_asset,public/assets/09_props/img/cast-chef-talk-neutral.png,ART_REDO,"[""bad_alpha"", ""white_plate"", ""weak_contrast""]","[""bad_alpha"", ""white_plate"", ""weak_contrast""]",Chef white coat/torso completely vanished into white background due to bad alpha keying.,,audit/visual-assets/sheets/pending_visual/09-props-story-action-plate-story-cast-001.jpg,,"{""asset_id"": ""live:prop:cast-chef-talk-neutral"", ""key"": ""cast-chef-talk-neutral"", ""concept"": ""cast chef talk neutral"", ""source_bank"": ""09_props"", ""source_role"": ""production_asset"", ""source_path"": ""public/assets/09_props/img/cast-chef-talk-neutral.png"", ""expected_asset_type"": ""story_action_plate"", ""expected_background_mode"": ""alpha_cutout"", ""expected_concept_word"": ""cast chef talk neutral"", ""reviewed_from"": ""audit/visual-assets/sheets/pending_visual/09-props-story-action-plate-story-cast-001.jpg"", ""decision_source"": ""audit/visual-assets/decisions-story-roles-letters.jsonl"", ""sha256"": ""67229213c89b0d1eb8d8902464dc4a2a608dd8b9f5c0c744284d84fb6d21fdfe"", ""bytes"": 53218, ""notes"": ""Chef white coat/torso completely vanished into white background due to bad alpha keying."", ""reason_codes"": [""bad_alpha"", ""white_plate"", ""weak_contrast""]}"
live:prop:cast-chef-walk-happy,cast-chef-walk-happy,cast chef walk happy,story cast/actions/roles/environments,live,09_props,production_asset,public/assets/09_props/img/cast-chef-walk-happy.png,ART_REDO,"[""bad_alpha"", ""white_plate"", ""weak_contrast""]","[""bad_alpha"", ""white_plate"", ""weak_contrast""]",Chef white coat/torso completely vanished into white background due to bad alpha keying.,,audit/visual-assets/sheets/pending_visual/09-props-story-action-plate-story-cast-001.jpg,,"{""asset_id"": ""live:prop:cast-chef-walk-happy"", ""key"": ""cast-chef-walk-happy"", ""concept"": ""cast chef walk happy"", ""source_bank"": ""09_props"", ""source_role"": ""production_asset"", ""source_path"": ""public/assets/09_props/img/cast-chef-walk-happy.png"", ""expected_asset_type"": ""story_action_plate"", ""expected_background_mode"": ""alpha_cutout"", ""expected_concept_word"": ""cast chef walk happy"", ""reviewed_from"": ""audit/visual-assets/sheets/pending_visual/09-props-story-action-plate-story-cast-001.jpg"", ""decision_source"": ""audit/visual-assets/decisions-story-roles-letters.jsonl"", ""sha256"": ""20e4360506992ed8ca52110e4d441d5e1c6cf8c89c74fd6b89ab2dfbb5a42207"", ""bytes"": 48177, ""notes"": ""Chef white coat/torso completely vanished into white background due to bad alpha keying."", ""reason_codes"": [""bad_alpha"", ""white_plate"", ""weak_contrast""]}"
live:prop:cast-chef-walk-neutral,cast-chef-walk-neutral,cast chef walk neutral,story cast/actions/roles/environments,live,09_props,production_asset,public/assets/09_props/img/cast-chef-walk-neutral.png,ART_REDO,"[""bad_alpha"", ""white_plate"", ""weak_contrast""]","[""bad_alpha"", ""white_plate"", ""weak_contrast""]",Chef white coat/torso completely vanished into white background due to bad alpha keying.,,audit/visual-assets/sheets/pending_visual/09-props-story-action-plate-story-cast-001.jpg,,"{""asset_id"": ""live:prop:cast-chef-walk-neutral"", ""key"": ""cast-chef-walk-neutral"", ""concept"": ""cast chef walk neutral"", ""source_bank"": ""09_props"", ""source_role"": ""production_asset"", ""source_path"": ""public/assets/09_props/img/cast-chef-walk-neutral.png"", ""expected_asset_type"": ""story_action_plate"", ""expected_background_mode"": ""alpha_cutout"", ""expected_concept_word"": ""cast chef walk neutral"", ""reviewed_from"": ""audit/visual-assets/sheets/pending_visual/09-props-story-action-plate-story-cast-001.jpg"", ""decision_source"": ""audit/visual-assets/decisions-story-roles-letters.jsonl"", ""sha256"": ""798bdae5ed987991bc837055c52606d60e9bb3d9d92bbaa9a3dbb92d0540863e"", ""bytes"": 45964, ""notes"": ""Chef white coat/torso completely vanished into white background due to bad alpha keying."", ""reason_codes"": [""bad_alpha"", ""white_plate"", ""weak_contrast""]}"
live:prop:cast-customer-idle-happy,cast-customer-idle-happy,cast customer idle happy,story cast/actions/roles/environments,live,09_props,production_asset,public/assets/09_props/img/cast-customer-idle-happy.png,ART_REDO,"[""identity_drift""]","[""identity_drift""]",Customer shown in tan jacket/brown pants; identity drifts from blue-shirt customer neutral pose.,,audit/visual-assets/sheets/pending_visual/09-props-story-cast-story-cast-001.jpg,,"{""asset_id"": ""live:prop:cast-customer-idle-happy"", ""key"": ""cast-customer-idle-happy"", ""concept"": ""cast customer idle happy"", ""source_bank"": ""09_props"", ""source_role"": ""production_asset"", ""source_path"": ""public/assets/09_props/img/cast-customer-idle-happy.png"", ""expected_asset_type"": ""story_cast"", ""expected_background_mode"": ""alpha_cutout"", ""expected_concept_word"": ""cast customer idle happy"", ""reviewed_from"": ""audit/visual-assets/sheets/pending_visual/09-props-story-cast-story-cast-001.jpg"", ""decision_source"": ""audit/visual-assets/decisions-story-roles-letters.jsonl"", ""sha256"": ""8af0d7388f88e8f90b8d6fdcca61a67209941a4888fd6e1251a72ab3bc498ec1"", ""bytes"": 84795, ""notes"": ""Customer shown in tan jacket/brown pants; identity drifts from blue-shirt customer neutral pose."", ""reason_codes"": [""identity_drift""]}"
live:prop:cast-customer-idle-neutral,cast-customer-idle-neutral,cast customer idle neutral,story cast/actions/roles/environments,live,09_props,production_asset,public/assets/09_props/img/cast-customer-idle-neutral.png,ART_REDO,"[""identity_drift""]","[""identity_drift""]",Customer shown in blue shirt; identity drifts from tan-jacket customer happy pose.,,audit/visual-assets/sheets/pending_visual/09-props-story-cast-story-cast-001.jpg,,"{""asset_id"": ""live:prop:cast-customer-idle-neutral"", ""key"": ""cast-customer-idle-neutral"", ""concept"": ""cast customer idle neutral"", ""source_bank"": ""09_props"", ""source_role"": ""production_asset"", ""source_path"": ""public/assets/09_props/img/cast-customer-idle-neutral.png"", ""expected_asset_type"": ""story_cast"", ""expected_background_mode"": ""alpha_cutout"", ""expected_concept_word"": ""cast customer idle neutral"", ""reviewed_from"": ""audit/visual-assets/sheets/pending_visual/09-props-story-cast-story-cast-001.jpg"", ""decision_source"": ""audit/visual-assets/decisions-story-roles-letters.jsonl"", ""sha256"": ""23f58fe5d646c12b55c4fe0f9a565ccd14bd50e014f4a0debcada9209e457c25"", ""bytes"": 79987, ""notes"": ""Customer shown in blue shirt; identity drifts from tan-jacket customer happy pose."", ""reason_codes"": [""identity_drift""]}"
live:prop:cast-customer-listen-happy,cast-customer-listen-happy,cast customer listen happy,story cast/actions/roles/environments,live,09_props,production_asset,public/assets/09_props/img/cast-customer-listen-happy.png,ART_REDO,"[""identity_drift""]","[""identity_drift""]",Displays purple clerk character instead of customer; identity drift and wrong character.,,audit/visual-assets/sheets/pending_visual/09-props-story-action-plate-story-cast-002.jpg,,"{""asset_id"": ""live:prop:cast-customer-listen-happy"", ""key"": ""cast-customer-listen-happy"", ""concept"": ""cast customer listen happy"", ""source_bank"": ""09_props"", ""source_role"": ""production_asset"", ""source_path"": ""public/assets/09_props/img/cast-customer-listen-happy.png"", ""expected_asset_type"": ""story_action_plate"", ""expected_background_mode"": ""alpha_cutout"", ""expected_concept_word"": ""cast customer listen happy"", ""reviewed_from"": ""audit/visual-assets/sheets/pending_visual/09-props-story-action-plate-story-cast-002.jpg"", ""decision_source"": ""audit/visual-assets/decisions-story-roles-letters.jsonl"", ""sha256"": ""eac2f753552522a6a9316f03dfdaf9fcbe097ee0c48b10490c336aff90b7c9b1"", ""bytes"": 196064, ""notes"": ""Displays purple clerk character instead of customer; identity drift and wrong character."", ""reason_codes"": [""identity_drift""]}"
live:prop:cast-customer-listen-neutral,cast-customer-listen-neutral,cast customer listen neutral,story cast/actions/roles/environments,live,09_props,production_asset,public/assets/09_props/img/cast-customer-listen-neutral.png,ART_REDO,"[""identity_drift"", ""background_contamination""]","[""identity_drift"", ""background_contamination""]",Tan blazer customer with floating severed arm artifact on right side.,,audit/visual-assets/sheets/pending_visual/09-props-story-action-plate-story-cast-002.jpg,,"{""asset_id"": ""live:prop:cast-customer-listen-neutral"", ""key"": ""cast-customer-listen-neutral"", ""concept"": ""cast customer listen neutral"", ""source_bank"": ""09_props"", ""source_role"": ""production_asset"", ""source_path"": ""public/assets/09_props/img/cast-customer-listen-neutral.png"", ""expected_asset_type"": ""story_action_plate"", ""expected_background_mode"": ""alpha_cutout"", ""expected_concept_word"": ""cast customer listen neutral"", ""reviewed_from"": ""audit/visual-assets/sheets/pending_visual/09-props-story-action-plate-story-cast-002.jpg"", ""decision_source"": ""audit/visual-assets/decisions-story-roles-letters.jsonl"", ""sha256"": ""31fb1245e0f8c5fa72bab41bfcb6c4b6439e76a405fc9c6ea955e1335eb07de6"", ""bytes"": 114009, ""notes"": ""Tan blazer customer with floating severed arm artifact on right side."", ""reason_codes"": [""identity_drift"", ""background_contamination""]}"
live:prop:cast-customer-reach-happy,cast-customer-reach-happy,cast customer reach happy,story cast/actions/roles/environments,live,09_props,production_asset,public/assets/09_props/img/cast-customer-reach-happy.png,ART_REDO,"[""identity_drift"", ""background_contamination""]","[""identity_drift"", ""background_contamination""]",Tan blazer customer with floating severed arm artifact on right side.,,audit/visual-assets/sheets/pending_visual/09-props-story-action-plate-story-cast-002.jpg,,"{""asset_id"": ""live:prop:cast-customer-reach-happy"", ""key"": ""cast-customer-reach-happy"", ""concept"": ""cast customer reach happy"", ""source_bank"": ""09_props"", ""source_role"": ""production_asset"", ""source_path"": ""public/assets/09_props/img/cast-customer-reach-happy.png"", ""expected_asset_type"": ""story_action_plate"", ""expected_background_mode"": ""alpha_cutout"", ""expected_concept_word"": ""cast customer reach happy"", ""reviewed_from"": ""audit/visual-assets/sheets/pending_visual/09-props-story-action-plate-story-cast-002.jpg"", ""decision_source"": ""audit/visual-assets/decisions-story-roles-letters.jsonl"", ""sha256"": ""1a0f3fdc715be76e78b2aba4ed284133bbc66d24d27fdc320f31e8210623d67b"", ""bytes"": 99933, ""notes"": ""Tan blazer customer with floating severed arm artifact on right side."", ""reason_codes"": [""identity_drift"", ""background_contamination""]}"
live:prop:cast-customer-reach-neutral,cast-customer-reach-neutral,cast customer reach neutral,story cast/actions/roles/environments,live,09_props,production_asset,public/assets/09_props/img/cast-customer-reach-neutral.png,ART_REDO,"[""identity_drift"", ""background_contamination""]","[""identity_drift"", ""background_contamination""]",Tan blazer customer with floating severed hand artifact on left side.,,audit/visual-assets/sheets/pending_visual/09-props-story-action-plate-story-cast-002.jpg,,"{""asset_id"": ""live:prop:cast-customer-reach-neutral"", ""key"": ""cast-customer-reach-neutral"", ""concept"": ""cast customer reach neutral"", ""source_bank"": ""09_props"", ""source_role"": ""production_asset"", ""source_path"": ""public/assets/09_props/img/cast-customer-reach-neutral.png"", ""expected_asset_type"": ""story_action_plate"", ""expected_background_mode"": ""alpha_cutout"", ""expected_concept_word"": ""cast customer reach neutral"", ""reviewed_from"": ""audit/visual-assets/sheets/pending_visual/09-props-story-action-plate-story-cast-002.jpg"", ""decision_source"": ""audit/visual-assets/decisions-story-roles-letters.jsonl"", ""sha256"": ""e71ecbb7c579b856751ab20e17af7d18810cfeb12c4778e5707866dec77ea2e1"", ""bytes"": 81519, ""notes"": ""Tan blazer customer with floating severed hand artifact on left side."", ""reason_codes"": [""identity_drift"", ""background_contamination""]}"
live:prop:cast-customer-talk-happy,cast-customer-talk-happy,cast customer talk happy,story cast/actions/roles/environments,live,09_props,production_asset,public/assets/09_props/img/cast-customer-talk-happy.png,ART_REDO,"[""identity_drift"", ""background_contamination""]","[""identity_drift"", ""background_contamination""]",Tan blazer customer with floating hand artifact on left side.,,audit/visual-assets/sheets/pending_visual/09-props-story-action-plate-story-cast-002.jpg,,"{""asset_id"": ""live:prop:cast-customer-talk-happy"", ""key"": ""cast-customer-talk-happy"", ""concept"": ""cast customer talk happy"", ""source_bank"": ""09_props"", ""source_role"": ""production_asset"", ""source_path"": ""public/assets/09_props/img/cast-customer-talk-happy.png"", ""expected_asset_type"": ""story_action_plate"", ""expected_background_mode"": ""alpha_cutout"", ""expected_concept_word"": ""cast customer talk happy"", ""reviewed_from"": ""audit/visual-assets/sheets/pending_visual/09-props-story-action-plate-story-cast-002.jpg"", ""decision_source"": ""audit/visual-assets/decisions-story-roles-letters.jsonl"", ""sha256"": ""b3a13fc3b90fa4fc7c844e553deb2413d9c14a13736e20304e846c377629b7cc"", ""bytes"": 98027, ""notes"": ""Tan blazer customer with floating hand artifact on left side."", ""reason_codes"": [""identity_drift"", ""background_contamination""]}"
live:prop:cast-customer-talk-neutral,cast-customer-talk-neutral,cast customer talk neutral,story cast/actions/roles/environments,live,09_props,production_asset,public/assets/09_props/img/cast-customer-talk-neutral.png,ART_REDO,"[""identity_drift""]","[""identity_drift""]",Tan blazer customer sitting instead of standing talk; identity drifts from blue-shirt customer.,,audit/visual-assets/sheets/pending_visual/09-props-story-action-plate-story-cast-002.jpg,,"{""asset_id"": ""live:prop:cast-customer-talk-neutral"", ""key"": ""cast-customer-talk-neutral"", ""concept"": ""cast customer talk neutral"", ""source_bank"": ""09_props"", ""source_role"": ""production_asset"", ""source_path"": ""public/assets/09_props/img/cast-customer-talk-neutral.png"", ""expected_asset_type"": ""story_action_plate"", ""expected_background_mode"": ""alpha_cutout"", ""expected_concept_word"": ""cast customer talk neutral"", ""reviewed_from"": ""audit/visual-assets/sheets/pending_visual/09-props-story-action-plate-story-cast-002.jpg"", ""decision_source"": ""audit/visual-assets/decisions-story-roles-letters.jsonl"", ""sha256"": ""c389ee4d9e3c1cd3c187e023cbbba2cd43675aabbf0aeb0c0ae659019e7f37ab"", ""bytes"": 75437, ""notes"": ""Tan blazer customer sitting instead of standing talk; identity drifts from blue-shirt customer."", ""reason_codes"": [""identity_drift""]}"
live:prop:cast-customer-walk-happy,cast-customer-walk-happy,cast customer walk happy,story cast/actions/roles/environments,live,09_props,production_asset,public/assets/09_props/img/cast-customer-walk-happy.png,ART_REDO,"[""identity_drift"", ""background_contamination""]","[""identity_drift"", ""background_contamination""]",Tan blazer customer with floating limb artifact on right side.,,audit/visual-assets/sheets/pending_visual/09-props-story-action-plate-story-cast-002.jpg,,"{""asset_id"": ""live:prop:cast-customer-walk-happy"", ""key"": ""cast-customer-walk-happy"", ""concept"": ""cast customer walk happy"", ""source_bank"": ""09_props"", ""source_role"": ""production_asset"", ""source_path"": ""public/assets/09_props/img/cast-customer-walk-happy.png"", ""expected_asset_type"": ""story_action_plate"", ""expected_background_mode"": ""alpha_cutout"", ""expected_concept_word"": ""cast customer walk happy"", ""reviewed_from"": ""audit/visual-assets/sheets/pending_visual/09-props-story-action-plate-story-cast-002.jpg"", ""decision_source"": ""audit/visual-assets/decisions-story-roles-letters.jsonl"", ""sha256"": ""6595339cb7e972cff2b36000391485d5045ea9166556f474577327febd36c97a"", ""bytes"": 104589, ""notes"": ""Tan blazer customer with floating limb artifact on right side."", ""reason_codes"": [""identity_drift"", ""background_contamination""]}"
live:prop:cast-doctor-hold-happy,cast-doctor-hold-happy,cast doctor hold happy,story cast/actions/roles/environments,live,09_props,production_asset,public/assets/09_props/img/cast-doctor-hold-happy.png,ART_REDO,"[""bad_alpha"", ""white_plate"", ""weak_contrast""]","[""bad_alpha"", ""white_plate"", ""weak_contrast""]",Doctor white coat completely erased; body vanishes on white background.,,audit/visual-assets/sheets/pending_visual/09-props-story-action-plate-story-cast-003.jpg,,"{""asset_id"": ""live:prop:cast-doctor-hold-happy"", ""key"": ""cast-doctor-hold-happy"", ""concept"": ""cast doctor hold happy"", ""source_bank"": ""09_props"", ""source_role"": ""production_asset"", ""source_path"": ""public/assets/09_props/img/cast-doctor-hold-happy.png"", ""expected_asset_type"": ""story_action_plate"", ""expected_background_mode"": ""alpha_cutout"", ""expected_concept_word"": ""cast doctor hold happy"", ""reviewed_from"": ""audit/visual-assets/sheets/pending_visual/09-props-story-action-plate-story-cast-003.jpg"", ""decision_source"": ""audit/visual-assets/decisions-story-roles-letters.jsonl"", ""sha256"": ""789428bfd9779f1c1bf1dec5b844e5c190737a020fbe1661763ddb20f9cd1fe3"", ""bytes"": 62344, ""notes"": ""Doctor white coat completely erased; body vanishes on white background."", ""reason_codes"": [""bad_alpha"", ""white_plate"", ""weak_contrast""]}"
live:prop:cast-doctor-hold-neutral,cast-doctor-hold-neutral,cast doctor hold neutral,story cast/actions/roles/environments,live,09_props,production_asset,public/assets/09_props/img/cast-doctor-hold-neutral.png,ART_REDO,"[""bad_alpha"", ""white_plate"", ""weak_contrast""]","[""bad_alpha"", ""white_plate"", ""weak_contrast""]",Doctor white coat completely erased; body vanishes on white background.,,audit/visual-assets/sheets/pending_visual/09-props-story-action-plate-story-cast-003.jpg,,"{""asset_id"": ""live:prop:cast-doctor-hold-neutral"", ""key"": ""cast-doctor-hold-neutral"", ""concept"": ""cast doctor hold neutral"", ""source_bank"": ""09_props"", ""source_role"": ""production_asset"", ""source_path"": ""public/assets/09_props/img/cast-doctor-hold-neutral.png"", ""expected_asset_type"": ""story_action_plate"", ""expected_background_mode"": ""alpha_cutout"", ""expected_concept_word"": ""cast doctor hold neutral"", ""reviewed_from"": ""audit/visual-assets/sheets/pending_visual/09-props-story-action-plate-story-cast-003.jpg"", ""decision_source"": ""audit/visual-assets/decisions-story-roles-letters.jsonl"", ""sha256"": ""a23b4a25a94bfbfcbc14851669c35d439eabe23ff9431c379db82465567ebf65"", ""bytes"": 62374, ""notes"": ""Doctor white coat completely erased; body vanishes on white background."", ""reason_codes"": [""bad_alpha"", ""white_plate"", ""weak_contrast""]}"
live:prop:cast-doctor-idle-happy,cast-doctor-idle-happy,cast doctor idle happy,story cast/actions/roles/environments,live,09_props,production_asset,public/assets/09_props/img/cast-doctor-idle-happy.png,ART_REDO,"[""bad_alpha"", ""white_plate"", ""weak_contrast""]","[""bad_alpha"", ""white_plate"", ""weak_contrast""]",Doctor white lab coat completely erased; body vanishes on white background.,,audit/visual-assets/sheets/pending_visual/09-props-story-cast-story-cast-001.jpg,,"{""asset_id"": ""live:prop:cast-doctor-idle-happy"", ""key"": ""cast-doctor-idle-happy"", ""concept"": ""cast doctor idle happy"", ""source_bank"": ""09_props"", ""source_role"": ""production_asset"", ""source_path"": ""public/assets/09_props/img/cast-doctor-idle-happy.png"", ""expected_asset_type"": ""story_cast"", ""expected_background_mode"": ""alpha_cutout"", ""expected_concept_word"": ""cast doctor idle happy"", ""reviewed_from"": ""audit/visual-assets/sheets/pending_visual/09-props-story-cast-story-cast-001.jpg"", ""decision_source"": ""audit/visual-assets/decisions-story-roles-letters.jsonl"", ""sha256"": ""809f5d3ff79d0d993d93e082c11238757843aeb10f10414be263d85b9dcb43a4"", ""bytes"": 58825, ""notes"": ""Doctor white lab coat completely erased; body vanishes on white background."", ""reason_codes"": [""bad_alpha"", ""white_plate"", ""weak_contrast""]}"
live:prop:cast-doctor-idle-neutral,cast-doctor-idle-neutral,cast doctor idle neutral,story cast/actions/roles/environments,live,09_props,production_asset,public/assets/09_props/img/cast-doctor-idle-neutral.png,ART_REDO,"[""bad_alpha"", ""white_plate"", ""weak_contrast""]","[""bad_alpha"", ""white_plate"", ""weak_contrast""]",Doctor white lab coat completely erased; body vanishes on white background.,,audit/visual-assets/sheets/pending_visual/09-props-story-cast-story-cast-001.jpg,,"{""asset_id"": ""live:prop:cast-doctor-idle-neutral"", ""key"": ""cast-doctor-idle-neutral"", ""concept"": ""cast doctor idle neutral"", ""source_bank"": ""09_props"", ""source_role"": ""production_asset"", ""source_path"": ""public/assets/09_props/img/cast-doctor-idle-neutral.png"", ""expected_asset_type"": ""story_cast"", ""expected_background_mode"": ""alpha_cutout"", ""expected_concept_word"": ""cast doctor idle neutral"", ""reviewed_from"": ""audit/visual-assets/sheets/pending_visual/09-props-story-cast-story-cast-001.jpg"", ""decision_source"": ""audit/visual-assets/decisions-story-roles-letters.jsonl"", ""sha256"": ""a02351b80e88649a1e292cf1422903c27ebde6fe98cd58265913d991f4676afd"", ""bytes"": 60043, ""notes"": ""Doctor white lab coat completely erased; body vanishes on white background."", ""reason_codes"": [""bad_alpha"", ""white_plate"", ""weak_contrast""]}"
live:prop:cast-doctor-listen-happy,cast-doctor-listen-happy,cast doctor listen happy,story cast/actions/roles/environments,live,09_props,production_asset,public/assets/09_props/img/cast-doctor-listen-happy.png,ART_REDO,"[""bad_alpha"", ""white_plate"", ""weak_contrast""]","[""bad_alpha"", ""white_plate"", ""weak_contrast""]",Doctor white coat completely erased; body vanishes on white background.,,audit/visual-assets/sheets/pending_visual/09-props-story-action-plate-story-cast-003.jpg,,"{""asset_id"": ""live:prop:cast-doctor-listen-happy"", ""key"": ""cast-doctor-listen-happy"", ""concept"": ""cast doctor listen happy"", ""source_bank"": ""09_props"", ""source_role"": ""production_asset"", ""source_path"": ""public/assets/09_props/img/cast-doctor-listen-happy.png"", ""expected_asset_type"": ""story_action_plate"", ""expected_background_mode"": ""alpha_cutout"", ""expected_concept_word"": ""cast doctor listen happy"", ""reviewed_from"": ""audit/visual-assets/sheets/pending_visual/09-props-story-action-plate-story-cast-003.jpg"", ""decision_source"": ""audit/visual-assets/decisions-story-roles-letters.jsonl"", ""sha256"": ""3837134023cbddb9e1854306024f3c99a612afc4af765ca2a5596ce2a9200b95"", ""bytes"": 63345, ""notes"": ""Doctor white coat completely erased; body vanishes on white background."", ""reason_codes"": [""bad_alpha"", ""white_plate"", ""weak_contrast""]}"
live:prop:cast-doctor-listen-neutral,cast-doctor-listen-neutral,cast doctor listen neutral,story cast/actions/roles/environments,live,09_props,production_asset,public/assets/09_props/img/cast-doctor-listen-neutral.png,ART_REDO,"[""bad_alpha"", ""white_plate"", ""weak_contrast""]","[""bad_alpha"", ""white_plate"", ""weak_contrast""]",Doctor white coat completely erased; body vanishes on white background.,,audit/visual-assets/sheets/pending_visual/09-props-story-action-plate-story-cast-003.jpg,,"{""asset_id"": ""live:prop:cast-doctor-listen-neutral"", ""key"": ""cast-doctor-listen-neutral"", ""concept"": ""cast doctor listen neutral"", ""source_bank"": ""09_props"", ""source_role"": ""production_asset"", ""source_path"": ""public/assets/09_props/img/cast-doctor-listen-neutral.png"", ""expected_asset_type"": ""story_action_plate"", ""expected_background_mode"": ""alpha_cutout"", ""expected_concept_word"": ""cast doctor listen neutral"", ""reviewed_from"": ""audit/visual-assets/sheets/pending_visual/09-props-story-action-plate-story-cast-003.jpg"", ""decision_source"": ""audit/visual-assets/decisions-story-roles-letters.jsonl"", ""sha256"": ""ab6f3fb43ca6fb0294baf5556aa759dd5c2d16febc48e9aaf0ea9b262fa5a8cf"", ""bytes"": 59673, ""notes"": ""Doctor white coat completely erased; body vanishes on white background."", ""reason_codes"": [""bad_alpha"", ""white_plate"", ""weak_contrast""]}"
live:prop:cast-doctor-reach-happy,cast-doctor-reach-happy,cast doctor reach happy,story cast/actions/roles/environments,live,09_props,production_asset,public/assets/09_props/img/cast-doctor-reach-happy.png,ART_REDO,"[""bad_alpha"", ""white_plate"", ""weak_contrast""]","[""bad_alpha"", ""white_plate"", ""weak_contrast""]",Doctor white coat completely erased; body vanishes on white background.,,audit/visual-assets/sheets/pending_visual/09-props-story-action-plate-story-cast-003.jpg,,"{""asset_id"": ""live:prop:cast-doctor-reach-happy"", ""key"": ""cast-doctor-reach-happy"", ""concept"": ""cast doctor reach happy"", ""source_bank"": ""09_props"", ""source_role"": ""production_asset"", ""source_path"": ""public/assets/09_props/img/cast-doctor-reach-happy.png"", ""expected_asset_type"": ""story_action_plate"", ""expected_background_mode"": ""alpha_cutout"", ""expected_concept_word"": ""cast doctor reach happy"", ""reviewed_from"": ""audit/visual-assets/sheets/pending_visual/09-props-story-action-plate-story-cast-003.jpg"", ""decision_source"": ""audit/visual-assets/decisions-story-roles-letters.jsonl"", ""sha256"": ""60d241a36f41bc6f1e0f18e4a872f64f85d7eea6c505d99a1cacece854e557da"", ""bytes"": 70666, ""notes"": ""Doctor white coat completely erased; body vanishes on white background."", ""reason_codes"": [""bad_alpha"", ""white_plate"", ""weak_contrast""]}"
live:prop:cast-doctor-reach-neutral,cast-doctor-reach-neutral,cast doctor reach neutral,story cast/actions/roles/environments,live,09_props,production_asset,public/assets/09_props/img/cast-doctor-reach-neutral.png,ART_REDO,"[""bad_alpha"", ""white_plate"", ""weak_contrast""]","[""bad_alpha"", ""white_plate"", ""weak_contrast""]",Doctor white coat completely erased; body vanishes on white background.,,audit/visual-assets/sheets/pending_visual/09-props-story-action-plate-story-cast-003.jpg,,"{""asset_id"": ""live:prop:cast-doctor-reach-neutral"", ""key"": ""cast-doctor-reach-neutral"", ""concept"": ""cast doctor reach neutral"", ""source_bank"": ""09_props"", ""source_role"": ""production_asset"", ""source_path"": ""public/assets/09_props/img/cast-doctor-reach-neutral.png"", ""expected_asset_type"": ""story_action_plate"", ""expected_background_mode"": ""alpha_cutout"", ""expected_concept_word"": ""cast doctor reach neutral"", ""reviewed_from"": ""audit/visual-assets/sheets/pending_visual/09-props-story-action-plate-story-cast-003.jpg"", ""decision_source"": ""audit/visual-assets/decisions-story-roles-letters.jsonl"", ""sha256"": ""eb9ec0987abccc80a564a95f4e265b220affdef7057dc18b35e155d7adefd2ea"", ""bytes"": 76695, ""notes"": ""Doctor white coat completely erased; body vanishes on white background."", ""reason_codes"": [""bad_alpha"", ""white_plate"", ""weak_contrast""]}"
live:prop:cast-doctor-sit-happy,cast-doctor-sit-happy,cast doctor sit happy,story cast/actions/roles/environments,live,09_props,production_asset,public/assets/09_props/img/cast-doctor-sit-happy.png,ART_REDO,"[""bad_alpha"", ""white_plate"", ""weak_contrast""]","[""bad_alpha"", ""white_plate"", ""weak_contrast""]",Doctor white coat completely erased; body vanishes on white background.,,audit/visual-assets/sheets/pending_visual/09-props-story-action-plate-story-cast-003.jpg,,"{""asset_id"": ""live:prop:cast-doctor-sit-happy"", ""key"": ""cast-doctor-sit-happy"", ""concept"": ""cast doctor sit happy"", ""source_bank"": ""09_props"", ""source_role"": ""production_asset"", ""source_path"": ""public/assets/09_props/img/cast-doctor-sit-happy.png"", ""expected_asset_type"": ""story_action_plate"", ""expected_background_mode"": ""alpha_cutout"", ""expected_concept_word"": ""cast doctor sit happy"", ""reviewed_from"": ""audit/visual-assets/sheets/pending_visual/09-props-story-action-plate-story-cast-003.jpg"", ""decision_source"": ""audit/visual-assets/decisions-story-roles-letters.jsonl"", ""sha256"": ""6eb1e9a17bc7a140e99c0414eaf4885c923141a5f13cf65285cdfc744986e472"", ""bytes"": 68036, ""notes"": ""Doctor white coat completely erased; body vanishes on white background."", ""reason_codes"": [""bad_alpha"", ""white_plate"", ""weak_contrast""]}"
live:prop:cast-doctor-sit-neutral,cast-doctor-sit-neutral,cast doctor sit neutral,story cast/actions/roles/environments,live,09_props,production_asset,public/assets/09_props/img/cast-doctor-sit-neutral.png,ART_REDO,"[""bad_alpha"", ""white_plate"", ""weak_contrast""]","[""bad_alpha"", ""white_plate"", ""weak_contrast""]",Doctor white coat completely erased; body vanishes on white background.,,audit/visual-assets/sheets/pending_visual/09-props-story-action-plate-story-cast-003.jpg,,"{""asset_id"": ""live:prop:cast-doctor-sit-neutral"", ""key"": ""cast-doctor-sit-neutral"", ""concept"": ""cast doctor sit neutral"", ""source_bank"": ""09_props"", ""source_role"": ""production_asset"", ""source_path"": ""public/assets/09_props/img/cast-doctor-sit-neutral.png"", ""expected_asset_type"": ""story_action_plate"", ""expected_background_mode"": ""alpha_cutout"", ""expected_concept_word"": ""cast doctor sit neutral"", ""reviewed_from"": ""audit/visual-assets/sheets/pending_visual/09-props-story-action-plate-story-cast-003.jpg"", ""decision_source"": ""audit/visual-assets/decisions-story-roles-letters.jsonl"", ""sha256"": ""421955931032fe40ffdb94ef62bd9cb754fc287d7a50a0e9b0bc5530d32f502b"", ""bytes"": 69316, ""notes"": ""Doctor white coat completely erased; body vanishes on white background."", ""reason_codes"": [""bad_alpha"", ""white_plate"", ""weak_contrast""]}"
live:prop:cast-doctor-talk-happy,cast-doctor-talk-happy,cast doctor talk happy,story cast/actions/roles/environments,live,09_props,production_asset,public/assets/09_props/img/cast-doctor-talk-happy.png,ART_REDO,"[""bad_alpha"", ""white_plate"", ""weak_contrast""]","[""bad_alpha"", ""white_plate"", ""weak_contrast""]",Doctor white coat completely erased; body vanishes on white background.,,audit/visual-assets/sheets/pending_visual/09-props-story-action-plate-story-cast-003.jpg,,"{""asset_id"": ""live:prop:cast-doctor-talk-happy"", ""key"": ""cast-doctor-talk-happy"", ""concept"": ""cast doctor talk happy"", ""source_bank"": ""09_props"", ""source_role"": ""production_asset"", ""source_path"": ""public/assets/09_props/img/cast-doctor-talk-happy.png"", ""expected_asset_type"": ""story_action_plate"", ""expected_background_mode"": ""alpha_cutout"", ""expected_concept_word"": ""cast doctor talk happy"", ""reviewed_from"": ""audit/visual-assets/sheets/pending_visual/09-props-story-action-plate-story-cast-003.jpg"", ""decision_source"": ""audit/visual-assets/decisions-story-roles-letters.jsonl"", ""sha256"": ""163deb091d85912c611ff3a5c2a063e980c22cf43fb0089cc98d6db0a5a9d318"", ""bytes"": 64116, ""notes"": ""Doctor white coat completely erased; body vanishes on white background."", ""reason_codes"": [""bad_alpha"", ""white_plate"", ""weak_contrast""]}"
live:prop:cast-doctor-talk-neutral,cast-doctor-talk-neutral,cast doctor talk neutral,story cast/actions/roles/environments,live,09_props,production_asset,public/assets/09_props/img/cast-doctor-talk-neutral.png,ART_REDO,"[""bad_alpha"", ""white_plate"", ""weak_contrast""]","[""bad_alpha"", ""white_plate"", ""weak_contrast""]",Doctor white coat completely erased; body vanishes on white background.,,audit/visual-assets/sheets/pending_visual/09-props-story-action-plate-story-cast-003.jpg,,"{""asset_id"": ""live:prop:cast-doctor-talk-neutral"", ""key"": ""cast-doctor-talk-neutral"", ""concept"": ""cast doctor talk neutral"", ""source_bank"": ""09_props"", ""source_role"": ""production_asset"", ""source_path"": ""public/assets/09_props/img/cast-doctor-talk-neutral.png"", ""expected_asset_type"": ""story_action_plate"", ""expected_background_mode"": ""alpha_cutout"", ""expected_concept_word"": ""cast doctor talk neutral"", ""reviewed_from"": ""audit/visual-assets/sheets/pending_visual/09-props-story-action-plate-story-cast-003.jpg"", ""decision_source"": ""audit/visual-assets/decisions-story-roles-letters.jsonl"", ""sha256"": ""d50cd302315101d55631422893b766e650908595a1b08c26267a30f61be4e8ae"", ""bytes"": 66131, ""notes"": ""Doctor white coat completely erased; body vanishes on white background."", ""reason_codes"": [""bad_alpha"", ""white_plate"", ""weak_contrast""]}"
live:prop:cast-doctor-walk-happy,cast-doctor-walk-happy,cast doctor walk happy,story cast/actions/roles/environments,live,09_props,production_asset,public/assets/09_props/img/cast-doctor-walk-happy.png,ART_REDO,"[""bad_alpha"", ""white_plate"", ""weak_contrast""]","[""bad_alpha"", ""white_plate"", ""weak_contrast""]",Doctor white coat completely erased; body vanishes on white background.,,audit/visual-assets/sheets/pending_visual/09-props-story-action-plate-story-cast-003.jpg,,"{""asset_id"": ""live:prop:cast-doctor-walk-happy"", ""key"": ""cast-doctor-walk-happy"", ""concept"": ""cast doctor walk happy"", ""source_bank"": ""09_props"", ""source_role"": ""production_asset"", ""source_path"": ""public/assets/09_props/img/cast-doctor-walk-happy.png"", ""expected_asset_type"": ""story_action_plate"", ""expected_background_mode"": ""alpha_cutout"", ""expected_concept_word"": ""cast doctor walk happy"", ""reviewed_from"": ""audit/visual-assets/sheets/pending_visual/09-props-story-action-plate-story-cast-003.jpg"", ""decision_source"": ""audit/visual-assets/decisions-story-roles-letters.jsonl"", ""sha256"": ""771ceebef8b3470538d413bdd2f962fa1906cbfaa2a76c50a42e5450a74d763d"", ""bytes"": 67822, ""notes"": ""Doctor white coat completely erased; body vanishes on white background."", ""reason_codes"": [""bad_alpha"", ""white_plate"", ""weak_contrast""]}"
live:prop:cast-doctor-walk-neutral,cast-doctor-walk-neutral,cast doctor walk neutral,story cast/actions/roles/environments,live,09_props,production_asset,public/assets/09_props/img/cast-doctor-walk-neutral.png,ART_REDO,"[""bad_alpha"", ""white_plate"", ""weak_contrast""]","[""bad_alpha"", ""white_plate"", ""weak_contrast""]",Doctor white coat completely erased; body vanishes on white background.,,audit/visual-assets/sheets/pending_visual/09-props-story-action-plate-story-cast-003.jpg,,"{""asset_id"": ""live:prop:cast-doctor-walk-neutral"", ""key"": ""cast-doctor-walk-neutral"", ""concept"": ""cast doctor walk neutral"", ""source_bank"": ""09_props"", ""source_role"": ""production_asset"", ""source_path"": ""public/assets/09_props/img/cast-doctor-walk-neutral.png"", ""expected_asset_type"": ""story_action_plate"", ""expected_background_mode"": ""alpha_cutout"", ""expected_concept_word"": ""cast doctor walk neutral"", ""reviewed_from"": ""audit/visual-assets/sheets/pending_visual/09-props-story-action-plate-story-cast-003.jpg"", ""decision_source"": ""audit/visual-assets/decisions-story-roles-letters.jsonl"", ""sha256"": ""f260178806a4b202798c0f487513c3b393f6d45693e5a3ca574ca784b3efb772"", ""bytes"": 62165, ""notes"": ""Doctor white coat completely erased; body vanishes on white background."", ""reason_codes"": [""bad_alpha"", ""white_plate"", ""weak_contrast""]}"
live:prop:cast-officer-idle-happy,cast-officer-idle-happy,cast officer idle happy,story cast/actions/roles/environments,live,09_props,production_asset,public/assets/09_props/img/cast-officer-idle-happy.png,ART_REDO,"[""identity_drift"", ""white_plate""]","[""identity_drift"", ""white_plate""]",Officer happy is dressed in civilian tan blazer instead of police uniform; severe identity drift from neutral police officer.,,audit/visual-assets/sheets/pending_visual/09-props-story-cast-story-cast-003.jpg,,"{""asset_id"": ""live:prop:cast-officer-idle-happy"", ""key"": ""cast-officer-idle-happy"", ""concept"": ""cast officer idle happy"", ""source_bank"": ""09_props"", ""source_role"": ""production_asset"", ""source_path"": ""public/assets/09_props/img/cast-officer-idle-happy.png"", ""expected_asset_type"": ""story_cast"", ""expected_background_mode"": ""alpha_cutout"", ""expected_concept_word"": ""cast officer idle happy"", ""reviewed_from"": ""audit/visual-assets/sheets/pending_visual/09-props-story-cast-story-cast-003.jpg"", ""decision_source"": ""audit/visual-assets/decisions-story-roles-letters.jsonl"", ""sha256"": ""6697cee170845f951d32d0d194e2f1b177701237a248625547f7eed2135b21f9"", ""bytes"": 273630, ""notes"": ""Officer happy is dressed in civilian tan blazer instead of police uniform; severe identity drift from neutral police officer."", ""reason_codes"": [""identity_drift"", ""white_plate""]}"
live:prop:cast-referee-hold-happy,cast-referee-hold-happy,cast referee hold happy,story cast/actions/roles/environments,live,09_props,production_asset,public/assets/09_props/img/cast-referee-hold-happy.png,ART_REDO,"[""bad_alpha"", ""white_plate"", ""weak_contrast""]","[""bad_alpha"", ""white_plate"", ""weak_contrast""]",Referee striped/white jersey completely vanished into white background; body vanishes on white.,,audit/visual-assets/sheets/pending_visual/09-props-story-action-plate-story-cast-007.jpg,,"{""asset_id"": ""live:prop:cast-referee-hold-happy"", ""key"": ""cast-referee-hold-happy"", ""concept"": ""cast referee hold happy"", ""source_bank"": ""09_props"", ""source_role"": ""production_asset"", ""source_path"": ""public/assets/09_props/img/cast-referee-hold-happy.png"", ""expected_asset_type"": ""story_action_plate"", ""expected_background_mode"": ""alpha_cutout"", ""expected_concept_word"": ""cast referee hold happy"", ""reviewed_from"": ""audit/visual-assets/sheets/pending_visual/09-props-story-action-plate-story-cast-007.jpg"", ""decision_source"": ""audit/visual-assets/decisions-story-roles-letters.jsonl"", ""sha256"": ""3f3498c677d4a8aa271037eda4407a54f0b960f6e4fc3a6bd03b986ec635ecbf"", ""bytes"": 41243, ""notes"": ""Referee striped/white jersey completely vanished into white background; body vanishes on white."", ""reason_codes"": [""bad_alpha"", ""white_plate"", ""weak_contrast""]}"
live:prop:cast-referee-hold-neutral,cast-referee-hold-neutral,cast referee hold neutral,story cast/actions/roles/environments,live,09_props,production_asset,public/assets/09_props/img/cast-referee-hold-neutral.png,ART_REDO,"[""bad_alpha"", ""white_plate"", ""weak_contrast""]","[""bad_alpha"", ""white_plate"", ""weak_contrast""]",Referee striped/white jersey completely vanished into white background; body vanishes on white.,,audit/visual-assets/sheets/pending_visual/09-props-story-action-plate-story-cast-007.jpg,,"{""asset_id"": ""live:prop:cast-referee-hold-neutral"", ""key"": ""cast-referee-hold-neutral"", ""concept"": ""cast referee hold neutral"", ""source_bank"": ""09_props"", ""source_role"": ""production_asset"", ""source_path"": ""public/assets/09_props/img/cast-referee-hold-neutral.png"", ""expected_asset_type"": ""story_action_plate"", ""expected_background_mode"": ""alpha_cutout"", ""expected_concept_word"": ""cast referee hold neutral"", ""reviewed_from"": ""audit/visual-assets/sheets/pending_visual/09-props-story-action-plate-story-cast-007.jpg"", ""decision_source"": ""audit/visual-assets/decisions-story-roles-letters.jsonl"", ""sha256"": ""c1f367fb09eaa10cda55e89488d909d5b0e6f2fcae925cd52faf3b9d0ea9e58e"", ""bytes"": 43046, ""notes"": ""Referee striped/white jersey completely vanished into white background; body vanishes on white."", ""reason_codes"": [""bad_alpha"", ""white_plate"", ""weak_contrast""]}"
live:prop:cast-referee-idle-happy,cast-referee-idle-happy,cast referee idle happy,story cast/actions/roles/environments,live,09_props,production_asset,public/assets/09_props/img/cast-referee-idle-happy.png,ART_REDO,"[""bad_alpha"", ""white_plate"", ""weak_contrast""]","[""bad_alpha"", ""white_plate"", ""weak_contrast""]",Referee striped/white jersey completely vanished into white background; floating limbs and head.,,audit/visual-assets/sheets/pending_visual/09-props-story-cast-story-cast-003.jpg,,"{""asset_id"": ""live:prop:cast-referee-idle-happy"", ""key"": ""cast-referee-idle-happy"", ""concept"": ""cast referee idle happy"", ""source_bank"": ""09_props"", ""source_role"": ""production_asset"", ""source_path"": ""public/assets/09_props/img/cast-referee-idle-happy.png"", ""expected_asset_type"": ""story_cast"", ""expected_background_mode"": ""alpha_cutout"", ""expected_concept_word"": ""cast referee idle happy"", ""reviewed_from"": ""audit/visual-assets/sheets/pending_visual/09-props-story-cast-story-cast-003.jpg"", ""decision_source"": ""audit/visual-assets/decisions-story-roles-letters.jsonl"", ""sha256"": ""8375ddab20dafc75ab51b807763bf8cdc226006b689c735b42fa0f7830a4275e"", ""bytes"": 39157, ""notes"": ""Referee striped/white jersey completely vanished into white background; floating limbs and head."", ""reason_codes"": [""bad_alpha"", ""white_plate"", ""weak_contrast""]}"
live:prop:cast-referee-idle-neutral,cast-referee-idle-neutral,cast referee idle neutral,story cast/actions/roles/environments,live,09_props,production_asset,public/assets/09_props/img/cast-referee-idle-neutral.png,ART_REDO,"[""bad_alpha"", ""white_plate"", ""weak_contrast""]","[""bad_alpha"", ""white_plate"", ""weak_contrast""]",Referee striped/white jersey completely vanished into white background; floating limbs and head.,,audit/visual-assets/sheets/pending_visual/09-props-story-cast-story-cast-003.jpg,,"{""asset_id"": ""live:prop:cast-referee-idle-neutral"", ""key"": ""cast-referee-idle-neutral"", ""concept"": ""cast referee idle neutral"", ""source_bank"": ""09_props"", ""source_role"": ""production_asset"", ""source_path"": ""public/assets/09_props/img/cast-referee-idle-neutral.png"", ""expected_asset_type"": ""story_cast"", ""expected_background_mode"": ""alpha_cutout"", ""expected_concept_word"": ""cast referee idle neutral"", ""reviewed_from"": ""audit/visual-assets/sheets/pending_visual/09-props-story-cast-story-cast-003.jpg"", ""decision_source"": ""audit/visual-assets/decisions-story-roles-letters.jsonl"", ""sha256"": ""d6d5f6f1c9da621c9ab8e0b4921609f1624310683d1ae72b9af1e3cb3274d8c6"", ""bytes"": 38139, ""notes"": ""Referee striped/white jersey completely vanished into white background; floating limbs and head."", ""reason_codes"": [""bad_alpha"", ""white_plate"", ""weak_contrast""]}"
live:prop:cast-referee-listen-happy,cast-referee-listen-happy,cast referee listen happy,story cast/actions/roles/environments,live,09_props,production_asset,public/assets/09_props/img/cast-referee-listen-happy.png,ART_REDO,"[""bad_alpha"", ""white_plate"", ""weak_contrast""]","[""bad_alpha"", ""white_plate"", ""weak_contrast""]",Referee striped/white jersey completely vanished into white background; body vanishes on white.,,audit/visual-assets/sheets/pending_visual/09-props-story-action-plate-story-cast-007.jpg,,"{""asset_id"": ""live:prop:cast-referee-listen-happy"", ""key"": ""cast-referee-listen-happy"", ""concept"": ""cast referee listen happy"", ""source_bank"": ""09_props"", ""source_role"": ""production_asset"", ""source_path"": ""public/assets/09_props/img/cast-referee-listen-happy.png"", ""expected_asset_type"": ""story_action_plate"", ""expected_background_mode"": ""alpha_cutout"", ""expected_concept_word"": ""cast referee listen happy"", ""reviewed_from"": ""audit/visual-assets/sheets/pending_visual/09-props-story-action-plate-story-cast-007.jpg"", ""decision_source"": ""audit/visual-assets/decisions-story-roles-letters.jsonl"", ""sha256"": ""76f18838482337198a6e9638ad38ae18e9e15225eca90f425408b00fe57703db"", ""bytes"": 53764, ""notes"": ""Referee striped/white jersey completely vanished into white background; body vanishes on white."", ""reason_codes"": [""bad_alpha"", ""white_plate"", ""weak_contrast""]}"
live:prop:cast-referee-listen-neutral,cast-referee-listen-neutral,cast referee listen neutral,story cast/actions/roles/environments,live,09_props,production_asset,public/assets/09_props/img/cast-referee-listen-neutral.png,ART_REDO,"[""bad_alpha"", ""white_plate"", ""weak_contrast""]","[""bad_alpha"", ""white_plate"", ""weak_contrast""]",Referee striped/white jersey completely vanished into white background; body vanishes on white.,,audit/visual-assets/sheets/pending_visual/09-props-story-action-plate-story-cast-007.jpg,,"{""asset_id"": ""live:prop:cast-referee-listen-neutral"", ""key"": ""cast-referee-listen-neutral"", ""concept"": ""cast referee listen neutral"", ""source_bank"": ""09_props"", ""source_role"": ""production_asset"", ""source_path"": ""public/assets/09_props/img/cast-referee-listen-neutral.png"", ""expected_asset_type"": ""story_action_plate"", ""expected_background_mode"": ""alpha_cutout"", ""expected_concept_word"": ""cast referee listen neutral"", ""reviewed_from"": ""audit/visual-assets/sheets/pending_visual/09-props-story-action-plate-story-cast-007.jpg"", ""decision_source"": ""audit/visual-assets/decisions-story-roles-letters.jsonl"", ""sha256"": ""6987cde0788b026d1cbf524e2657d0777a0c635f9461b4ee11d4ddadeb909467"", ""bytes"": 43588, ""notes"": ""Referee striped/white jersey completely vanished into white background; body vanishes on white."", ""reason_codes"": [""bad_alpha"", ""white_plate"", ""weak_contrast""]}"
live:prop:cast-referee-reach-happy,cast-referee-reach-happy,cast referee reach happy,story cast/actions/roles/environments,live,09_props,production_asset,public/assets/09_props/img/cast-referee-reach-happy.png,ART_REDO,"[""bad_alpha"", ""white_plate"", ""weak_contrast""]","[""bad_alpha"", ""white_plate"", ""weak_contrast""]",Referee striped/white jersey completely vanished into white background; body vanishes on white.,,audit/visual-assets/sheets/pending_visual/09-props-story-action-plate-story-cast-007.jpg,,"{""asset_id"": ""live:prop:cast-referee-reach-happy"", ""key"": ""cast-referee-reach-happy"", ""concept"": ""cast referee reach happy"", ""source_bank"": ""09_props"", ""source_role"": ""production_asset"", ""source_path"": ""public/assets/09_props/img/cast-referee-reach-happy.png"", ""expected_asset_type"": ""story_action_plate"", ""expected_background_mode"": ""alpha_cutout"", ""expected_concept_word"": ""cast referee reach happy"", ""reviewed_from"": ""audit/visual-assets/sheets/pending_visual/09-props-story-action-plate-story-cast-007.jpg"", ""decision_source"": ""audit/visual-assets/decisions-story-roles-letters.jsonl"", ""sha256"": ""439f9adcfabd0f32d90c0722511502f1b629545c75baad4648c4f5f84e4b3125"", ""bytes"": 58093, ""notes"": ""Referee striped/white jersey completely vanished into white background; body vanishes on white."", ""reason_codes"": [""bad_alpha"", ""white_plate"", ""weak_contrast""]}"
live:prop:cast-referee-reach-neutral,cast-referee-reach-neutral,cast referee reach neutral,story cast/actions/roles/environments,live,09_props,production_asset,public/assets/09_props/img/cast-referee-reach-neutral.png,ART_REDO,"[""bad_alpha"", ""white_plate"", ""weak_contrast""]","[""bad_alpha"", ""white_plate"", ""weak_contrast""]",Referee striped/white jersey completely vanished into white background; body vanishes on white.,,audit/visual-assets/sheets/pending_visual/09-props-story-action-plate-story-cast-007.jpg,,"{""asset_id"": ""live:prop:cast-referee-reach-neutral"", ""key"": ""cast-referee-reach-neutral"", ""concept"": ""cast referee reach neutral"", ""source_bank"": ""09_props"", ""source_role"": ""production_asset"", ""source_path"": ""public/assets/09_props/img/cast-referee-reach-neutral.png"", ""expected_asset_type"": ""story_action_plate"", ""expected_background_mode"": ""alpha_cutout"", ""expected_concept_word"": ""cast referee reach neutral"", ""reviewed_from"": ""audit/visual-assets/sheets/pending_visual/09-props-story-action-plate-story-cast-007.jpg"", ""decision_source"": ""audit/visual-assets/decisions-story-roles-letters.jsonl"", ""sha256"": ""71f089d9c3869740747dd2c47a8c8e6f28c093663039dedaaee19235f2dc22d4"", ""bytes"": 47593, ""notes"": ""Referee striped/white jersey completely vanished into white background; body vanishes on white."", ""reason_codes"": [""bad_alpha"", ""white_plate"", ""weak_contrast""]}"
live:prop:cast-referee-sit-happy,cast-referee-sit-happy,cast referee sit happy,story cast/actions/roles/environments,live,09_props,production_asset,public/assets/09_props/img/cast-referee-sit-happy.png,ART_REDO,"[""bad_alpha"", ""white_plate"", ""weak_contrast""]","[""bad_alpha"", ""white_plate"", ""weak_contrast""]",Referee striped/white jersey completely vanished into white background; body vanishes on white.,,audit/visual-assets/sheets/pending_visual/09-props-story-action-plate-story-cast-007.jpg,,"{""asset_id"": ""live:prop:cast-referee-sit-happy"", ""key"": ""cast-referee-sit-happy"", ""concept"": ""cast referee sit happy"", ""source_bank"": ""09_props"", ""source_role"": ""production_asset"", ""source_path"": ""public/assets/09_props/img/cast-referee-sit-happy.png"", ""expected_asset_type"": ""story_action_plate"", ""expected_background_mode"": ""alpha_cutout"", ""expected_concept_word"": ""cast referee sit happy"", ""reviewed_from"": ""audit/visual-assets/sheets/pending_visual/09-props-story-action-plate-story-cast-007.jpg"", ""decision_source"": ""audit/visual-assets/decisions-story-roles-letters.jsonl"", ""sha256"": ""826e258c8085dfaaf038302bf658667114858b3dea0a60a0c81905fc6d764424"", ""bytes"": 50904, ""notes"": ""Referee striped/white jersey completely vanished into white background; body vanishes on white."", ""reason_codes"": [""bad_alpha"", ""white_plate"", ""weak_contrast""]}"
live:prop:cast-referee-sit-neutral,cast-referee-sit-neutral,cast referee sit neutral,story cast/actions/roles/environments,live,09_props,production_asset,public/assets/09_props/img/cast-referee-sit-neutral.png,ART_REDO,"[""bad_alpha"", ""white_plate"", ""weak_contrast""]","[""bad_alpha"", ""white_plate"", ""weak_contrast""]",Referee striped/white jersey completely vanished into white background; body vanishes on white.,,audit/visual-assets/sheets/pending_visual/09-props-story-action-plate-story-cast-007.jpg,,"{""asset_id"": ""live:prop:cast-referee-sit-neutral"", ""key"": ""cast-referee-sit-neutral"", ""concept"": ""cast referee sit neutral"", ""source_bank"": ""09_props"", ""source_role"": ""production_asset"", ""source_path"": ""public/assets/09_props/img/cast-referee-sit-neutral.png"", ""expected_asset_type"": ""story_action_plate"", ""expected_background_mode"": ""alpha_cutout"", ""expected_concept_word"": ""cast referee sit neutral"", ""reviewed_from"": ""audit/visual-assets/sheets/pending_visual/09-props-story-action-plate-story-cast-007.jpg"", ""decision_source"": ""audit/visual-assets/decisions-story-roles-letters.jsonl"", ""sha256"": ""f0993b85c50cc7d5479c09d9c97e8784e2a2c5d05edf9badf8c59e7fbf2960f4"", ""bytes"": 48502, ""notes"": ""Referee striped/white jersey completely vanished into white background; body vanishes on white."", ""reason_codes"": [""bad_alpha"", ""white_plate"", ""weak_contrast""]}"
live:prop:cast-referee-talk-happy,cast-referee-talk-happy,cast referee talk happy,story cast/actions/roles/environments,live,09_props,production_asset,public/assets/09_props/img/cast-referee-talk-happy.png,ART_REDO,"[""bad_alpha"", ""white_plate"", ""weak_contrast""]","[""bad_alpha"", ""white_plate"", ""weak_contrast""]",Referee striped/white jersey completely vanished into white background; body vanishes on white.,,audit/visual-assets/sheets/pending_visual/09-props-story-action-plate-story-cast-007.jpg,,"{""asset_id"": ""live:prop:cast-referee-talk-happy"", ""key"": ""cast-referee-talk-happy"", ""concept"": ""cast referee talk happy"", ""source_bank"": ""09_props"", ""source_role"": ""production_asset"", ""source_path"": ""public/assets/09_props/img/cast-referee-talk-happy.png"", ""expected_asset_type"": ""story_action_plate"", ""expected_background_mode"": ""alpha_cutout"", ""expected_concept_word"": ""cast referee talk happy"", ""reviewed_from"": ""audit/visual-assets/sheets/pending_visual/09-props-story-action-plate-story-cast-007.jpg"", ""decision_source"": ""audit/visual-assets/decisions-story-roles-letters.jsonl"", ""sha256"": ""7bff892f121e574d288449532ad2ea476ca6dede91c623bb48b4d578877f7751"", ""bytes"": 51833, ""notes"": ""Referee striped/white jersey completely vanished into white background; body vanishes on white."", ""reason_codes"": [""bad_alpha"", ""white_plate"", ""weak_contrast""]}"
live:prop:cast-referee-talk-neutral,cast-referee-talk-neutral,cast referee talk neutral,story cast/actions/roles/environments,live,09_props,production_asset,public/assets/09_props/img/cast-referee-talk-neutral.png,ART_REDO,"[""bad_alpha"", ""white_plate"", ""weak_contrast""]","[""bad_alpha"", ""white_plate"", ""weak_contrast""]",Referee striped/white jersey completely vanished into white background; body vanishes on white.,,audit/visual-assets/sheets/pending_visual/09-props-story-action-plate-story-cast-007.jpg,,"{""asset_id"": ""live:prop:cast-referee-talk-neutral"", ""key"": ""cast-referee-talk-neutral"", ""concept"": ""cast referee talk neutral"", ""source_bank"": ""09_props"", ""source_role"": ""production_asset"", ""source_path"": ""public/assets/09_props/img/cast-referee-talk-neutral.png"", ""expected_asset_type"": ""story_action_plate"", ""expected_background_mode"": ""alpha_cutout"", ""expected_concept_word"": ""cast referee talk neutral"", ""reviewed_from"": ""audit/visual-assets/sheets/pending_visual/09-props-story-action-plate-story-cast-007.jpg"", ""decision_source"": ""audit/visual-assets/decisions-story-roles-letters.jsonl"", ""sha256"": ""73050ff0620638e5dca7ee83a2c4126a4f20a786e6d64d99e4215bdded6ff2d7"", ""bytes"": 44100, ""notes"": ""Referee striped/white jersey completely vanished into white background; body vanishes on white."", ""reason_codes"": [""bad_alpha"", ""white_plate"", ""weak_contrast""]}"
live:prop:cast-referee-walk-happy,cast-referee-walk-happy,cast referee walk happy,story cast/actions/roles/environments,live,09_props,production_asset,public/assets/09_props/img/cast-referee-walk-happy.png,ART_REDO,"[""bad_alpha"", ""white_plate"", ""weak_contrast""]","[""bad_alpha"", ""white_plate"", ""weak_contrast""]",Referee striped/white jersey completely vanished into white background; body vanishes on white.,,audit/visual-assets/sheets/pending_visual/09-props-story-action-plate-story-cast-007.jpg,,"{""asset_id"": ""live:prop:cast-referee-walk-happy"", ""key"": ""cast-referee-walk-happy"", ""concept"": ""cast referee walk happy"", ""source_bank"": ""09_props"", ""source_role"": ""production_asset"", ""source_path"": ""public/assets/09_props/img/cast-referee-walk-happy.png"", ""expected_asset_type"": ""story_action_plate"", ""expected_background_mode"": ""alpha_cutout"", ""expected_concept_word"": ""cast referee walk happy"", ""reviewed_from"": ""audit/visual-assets/sheets/pending_visual/09-props-story-action-plate-story-cast-007.jpg"", ""decision_source"": ""audit/visual-assets/decisions-story-roles-letters.jsonl"", ""sha256"": ""48d35e5b141fc926d30bd73e06dc9580d07ee99a77786d883bede57e06fc676b"", ""bytes"": 47452, ""notes"": ""Referee striped/white jersey completely vanished into white background; body vanishes on white."", ""reason_codes"": [""bad_alpha"", ""white_plate"", ""weak_contrast""]}"
live:prop:cast-referee-walk-neutral,cast-referee-walk-neutral,cast referee walk neutral,story cast/actions/roles/environments,live,09_props,production_asset,public/assets/09_props/img/cast-referee-walk-neutral.png,ART_REDO,"[""bad_alpha"", ""white_plate"", ""weak_contrast""]","[""bad_alpha"", ""white_plate"", ""weak_contrast""]",Referee striped/white jersey completely vanished into white background; body vanishes on white.,,audit/visual-assets/sheets/pending_visual/09-props-story-action-plate-story-cast-007.jpg,,"{""asset_id"": ""live:prop:cast-referee-walk-neutral"", ""key"": ""cast-referee-walk-neutral"", ""concept"": ""cast referee walk neutral"", ""source_bank"": ""09_props"", ""source_role"": ""production_asset"", ""source_path"": ""public/assets/09_props/img/cast-referee-walk-neutral.png"", ""expected_asset_type"": ""story_action_plate"", ""expected_background_mode"": ""alpha_cutout"", ""expected_concept_word"": ""cast referee walk neutral"", ""reviewed_from"": ""audit/visual-assets/sheets/pending_visual/09-props-story-action-plate-story-cast-007.jpg"", ""decision_source"": ""audit/visual-assets/decisions-story-roles-letters.jsonl"", ""sha256"": ""1493723c2b4c90347cc13cb4d6e868a512a47d3b2b17c77528e9cb40d84cdec4"", ""bytes"": 41678, ""notes"": ""Referee striped/white jersey completely vanished into white background; body vanishes on white."", ""reason_codes"": [""bad_alpha"", ""white_plate"", ""weak_contrast""]}"
live:prop:cast-waiter-hold-happy,cast-waiter-hold-happy,cast waiter hold happy,story cast/actions/roles/environments,live,09_props,production_asset,public/assets/09_props/img/cast-waiter-hold-happy.png,ART_REDO,"[""bad_alpha"", ""white_plate"", ""weak_contrast""]","[""bad_alpha"", ""white_plate"", ""weak_contrast""]",Waiter white apron/shirt completely eroded and vanished into white background; body vanishes on white.,,audit/visual-assets/sheets/pending_visual/09-props-story-action-plate-story-cast-009.jpg,,"{""asset_id"": ""live:prop:cast-waiter-hold-happy"", ""key"": ""cast-waiter-hold-happy"", ""concept"": ""cast waiter hold happy"", ""source_bank"": ""09_props"", ""source_role"": ""production_asset"", ""source_path"": ""public/assets/09_props/img/cast-waiter-hold-happy.png"", ""expected_asset_type"": ""story_action_plate"", ""expected_background_mode"": ""alpha_cutout"", ""expected_concept_word"": ""cast waiter hold happy"", ""reviewed_from"": ""audit/visual-assets/sheets/pending_visual/09-props-story-action-plate-story-cast-009.jpg"", ""decision_source"": ""audit/visual-assets/decisions-story-roles-letters.jsonl"", ""sha256"": ""0be3fd406cae0edc935c7cbe34d6fd4dd976093574106e9fbe1be9b60a106285"", ""bytes"": 64566, ""notes"": ""Waiter white apron/shirt completely eroded and vanished into white background; body vanishes on white."", ""reason_codes"": [""bad_alpha"", ""white_plate"", ""weak_contrast""]}"
live:prop:cast-waiter-hold-neutral,cast-waiter-hold-neutral,cast waiter hold neutral,story cast/actions/roles/environments,live,09_props,production_asset,public/assets/09_props/img/cast-waiter-hold-neutral.png,ART_REDO,"[""bad_alpha"", ""white_plate"", ""weak_contrast""]","[""bad_alpha"", ""white_plate"", ""weak_contrast""]",Waiter white apron/shirt completely eroded and vanished into white background; body vanishes on white.,,audit/visual-assets/sheets/pending_visual/09-props-story-action-plate-story-cast-009.jpg,,"{""asset_id"": ""live:prop:cast-waiter-hold-neutral"", ""key"": ""cast-waiter-hold-neutral"", ""concept"": ""cast waiter hold neutral"", ""source_bank"": ""09_props"", ""source_role"": ""production_asset"", ""source_path"": ""public/assets/09_props/img/cast-waiter-hold-neutral.png"", ""expected_asset_type"": ""story_action_plate"", ""expected_background_mode"": ""alpha_cutout"", ""expected_concept_word"": ""cast waiter hold neutral"", ""reviewed_from"": ""audit/visual-assets/sheets/pending_visual/09-props-story-action-plate-story-cast-009.jpg"", ""decision_source"": ""audit/visual-assets/decisions-story-roles-letters.jsonl"", ""sha256"": ""025dc18bd61fe75c587e58dbec13678c4cc07208e52d04889ceb39748da839bf"", ""bytes"": 62987, ""notes"": ""Waiter white apron/shirt completely eroded and vanished into white background; body vanishes on white."", ""reason_codes"": [""bad_alpha"", ""white_plate"", ""weak_contrast""]}"
live:prop:cast-waiter-idle-happy,cast-waiter-idle-happy,cast waiter idle happy,story cast/actions/roles/environments,live,09_props,production_asset,public/assets/09_props/img/cast-waiter-idle-happy.png,ART_REDO,"[""bad_alpha"", ""white_plate"", ""weak_contrast""]","[""bad_alpha"", ""white_plate"", ""weak_contrast""]",Waiter white shirt/apron completely eroded and vanished into white background.,,audit/visual-assets/sheets/pending_visual/09-props-story-cast-story-cast-003.jpg,,"{""asset_id"": ""live:prop:cast-waiter-idle-happy"", ""key"": ""cast-waiter-idle-happy"", ""concept"": ""cast waiter idle happy"", ""source_bank"": ""09_props"", ""source_role"": ""production_asset"", ""source_path"": ""public/assets/09_props/img/cast-waiter-idle-happy.png"", ""expected_asset_type"": ""story_cast"", ""expected_background_mode"": ""alpha_cutout"", ""expected_concept_word"": ""cast waiter idle happy"", ""reviewed_from"": ""audit/visual-assets/sheets/pending_visual/09-props-story-cast-story-cast-003.jpg"", ""decision_source"": ""audit/visual-assets/decisions-story-roles-letters.jsonl"", ""sha256"": ""7cb8c64e5e3412088fafb1cb32a71cadffc247458efd24aafe07fb4c99c20107"", ""bytes"": 66132, ""notes"": ""Waiter white shirt/apron completely eroded and vanished into white background."", ""reason_codes"": [""bad_alpha"", ""white_plate"", ""weak_contrast""]}"
live:prop:cast-waiter-idle-neutral,cast-waiter-idle-neutral,cast waiter idle neutral,story cast/actions/roles/environments,live,09_props,production_asset,public/assets/09_props/img/cast-waiter-idle-neutral.png,ART_REDO,"[""bad_alpha"", ""white_plate"", ""weak_contrast""]","[""bad_alpha"", ""white_plate"", ""weak_contrast""]",Waiter white shirt/apron completely eroded and vanished into white background.,,audit/visual-assets/sheets/pending_visual/09-props-story-cast-story-cast-003.jpg,,"{""asset_id"": ""live:prop:cast-waiter-idle-neutral"", ""key"": ""cast-waiter-idle-neutral"", ""concept"": ""cast waiter idle neutral"", ""source_bank"": ""09_props"", ""source_role"": ""production_asset"", ""source_path"": ""public/assets/09_props/img/cast-waiter-idle-neutral.png"", ""expected_asset_type"": ""story_cast"", ""expected_background_mode"": ""alpha_cutout"", ""expected_concept_word"": ""cast waiter idle neutral"", ""reviewed_from"": ""audit/visual-assets/sheets/pending_visual/09-props-story-cast-story-cast-003.jpg"", ""decision_source"": ""audit/visual-assets/decisions-story-roles-letters.jsonl"", ""sha256"": ""891c5c4c665dc8a8833aca8697e6b06232ced9586906bca30be1823a15e0df14"", ""bytes"": 63913, ""notes"": ""Waiter white shirt/apron completely eroded and vanished into white background."", ""reason_codes"": [""bad_alpha"", ""white_plate"", ""weak_contrast""]}"
live:prop:cast-waiter-listen-happy,cast-waiter-listen-happy,cast waiter listen happy,story cast/actions/roles/environments,live,09_props,production_asset,public/assets/09_props/img/cast-waiter-listen-happy.png,ART_REDO,"[""bad_alpha"", ""white_plate"", ""weak_contrast""]","[""bad_alpha"", ""white_plate"", ""weak_contrast""]",Waiter white apron/shirt completely eroded and vanished into white background; body vanishes on white.,,audit/visual-assets/sheets/pending_visual/09-props-story-action-plate-story-cast-009.jpg,,"{""asset_id"": ""live:prop:cast-waiter-listen-happy"", ""key"": ""cast-waiter-listen-happy"", ""concept"": ""cast waiter listen happy"", ""source_bank"": ""09_props"", ""source_role"": ""production_asset"", ""source_path"": ""public/assets/09_props/img/cast-waiter-listen-happy.png"", ""expected_asset_type"": ""story_action_plate"", ""expected_background_mode"": ""alpha_cutout"", ""expected_concept_word"": ""cast waiter listen happy"", ""reviewed_from"": ""audit/visual-assets/sheets/pending_visual/09-props-story-action-plate-story-cast-009.jpg"", ""decision_source"": ""audit/visual-assets/decisions-story-roles-letters.jsonl"", ""sha256"": ""1c5ad7919693142dc6603ad3ed53ca114ebd123ee6d26044db858ad6b8a78872"", ""bytes"": 66688, ""notes"": ""Waiter white apron/shirt completely eroded and vanished into white background; body vanishes on white."", ""reason_codes"": [""bad_alpha"", ""white_plate"", ""weak_contrast""]}"
live:prop:cast-waiter-listen-neutral,cast-waiter-listen-neutral,cast waiter listen neutral,story cast/actions/roles/environments,live,09_props,production_asset,public/assets/09_props/img/cast-waiter-listen-neutral.png,ART_REDO,"[""bad_alpha"", ""white_plate"", ""weak_contrast""]","[""bad_alpha"", ""white_plate"", ""weak_contrast""]",Waiter white apron/shirt completely eroded and vanished into white background; body vanishes on white.,,audit/visual-assets/sheets/pending_visual/09-props-story-action-plate-story-cast-009.jpg,,"{""asset_id"": ""live:prop:cast-waiter-listen-neutral"", ""key"": ""cast-waiter-listen-neutral"", ""concept"": ""cast waiter listen neutral"", ""source_bank"": ""09_props"", ""source_role"": ""production_asset"", ""source_path"": ""public/assets/09_props/img/cast-waiter-listen-neutral.png"", ""expected_asset_type"": ""story_action_plate"", ""expected_background_mode"": ""alpha_cutout"", ""expected_concept_word"": ""cast waiter listen neutral"", ""reviewed_from"": ""audit/visual-assets/sheets/pending_visual/09-props-story-action-plate-story-cast-009.jpg"", ""decision_source"": ""audit/visual-assets/decisions-story-roles-letters.jsonl"", ""sha256"": ""0a8e6c50f47a8e72ac6b5dcc252bd48d621e95d09f8795d6a5e05b1b9fa48f82"", ""bytes"": 60639, ""notes"": ""Waiter white apron/shirt completely eroded and vanished into white background; body vanishes on white."", ""reason_codes"": [""bad_alpha"", ""white_plate"", ""weak_contrast""]}"
live:prop:cast-waiter-reach-happy,cast-waiter-reach-happy,cast waiter reach happy,story cast/actions/roles/environments,live,09_props,production_asset,public/assets/09_props/img/cast-waiter-reach-happy.png,ART_REDO,"[""bad_alpha"", ""white_plate"", ""weak_contrast""]","[""bad_alpha"", ""white_plate"", ""weak_contrast""]",Waiter white apron/shirt completely eroded and vanished into white background; body vanishes on white.,,audit/visual-assets/sheets/pending_visual/09-props-story-action-plate-story-cast-009.jpg,,"{""asset_id"": ""live:prop:cast-waiter-reach-happy"", ""key"": ""cast-waiter-reach-happy"", ""concept"": ""cast waiter reach happy"", ""source_bank"": ""09_props"", ""source_role"": ""production_asset"", ""source_path"": ""public/assets/09_props/img/cast-waiter-reach-happy.png"", ""expected_asset_type"": ""story_action_plate"", ""expected_background_mode"": ""alpha_cutout"", ""expected_concept_word"": ""cast waiter reach happy"", ""reviewed_from"": ""audit/visual-assets/sheets/pending_visual/09-props-story-action-plate-story-cast-009.jpg"", ""decision_source"": ""audit/visual-assets/decisions-story-roles-letters.jsonl"", ""sha256"": ""b0d4b22ff279f45ae4932e52a3fe8946d38a75390813c8beda1cf2b016e63918"", ""bytes"": 74466, ""notes"": ""Waiter white apron/shirt completely eroded and vanished into white background; body vanishes on white."", ""reason_codes"": [""bad_alpha"", ""white_plate"", ""weak_contrast""]}"
live:prop:cast-waiter-reach-neutral,cast-waiter-reach-neutral,cast waiter reach neutral,story cast/actions/roles/environments,live,09_props,production_asset,public/assets/09_props/img/cast-waiter-reach-neutral.png,ART_REDO,"[""bad_alpha"", ""white_plate"", ""weak_contrast""]","[""bad_alpha"", ""white_plate"", ""weak_contrast""]",Waiter white apron/shirt completely eroded and vanished into white background; body vanishes on white.,,audit/visual-assets/sheets/pending_visual/09-props-story-action-plate-story-cast-009.jpg,,"{""asset_id"": ""live:prop:cast-waiter-reach-neutral"", ""key"": ""cast-waiter-reach-neutral"", ""concept"": ""cast waiter reach neutral"", ""source_bank"": ""09_props"", ""source_role"": ""production_asset"", ""source_path"": ""public/assets/09_props/img/cast-waiter-reach-neutral.png"", ""expected_asset_type"": ""story_action_plate"", ""expected_background_mode"": ""alpha_cutout"", ""expected_concept_word"": ""cast waiter reach neutral"", ""reviewed_from"": ""audit/visual-assets/sheets/pending_visual/09-props-story-action-plate-story-cast-009.jpg"", ""decision_source"": ""audit/visual-assets/decisions-story-roles-letters.jsonl"", ""sha256"": ""1410df268909461b156cd737bac47af57ba47386df4dd52a21987f17f49beb3b"", ""bytes"": 71358, ""notes"": ""Waiter white apron/shirt completely eroded and vanished into white background; body vanishes on white."", ""reason_codes"": [""bad_alpha"", ""white_plate"", ""weak_contrast""]}"
live:prop:cast-waiter-sit-happy,cast-waiter-sit-happy,cast waiter sit happy,story cast/actions/roles/environments,live,09_props,production_asset,public/assets/09_props/img/cast-waiter-sit-happy.png,ART_REDO,"[""bad_alpha"", ""white_plate"", ""weak_contrast""]","[""bad_alpha"", ""white_plate"", ""weak_contrast""]",Waiter white apron/shirt completely eroded and vanished into white background; body vanishes on white.,,audit/visual-assets/sheets/pending_visual/09-props-story-action-plate-story-cast-009.jpg,,"{""asset_id"": ""live:prop:cast-waiter-sit-happy"", ""key"": ""cast-waiter-sit-happy"", ""concept"": ""cast waiter sit happy"", ""source_bank"": ""09_props"", ""source_role"": ""production_asset"", ""source_path"": ""public/assets/09_props/img/cast-waiter-sit-happy.png"", ""expected_asset_type"": ""story_action_plate"", ""expected_background_mode"": ""alpha_cutout"", ""expected_concept_word"": ""cast waiter sit happy"", ""reviewed_from"": ""audit/visual-assets/sheets/pending_visual/09-props-story-action-plate-story-cast-009.jpg"", ""decision_source"": ""audit/visual-assets/decisions-story-roles-letters.jsonl"", ""sha256"": ""664aed7da00d3958deac65795eb5930404cc134da53faa366aec00fca792cf6b"", ""bytes"": 80952, ""notes"": ""Waiter white apron/shirt completely eroded and vanished into white background; body vanishes on white."", ""reason_codes"": [""bad_alpha"", ""white_plate"", ""weak_contrast""]}"
live:prop:cast-waiter-sit-neutral,cast-waiter-sit-neutral,cast waiter sit neutral,story cast/actions/roles/environments,live,09_props,production_asset,public/assets/09_props/img/cast-waiter-sit-neutral.png,ART_REDO,"[""bad_alpha"", ""white_plate"", ""weak_contrast""]","[""bad_alpha"", ""white_plate"", ""weak_contrast""]",Waiter white apron/shirt completely eroded and vanished into white background; body vanishes on white.,,audit/visual-assets/sheets/pending_visual/09-props-story-action-plate-story-cast-009.jpg,,"{""asset_id"": ""live:prop:cast-waiter-sit-neutral"", ""key"": ""cast-waiter-sit-neutral"", ""concept"": ""cast waiter sit neutral"", ""source_bank"": ""09_props"", ""source_role"": ""production_asset"", ""source_path"": ""public/assets/09_props/img/cast-waiter-sit-neutral.png"", ""expected_asset_type"": ""story_action_plate"", ""expected_background_mode"": ""alpha_cutout"", ""expected_concept_word"": ""cast waiter sit neutral"", ""reviewed_from"": ""audit/visual-assets/sheets/pending_visual/09-props-story-action-plate-story-cast-009.jpg"", ""decision_source"": ""audit/visual-assets/decisions-story-roles-letters.jsonl"", ""sha256"": ""e920cbd4f737b49aed8395fb769c485ac20e9ba336e5e14184ebeed5953bfe81"", ""bytes"": 85491, ""notes"": ""Waiter white apron/shirt completely eroded and vanished into white background; body vanishes on white."", ""reason_codes"": [""bad_alpha"", ""white_plate"", ""weak_contrast""]}"
live:prop:cast-waiter-talk-happy,cast-waiter-talk-happy,cast waiter talk happy,story cast/actions/roles/environments,live,09_props,production_asset,public/assets/09_props/img/cast-waiter-talk-happy.png,ART_REDO,"[""bad_alpha"", ""white_plate"", ""weak_contrast""]","[""bad_alpha"", ""white_plate"", ""weak_contrast""]",Waiter white apron/shirt completely eroded and vanished into white background; body vanishes on white.,,audit/visual-assets/sheets/pending_visual/09-props-story-action-plate-story-cast-009.jpg,,"{""asset_id"": ""live:prop:cast-waiter-talk-happy"", ""key"": ""cast-waiter-talk-happy"", ""concept"": ""cast waiter talk happy"", ""source_bank"": ""09_props"", ""source_role"": ""production_asset"", ""source_path"": ""public/assets/09_props/img/cast-waiter-talk-happy.png"", ""expected_asset_type"": ""story_action_plate"", ""expected_background_mode"": ""alpha_cutout"", ""expected_concept_word"": ""cast waiter talk happy"", ""reviewed_from"": ""audit/visual-assets/sheets/pending_visual/09-props-story-action-plate-story-cast-009.jpg"", ""decision_source"": ""audit/visual-assets/decisions-story-roles-letters.jsonl"", ""sha256"": ""3d863e71b8d9057cadf5cc65059d43bb559a38d92da13e780021c6c86a1b0242"", ""bytes"": 67579, ""notes"": ""Waiter white apron/shirt completely eroded and vanished into white background; body vanishes on white."", ""reason_codes"": [""bad_alpha"", ""white_plate"", ""weak_contrast""]}"
live:prop:cast-waiter-talk-neutral,cast-waiter-talk-neutral,cast waiter talk neutral,story cast/actions/roles/environments,live,09_props,production_asset,public/assets/09_props/img/cast-waiter-talk-neutral.png,ART_REDO,"[""bad_alpha"", ""white_plate"", ""weak_contrast""]","[""bad_alpha"", ""white_plate"", ""weak_contrast""]",Waiter white apron/shirt completely eroded and vanished into white background; body vanishes on white.,,audit/visual-assets/sheets/pending_visual/09-props-story-action-plate-story-cast-009.jpg,,"{""asset_id"": ""live:prop:cast-waiter-talk-neutral"", ""key"": ""cast-waiter-talk-neutral"", ""concept"": ""cast waiter talk neutral"", ""source_bank"": ""09_props"", ""source_role"": ""production_asset"", ""source_path"": ""public/assets/09_props/img/cast-waiter-talk-neutral.png"", ""expected_asset_type"": ""story_action_plate"", ""expected_background_mode"": ""alpha_cutout"", ""expected_concept_word"": ""cast waiter talk neutral"", ""reviewed_from"": ""audit/visual-assets/sheets/pending_visual/09-props-story-action-plate-story-cast-009.jpg"", ""decision_source"": ""audit/visual-assets/decisions-story-roles-letters.jsonl"", ""sha256"": ""31e80cd546cf032dec0969f54ec65b73892553d07b278f4d37de9e2c7534d85d"", ""bytes"": 68148, ""notes"": ""Waiter white apron/shirt completely eroded and vanished into white background; body vanishes on white."", ""reason_codes"": [""bad_alpha"", ""white_plate"", ""weak_contrast""]}"
live:prop:cast-waiter-walk-happy,cast-waiter-walk-happy,cast waiter walk happy,story cast/actions/roles/environments,live,09_props,production_asset,public/assets/09_props/img/cast-waiter-walk-happy.png,ART_REDO,"[""bad_alpha"", ""white_plate"", ""weak_contrast""]","[""bad_alpha"", ""white_plate"", ""weak_contrast""]",Waiter white apron/shirt completely eroded and vanished into white background; body vanishes on white.,,audit/visual-assets/sheets/pending_visual/09-props-story-action-plate-story-cast-009.jpg,,"{""asset_id"": ""live:prop:cast-waiter-walk-happy"", ""key"": ""cast-waiter-walk-happy"", ""concept"": ""cast waiter walk happy"", ""source_bank"": ""09_props"", ""source_role"": ""production_asset"", ""source_path"": ""public/assets/09_props/img/cast-waiter-walk-happy.png"", ""expected_asset_type"": ""story_action_plate"", ""expected_background_mode"": ""alpha_cutout"", ""expected_concept_word"": ""cast waiter walk happy"", ""reviewed_from"": ""audit/visual-assets/sheets/pending_visual/09-props-story-action-plate-story-cast-009.jpg"", ""decision_source"": ""audit/visual-assets/decisions-story-roles-letters.jsonl"", ""sha256"": ""182fe82cb11dc9ea70e1fceefaf32686102904fc8f2483a7e486187af87e9013"", ""bytes"": 70604, ""notes"": ""Waiter white apron/shirt completely eroded and vanished into white background; body vanishes on white."", ""reason_codes"": [""bad_alpha"", ""white_plate"", ""weak_contrast""]}"
live:prop:cast-waiter-walk-neutral,cast-waiter-walk-neutral,cast waiter walk neutral,story cast/actions/roles/environments,live,09_props,production_asset,public/assets/09_props/img/cast-waiter-walk-neutral.png,ART_REDO,"[""bad_alpha"", ""white_plate"", ""weak_contrast""]","[""bad_alpha"", ""white_plate"", ""weak_contrast""]",Waiter white apron/shirt completely eroded and vanished into white background; body vanishes on white.,,audit/visual-assets/sheets/pending_visual/09-props-story-action-plate-story-cast-009.jpg,,"{""asset_id"": ""live:prop:cast-waiter-walk-neutral"", ""key"": ""cast-waiter-walk-neutral"", ""concept"": ""cast waiter walk neutral"", ""source_bank"": ""09_props"", ""source_role"": ""production_asset"", ""source_path"": ""public/assets/09_props/img/cast-waiter-walk-neutral.png"", ""expected_asset_type"": ""story_action_plate"", ""expected_background_mode"": ""alpha_cutout"", ""expected_concept_word"": ""cast waiter walk neutral"", ""reviewed_from"": ""audit/visual-assets/sheets/pending_visual/09-props-story-action-plate-story-cast-009.jpg"", ""decision_source"": ""audit/visual-assets/decisions-story-roles-letters.jsonl"", ""sha256"": ""397308c73d3c82bf76c48f6cfea57177d5940ba64be35099db1d88f7c680b4fb"", ""bytes"": 70606, ""notes"": ""Waiter white apron/shirt completely eroded and vanished into white background; body vanishes on white."", ""reason_codes"": [""bad_alpha"", ""white_plate"", ""weak_contrast""]}"
live:prop:cast-worker-hold-happy,cast-worker-hold-happy,cast worker hold happy,story cast/actions/roles/environments,live,09_props,production_asset,public/assets/09_props/img/cast-worker-hold-happy.png,ART_REDO,"[""bad_alpha"", ""poor_cavity""]","[""bad_alpha"", ""poor_cavity""]","Construction worker white pants completely missing/eroded; floating vest, hardhat, and boots.",,audit/visual-assets/sheets/pending_visual/09-props-story-action-plate-story-cast-009.jpg,,"{""asset_id"": ""live:prop:cast-worker-hold-happy"", ""key"": ""cast-worker-hold-happy"", ""concept"": ""cast worker hold happy"", ""source_bank"": ""09_props"", ""source_role"": ""production_asset"", ""source_path"": ""public/assets/09_props/img/cast-worker-hold-happy.png"", ""expected_asset_type"": ""story_action_plate"", ""expected_background_mode"": ""alpha_cutout"", ""expected_concept_word"": ""cast worker hold happy"", ""reviewed_from"": ""audit/visual-assets/sheets/pending_visual/09-props-story-action-plate-story-cast-009.jpg"", ""decision_source"": ""audit/visual-assets/decisions-story-roles-letters.jsonl"", ""sha256"": ""0f08119e5bba1b69d51e234e65186fd1c278ef42bba0efa1899f392ab92a1eac"", ""bytes"": 70978, ""notes"": ""Construction worker white pants completely missing/eroded; floating vest, hardhat, and boots."", ""reason_codes"": [""bad_alpha"", ""poor_cavity""]}"
live:prop:cast-worker-hold-neutral,cast-worker-hold-neutral,cast worker hold neutral,story cast/actions/roles/environments,live,09_props,production_asset,public/assets/09_props/img/cast-worker-hold-neutral.png,ART_REDO,"[""bad_alpha"", ""poor_cavity""]","[""bad_alpha"", ""poor_cavity""]","Construction worker white pants completely missing/eroded; floating vest, hardhat, and boots.",,audit/visual-assets/sheets/pending_visual/09-props-story-action-plate-story-cast-009.jpg,,"{""asset_id"": ""live:prop:cast-worker-hold-neutral"", ""key"": ""cast-worker-hold-neutral"", ""concept"": ""cast worker hold neutral"", ""source_bank"": ""09_props"", ""source_role"": ""production_asset"", ""source_path"": ""public/assets/09_props/img/cast-worker-hold-neutral.png"", ""expected_asset_type"": ""story_action_plate"", ""expected_background_mode"": ""alpha_cutout"", ""expected_concept_word"": ""cast worker hold neutral"", ""reviewed_from"": ""audit/visual-assets/sheets/pending_visual/09-props-story-action-plate-story-cast-009.jpg"", ""decision_source"": ""audit/visual-assets/decisions-story-roles-letters.jsonl"", ""sha256"": ""d5b5f3bdbb4e67bb4cc076f9abe62579c89156bb0f1485719ec04ac8485af029"", ""bytes"": 70089, ""notes"": ""Construction worker white pants completely missing/eroded; floating vest, hardhat, and boots."", ""reason_codes"": [""bad_alpha"", ""poor_cavity""]}"
live:prop:cast-worker-idle-happy,cast-worker-idle-happy,cast worker idle happy,story cast/actions/roles/environments,live,09_props,production_asset,public/assets/09_props/img/cast-worker-idle-happy.png,ART_REDO,"[""bad_alpha"", ""poor_cavity""]","[""bad_alpha"", ""poor_cavity""]","Construction worker white pants completely eroded/missing; floating vest, hardhat, and boots.",,audit/visual-assets/sheets/pending_visual/09-props-story-cast-story-cast-003.jpg,,"{""asset_id"": ""live:prop:cast-worker-idle-happy"", ""key"": ""cast-worker-idle-happy"", ""concept"": ""cast worker idle happy"", ""source_bank"": ""09_props"", ""source_role"": ""production_asset"", ""source_path"": ""public/assets/09_props/img/cast-worker-idle-happy.png"", ""expected_asset_type"": ""story_cast"", ""expected_background_mode"": ""alpha_cutout"", ""expected_concept_word"": ""cast worker idle happy"", ""reviewed_from"": ""audit/visual-assets/sheets/pending_visual/09-props-story-cast-story-cast-003.jpg"", ""decision_source"": ""audit/visual-assets/decisions-story-roles-letters.jsonl"", ""sha256"": ""291d90cc2bee3ca89065a44c55edf7f01825a7a4f42bb6306dd9dd6e98046598"", ""bytes"": 75710, ""notes"": ""Construction worker white pants completely eroded/missing; floating vest, hardhat, and boots."", ""reason_codes"": [""bad_alpha"", ""poor_cavity""]}"
live:prop:cast-worker-idle-neutral,cast-worker-idle-neutral,cast worker idle neutral,story cast/actions/roles/environments,live,09_props,production_asset,public/assets/09_props/img/cast-worker-idle-neutral.png,ART_REDO,"[""bad_alpha"", ""poor_cavity""]","[""bad_alpha"", ""poor_cavity""]","Construction worker white pants completely eroded/missing; floating vest, hardhat, and boots.",,audit/visual-assets/sheets/pending_visual/09-props-story-cast-story-cast-003.jpg,,"{""asset_id"": ""live:prop:cast-worker-idle-neutral"", ""key"": ""cast-worker-idle-neutral"", ""concept"": ""cast worker idle neutral"", ""source_bank"": ""09_props"", ""source_role"": ""production_asset"", ""source_path"": ""public/assets/09_props/img/cast-worker-idle-neutral.png"", ""expected_asset_type"": ""story_cast"", ""expected_background_mode"": ""alpha_cutout"", ""expected_concept_word"": ""cast worker idle neutral"", ""reviewed_from"": ""audit/visual-assets/sheets/pending_visual/09-props-story-cast-story-cast-003.jpg"", ""decision_source"": ""audit/visual-assets/decisions-story-roles-letters.jsonl"", ""sha256"": ""ecf1be0e7042bdfd0ed4033c7180bc57fc0cfb83f60578e11f8b23cf9e0ad08b"", ""bytes"": 66643, ""notes"": ""Construction worker white pants completely eroded/missing; floating vest, hardhat, and boots."", ""reason_codes"": [""bad_alpha"", ""poor_cavity""]}"
live:prop:cast-worker-listen-happy,cast-worker-listen-happy,cast worker listen happy,story cast/actions/roles/environments,live,09_props,production_asset,public/assets/09_props/img/cast-worker-listen-happy.png,ART_REDO,"[""bad_alpha"", ""poor_cavity""]","[""bad_alpha"", ""poor_cavity""]","Construction worker white pants completely missing/eroded; floating vest, hardhat, and boots.",,audit/visual-assets/sheets/pending_visual/09-props-story-action-plate-story-cast-009.jpg,,"{""asset_id"": ""live:prop:cast-worker-listen-happy"", ""key"": ""cast-worker-listen-happy"", ""concept"": ""cast worker listen happy"", ""source_bank"": ""09_props"", ""source_role"": ""production_asset"", ""source_path"": ""public/assets/09_props/img/cast-worker-listen-happy.png"", ""expected_asset_type"": ""story_action_plate"", ""expected_background_mode"": ""alpha_cutout"", ""expected_concept_word"": ""cast worker listen happy"", ""reviewed_from"": ""audit/visual-assets/sheets/pending_visual/09-props-story-action-plate-story-cast-009.jpg"", ""decision_source"": ""audit/visual-assets/decisions-story-roles-letters.jsonl"", ""sha256"": ""c665cf93d000a0fa17660483ecefc9f8d889b6de444dbc3dd5e315941e7a4ec0"", ""bytes"": 89693, ""notes"": ""Construction worker white pants completely missing/eroded; floating vest, hardhat, and boots."", ""reason_codes"": [""bad_alpha"", ""poor_cavity""]}"
live:prop:cast-worker-listen-neutral,cast-worker-listen-neutral,cast worker listen neutral,story cast/actions/roles/environments,live,09_props,production_asset,public/assets/09_props/img/cast-worker-listen-neutral.png,ART_REDO,"[""bad_alpha"", ""poor_cavity""]","[""bad_alpha"", ""poor_cavity""]","Construction worker white pants completely missing/eroded; floating vest, hardhat, and boots.",,audit/visual-assets/sheets/pending_visual/09-props-story-action-plate-story-cast-009.jpg,,"{""asset_id"": ""live:prop:cast-worker-listen-neutral"", ""key"": ""cast-worker-listen-neutral"", ""concept"": ""cast worker listen neutral"", ""source_bank"": ""09_props"", ""source_role"": ""production_asset"", ""source_path"": ""public/assets/09_props/img/cast-worker-listen-neutral.png"", ""expected_asset_type"": ""story_action_plate"", ""expected_background_mode"": ""alpha_cutout"", ""expected_concept_word"": ""cast worker listen neutral"", ""reviewed_from"": ""audit/visual-assets/sheets/pending_visual/09-props-story-action-plate-story-cast-009.jpg"", ""decision_source"": ""audit/visual-assets/decisions-story-roles-letters.jsonl"", ""sha256"": ""e51a69e30ae20146a30e46341da82cd34bc46d5d7e34742f55de62644a441f3d"", ""bytes"": 86844, ""notes"": ""Construction worker white pants completely missing/eroded; floating vest, hardhat, and boots."", ""reason_codes"": [""bad_alpha"", ""poor_cavity""]}"
live:prop:cast-worker-reach-happy,cast-worker-reach-happy,cast worker reach happy,story cast/actions/roles/environments,live,09_props,production_asset,public/assets/09_props/img/cast-worker-reach-happy.png,ART_REDO,"[""bad_alpha"", ""poor_cavity""]","[""bad_alpha"", ""poor_cavity""]","Construction worker white pants completely missing/eroded; floating vest, hardhat, and boots.",,audit/visual-assets/sheets/pending_visual/09-props-story-action-plate-story-cast-010.jpg,,"{""asset_id"": ""live:prop:cast-worker-reach-happy"", ""key"": ""cast-worker-reach-happy"", ""concept"": ""cast worker reach happy"", ""source_bank"": ""09_props"", ""source_role"": ""production_asset"", ""source_path"": ""public/assets/09_props/img/cast-worker-reach-happy.png"", ""expected_asset_type"": ""story_action_plate"", ""expected_background_mode"": ""alpha_cutout"", ""expected_concept_word"": ""cast worker reach happy"", ""reviewed_from"": ""audit/visual-assets/sheets/pending_visual/09-props-story-action-plate-story-cast-010.jpg"", ""decision_source"": ""audit/visual-assets/decisions-story-roles-letters.jsonl"", ""sha256"": ""36b17f41c39520366f15fb1c535d60fc838c44b709814c806862b093a2fb5884"", ""bytes"": 76422, ""notes"": ""Construction worker white pants completely missing/eroded; floating vest, hardhat, and boots."", ""reason_codes"": [""bad_alpha"", ""poor_cavity""]}"
live:prop:cast-worker-reach-neutral,cast-worker-reach-neutral,cast worker reach neutral,story cast/actions/roles/environments,live,09_props,production_asset,public/assets/09_props/img/cast-worker-reach-neutral.png,ART_REDO,"[""bad_alpha"", ""poor_cavity""]","[""bad_alpha"", ""poor_cavity""]","Construction worker white pants completely missing/eroded; floating vest, hardhat, and boots.",,audit/visual-assets/sheets/pending_visual/09-props-story-action-plate-story-cast-010.jpg,,"{""asset_id"": ""live:prop:cast-worker-reach-neutral"", ""key"": ""cast-worker-reach-neutral"", ""concept"": ""cast worker reach neutral"", ""source_bank"": ""09_props"", ""source_role"": ""production_asset"", ""source_path"": ""public/assets/09_props/img/cast-worker-reach-neutral.png"", ""expected_asset_type"": ""story_action_plate"", ""expected_background_mode"": ""alpha_cutout"", ""expected_concept_word"": ""cast worker reach neutral"", ""reviewed_from"": ""audit/visual-assets/sheets/pending_visual/09-props-story-action-plate-story-cast-010.jpg"", ""decision_source"": ""audit/visual-assets/decisions-story-roles-letters.jsonl"", ""sha256"": ""673201879b92b7e71e9cf2d5ebe4cc9de149d55d34020e6b53b40bcb0ef2091a"", ""bytes"": 76862, ""notes"": ""Construction worker white pants completely missing/eroded; floating vest, hardhat, and boots."", ""reason_codes"": [""bad_alpha"", ""poor_cavity""]}"
live:prop:cast-worker-sit-happy,cast-worker-sit-happy,cast worker sit happy,story cast/actions/roles/environments,live,09_props,production_asset,public/assets/09_props/img/cast-worker-sit-happy.png,ART_REDO,"[""bad_alpha"", ""poor_cavity""]","[""bad_alpha"", ""poor_cavity""]","Construction worker white pants completely missing/eroded; floating vest, hardhat, and boots.",,audit/visual-assets/sheets/pending_visual/09-props-story-action-plate-story-cast-010.jpg,,"{""asset_id"": ""live:prop:cast-worker-sit-happy"", ""key"": ""cast-worker-sit-happy"", ""concept"": ""cast worker sit happy"", ""source_bank"": ""09_props"", ""source_role"": ""production_asset"", ""source_path"": ""public/assets/09_props/img/cast-worker-sit-happy.png"", ""expected_asset_type"": ""story_action_plate"", ""expected_background_mode"": ""alpha_cutout"", ""expected_concept_word"": ""cast worker sit happy"", ""reviewed_from"": ""audit/visual-assets/sheets/pending_visual/09-props-story-action-plate-story-cast-010.jpg"", ""decision_source"": ""audit/visual-assets/decisions-story-roles-letters.jsonl"", ""sha256"": ""5d4ee48f56fbd22822b1c56e4cda0c74576d197099b2de5614716e6220d72ff4"", ""bytes"": 82103, ""notes"": ""Construction worker white pants completely missing/eroded; floating vest, hardhat, and boots."", ""reason_codes"": [""bad_alpha"", ""poor_cavity""]}"
live:prop:cast-worker-sit-neutral,cast-worker-sit-neutral,cast worker sit neutral,story cast/actions/roles/environments,live,09_props,production_asset,public/assets/09_props/img/cast-worker-sit-neutral.png,ART_REDO,"[""bad_alpha"", ""poor_cavity""]","[""bad_alpha"", ""poor_cavity""]","Construction worker white pants completely missing/eroded; floating vest, hardhat, and boots.",,audit/visual-assets/sheets/pending_visual/09-props-story-action-plate-story-cast-010.jpg,,"{""asset_id"": ""live:prop:cast-worker-sit-neutral"", ""key"": ""cast-worker-sit-neutral"", ""concept"": ""cast worker sit neutral"", ""source_bank"": ""09_props"", ""source_role"": ""production_asset"", ""source_path"": ""public/assets/09_props/img/cast-worker-sit-neutral.png"", ""expected_asset_type"": ""story_action_plate"", ""expected_background_mode"": ""alpha_cutout"", ""expected_concept_word"": ""cast worker sit neutral"", ""reviewed_from"": ""audit/visual-assets/sheets/pending_visual/09-props-story-action-plate-story-cast-010.jpg"", ""decision_source"": ""audit/visual-assets/decisions-story-roles-letters.jsonl"", ""sha256"": ""087aee2d44b07b271cd659da437930809a02638f2731e823e32c4a47d030abcf"", ""bytes"": 84603, ""notes"": ""Construction worker white pants completely missing/eroded; floating vest, hardhat, and boots."", ""reason_codes"": [""bad_alpha"", ""poor_cavity""]}"
live:prop:cast-worker-talk-happy,cast-worker-talk-happy,cast worker talk happy,story cast/actions/roles/environments,live,09_props,production_asset,public/assets/09_props/img/cast-worker-talk-happy.png,ART_REDO,"[""bad_alpha"", ""poor_cavity""]","[""bad_alpha"", ""poor_cavity""]","Construction worker white pants completely missing/eroded; floating vest, hardhat, and boots.",,audit/visual-assets/sheets/pending_visual/09-props-story-action-plate-story-cast-010.jpg,,"{""asset_id"": ""live:prop:cast-worker-talk-happy"", ""key"": ""cast-worker-talk-happy"", ""concept"": ""cast worker talk happy"", ""source_bank"": ""09_props"", ""source_role"": ""production_asset"", ""source_path"": ""public/assets/09_props/img/cast-worker-talk-happy.png"", ""expected_asset_type"": ""story_action_plate"", ""expected_background_mode"": ""alpha_cutout"", ""expected_concept_word"": ""cast worker talk happy"", ""reviewed_from"": ""audit/visual-assets/sheets/pending_visual/09-props-story-action-plate-story-cast-010.jpg"", ""decision_source"": ""audit/visual-assets/decisions-story-roles-letters.jsonl"", ""sha256"": ""573718cabb9b66a9a659374ab60bf715c5df13bf93e85dbdbabe1605f0a335ac"", ""bytes"": 68509, ""notes"": ""Construction worker white pants completely missing/eroded; floating vest, hardhat, and boots."", ""reason_codes"": [""bad_alpha"", ""poor_cavity""]}"
live:prop:cast-worker-talk-neutral,cast-worker-talk-neutral,cast worker talk neutral,story cast/actions/roles/environments,live,09_props,production_asset,public/assets/09_props/img/cast-worker-talk-neutral.png,ART_REDO,"[""bad_alpha"", ""poor_cavity""]","[""bad_alpha"", ""poor_cavity""]","Construction worker white pants completely missing/eroded; floating vest, hardhat, and boots.",,audit/visual-assets/sheets/pending_visual/09-props-story-action-plate-story-cast-010.jpg,,"{""asset_id"": ""live:prop:cast-worker-talk-neutral"", ""key"": ""cast-worker-talk-neutral"", ""concept"": ""cast worker talk neutral"", ""source_bank"": ""09_props"", ""source_role"": ""production_asset"", ""source_path"": ""public/assets/09_props/img/cast-worker-talk-neutral.png"", ""expected_asset_type"": ""story_action_plate"", ""expected_background_mode"": ""alpha_cutout"", ""expected_concept_word"": ""cast worker talk neutral"", ""reviewed_from"": ""audit/visual-assets/sheets/pending_visual/09-props-story-action-plate-story-cast-010.jpg"", ""decision_source"": ""audit/visual-assets/decisions-story-roles-letters.jsonl"", ""sha256"": ""94b28d168b077dd9f6396f73648291f763151b842170bdadff84765a8c090c80"", ""bytes"": 63753, ""notes"": ""Construction worker white pants completely missing/eroded; floating vest, hardhat, and boots."", ""reason_codes"": [""bad_alpha"", ""poor_cavity""]}"
live:prop:cast-worker-walk-happy,cast-worker-walk-happy,cast worker walk happy,story cast/actions/roles/environments,live,09_props,production_asset,public/assets/09_props/img/cast-worker-walk-happy.png,ART_REDO,"[""bad_alpha"", ""poor_cavity""]","[""bad_alpha"", ""poor_cavity""]","Construction worker white pants completely missing/eroded; floating vest, hardhat, and boots.",,audit/visual-assets/sheets/pending_visual/09-props-story-action-plate-story-cast-010.jpg,,"{""asset_id"": ""live:prop:cast-worker-walk-happy"", ""key"": ""cast-worker-walk-happy"", ""concept"": ""cast worker walk happy"", ""source_bank"": ""09_props"", ""source_role"": ""production_asset"", ""source_path"": ""public/assets/09_props/img/cast-worker-walk-happy.png"", ""expected_asset_type"": ""story_action_plate"", ""expected_background_mode"": ""alpha_cutout"", ""expected_concept_word"": ""cast worker walk happy"", ""reviewed_from"": ""audit/visual-assets/sheets/pending_visual/09-props-story-action-plate-story-cast-010.jpg"", ""decision_source"": ""audit/visual-assets/decisions-story-roles-letters.jsonl"", ""sha256"": ""3ca3365c895d6ba57503172455b233a937ff3dbc0bf39a304460b1123c1c3e6b"", ""bytes"": 73200, ""notes"": ""Construction worker white pants completely missing/eroded; floating vest, hardhat, and boots."", ""reason_codes"": [""bad_alpha"", ""poor_cavity""]}"
live:prop:cast-worker-walk-neutral,cast-worker-walk-neutral,cast worker walk neutral,story cast/actions/roles/environments,live,09_props,production_asset,public/assets/09_props/img/cast-worker-walk-neutral.png,ART_REDO,"[""bad_alpha"", ""poor_cavity""]","[""bad_alpha"", ""poor_cavity""]","Construction worker white pants completely missing/eroded; floating vest, hardhat, and boots.",,audit/visual-assets/sheets/pending_visual/09-props-story-action-plate-story-cast-010.jpg,,"{""asset_id"": ""live:prop:cast-worker-walk-neutral"", ""key"": ""cast-worker-walk-neutral"", ""concept"": ""cast worker walk neutral"", ""source_bank"": ""09_props"", ""source_role"": ""production_asset"", ""source_path"": ""public/assets/09_props/img/cast-worker-walk-neutral.png"", ""expected_asset_type"": ""story_action_plate"", ""expected_background_mode"": ""alpha_cutout"", ""expected_concept_word"": ""cast worker walk neutral"", ""reviewed_from"": ""audit/visual-assets/sheets/pending_visual/09-props-story-action-plate-story-cast-010.jpg"", ""decision_source"": ""audit/visual-assets/decisions-story-roles-letters.jsonl"", ""sha256"": ""585b57afe3bf4095ef008e117552a29d95bd4cf05ade356798386855ab956ce4"", ""bytes"": 68093, ""notes"": ""Construction worker white pants completely missing/eroded; floating vest, hardhat, and boots."", ""reason_codes"": [""bad_alpha"", ""poor_cavity""]}"
live:prop:hide-backpack-closed,hide-backpack-closed,hide backpack closed,hide/reveal,live,09_props,production_asset,public/assets/09_props/img/hide-backpack-closed.png,ART_REDO,"[""bad_alpha"", ""poor_cavity""]","[""bad_alpha"", ""poor_cavity""]",Backpack cutout is severely eroded and laced with holes by white keying error.,,audit/visual-assets/sheets/pending_visual/09-props-open-closed-hide-reveal-pair-hide-reveal-001.jpg,,"{""asset_id"": ""live:prop:hide-backpack-closed"", ""key"": ""hide-backpack-closed"", ""concept"": ""hide backpack closed"", ""source_bank"": ""09_props"", ""source_role"": ""production_asset"", ""source_path"": ""public/assets/09_props/img/hide-backpack-closed.png"", ""expected_asset_type"": ""open_closed_hide_reveal_pair"", ""expected_background_mode"": ""alpha_cutout"", ""expected_concept_word"": ""hide backpack closed"", ""reviewed_from"": ""audit/visual-assets/sheets/pending_visual/09-props-open-closed-hide-reveal-pair-hide-reveal-001.jpg"", ""decision_source"": ""audit/visual-assets/decisions-story-roles-letters.jsonl"", ""sha256"": ""62fe3d7f2aba1ddaa481cac5247397a9a7dcbfd1a5b6f231ff2fb282d9880cf1"", ""bytes"": 165629, ""notes"": ""Backpack cutout is severely eroded and laced with holes by white keying error."", ""reason_codes"": [""bad_alpha"", ""poor_cavity""]}"
live:prop:hide-backpack-open,hide-backpack-open,hide backpack open,hide/reveal,live,09_props,production_asset,public/assets/09_props/img/hide-backpack-open.png,ART_REDO,"[""bad_alpha"", ""poor_cavity""]","[""bad_alpha"", ""poor_cavity""]",Backpack cutout is severely eroded and laced with holes by white keying error.,,audit/visual-assets/sheets/pending_visual/09-props-open-closed-hide-reveal-pair-hide-reveal-001.jpg,,"{""asset_id"": ""live:prop:hide-backpack-open"", ""key"": ""hide-backpack-open"", ""concept"": ""hide backpack open"", ""source_bank"": ""09_props"", ""source_role"": ""production_asset"", ""source_path"": ""public/assets/09_props/img/hide-backpack-open.png"", ""expected_asset_type"": ""open_closed_hide_reveal_pair"", ""expected_background_mode"": ""alpha_cutout"", ""expected_concept_word"": ""hide backpack open"", ""reviewed_from"": ""audit/visual-assets/sheets/pending_visual/09-props-open-closed-hide-reveal-pair-hide-reveal-001.jpg"", ""decision_source"": ""audit/visual-assets/decisions-story-roles-letters.jsonl"", ""sha256"": ""2153adefefad22f38305aeddc4efee2a4f225955d2e44b9e2f2ed2fee5e967d9"", ""bytes"": 139489, ""notes"": ""Backpack cutout is severely eroded and laced with holes by white keying error."", ""reason_codes"": [""bad_alpha"", ""poor_cavity""]}"
live:prop:hide-sofa-open,hide-sofa-open,hide sofa open,hide/reveal,live,09_props,production_asset,public/assets/09_props/img/hide-sofa-open.png,ART_REDO,"[""bad_alpha"", ""poor_cavity""]","[""bad_alpha"", ""poor_cavity""]",Open sofa cutout has hollow jagged hole missing cushions and backrest.,,audit/visual-assets/sheets/pending_visual/09-props-open-closed-hide-reveal-pair-hide-reveal-002.jpg,,"{""asset_id"": ""live:prop:hide-sofa-open"", ""key"": ""hide-sofa-open"", ""concept"": ""hide sofa open"", ""source_bank"": ""09_props"", ""source_role"": ""production_asset"", ""source_path"": ""public/assets/09_props/img/hide-sofa-open.png"", ""expected_asset_type"": ""open_closed_hide_reveal_pair"", ""expected_background_mode"": ""alpha_cutout"", ""expected_concept_word"": ""hide sofa open"", ""reviewed_from"": ""audit/visual-assets/sheets/pending_visual/09-props-open-closed-hide-reveal-pair-hide-reveal-002.jpg"", ""decision_source"": ""audit/visual-assets/decisions-story-roles-letters.jsonl"", ""sha256"": ""485a03f7cc075161c29789eda09dfd877cd9b7fff00b2956153d4617ad8defb1"", ""bytes"": 114201, ""notes"": ""Open sofa cutout has hollow jagged hole missing cushions and backrest."", ""reason_codes"": [""bad_alpha"", ""poor_cavity""]}"
live:prop:kenney-bg-book-closed,kenney-bg-book-closed,kenney bg book closed,hide/reveal,live,09_props,production_asset,public/assets/09_props/img/kenney-bg-book-closed.png,ART_REDO,"[""white_plate"", ""weak_contrast""]","[""white_plate"", ""weak_contrast""]",White icon on white background; invisible on white.,,audit/visual-assets/sheets/pending_visual/09-props-open-closed-hide-reveal-pair-games-001.jpg,,"{""asset_id"": ""live:prop:kenney-bg-book-closed"", ""key"": ""kenney-bg-book-closed"", ""concept"": ""kenney bg book closed"", ""source_bank"": ""09_props"", ""source_role"": ""production_asset"", ""source_path"": ""public/assets/09_props/img/kenney-bg-book-closed.png"", ""expected_asset_type"": ""open_closed_hide_reveal_pair"", ""expected_background_mode"": ""alpha_cutout"", ""expected_concept_word"": ""kenney bg book closed"", ""reviewed_from"": ""audit/visual-assets/sheets/pending_visual/09-props-open-closed-hide-reveal-pair-games-001.jpg"", ""decision_source"": ""audit/visual-assets/decisions-story-roles-letters.jsonl"", ""sha256"": ""731f9a8d9ef4192fc4cdf8f62e1860aa968a7c53469c5d1e3a5908845c792461"", ""bytes"": 957, ""notes"": ""White icon on white background; invisible on white."", ""reason_codes"": [""white_plate"", ""weak_contrast""]}"
live:prop:kenney-bg-book-open,kenney-bg-book-open,kenney bg book open,hide/reveal,live,09_props,production_asset,public/assets/09_props/img/kenney-bg-book-open.png,ART_REDO,"[""white_plate"", ""weak_contrast""]","[""white_plate"", ""weak_contrast""]",White icon on white background; invisible on white.,,audit/visual-assets/sheets/pending_visual/09-props-open-closed-hide-reveal-pair-games-001.jpg,,"{""asset_id"": ""live:prop:kenney-bg-book-open"", ""key"": ""kenney-bg-book-open"", ""concept"": ""kenney bg book open"", ""source_bank"": ""09_props"", ""source_role"": ""production_asset"", ""source_path"": ""public/assets/09_props/img/kenney-bg-book-open.png"", ""expected_asset_type"": ""open_closed_hide_reveal_pair"", ""expected_background_mode"": ""alpha_cutout"", ""expected_concept_word"": ""kenney bg book open"", ""reviewed_from"": ""audit/visual-assets/sheets/pending_visual/09-props-open-closed-hide-reveal-pair-games-001.jpg"", ""decision_source"": ""audit/visual-assets/decisions-story-roles-letters.jsonl"", ""sha256"": ""37c8ef74892f1db87cb7d21bdd795d4c4f6a94c81787433544c16413c62e2e67"", ""bytes"": 767, ""notes"": ""White icon on white background; invisible on white."", ""reason_codes"": [""white_plate"", ""weak_contrast""]}"
live:prop:kenney-bg-lock-closed,kenney-bg-lock-closed,kenney bg lock closed,hide/reveal,live,09_props,production_asset,public/assets/09_props/img/kenney-bg-lock-closed.png,ART_REDO,"[""white_plate"", ""weak_contrast""]","[""white_plate"", ""weak_contrast""]",White icon on white background; invisible on white.,,audit/visual-assets/sheets/pending_visual/09-props-open-closed-hide-reveal-pair-games-001.jpg,,"{""asset_id"": ""live:prop:kenney-bg-lock-closed"", ""key"": ""kenney-bg-lock-closed"", ""concept"": ""kenney bg lock closed"", ""source_bank"": ""09_props"", ""source_role"": ""production_asset"", ""source_path"": ""public/assets/09_props/img/kenney-bg-lock-closed.png"", ""expected_asset_type"": ""open_closed_hide_reveal_pair"", ""expected_background_mode"": ""alpha_cutout"", ""expected_concept_word"": ""kenney bg lock closed"", ""reviewed_from"": ""audit/visual-assets/sheets/pending_visual/09-props-open-closed-hide-reveal-pair-games-001.jpg"", ""decision_source"": ""audit/visual-assets/decisions-story-roles-letters.jsonl"", ""sha256"": ""cb242cecafabfd15a6bd713c29ff7325106e05c2e94e816e12f9dcc2beccc98e"", ""bytes"": 697, ""notes"": ""White icon on white background; invisible on white."", ""reason_codes"": [""white_plate"", ""weak_contrast""]}"
live:prop:kenney-bg-lock-open,kenney-bg-lock-open,kenney bg lock open,hide/reveal,live,09_props,production_asset,public/assets/09_props/img/kenney-bg-lock-open.png,ART_REDO,"[""white_plate"", ""weak_contrast""]","[""white_plate"", ""weak_contrast""]",White icon on white background; invisible on white.,,audit/visual-assets/sheets/pending_visual/09-props-open-closed-hide-reveal-pair-games-001.jpg,,"{""asset_id"": ""live:prop:kenney-bg-lock-open"", ""key"": ""kenney-bg-lock-open"", ""concept"": ""kenney bg lock open"", ""source_bank"": ""09_props"", ""source_role"": ""production_asset"", ""source_path"": ""public/assets/09_props/img/kenney-bg-lock-open.png"", ""expected_asset_type"": ""open_closed_hide_reveal_pair"", ""expected_background_mode"": ""alpha_cutout"", ""expected_concept_word"": ""kenney bg lock open"", ""reviewed_from"": ""audit/visual-assets/sheets/pending_visual/09-props-open-closed-hide-reveal-pair-games-001.jpg"", ""decision_source"": ""audit/visual-assets/decisions-story-roles-letters.jsonl"", ""sha256"": ""f520f78e43e103f5de9e289f054ebec8044a953f5362ed25bad64084885a45a3"", ""bytes"": 1006, ""notes"": ""White icon on white background; invisible on white."", ""reason_codes"": [""white_plate"", ""weak_contrast""]}"
live:prop:letter-trace-lower-n,letter-trace-lower-n,letter trace lower n,letters/literacy,live,09_props,production_asset,public/assets/09_props/img/letter-trace-lower-n.png,ART_REDO,"[""generation_artifact""]","[""generation_artifact""]",Letter n asset displays multiple glyphs 'l' and 'r' side-by-side.,,audit/visual-assets/sheets/pending_visual/09-props-letters-literacy-letters-006.jpg,,"{""asset_id"": ""live:prop:letter-trace-lower-n"", ""key"": ""letter-trace-lower-n"", ""concept"": ""letter trace lower n"", ""source_bank"": ""09_props"", ""source_role"": ""production_asset"", ""source_path"": ""public/assets/09_props/img/letter-trace-lower-n.png"", ""expected_asset_type"": ""letters_literacy"", ""expected_background_mode"": ""alpha_cutout"", ""expected_concept_word"": ""letter trace lower n"", ""reviewed_from"": ""audit/visual-assets/sheets/pending_visual/09-props-letters-literacy-letters-006.jpg"", ""decision_source"": ""audit/visual-assets/decisions-story-roles-letters.jsonl"", ""sha256"": ""40cdfd1bd9965f90b90e1ed39d7ceb5e4f7f46ae6cb6ff10592bb9cbfd5142d4"", ""bytes"": 59540, ""notes"": ""Letter n asset displays multiple glyphs 'l' and 'r' side-by-side."", ""reason_codes"": [""generation_artifact""]}"
live:prop:letter-trace-lower-o,letter-trace-lower-o,letter trace lower o,letters/literacy,live,09_props,production_asset,public/assets/09_props/img/letter-trace-lower-o.png,ART_REDO,"[""generation_artifact""]","[""generation_artifact""]",Letter o asset displays broken stroke fragments.,,audit/visual-assets/sheets/pending_visual/09-props-letters-literacy-letters-006.jpg,,"{""asset_id"": ""live:prop:letter-trace-lower-o"", ""key"": ""letter-trace-lower-o"", ""concept"": ""letter trace lower o"", ""source_bank"": ""09_props"", ""source_role"": ""production_asset"", ""source_path"": ""public/assets/09_props/img/letter-trace-lower-o.png"", ""expected_asset_type"": ""letters_literacy"", ""expected_background_mode"": ""alpha_cutout"", ""expected_concept_word"": ""letter trace lower o"", ""reviewed_from"": ""audit/visual-assets/sheets/pending_visual/09-props-letters-literacy-letters-006.jpg"", ""decision_source"": ""audit/visual-assets/decisions-story-roles-letters.jsonl"", ""sha256"": ""7d4d461786567a16297521b72be7b41ccb664d0830e1d16da37a5aebe6b6fb9e"", ""bytes"": 72998, ""notes"": ""Letter o asset displays broken stroke fragments."", ""reason_codes"": [""generation_artifact""]}"
live:prop:letter-trace-lower-r,letter-trace-lower-r,letter trace lower r,letters/literacy,live,09_props,production_asset,public/assets/09_props/img/letter-trace-lower-r.png,ART_REDO,"[""generation_artifact""]","[""generation_artifact""]",Letter r asset displays 'q' and 'l' stroke fragments.,,audit/visual-assets/sheets/pending_visual/09-props-letters-literacy-letters-006.jpg,,"{""asset_id"": ""live:prop:letter-trace-lower-r"", ""key"": ""letter-trace-lower-r"", ""concept"": ""letter trace lower r"", ""source_bank"": ""09_props"", ""source_role"": ""production_asset"", ""source_path"": ""public/assets/09_props/img/letter-trace-lower-r.png"", ""expected_asset_type"": ""letters_literacy"", ""expected_background_mode"": ""alpha_cutout"", ""expected_concept_word"": ""letter trace lower r"", ""reviewed_from"": ""audit/visual-assets/sheets/pending_visual/09-props-letters-literacy-letters-006.jpg"", ""decision_source"": ""audit/visual-assets/decisions-story-roles-letters.jsonl"", ""sha256"": ""937bf163d665364cae7f9017f62d52928a19a2322dc38a6cc83333d22f9a63b2"", ""bytes"": 83796, ""notes"": ""Letter r asset displays 'q' and 'l' stroke fragments."", ""reason_codes"": [""generation_artifact""]}"
live:prop:letter-trace-lower-w,letter-trace-lower-w,letter trace lower w,letters/literacy,live,09_props,production_asset,public/assets/09_props/img/letter-trace-lower-w.png,ART_REDO,"[""background_contamination"", ""generation_artifact""]","[""background_contamination"", ""generation_artifact""]",Letter w asset contains severed stroke fragments on left edge.,,audit/visual-assets/sheets/pending_visual/09-props-letters-literacy-letters-006.jpg,,"{""asset_id"": ""live:prop:letter-trace-lower-w"", ""key"": ""letter-trace-lower-w"", ""concept"": ""letter trace lower w"", ""source_bank"": ""09_props"", ""source_role"": ""production_asset"", ""source_path"": ""public/assets/09_props/img/letter-trace-lower-w.png"", ""expected_asset_type"": ""letters_literacy"", ""expected_background_mode"": ""alpha_cutout"", ""expected_concept_word"": ""letter trace lower w"", ""reviewed_from"": ""audit/visual-assets/sheets/pending_visual/09-props-letters-literacy-letters-006.jpg"", ""decision_source"": ""audit/visual-assets/decisions-story-roles-letters.jsonl"", ""sha256"": ""ce18552520969cf33709fd84661fec0782e88e97e8699f70ac73c74271dcf875"", ""bytes"": 79277, ""notes"": ""Letter w asset contains severed stroke fragments on left edge."", ""reason_codes"": [""background_contamination"", ""generation_artifact""]}"
raw:prea1:prea1-instr-celebration,prea1-instr-celebration,celebration,Pre-A1 functional,raw_harvest,tmp/manus-prea1-stockpile,extracted_derivative,audit/visual-assets/cells/prea1/wave1-instructions/prea1-instr-celebration.jpg,ART_REDO,"[""bad_crop"", ""edge_cutoff"", ""bad_anatomy""]","[""bad_crop"", ""edge_cutoff"", ""bad_anatomy""]",Figure severely cropped with missing head/body or dead void,,audit/visual-assets/sheets/pending_visual/tmp-manus-prea1-stockpile-prea1-functional-instructions-002.jpg,,"{""asset_id"": ""raw:prea1:prea1-instr-celebration"", ""key"": ""prea1-instr-celebration"", ""concept"": ""celebration"", ""source_bank"": ""tmp/manus-prea1-stockpile"", ""source_role"": ""extracted_derivative"", ""source_path"": ""audit/visual-assets/cells/prea1/wave1-instructions/prea1-instr-celebration.jpg"", ""expected_asset_type"": ""prea1_functional"", ""expected_background_mode"": ""cropped_contact_cell"", ""expected_concept_word"": ""celebration"", ""reviewed_from"": ""audit/visual-assets/sheets/pending_visual/tmp-manus-prea1-stockpile-prea1-functional-instructions-002.jpg"", ""decision_source"": ""audit/visual-assets/decisions-prea1-raw.jsonl"", ""sha256"": ""bfdf0c281b1344416373ea018cb6dff0b6f878d4912d6a538db7dc7c54d74f6c"", ""bytes"": 39399, ""notes"": ""Figure severely cropped with missing head/body or dead void"", ""reason_codes"": [""bad_crop"", ""edge_cutoff"", ""bad_anatomy""]}"
raw:prea1:prea1-instr-calm-breathe,prea1-instr-calm-breathe,calm-breathe,Pre-A1 functional,raw_harvest,tmp/manus-prea1-stockpile,extracted_derivative,audit/visual-assets/cells/prea1/wave1-instructions/prea1-instr-calm-breathe.jpg,ART_REDO,"[""bad_crop"", ""edge_cutoff"", ""bad_anatomy""]","[""bad_crop"", ""edge_cutoff"", ""bad_anatomy""]",Figure severely cropped with missing head/body or dead void,,audit/visual-assets/sheets/pending_visual/tmp-manus-prea1-stockpile-prea1-functional-instructions-002.jpg,,"{""asset_id"": ""raw:prea1:prea1-instr-calm-breathe"", ""key"": ""prea1-instr-calm-breathe"", ""concept"": ""calm-breathe"", ""source_bank"": ""tmp/manus-prea1-stockpile"", ""source_role"": ""extracted_derivative"", ""source_path"": ""audit/visual-assets/cells/prea1/wave1-instructions/prea1-instr-calm-breathe.jpg"", ""expected_asset_type"": ""prea1_functional"", ""expected_background_mode"": ""cropped_contact_cell"", ""expected_concept_word"": ""calm-breathe"", ""reviewed_from"": ""audit/visual-assets/sheets/pending_visual/tmp-manus-prea1-stockpile-prea1-functional-instructions-002.jpg"", ""decision_source"": ""audit/visual-assets/decisions-prea1-raw.jsonl"", ""sha256"": ""5ae4c36c66cc3706130fe33c06daf07d32445cd2b8311315fd4a2b61877d3f34"", ""bytes"": 42184, ""notes"": ""Figure severely cropped with missing head/body or dead void"", ""reason_codes"": [""bad_crop"", ""edge_cutoff"", ""bad_anatomy""]}"
raw:prea1:prea1-ui-turn-token,prea1-ui-turn-token,turn-token,Pre-A1 functional,raw_harvest,tmp/manus-prea1-stockpile,extracted_derivative,audit/visual-assets/cells/prea1/wave1-instructions/prea1-ui-turn-token.jpg,ART_REDO,"[""bad_crop"", ""ambiguous_concept""]","[""bad_crop"", ""ambiguous_concept""]",Multiple distinct UI tokens crowded into single cell,,audit/visual-assets/sheets/pending_visual/tmp-manus-prea1-stockpile-prea1-functional-instructions-002.jpg,,"{""asset_id"": ""raw:prea1:prea1-ui-turn-token"", ""key"": ""prea1-ui-turn-token"", ""concept"": ""turn-token"", ""source_bank"": ""tmp/manus-prea1-stockpile"", ""source_role"": ""extracted_derivative"", ""source_path"": ""audit/visual-assets/cells/prea1/wave1-instructions/prea1-ui-turn-token.jpg"", ""expected_asset_type"": ""prea1_functional"", ""expected_background_mode"": ""cropped_contact_cell"", ""expected_concept_word"": ""turn-token"", ""reviewed_from"": ""audit/visual-assets/sheets/pending_visual/tmp-manus-prea1-stockpile-prea1-functional-instructions-002.jpg"", ""decision_source"": ""audit/visual-assets/decisions-prea1-raw.jsonl"", ""sha256"": ""fe3bbc59cef779481b74c83dfcb77e4e3831953314d8bef92ca20a91a25d90bb"", ""bytes"": 31201, ""notes"": ""Multiple distinct UI tokens crowded into single cell"", ""reason_codes"": [""bad_crop"", ""ambiguous_concept""]}"
raw:prea1:prea1-rel-big,prea1-rel-big,big,Pre-A1 functional,raw_harvest,tmp/manus-prea1-stockpile,extracted_derivative,audit/visual-assets/cells/prea1/wave3-relations/prea1-rel-big.jpg,ART_REDO,"[""bad_crop"", ""edge_cutoff"", ""pair_mismatch""]","[""bad_crop"", ""edge_cutoff"", ""pair_mismatch""]",Apple severely cropped at boundary; scale relationship lost,,audit/visual-assets/sheets/pending_visual/tmp-manus-prea1-stockpile-prea1-functional-relations-001.jpg,,"{""asset_id"": ""raw:prea1:prea1-rel-big"", ""key"": ""prea1-rel-big"", ""concept"": ""big"", ""source_bank"": ""tmp/manus-prea1-stockpile"", ""source_role"": ""extracted_derivative"", ""source_path"": ""audit/visual-assets/cells/prea1/wave3-relations/prea1-rel-big.jpg"", ""expected_asset_type"": ""prea1_functional"", ""expected_background_mode"": ""cropped_contact_cell"", ""expected_concept_word"": ""big"", ""reviewed_from"": ""audit/visual-assets/sheets/pending_visual/tmp-manus-prea1-stockpile-prea1-functional-relations-001.jpg"", ""decision_source"": ""audit/visual-assets/decisions-prea1-raw.jsonl"", ""sha256"": ""11a7f7b690ef2f71c93bda0cfaff8eec7dd120d628dafe5048048aa9b14e1de9"", ""bytes"": 18704, ""notes"": ""Apple severely cropped at boundary; scale relationship lost"", ""reason_codes"": [""bad_crop"", ""edge_cutoff"", ""pair_mismatch""]}"
raw:prea1:prea1-rel-small,prea1-rel-small,small,Pre-A1 functional,raw_harvest,tmp/manus-prea1-stockpile,extracted_derivative,audit/visual-assets/cells/prea1/wave3-relations/prea1-rel-small.jpg,ART_REDO,"[""bad_crop"", ""edge_cutoff"", ""pair_mismatch""]","[""bad_crop"", ""edge_cutoff"", ""pair_mismatch""]",Apple severely cropped at boundary; scale relationship lost,,audit/visual-assets/sheets/pending_visual/tmp-manus-prea1-stockpile-prea1-functional-relations-001.jpg,,"{""asset_id"": ""raw:prea1:prea1-rel-small"", ""key"": ""prea1-rel-small"", ""concept"": ""small"", ""source_bank"": ""tmp/manus-prea1-stockpile"", ""source_role"": ""extracted_derivative"", ""source_path"": ""audit/visual-assets/cells/prea1/wave3-relations/prea1-rel-small.jpg"", ""expected_asset_type"": ""prea1_functional"", ""expected_background_mode"": ""cropped_contact_cell"", ""expected_concept_word"": ""small"", ""reviewed_from"": ""audit/visual-assets/sheets/pending_visual/tmp-manus-prea1-stockpile-prea1-functional-relations-001.jpg"", ""decision_source"": ""audit/visual-assets/decisions-prea1-raw.jsonl"", ""sha256"": ""ca750577a3696915e209e4ccd06e3f7e33c93f7a8d4b85de1fb13d52c43b0fc9"", ""bytes"": 19998, ""notes"": ""Apple severely cropped at boundary; scale relationship lost"", ""reason_codes"": [""bad_crop"", ""edge_cutoff"", ""pair_mismatch""]}"
raw:prea1:prea1-rel-long,prea1-rel-long,long,Pre-A1 functional,raw_harvest,tmp/manus-prea1-stockpile,extracted_derivative,audit/visual-assets/cells/prea1/wave3-relations/prea1-rel-long.jpg,ART_REDO,"[""wrong_concept"", ""too_small"", ""excess_dead_space""]","[""wrong_concept"", ""too_small"", ""excess_dead_space""]",Isolated object in black void fails to convey length relation,,audit/visual-assets/sheets/pending_visual/tmp-manus-prea1-stockpile-prea1-functional-relations-001.jpg,,"{""asset_id"": ""raw:prea1:prea1-rel-long"", ""key"": ""prea1-rel-long"", ""concept"": ""long"", ""source_bank"": ""tmp/manus-prea1-stockpile"", ""source_role"": ""extracted_derivative"", ""source_path"": ""audit/visual-assets/cells/prea1/wave3-relations/prea1-rel-long.jpg"", ""expected_asset_type"": ""prea1_functional"", ""expected_background_mode"": ""cropped_contact_cell"", ""expected_concept_word"": ""long"", ""reviewed_from"": ""audit/visual-assets/sheets/pending_visual/tmp-manus-prea1-stockpile-prea1-functional-relations-001.jpg"", ""decision_source"": ""audit/visual-assets/decisions-prea1-raw.jsonl"", ""sha256"": ""b8b2cd0f289ae866be60cb3e8384892de927889491408ef9da44282b9a3a25af"", ""bytes"": 16309, ""notes"": ""Isolated object in black void fails to convey length relation"", ""reason_codes"": [""wrong_concept"", ""too_small"", ""excess_dead_space""]}"
raw:prea1:prea1-rel-short,prea1-rel-short,short,Pre-A1 functional,raw_harvest,tmp/manus-prea1-stockpile,extracted_derivative,audit/visual-assets/cells/prea1/wave3-relations/prea1-rel-short.jpg,ART_REDO,"[""ambiguous_concept"", ""excess_dead_space""]","[""ambiguous_concept"", ""excess_dead_space""]",Isolated object in black void fails to convey length relation,,audit/visual-assets/sheets/pending_visual/tmp-manus-prea1-stockpile-prea1-functional-relations-001.jpg,,"{""asset_id"": ""raw:prea1:prea1-rel-short"", ""key"": ""prea1-rel-short"", ""concept"": ""short"", ""source_bank"": ""tmp/manus-prea1-stockpile"", ""source_role"": ""extracted_derivative"", ""source_path"": ""audit/visual-assets/cells/prea1/wave3-relations/prea1-rel-short.jpg"", ""expected_asset_type"": ""prea1_functional"", ""expected_background_mode"": ""cropped_contact_cell"", ""expected_concept_word"": ""short"", ""reviewed_from"": ""audit/visual-assets/sheets/pending_visual/tmp-manus-prea1-stockpile-prea1-functional-relations-001.jpg"", ""decision_source"": ""audit/visual-assets/decisions-prea1-raw.jsonl"", ""sha256"": ""e0723d6ff306eb7eb88a942a4b62dc74c6dcf4fb715095a2ef87805f233711d0"", ""bytes"": 13540, ""notes"": ""Isolated object in black void fails to convey length relation"", ""reason_codes"": [""ambiguous_concept"", ""excess_dead_space""]}"
raw:prea1:prea1-rel-open,prea1-rel-open,open,Pre-A1 functional,raw_harvest,tmp/manus-prea1-stockpile,extracted_derivative,audit/visual-assets/cells/prea1/wave3-relations/prea1-rel-open.jpg,ART_REDO,"[""bad_crop"", ""edge_cutoff"", ""ambiguous_concept""]","[""bad_crop"", ""edge_cutoff"", ""ambiguous_concept""]",Box and hovering glass misaligned and vertically sliced,,audit/visual-assets/sheets/pending_visual/tmp-manus-prea1-stockpile-prea1-functional-relations-001.jpg,,"{""asset_id"": ""raw:prea1:prea1-rel-open"", ""key"": ""prea1-rel-open"", ""concept"": ""open"", ""source_bank"": ""tmp/manus-prea1-stockpile"", ""source_role"": ""extracted_derivative"", ""source_path"": ""audit/visual-assets/cells/prea1/wave3-relations/prea1-rel-open.jpg"", ""expected_asset_type"": ""prea1_functional"", ""expected_background_mode"": ""cropped_contact_cell"", ""expected_concept_word"": ""open"", ""reviewed_from"": ""audit/visual-assets/sheets/pending_visual/tmp-manus-prea1-stockpile-prea1-functional-relations-001.jpg"", ""decision_source"": ""audit/visual-assets/decisions-prea1-raw.jsonl"", ""sha256"": ""bb650f989aa9311688b766ce3af9a9104cae399aa4b0f6e343e0d1554682ea23"", ""bytes"": 25456, ""notes"": ""Box and hovering glass misaligned and vertically sliced"", ""reason_codes"": [""bad_crop"", ""edge_cutoff"", ""ambiguous_concept""]}"
raw:prea1:prea1-rel-closed,prea1-rel-closed,closed,Pre-A1 functional,raw_harvest,tmp/manus-prea1-stockpile,extracted_derivative,audit/visual-assets/cells/prea1/wave3-relations/prea1-rel-closed.jpg,ART_REDO,"[""bad_crop"", ""edge_cutoff"", ""ambiguous_concept""]","[""bad_crop"", ""edge_cutoff"", ""ambiguous_concept""]",Box and hovering glass misaligned and vertically sliced,,audit/visual-assets/sheets/pending_visual/tmp-manus-prea1-stockpile-prea1-functional-relations-001.jpg,,"{""asset_id"": ""raw:prea1:prea1-rel-closed"", ""key"": ""prea1-rel-closed"", ""concept"": ""closed"", ""source_bank"": ""tmp/manus-prea1-stockpile"", ""source_role"": ""extracted_derivative"", ""source_path"": ""audit/visual-assets/cells/prea1/wave3-relations/prea1-rel-closed.jpg"", ""expected_asset_type"": ""prea1_functional"", ""expected_background_mode"": ""cropped_contact_cell"", ""expected_concept_word"": ""closed"", ""reviewed_from"": ""audit/visual-assets/sheets/pending_visual/tmp-manus-prea1-stockpile-prea1-functional-relations-001.jpg"", ""decision_source"": ""audit/visual-assets/decisions-prea1-raw.jsonl"", ""sha256"": ""b2ed098238b24a863d65599ac1ebd9f5f62a0f05b8c092e9fc789176c6662db0"", ""bytes"": 23870, ""notes"": ""Box and hovering glass misaligned and vertically sliced"", ""reason_codes"": [""bad_crop"", ""edge_cutoff"", ""ambiguous_concept""]}"
