asset_id,key,concept,major_family,live_vs_raw_harvest,source_bank,source_role,path,final_disposition,final_reason_codes,reason_codes,notes,final_review_follow_up,reviewed_from,repair_evidence_sheet,source_provenance
live:vocab:chef-hat,chef-hat,chef hat,vocab,live,07_vocab-pack,production_asset,public/assets/07_vocab-pack/img/chef-hat.png,REVIEW,"[""weak_contrast""]",[],Clear instructional representation of 'chef-hat' with clean transparent alpha cutout.,Follow-up repair-sheet review found the white/light object very pale; human preference needed before treating as production-good.,audit/visual-assets/sheets/pending_visual/07-vocab-pack-vocab-icon-generated-034.jpg,,"{""asset_id"": ""live:vocab:chef-hat"", ""key"": ""chef-hat"", ""concept"": ""chef hat"", ""source_bank"": ""07_vocab-pack"", ""source_role"": ""production_asset"", ""source_path"": ""public/assets/07_vocab-pack/img/chef-hat.png"", ""expected_asset_type"": ""vocab_icon"", ""expected_background_mode"": ""icon_image"", ""expected_concept_word"": ""chef hat"", ""reviewed_from"": ""audit/visual-assets/sheets/pending_visual/07-vocab-pack-vocab-icon-generated-034.jpg"", ""decision_source"": ""audit/visual-assets/decisions-vocab-001-075.jsonl"", ""sha256"": ""939548ffd08f3183a3909617d45cd2ff89e2289dc69974e1ac2264cca83c348d"", ""bytes"": 16568, ""notes"": ""Clear instructional representation of 'chef-hat' with clean transparent alpha cutout."", ""reason_codes"": []}"
live:vocab:cotton,cotton,cotton,vocab,live,07_vocab-pack,production_asset,public/assets/07_vocab-pack/img/cotton.png,REVIEW,"[""ambiguous_concept""]",[],Clear instructional representation of 'cotton' with clean transparent alpha cutout.,Follow-up repair-sheet review found the object visually ambiguous at classroom scale.,audit/visual-assets/sheets/pending_visual/07-vocab-pack-vocab-icon-generated-046.jpg,,"{""asset_id"": ""live:vocab:cotton"", ""key"": ""cotton"", ""concept"": ""cotton"", ""source_bank"": ""07_vocab-pack"", ""source_role"": ""production_asset"", ""source_path"": ""public/assets/07_vocab-pack/img/cotton.png"", ""expected_asset_type"": ""vocab_icon"", ""expected_background_mode"": ""icon_image"", ""expected_concept_word"": ""cotton"", ""reviewed_from"": ""audit/visual-assets/sheets/pending_visual/07-vocab-pack-vocab-icon-generated-046.jpg"", ""decision_source"": ""audit/visual-assets/decisions-vocab-001-075.jsonl"", ""sha256"": ""4fd232361be43bf4021cc4ea86c30b8efa80a73457ea9e000440962c1fe8941e"", ""bytes"": 67184, ""notes"": ""Clear instructional representation of 'cotton' with clean transparent alpha cutout."", ""reason_codes"": []}"
live:vocab:cotton-ball,cotton-ball,cotton ball,vocab,live,07_vocab-pack,production_asset,public/assets/07_vocab-pack/img/cotton-ball.png,REVIEW,"[""ambiguous_concept""]",[],Clear instructional representation of 'cotton-ball' with clean transparent alpha cutout.,Follow-up repair-sheet review found the object visually ambiguous at classroom scale.,audit/visual-assets/sheets/pending_visual/07-vocab-pack-vocab-icon-generated-046.jpg,,"{""asset_id"": ""live:vocab:cotton-ball"", ""key"": ""cotton-ball"", ""concept"": ""cotton ball"", ""source_bank"": ""07_vocab-pack"", ""source_role"": ""production_asset"", ""source_path"": ""public/assets/07_vocab-pack/img/cotton-ball.png"", ""expected_asset_type"": ""vocab_icon"", ""expected_background_mode"": ""icon_image"", ""expected_concept_word"": ""cotton ball"", ""reviewed_from"": ""audit/visual-assets/sheets/pending_visual/07-vocab-pack-vocab-icon-generated-046.jpg"", ""decision_source"": ""audit/visual-assets/decisions-vocab-001-075.jsonl"", ""sha256"": ""0adc88551efdf576370d8f0552dabf59699c524b77369d94ed8300076200fb99"", ""bytes"": 30239, ""notes"": ""Clear instructional representation of 'cotton-ball' with clean transparent alpha cutout."", ""reason_codes"": []}"
live:vocab:cotton-swab,cotton-swab,cotton swab,vocab,live,07_vocab-pack,production_asset,public/assets/07_vocab-pack/img/cotton-swab.png,REVIEW,"[""weak_contrast""]",[],Clear instructional representation of 'cotton-swab' with clean transparent alpha cutout.,Follow-up repair-sheet review found the object too faint; human preference needed before treating as production-good.,audit/visual-assets/sheets/pending_visual/07-vocab-pack-vocab-icon-generated-046.jpg,,"{""asset_id"": ""live:vocab:cotton-swab"", ""key"": ""cotton-swab"", ""concept"": ""cotton swab"", ""source_bank"": ""07_vocab-pack"", ""source_role"": ""production_asset"", ""source_path"": ""public/assets/07_vocab-pack/img/cotton-swab.png"", ""expected_asset_type"": ""vocab_icon"", ""expected_background_mode"": ""icon_image"", ""expected_concept_word"": ""cotton swab"", ""reviewed_from"": ""audit/visual-assets/sheets/pending_visual/07-vocab-pack-vocab-icon-generated-046.jpg"", ""decision_source"": ""audit/visual-assets/decisions-vocab-001-075.jsonl"", ""sha256"": ""1d6be1bfed9e3c3ae417f41e9dd3d06b5f6cc5d81361735726396c12b5a6cf82"", ""bytes"": 7710, ""notes"": ""Clear instructional representation of 'cotton-swab' with clean transparent alpha cutout."", ""reason_codes"": []}"
live:vocab:flavor,flavor,flavor,vocab,live,07_vocab-pack,production_asset,public/assets/07_vocab-pack/img/flavor.png,REVIEW,[],[],Stray vertical dividing line on left and severed miniature icon artifact at bottom.,,audit/visual-assets/sheets/pending_visual/07-vocab-pack-vocab-icon-generated-076.jpg,,"{""asset_id"": ""live:vocab:flavor"", ""key"": ""flavor"", ""concept"": ""flavor"", ""source_bank"": ""07_vocab-pack"", ""source_role"": ""production_asset"", ""source_path"": ""public/assets/07_vocab-pack/img/flavor.png"", ""expected_asset_type"": ""vocab_icon"", ""expected_background_mode"": ""icon_image"", ""expected_concept_word"": ""flavor"", ""reviewed_from"": ""audit/visual-assets/sheets/pending_visual/07-vocab-pack-vocab-icon-generated-076.jpg"", ""decision_source"": ""audit/visual-assets/decisions-vocab-076-150.jsonl"", ""sha256"": ""99c3abe99bba0b267e1be135b077018c2a33dd6ee1bf4817fe1f88defcebff4b"", ""bytes"": 27047, ""notes"": ""Stray vertical dividing line on left and severed miniature icon artifact at bottom."", ""reason_codes"": []}"
live:vocab:flock,flock,flock,vocab,live,07_vocab-pack,production_asset,public/assets/07_vocab-pack/img/flock.png,REVIEW,[],[],Horizontal dividing line artifact across bottom with stray noise speck below.,,audit/visual-assets/sheets/pending_visual/07-vocab-pack-vocab-icon-generated-076.jpg,,"{""asset_id"": ""live:vocab:flock"", ""key"": ""flock"", ""concept"": ""flock"", ""source_bank"": ""07_vocab-pack"", ""source_role"": ""production_asset"", ""source_path"": ""public/assets/07_vocab-pack/img/flock.png"", ""expected_asset_type"": ""vocab_icon"", ""expected_background_mode"": ""icon_image"", ""expected_concept_word"": ""flock"", ""reviewed_from"": ""audit/visual-assets/sheets/pending_visual/07-vocab-pack-vocab-icon-generated-076.jpg"", ""decision_source"": ""audit/visual-assets/decisions-vocab-076-150.jsonl"", ""sha256"": ""8c0cdad4639a78a7c2128dc3ba517cd0b3dbcf4021519ba24ced4becdaabc21b"", ""bytes"": 26218, ""notes"": ""Horizontal dividing line artifact across bottom with stray noise speck below."", ""reason_codes"": []}"
live:vocab:flow,flow,flow,vocab,live,07_vocab-pack,production_asset,public/assets/07_vocab-pack/img/flow.png,REVIEW,[],[],Child watering plant pot; usable as watering but represents plant care more than pure liquid flow.,,audit/visual-assets/sheets/pending_visual/07-vocab-pack-vocab-icon-generated-077.jpg,,"{""asset_id"": ""live:vocab:flow"", ""key"": ""flow"", ""concept"": ""flow"", ""source_bank"": ""07_vocab-pack"", ""source_role"": ""production_asset"", ""source_path"": ""public/assets/07_vocab-pack/img/flow.png"", ""expected_asset_type"": ""vocab_icon"", ""expected_background_mode"": ""icon_image"", ""expected_concept_word"": ""flow"", ""reviewed_from"": ""audit/visual-assets/sheets/pending_visual/07-vocab-pack-vocab-icon-generated-077.jpg"", ""decision_source"": ""audit/visual-assets/decisions-vocab-076-150.jsonl"", ""sha256"": ""a02ea5476b70d6e77e179094ec98d387967a951f647e930a05f2a203ebc1039b"", ""bytes"": 61631, ""notes"": ""Child watering plant pot; usable as watering but represents plant care more than pure liquid flow."", ""reason_codes"": []}"
live:vocab:flu,flu,flu,vocab,live,07_vocab-pack,production_asset,public/assets/07_vocab-pack/img/flu.png,REVIEW,[],[],Split into two horizontal halves with horizontal dividing line across tile.,,audit/visual-assets/sheets/pending_visual/07-vocab-pack-vocab-icon-generated-077.jpg,,"{""asset_id"": ""live:vocab:flu"", ""key"": ""flu"", ""concept"": ""flu"", ""source_bank"": ""07_vocab-pack"", ""source_role"": ""production_asset"", ""source_path"": ""public/assets/07_vocab-pack/img/flu.png"", ""expected_asset_type"": ""vocab_icon"", ""expected_background_mode"": ""icon_image"", ""expected_concept_word"": ""flu"", ""reviewed_from"": ""audit/visual-assets/sheets/pending_visual/07-vocab-pack-vocab-icon-generated-077.jpg"", ""decision_source"": ""audit/visual-assets/decisions-vocab-076-150.jsonl"", ""sha256"": ""5596a628d38efc65dbd6eddfb3d1ba702085e68d67f807a4f59acfcfaffc3ef8"", ""bytes"": 18006, ""notes"": ""Split into two horizontal halves with horizontal dividing line across tile."", ""reason_codes"": []}"
live:vocab:fondness,fondness,fondness,vocab,live,07_vocab-pack,production_asset,public/assets/07_vocab-pack/img/fondness.png,REVIEW,[],[],"Split into horizontal sections with dividing line; locket on top, open book on bottom.",,audit/visual-assets/sheets/pending_visual/07-vocab-pack-vocab-icon-generated-078.jpg,,"{""asset_id"": ""live:vocab:fondness"", ""key"": ""fondness"", ""concept"": ""fondness"", ""source_bank"": ""07_vocab-pack"", ""source_role"": ""production_asset"", ""source_path"": ""public/assets/07_vocab-pack/img/fondness.png"", ""expected_asset_type"": ""vocab_icon"", ""expected_background_mode"": ""icon_image"", ""expected_concept_word"": ""fondness"", ""reviewed_from"": ""audit/visual-assets/sheets/pending_visual/07-vocab-pack-vocab-icon-generated-078.jpg"", ""decision_source"": ""audit/visual-assets/decisions-vocab-076-150.jsonl"", ""sha256"": ""d1a3548b0f359bb00367b251f1df58e844c5779aca962bcaf46d4d0495e5fd4f"", ""bytes"": 23936, ""notes"": ""Split into horizontal sections with dividing line; locket on top, open book on bottom."", ""reason_codes"": []}"
live:vocab:format,format,format,vocab,live,07_vocab-pack,production_asset,public/assets/07_vocab-pack/img/format.png,REVIEW,[],[],Box with lid split into two floating detached parts.,,audit/visual-assets/sheets/pending_visual/07-vocab-pack-vocab-icon-generated-079.jpg,,"{""asset_id"": ""live:vocab:format"", ""key"": ""format"", ""concept"": ""format"", ""source_bank"": ""07_vocab-pack"", ""source_role"": ""production_asset"", ""source_path"": ""public/assets/07_vocab-pack/img/format.png"", ""expected_asset_type"": ""vocab_icon"", ""expected_background_mode"": ""icon_image"", ""expected_concept_word"": ""format"", ""reviewed_from"": ""audit/visual-assets/sheets/pending_visual/07-vocab-pack-vocab-icon-generated-079.jpg"", ""decision_source"": ""audit/visual-assets/decisions-vocab-076-150.jsonl"", ""sha256"": ""c8a4c0b2be4ccd0adc0ac5d44d69ef2807fbae1e1e7f288578c5bcc729be7e7a"", ""bytes"": 26914, ""notes"": ""Box with lid split into two floating detached parts."", ""reason_codes"": []}"
live:vocab:formula,formula,formula,vocab,live,07_vocab-pack,production_asset,public/assets/07_vocab-pack/img/formula.png,REVIEW,[],[],Beakers in box with split lines and floating panels above.,,audit/visual-assets/sheets/pending_visual/07-vocab-pack-vocab-icon-generated-079.jpg,,"{""asset_id"": ""live:vocab:formula"", ""key"": ""formula"", ""concept"": ""formula"", ""source_bank"": ""07_vocab-pack"", ""source_role"": ""production_asset"", ""source_path"": ""public/assets/07_vocab-pack/img/formula.png"", ""expected_asset_type"": ""vocab_icon"", ""expected_background_mode"": ""icon_image"", ""expected_concept_word"": ""formula"", ""reviewed_from"": ""audit/visual-assets/sheets/pending_visual/07-vocab-pack-vocab-icon-generated-079.jpg"", ""decision_source"": ""audit/visual-assets/decisions-vocab-076-150.jsonl"", ""sha256"": ""73b5b64226362b4127ee200dd1be7cdf7891e73b7d4490cffd9a1abae1862e38"", ""bytes"": 22470, ""notes"": ""Beakers in box with split lines and floating panels above."", ""reason_codes"": []}"
live:vocab:fortnight,fortnight,fortnight,vocab,live,07_vocab-pack,production_asset,public/assets/07_vocab-pack/img/fortnight.png,REVIEW,[],[],Calendar with stray horizontal dividing line artifact above.,,audit/visual-assets/sheets/pending_visual/07-vocab-pack-vocab-icon-generated-079.jpg,,"{""asset_id"": ""live:vocab:fortnight"", ""key"": ""fortnight"", ""concept"": ""fortnight"", ""source_bank"": ""07_vocab-pack"", ""source_role"": ""production_asset"", ""source_path"": ""public/assets/07_vocab-pack/img/fortnight.png"", ""expected_asset_type"": ""vocab_icon"", ""expected_background_mode"": ""icon_image"", ""expected_concept_word"": ""fortnight"", ""reviewed_from"": ""audit/visual-assets/sheets/pending_visual/07-vocab-pack-vocab-icon-generated-079.jpg"", ""decision_source"": ""audit/visual-assets/decisions-vocab-076-150.jsonl"", ""sha256"": ""158d6a030d18bc4ceaa52df8287ed073262b7c34daaddc1f2589c6152b822c77"", ""bytes"": 30951, ""notes"": ""Calendar with stray horizontal dividing line artifact above."", ""reason_codes"": []}"
live:vocab:gall,gall,gall,vocab,live,07_vocab-pack,production_asset,public/assets/07_vocab-pack/img/gall.png,REVIEW,[],[],"Split into horizontal sections with dividing line; root above, collar below.",,audit/visual-assets/sheets/pending_visual/07-vocab-pack-vocab-icon-generated-082.jpg,,"{""asset_id"": ""live:vocab:gall"", ""key"": ""gall"", ""concept"": ""gall"", ""source_bank"": ""07_vocab-pack"", ""source_role"": ""production_asset"", ""source_path"": ""public/assets/07_vocab-pack/img/gall.png"", ""expected_asset_type"": ""vocab_icon"", ""expected_background_mode"": ""icon_image"", ""expected_concept_word"": ""gall"", ""reviewed_from"": ""audit/visual-assets/sheets/pending_visual/07-vocab-pack-vocab-icon-generated-082.jpg"", ""decision_source"": ""audit/visual-assets/decisions-vocab-076-150.jsonl"", ""sha256"": ""c8432e7dcfd81c8af684808896acfe5bc8da5c5c5e9cb5ac42f662a20bfab48c"", ""bytes"": 22486, ""notes"": ""Split into horizontal sections with dividing line; root above, collar below."", ""reason_codes"": []}"
live:vocab:gallon,gallon,gallon,vocab,live,07_vocab-pack,production_asset,public/assets/07_vocab-pack/img/gallon.png,REVIEW,[],[],Jug above split line with stray floating fragment below.,,audit/visual-assets/sheets/pending_visual/07-vocab-pack-vocab-icon-generated-082.jpg,,"{""asset_id"": ""live:vocab:gallon"", ""key"": ""gallon"", ""concept"": ""gallon"", ""source_bank"": ""07_vocab-pack"", ""source_role"": ""production_asset"", ""source_path"": ""public/assets/07_vocab-pack/img/gallon.png"", ""expected_asset_type"": ""vocab_icon"", ""expected_background_mode"": ""icon_image"", ""expected_concept_word"": ""gallon"", ""reviewed_from"": ""audit/visual-assets/sheets/pending_visual/07-vocab-pack-vocab-icon-generated-082.jpg"", ""decision_source"": ""audit/visual-assets/decisions-vocab-076-150.jsonl"", ""sha256"": ""7c8110b326eafac2438cbac7b1c7c715a87dcfed0a9d2f8ead8d298973cbb340"", ""bytes"": 24302, ""notes"": ""Jug above split line with stray floating fragment below."", ""reason_codes"": []}"
live:vocab:gap,gap,gap,vocab,live,07_vocab-pack,production_asset,public/assets/07_vocab-pack/img/gap.png,REVIEW,[],[],"Fence with gap above line, floating severed coat below.",,audit/visual-assets/sheets/pending_visual/07-vocab-pack-vocab-icon-generated-082.jpg,,"{""asset_id"": ""live:vocab:gap"", ""key"": ""gap"", ""concept"": ""gap"", ""source_bank"": ""07_vocab-pack"", ""source_role"": ""production_asset"", ""source_path"": ""public/assets/07_vocab-pack/img/gap.png"", ""expected_asset_type"": ""vocab_icon"", ""expected_background_mode"": ""icon_image"", ""expected_concept_word"": ""gap"", ""reviewed_from"": ""audit/visual-assets/sheets/pending_visual/07-vocab-pack-vocab-icon-generated-082.jpg"", ""decision_source"": ""audit/visual-assets/decisions-vocab-076-150.jsonl"", ""sha256"": ""5a4f8685473334cda4a099961adfd7250639ee25cfd8c9f2d2464863da5e21ee"", ""bytes"": 34006, ""notes"": ""Fence with gap above line, floating severed coat below."", ""reason_codes"": []}"
live:vocab:garment,garment,garment,vocab,live,07_vocab-pack,production_asset,public/assets/07_vocab-pack/img/garment.png,REVIEW,[],[],"T-shirts above dividing line, hat and cane below.",,audit/visual-assets/sheets/pending_visual/07-vocab-pack-vocab-icon-generated-082.jpg,,"{""asset_id"": ""live:vocab:garment"", ""key"": ""garment"", ""concept"": ""garment"", ""source_bank"": ""07_vocab-pack"", ""source_role"": ""production_asset"", ""source_path"": ""public/assets/07_vocab-pack/img/garment.png"", ""expected_asset_type"": ""vocab_icon"", ""expected_background_mode"": ""icon_image"", ""expected_concept_word"": ""garment"", ""reviewed_from"": ""audit/visual-assets/sheets/pending_visual/07-vocab-pack-vocab-icon-generated-082.jpg"", ""decision_source"": ""audit/visual-assets/decisions-vocab-076-150.jsonl"", ""sha256"": ""c2c2f85059438df547bb1a6f1d34d9da2379d6f6beec1fa24e08ec02ae8cf4fc"", ""bytes"": 29884, ""notes"": ""T-shirts above dividing line, hat and cane below."", ""reason_codes"": []}"
live:vocab:gauze-roll,gauze-roll,gauze roll,vocab,live,07_vocab-pack,production_asset,public/assets/07_vocab-pack/img/gauze-roll.png,REVIEW,[],[],"Roll of gauze at top, stray floating blue clip artifact at bottom.",,audit/visual-assets/sheets/pending_visual/07-vocab-pack-vocab-icon-generated-083.jpg,,"{""asset_id"": ""live:vocab:gauze-roll"", ""key"": ""gauze-roll"", ""concept"": ""gauze roll"", ""source_bank"": ""07_vocab-pack"", ""source_role"": ""production_asset"", ""source_path"": ""public/assets/07_vocab-pack/img/gauze-roll.png"", ""expected_asset_type"": ""vocab_icon"", ""expected_background_mode"": ""icon_image"", ""expected_concept_word"": ""gauze roll"", ""reviewed_from"": ""audit/visual-assets/sheets/pending_visual/07-vocab-pack-vocab-icon-generated-083.jpg"", ""decision_source"": ""audit/visual-assets/decisions-vocab-076-150.jsonl"", ""sha256"": ""7f0ce739dd001b300eb66876c01da1fa839ad81bf4f5e709e78439d9ddc8ee7e"", ""bytes"": 22417, ""notes"": ""Roll of gauze at top, stray floating blue clip artifact at bottom."", ""reason_codes"": []}"
live:vocab:gene,gene,gene,vocab,live,07_vocab-pack,production_asset,public/assets/07_vocab-pack/img/gene.png,REVIEW,[],[],"DNA helix above split line, globe below.",,audit/visual-assets/sheets/pending_visual/07-vocab-pack-vocab-icon-generated-083.jpg,,"{""asset_id"": ""live:vocab:gene"", ""key"": ""gene"", ""concept"": ""gene"", ""source_bank"": ""07_vocab-pack"", ""source_role"": ""production_asset"", ""source_path"": ""public/assets/07_vocab-pack/img/gene.png"", ""expected_asset_type"": ""vocab_icon"", ""expected_background_mode"": ""icon_image"", ""expected_concept_word"": ""gene"", ""reviewed_from"": ""audit/visual-assets/sheets/pending_visual/07-vocab-pack-vocab-icon-generated-083.jpg"", ""decision_source"": ""audit/visual-assets/decisions-vocab-076-150.jsonl"", ""sha256"": ""e2e6d9038835744251dce57a7cbad4a357fd4f5f64ea21a64e3dcb26cd4f07b9"", ""bytes"": 31031, ""notes"": ""DNA helix above split line, globe below."", ""reason_codes"": []}"
live:vocab:general,general,general,vocab,live,07_vocab-pack,production_asset,public/assets/07_vocab-pack/img/general.png,REVIEW,[],[],"Military jacket above split line, outline hands below.",,audit/visual-assets/sheets/pending_visual/07-vocab-pack-vocab-icon-generated-083.jpg,,"{""asset_id"": ""live:vocab:general"", ""key"": ""general"", ""concept"": ""general"", ""source_bank"": ""07_vocab-pack"", ""source_role"": ""production_asset"", ""source_path"": ""public/assets/07_vocab-pack/img/general.png"", ""expected_asset_type"": ""vocab_icon"", ""expected_background_mode"": ""icon_image"", ""expected_concept_word"": ""general"", ""reviewed_from"": ""audit/visual-assets/sheets/pending_visual/07-vocab-pack-vocab-icon-generated-083.jpg"", ""decision_source"": ""audit/visual-assets/decisions-vocab-076-150.jsonl"", ""sha256"": ""2a005e3d5451d9f58a2b3d6435239e4fe59f7efb0d423a7ee7a7bee8cb0095e6"", ""bytes"": 25548, ""notes"": ""Military jacket above split line, outline hands below."", ""reason_codes"": []}"
live:vocab:gentleman,gentleman,gentleman,vocab,live,07_vocab-pack,production_asset,public/assets/07_vocab-pack/img/gentleman.png,REVIEW,[],[],"Shoes and cane above split line, globe below.",,audit/visual-assets/sheets/pending_visual/07-vocab-pack-vocab-icon-generated-083.jpg,,"{""asset_id"": ""live:vocab:gentleman"", ""key"": ""gentleman"", ""concept"": ""gentleman"", ""source_bank"": ""07_vocab-pack"", ""source_role"": ""production_asset"", ""source_path"": ""public/assets/07_vocab-pack/img/gentleman.png"", ""expected_asset_type"": ""vocab_icon"", ""expected_background_mode"": ""icon_image"", ""expected_concept_word"": ""gentleman"", ""reviewed_from"": ""audit/visual-assets/sheets/pending_visual/07-vocab-pack-vocab-icon-generated-083.jpg"", ""decision_source"": ""audit/visual-assets/decisions-vocab-076-150.jsonl"", ""sha256"": ""9338dd33a819ac434551991337fb0835b2f577d8e794da3bf739d9f809ad6f49"", ""bytes"": 35285, ""notes"": ""Shoes and cane above split line, globe below."", ""reason_codes"": []}"
live:vocab:geography,geography,geography,vocab,live,07_vocab-pack,production_asset,public/assets/07_vocab-pack/img/geography.png,REVIEW,[],[],"Floating fragments above split line, red t-shirt below.",,audit/visual-assets/sheets/pending_visual/07-vocab-pack-vocab-icon-generated-083.jpg,,"{""asset_id"": ""live:vocab:geography"", ""key"": ""geography"", ""concept"": ""geography"", ""source_bank"": ""07_vocab-pack"", ""source_role"": ""production_asset"", ""source_path"": ""public/assets/07_vocab-pack/img/geography.png"", ""expected_asset_type"": ""vocab_icon"", ""expected_background_mode"": ""icon_image"", ""expected_concept_word"": ""geography"", ""reviewed_from"": ""audit/visual-assets/sheets/pending_visual/07-vocab-pack-vocab-icon-generated-083.jpg"", ""decision_source"": ""audit/visual-assets/decisions-vocab-076-150.jsonl"", ""sha256"": ""c0fe19bc2be3c116342e392045a8df39a01baf43e25ee04665ec9a6fdf006f2f"", ""bytes"": 26491, ""notes"": ""Floating fragments above split line, red t-shirt below."", ""reason_codes"": []}"
live:vocab:gesture,gesture,gesture,vocab,live,07_vocab-pack,production_asset,public/assets/07_vocab-pack/img/gesture.png,REVIEW,[],[],"Split line with floating lightbulb bottom, cutoff piece top.",,audit/visual-assets/sheets/pending_visual/07-vocab-pack-vocab-icon-generated-084.jpg,,"{""asset_id"": ""live:vocab:gesture"", ""key"": ""gesture"", ""concept"": ""gesture"", ""source_bank"": ""07_vocab-pack"", ""source_role"": ""production_asset"", ""source_path"": ""public/assets/07_vocab-pack/img/gesture.png"", ""expected_asset_type"": ""vocab_icon"", ""expected_background_mode"": ""icon_image"", ""expected_concept_word"": ""gesture"", ""reviewed_from"": ""audit/visual-assets/sheets/pending_visual/07-vocab-pack-vocab-icon-generated-084.jpg"", ""decision_source"": ""audit/visual-assets/decisions-vocab-076-150.jsonl"", ""sha256"": ""0b436c3dba66a94c25c3cc39e4f24ba7a0fdfb4beff3c73a74e3d785e631672c"", ""bytes"": 18739, ""notes"": ""Split line with floating lightbulb bottom, cutoff piece top."", ""reason_codes"": []}"
live:vocab:gloves-latex,gloves-latex,gloves latex,vocab,live,07_vocab-pack,production_asset,public/assets/07_vocab-pack/img/gloves-latex.png,REVIEW,[],[],"Stray floating paper piece at top, latex gloves below.",,audit/visual-assets/sheets/pending_visual/07-vocab-pack-vocab-icon-generated-085.jpg,,"{""asset_id"": ""live:vocab:gloves-latex"", ""key"": ""gloves-latex"", ""concept"": ""gloves latex"", ""source_bank"": ""07_vocab-pack"", ""source_role"": ""production_asset"", ""source_path"": ""public/assets/07_vocab-pack/img/gloves-latex.png"", ""expected_asset_type"": ""vocab_icon"", ""expected_background_mode"": ""icon_image"", ""expected_concept_word"": ""gloves latex"", ""reviewed_from"": ""audit/visual-assets/sheets/pending_visual/07-vocab-pack-vocab-icon-generated-085.jpg"", ""decision_source"": ""audit/visual-assets/decisions-vocab-076-150.jsonl"", ""sha256"": ""b67c44fc1f66d5655af77f93f54ae3afff1a2e095f1375c7d1979ad0b3c43ff4"", ""bytes"": 18479, ""notes"": ""Stray floating paper piece at top, latex gloves below."", ""reason_codes"": []}"
live:vocab:glue,glue,glue,vocab,live,07_vocab-pack,production_asset,public/assets/07_vocab-pack/img/glue.png,REVIEW,[],[],Tiny floating orange bottle cap only; rest of glue bottle missing.,,audit/visual-assets/sheets/pending_visual/07-vocab-pack-vocab-icon-generated-085.jpg,,"{""asset_id"": ""live:vocab:glue"", ""key"": ""glue"", ""concept"": ""glue"", ""source_bank"": ""07_vocab-pack"", ""source_role"": ""production_asset"", ""source_path"": ""public/assets/07_vocab-pack/img/glue.png"", ""expected_asset_type"": ""vocab_icon"", ""expected_background_mode"": ""icon_image"", ""expected_concept_word"": ""glue"", ""reviewed_from"": ""audit/visual-assets/sheets/pending_visual/07-vocab-pack-vocab-icon-generated-085.jpg"", ""decision_source"": ""audit/visual-assets/decisions-vocab-076-150.jsonl"", ""sha256"": ""dc02b8313b1071f139bc61beabfd81099876b16f4b8426e0c184619df6a6bf89"", ""bytes"": 8147, ""notes"": ""Tiny floating orange bottle cap only; rest of glue bottle missing."", ""reason_codes"": []}"
live:vocab:guilt,guilt,guilt,vocab,live,07_vocab-pack,production_asset,public/assets/07_vocab-pack/img/guilt.png,REVIEW,[],[],Dark stone block with crumpled floating paper; unreadable abstraction.,,audit/visual-assets/sheets/pending_visual/07-vocab-pack-vocab-icon-generated-089.jpg,,"{""asset_id"": ""live:vocab:guilt"", ""key"": ""guilt"", ""concept"": ""guilt"", ""source_bank"": ""07_vocab-pack"", ""source_role"": ""production_asset"", ""source_path"": ""public/assets/07_vocab-pack/img/guilt.png"", ""expected_asset_type"": ""vocab_icon"", ""expected_background_mode"": ""icon_image"", ""expected_concept_word"": ""guilt"", ""reviewed_from"": ""audit/visual-assets/sheets/pending_visual/07-vocab-pack-vocab-icon-generated-089.jpg"", ""decision_source"": ""audit/visual-assets/decisions-vocab-076-150.jsonl"", ""sha256"": ""1b0dd94f46798d71f5819f93b17affc68ff6cc73e5bdddf78eb26ca3e475837b"", ""bytes"": 56156, ""notes"": ""Dark stone block with crumpled floating paper; unreadable abstraction."", ""reason_codes"": []}"
live:vocab:guitarist,guitarist,guitarist,vocab,live,07_vocab-pack,production_asset,public/assets/07_vocab-pack/img/guitarist.png,REVIEW,[],[],Acoustic guitar with floating disconnected wood chips and artifacts.,,audit/visual-assets/sheets/pending_visual/07-vocab-pack-vocab-icon-generated-089.jpg,,"{""asset_id"": ""live:vocab:guitarist"", ""key"": ""guitarist"", ""concept"": ""guitarist"", ""source_bank"": ""07_vocab-pack"", ""source_role"": ""production_asset"", ""source_path"": ""public/assets/07_vocab-pack/img/guitarist.png"", ""expected_asset_type"": ""vocab_icon"", ""expected_background_mode"": ""icon_image"", ""expected_concept_word"": ""guitarist"", ""reviewed_from"": ""audit/visual-assets/sheets/pending_visual/07-vocab-pack-vocab-icon-generated-089.jpg"", ""decision_source"": ""audit/visual-assets/decisions-vocab-076-150.jsonl"", ""sha256"": ""61370f85a697e5bd017dea076964f6d94458bc0f6ef32bc9c8271140bf476bf7"", ""bytes"": 28034, ""notes"": ""Acoustic guitar with floating disconnected wood chips and artifacts."", ""reason_codes"": []}"
live:vocab:har-gow,har-gow,har gow,vocab,live,07_vocab-pack,production_asset,public/assets/07_vocab-pack/img/har-gow.png,REVIEW,[],[],Dim sum dumpling floating at top with stray noise speck at bottom.,,audit/visual-assets/sheets/pending_visual/07-vocab-pack-vocab-icon-generated-092.jpg,,"{""asset_id"": ""live:vocab:har-gow"", ""key"": ""har-gow"", ""concept"": ""har gow"", ""source_bank"": ""07_vocab-pack"", ""source_role"": ""production_asset"", ""source_path"": ""public/assets/07_vocab-pack/img/har-gow.png"", ""expected_asset_type"": ""vocab_icon"", ""expected_background_mode"": ""icon_image"", ""expected_concept_word"": ""har gow"", ""reviewed_from"": ""audit/visual-assets/sheets/pending_visual/07-vocab-pack-vocab-icon-generated-092.jpg"", ""decision_source"": ""audit/visual-assets/decisions-vocab-076-150.jsonl"", ""sha256"": ""11cce8bc7c6bd24816db4eddec36ac062a56d22a2ab5dd75f6302e9d937344f3"", ""bytes"": 22478, ""notes"": ""Dim sum dumpling floating at top with stray noise speck at bottom."", ""reason_codes"": []}"
live:vocab:hockey,hockey,hockey,vocab,live,07_vocab-pack,production_asset,public/assets/07_vocab-pack/img/hockey.png,REVIEW,[],[],"Tile divided into quadrants with floating disconnected rock, no hockey stick or puck.",,audit/visual-assets/sheets/pending_visual/07-vocab-pack-vocab-icon-generated-096.jpg,,"{""asset_id"": ""live:vocab:hockey"", ""key"": ""hockey"", ""concept"": ""hockey"", ""source_bank"": ""07_vocab-pack"", ""source_role"": ""production_asset"", ""source_path"": ""public/assets/07_vocab-pack/img/hockey.png"", ""expected_asset_type"": ""vocab_icon"", ""expected_background_mode"": ""icon_image"", ""expected_concept_word"": ""hockey"", ""reviewed_from"": ""audit/visual-assets/sheets/pending_visual/07-vocab-pack-vocab-icon-generated-096.jpg"", ""decision_source"": ""audit/visual-assets/decisions-vocab-076-150.jsonl"", ""sha256"": ""e5a099e66cde887cc3918ee6e7e42cf0d1e4ca2bdd240eb26e1df3f92a26c243"", ""bytes"": 18081, ""notes"": ""Tile divided into quadrants with floating disconnected rock, no hockey stick or puck."", ""reason_codes"": []}"
live:vocab:ice-pack-aid,ice-pack-aid,ice pack aid,vocab,live,07_vocab-pack,production_asset,public/assets/07_vocab-pack/img/ice-pack-aid.png,REVIEW,[],[],Ice pack at top with severed floating hands at bottom.,,audit/visual-assets/sheets/pending_visual/07-vocab-pack-vocab-icon-generated-100.jpg,,"{""asset_id"": ""live:vocab:ice-pack-aid"", ""key"": ""ice-pack-aid"", ""concept"": ""ice pack aid"", ""source_bank"": ""07_vocab-pack"", ""source_role"": ""production_asset"", ""source_path"": ""public/assets/07_vocab-pack/img/ice-pack-aid.png"", ""expected_asset_type"": ""vocab_icon"", ""expected_background_mode"": ""icon_image"", ""expected_concept_word"": ""ice pack aid"", ""reviewed_from"": ""audit/visual-assets/sheets/pending_visual/07-vocab-pack-vocab-icon-generated-100.jpg"", ""decision_source"": ""audit/visual-assets/decisions-vocab-076-150.jsonl"", ""sha256"": ""b661c7d299e6dafbc2aa8f0d6b67ffa8dddbe5cb70ac5abc9357b9e0f78a4b07"", ""bytes"": 27707, ""notes"": ""Ice pack at top with severed floating hands at bottom."", ""reason_codes"": []}"
live:vocab:incisor,incisor,incisor,vocab,live,07_vocab-pack,production_asset,public/assets/07_vocab-pack/img/incisor.png,REVIEW,[],[],Pale blue curved floating strand; unreadable abstraction.,,audit/visual-assets/sheets/pending_visual/07-vocab-pack-vocab-icon-generated-101.jpg,,"{""asset_id"": ""live:vocab:incisor"", ""key"": ""incisor"", ""concept"": ""incisor"", ""source_bank"": ""07_vocab-pack"", ""source_role"": ""production_asset"", ""source_path"": ""public/assets/07_vocab-pack/img/incisor.png"", ""expected_asset_type"": ""vocab_icon"", ""expected_background_mode"": ""icon_image"", ""expected_concept_word"": ""incisor"", ""reviewed_from"": ""audit/visual-assets/sheets/pending_visual/07-vocab-pack-vocab-icon-generated-101.jpg"", ""decision_source"": ""audit/visual-assets/decisions-vocab-076-150.jsonl"", ""sha256"": ""7c455445ea559065e502dce425829ce25b73e273a3bac51e5a69dd4ec44230d1"", ""bytes"": 11237, ""notes"": ""Pale blue curved floating strand; unreadable abstraction."", ""reason_codes"": []}"
live:vocab:indefinite-article,indefinite-article,indefinite article,vocab,live,07_vocab-pack,production_asset,public/assets/07_vocab-pack/img/indefinite-article.png,REVIEW,[],[],Blank sheet with folded floating corner artifacts; unreadable.,,audit/visual-assets/sheets/pending_visual/07-vocab-pack-vocab-icon-generated-102.jpg,,"{""asset_id"": ""live:vocab:indefinite-article"", ""key"": ""indefinite-article"", ""concept"": ""indefinite article"", ""source_bank"": ""07_vocab-pack"", ""source_role"": ""production_asset"", ""source_path"": ""public/assets/07_vocab-pack/img/indefinite-article.png"", ""expected_asset_type"": ""vocab_icon"", ""expected_background_mode"": ""icon_image"", ""expected_concept_word"": ""indefinite article"", ""reviewed_from"": ""audit/visual-assets/sheets/pending_visual/07-vocab-pack-vocab-icon-generated-102.jpg"", ""decision_source"": ""audit/visual-assets/decisions-vocab-076-150.jsonl"", ""sha256"": ""45625cf7bbe0efa03f4ad4e21f313711d379fe44377e2b972c8ae88a640c8688"", ""bytes"": 13094, ""notes"": ""Blank sheet with folded floating corner artifacts; unreadable."", ""reason_codes"": []}"
live:vocab:kayak-paddle,kayak-paddle,kayak paddle,vocab,live,07_vocab-pack,production_asset,public/assets/07_vocab-pack/img/kayak-paddle.png,REVIEW,[],[],"Floating smudge/noise mark at top, paddle below.",,audit/visual-assets/sheets/pending_visual/07-vocab-pack-vocab-icon-generated-107.jpg,,"{""asset_id"": ""live:vocab:kayak-paddle"", ""key"": ""kayak-paddle"", ""concept"": ""kayak paddle"", ""source_bank"": ""07_vocab-pack"", ""source_role"": ""production_asset"", ""source_path"": ""public/assets/07_vocab-pack/img/kayak-paddle.png"", ""expected_asset_type"": ""vocab_icon"", ""expected_background_mode"": ""icon_image"", ""expected_concept_word"": ""kayak paddle"", ""reviewed_from"": ""audit/visual-assets/sheets/pending_visual/07-vocab-pack-vocab-icon-generated-107.jpg"", ""decision_source"": ""audit/visual-assets/decisions-vocab-076-150.jsonl"", ""sha256"": ""326e6e5e303a61325cadafe933bc394798b0cbbaaa9a7b18161a888e90cbe18d"", ""bytes"": 19423, ""notes"": ""Floating smudge/noise mark at top, paddle below."", ""reason_codes"": []}"
live:vocab:kebab,kebab,kebab,vocab,live,07_vocab-pack,production_asset,public/assets/07_vocab-pack/img/kebab.png,REVIEW,[],[],"Tile divided into split vertical panels with line; muffin on right, stray piece on left.",,audit/visual-assets/sheets/pending_visual/07-vocab-pack-vocab-icon-generated-107.jpg,,"{""asset_id"": ""live:vocab:kebab"", ""key"": ""kebab"", ""concept"": ""kebab"", ""source_bank"": ""07_vocab-pack"", ""source_role"": ""production_asset"", ""source_path"": ""public/assets/07_vocab-pack/img/kebab.png"", ""expected_asset_type"": ""vocab_icon"", ""expected_background_mode"": ""icon_image"", ""expected_concept_word"": ""kebab"", ""reviewed_from"": ""audit/visual-assets/sheets/pending_visual/07-vocab-pack-vocab-icon-generated-107.jpg"", ""decision_source"": ""audit/visual-assets/decisions-vocab-076-150.jsonl"", ""sha256"": ""113f9ad1a032f7ce701025ae26baa7de479df36801ae9994bb324962e29e8b03"", ""bytes"": 16517, ""notes"": ""Tile divided into split vertical panels with line; muffin on right, stray piece on left."", ""reason_codes"": []}"
live:vocab:king,king,king,vocab,live,07_vocab-pack,production_asset,public/assets/07_vocab-pack/img/king.png,REVIEW,[],[],"Tile split into four messy quadrant panels with crown, clown, and empty boxes.",,audit/visual-assets/sheets/pending_visual/07-vocab-pack-vocab-icon-generated-108.jpg,,"{""asset_id"": ""live:vocab:king"", ""key"": ""king"", ""concept"": ""king"", ""source_bank"": ""07_vocab-pack"", ""source_role"": ""production_asset"", ""source_path"": ""public/assets/07_vocab-pack/img/king.png"", ""expected_asset_type"": ""vocab_icon"", ""expected_background_mode"": ""icon_image"", ""expected_concept_word"": ""king"", ""reviewed_from"": ""audit/visual-assets/sheets/pending_visual/07-vocab-pack-vocab-icon-generated-108.jpg"", ""decision_source"": ""audit/visual-assets/decisions-vocab-076-150.jsonl"", ""sha256"": ""a5bfeb35a35312ceed8814df298889907ac1c715ea615b926c74e447c66eef1d"", ""bytes"": 39789, ""notes"": ""Tile split into four messy quadrant panels with crown, clown, and empty boxes."", ""reason_codes"": []}"
live:vocab:lips,lips,lips,vocab,live,07_vocab-pack,production_asset,public/assets/07_vocab-pack/img/lips.png,REVIEW,[],[],"Split quadrant grid with city skyline top-left, tennis court top-right, empty bottom.",,audit/visual-assets/sheets/pending_visual/07-vocab-pack-vocab-icon-generated-115.jpg,,"{""asset_id"": ""live:vocab:lips"", ""key"": ""lips"", ""concept"": ""lips"", ""source_bank"": ""07_vocab-pack"", ""source_role"": ""production_asset"", ""source_path"": ""public/assets/07_vocab-pack/img/lips.png"", ""expected_asset_type"": ""vocab_icon"", ""expected_background_mode"": ""icon_image"", ""expected_concept_word"": ""lips"", ""reviewed_from"": ""audit/visual-assets/sheets/pending_visual/07-vocab-pack-vocab-icon-generated-115.jpg"", ""decision_source"": ""audit/visual-assets/decisions-vocab-076-150.jsonl"", ""sha256"": ""f50fed47a9d11c1b2ee10905b711c8e63d7873346faaaa276ce6d22dced65950"", ""bytes"": 28615, ""notes"": ""Split quadrant grid with city skyline top-left, tennis court top-right, empty bottom."", ""reason_codes"": []}"
live:vocab:melon,melon,melon,vocab,live,07_vocab-pack,production_asset,public/assets/07_vocab-pack/img/melon.png,REVIEW,[],[],Blank white canvas with crosshairs and tiny stray green speck in corner.,,audit/visual-assets/sheets/pending_visual/07-vocab-pack-vocab-icon-generated-122.jpg,,"{""asset_id"": ""live:vocab:melon"", ""key"": ""melon"", ""concept"": ""melon"", ""source_bank"": ""07_vocab-pack"", ""source_role"": ""production_asset"", ""source_path"": ""public/assets/07_vocab-pack/img/melon.png"", ""expected_asset_type"": ""vocab_icon"", ""expected_background_mode"": ""icon_image"", ""expected_concept_word"": ""melon"", ""reviewed_from"": ""audit/visual-assets/sheets/pending_visual/07-vocab-pack-vocab-icon-generated-122.jpg"", ""decision_source"": ""audit/visual-assets/decisions-vocab-076-150.jsonl"", ""sha256"": ""14fb78799834fa553d39ae8e2ae5f2d12e5afa83b0a94cd3bff5779f1d35c872"", ""bytes"": 5141, ""notes"": ""Blank white canvas with crosshairs and tiny stray green speck in corner."", ""reason_codes"": []}"
live:vocab:molar,molar,molar,vocab,live,07_vocab-pack,production_asset,public/assets/07_vocab-pack/img/molar.png,REVIEW,[],[],Pale blue abstract curve floating; unreadable tooth icon.,,audit/visual-assets/sheets/pending_visual/07-vocab-pack-vocab-icon-generated-125.jpg,,"{""asset_id"": ""live:vocab:molar"", ""key"": ""molar"", ""concept"": ""molar"", ""source_bank"": ""07_vocab-pack"", ""source_role"": ""production_asset"", ""source_path"": ""public/assets/07_vocab-pack/img/molar.png"", ""expected_asset_type"": ""vocab_icon"", ""expected_background_mode"": ""icon_image"", ""expected_concept_word"": ""molar"", ""reviewed_from"": ""audit/visual-assets/sheets/pending_visual/07-vocab-pack-vocab-icon-generated-125.jpg"", ""decision_source"": ""audit/visual-assets/decisions-vocab-076-150.jsonl"", ""sha256"": ""7e2d2536ee9aec6cab3d4ab2e88df52343cddfebdf67f5c5e433669f39ce5514"", ""bytes"": 19721, ""notes"": ""Pale blue abstract curve floating; unreadable tooth icon."", ""reason_codes"": []}"
live:vocab:mug,mug,mug,vocab,live,07_vocab-pack,production_asset,public/assets/07_vocab-pack/img/mug.png,REVIEW,[],[],Green ceramic mug with stray brown ring artifact floating below.,,audit/visual-assets/sheets/pending_visual/07-vocab-pack-vocab-icon-generated-128.jpg,,"{""asset_id"": ""live:vocab:mug"", ""key"": ""mug"", ""concept"": ""mug"", ""source_bank"": ""07_vocab-pack"", ""source_role"": ""production_asset"", ""source_path"": ""public/assets/07_vocab-pack/img/mug.png"", ""expected_asset_type"": ""vocab_icon"", ""expected_background_mode"": ""icon_image"", ""expected_concept_word"": ""mug"", ""reviewed_from"": ""audit/visual-assets/sheets/pending_visual/07-vocab-pack-vocab-icon-generated-128.jpg"", ""decision_source"": ""audit/visual-assets/decisions-vocab-076-150.jsonl"", ""sha256"": ""02186837f75b77ac8067a88618ab306ed60d9decc645ba86a9c9db8a17fc76af"", ""bytes"": 57032, ""notes"": ""Green ceramic mug with stray brown ring artifact floating below."", ""reason_codes"": []}"
live:vocab:olive,olive,olive,vocab,live,07_vocab-pack,production_asset,public/assets/07_vocab-pack/img/olive.png,REVIEW,[],[],Blank grid with floating crescent artifact at top and empty lines.,,audit/visual-assets/sheets/pending_visual/07-vocab-pack-vocab-icon-generated-133.jpg,,"{""asset_id"": ""live:vocab:olive"", ""key"": ""olive"", ""concept"": ""olive"", ""source_bank"": ""07_vocab-pack"", ""source_role"": ""production_asset"", ""source_path"": ""public/assets/07_vocab-pack/img/olive.png"", ""expected_asset_type"": ""vocab_icon"", ""expected_background_mode"": ""icon_image"", ""expected_concept_word"": ""olive"", ""reviewed_from"": ""audit/visual-assets/sheets/pending_visual/07-vocab-pack-vocab-icon-generated-133.jpg"", ""decision_source"": ""audit/visual-assets/decisions-vocab-076-150.jsonl"", ""sha256"": ""c700f7859c6f180074739d6361de7810bf6fce6385468b1b2ec9d8f66e1709dc"", ""bytes"": 8066, ""notes"": ""Blank grid with floating crescent artifact at top and empty lines."", ""reason_codes"": []}"
live:vocab:panther,panther,panther,vocab,live,07_vocab-pack,production_asset,public/assets/07_vocab-pack/img/panther.png,REVIEW,[],[],"Blank white canvas with intersecting crosshair lines, no panther.",,audit/visual-assets/sheets/pending_visual/07-vocab-pack-vocab-icon-generated-138.jpg,,"{""asset_id"": ""live:vocab:panther"", ""key"": ""panther"", ""concept"": ""panther"", ""source_bank"": ""07_vocab-pack"", ""source_role"": ""production_asset"", ""source_path"": ""public/assets/07_vocab-pack/img/panther.png"", ""expected_asset_type"": ""vocab_icon"", ""expected_background_mode"": ""icon_image"", ""expected_concept_word"": ""panther"", ""reviewed_from"": ""audit/visual-assets/sheets/pending_visual/07-vocab-pack-vocab-icon-generated-138.jpg"", ""decision_source"": ""audit/visual-assets/decisions-vocab-076-150.jsonl"", ""sha256"": ""c816ed4065b51b8cdcefcd726c66dc628e31f1242240c05b045396601991d51d"", ""bytes"": 41134, ""notes"": ""Blank white canvas with intersecting crosshair lines, no panther."", ""reason_codes"": []}"
live:vocab:pathway,pathway,pathway,vocab,live,07_vocab-pack,production_asset,public/assets/07_vocab-pack/img/pathway.png,REVIEW,[],[],"Tile divided into four quadrants with cut watermelon top-left, olive top-right, empty bottom.",,audit/visual-assets/sheets/pending_visual/07-vocab-pack-vocab-icon-generated-140.jpg,,"{""asset_id"": ""live:vocab:pathway"", ""key"": ""pathway"", ""concept"": ""pathway"", ""source_bank"": ""07_vocab-pack"", ""source_role"": ""production_asset"", ""source_path"": ""public/assets/07_vocab-pack/img/pathway.png"", ""expected_asset_type"": ""vocab_icon"", ""expected_background_mode"": ""icon_image"", ""expected_concept_word"": ""pathway"", ""reviewed_from"": ""audit/visual-assets/sheets/pending_visual/07-vocab-pack-vocab-icon-generated-140.jpg"", ""decision_source"": ""audit/visual-assets/decisions-vocab-076-150.jsonl"", ""sha256"": ""4875c96db76424c94c7722f60041a6a2c88d06142313ed05e5fbdcf4eda0837e"", ""bytes"": 24000, ""notes"": ""Tile divided into four quadrants with cut watermelon top-left, olive top-right, empty bottom."", ""reason_codes"": []}"
live:vocab:port,port,port,vocab,live,07_vocab-pack,production_asset,public/assets/07_vocab-pack/img/port.png,REVIEW,[],[],Grey floating rectangular metal frame artifact; unreadable.,,audit/visual-assets/sheets/pending_visual/07-vocab-pack-vocab-icon-generated-149.jpg,,"{""asset_id"": ""live:vocab:port"", ""key"": ""port"", ""concept"": ""port"", ""source_bank"": ""07_vocab-pack"", ""source_role"": ""production_asset"", ""source_path"": ""public/assets/07_vocab-pack/img/port.png"", ""expected_asset_type"": ""vocab_icon"", ""expected_background_mode"": ""icon_image"", ""expected_concept_word"": ""port"", ""reviewed_from"": ""audit/visual-assets/sheets/pending_visual/07-vocab-pack-vocab-icon-generated-149.jpg"", ""decision_source"": ""audit/visual-assets/decisions-vocab-076-150.jsonl"", ""sha256"": ""a483dfb601616c161de4ccfb82b0471bfca5da8ac16344b12fc3a63c0dff34af"", ""bytes"": 17596, ""notes"": ""Grey floating rectangular metal frame artifact; unreadable."", ""reason_codes"": []}"
live:vocab:score,score,score,vocab,live,07_vocab-pack,production_asset,public/assets/07_vocab-pack/img/score.png,REVIEW,"[""too_small""]","[""too_small""]",Tiny scoreboard icon floating in large empty canvas.,,audit/visual-assets/sheets/pending_visual/07-vocab-pack-vocab-icon-generated-170.jpg,,"{""asset_id"": ""live:vocab:score"", ""key"": ""score"", ""concept"": ""score"", ""source_bank"": ""07_vocab-pack"", ""source_role"": ""production_asset"", ""source_path"": ""public/assets/07_vocab-pack/img/score.png"", ""expected_asset_type"": ""vocab_icon"", ""expected_background_mode"": ""icon_image"", ""expected_concept_word"": ""score"", ""reviewed_from"": ""audit/visual-assets/sheets/pending_visual/07-vocab-pack-vocab-icon-generated-170.jpg"", ""decision_source"": ""audit/visual-assets/decisions-vocab-151-225.jsonl"", ""sha256"": ""db7e701a507ea17fa6a6baf8bcdbb72634d8b7be0bef330ae5d2a575efcb6c03"", ""bytes"": 44552, ""notes"": ""Tiny scoreboard icon floating in large empty canvas."", ""reason_codes"": [""too_small""]}"
live:vocab:shopping-cart,shopping-cart,shopping cart,vocab,live,07_vocab-pack,production_asset,public/assets/07_vocab-pack/img/shopping-cart.png,REVIEW,"[""exact_duplicate""]","[""exact_duplicate""]",Exact duplicate asset of shopping cart icon.,,audit/visual-assets/sheets/pending_visual/07-vocab-pack-vocab-icon-generated-175.jpg,,"{""asset_id"": ""live:vocab:shopping-cart"", ""key"": ""shopping-cart"", ""concept"": ""shopping cart"", ""source_bank"": ""07_vocab-pack"", ""source_role"": ""production_asset"", ""source_path"": ""public/assets/07_vocab-pack/img/shopping-cart.png"", ""expected_asset_type"": ""vocab_icon"", ""expected_background_mode"": ""icon_image"", ""expected_concept_word"": ""shopping cart"", ""reviewed_from"": ""audit/visual-assets/sheets/pending_visual/07-vocab-pack-vocab-icon-generated-175.jpg"", ""decision_source"": ""audit/visual-assets/decisions-vocab-151-225.jsonl"", ""sha256"": ""ad020b55a9093c00e39375f5d8af40bfc35c1d2835aedc9b9517e9ad149a40ad"", ""bytes"": 24456, ""notes"": ""Exact duplicate asset of shopping cart icon."", ""reason_codes"": [""exact_duplicate""]}"
live:vocab:traffic-light,traffic-light,traffic light,vocab,live,07_vocab-pack,production_asset,public/assets/07_vocab-pack/img/traffic-light.png,REVIEW,"[""exact_duplicate""]","[""exact_duplicate""]",Exact duplicate asset of traffic light icon.,,audit/visual-assets/sheets/pending_visual/07-vocab-pack-vocab-icon-generated-205.jpg,,"{""asset_id"": ""live:vocab:traffic-light"", ""key"": ""traffic-light"", ""concept"": ""traffic light"", ""source_bank"": ""07_vocab-pack"", ""source_role"": ""production_asset"", ""source_path"": ""public/assets/07_vocab-pack/img/traffic-light.png"", ""expected_asset_type"": ""vocab_icon"", ""expected_background_mode"": ""icon_image"", ""expected_concept_word"": ""traffic light"", ""reviewed_from"": ""audit/visual-assets/sheets/pending_visual/07-vocab-pack-vocab-icon-generated-205.jpg"", ""decision_source"": ""audit/visual-assets/decisions-vocab-151-225.jsonl"", ""sha256"": ""c0f7d3130fa61be5912f90aed4fbc882238e0428f7c2829e8cf8010006a8b0fa"", ""bytes"": 67163, ""notes"": ""Exact duplicate asset of traffic light icon."", ""reason_codes"": [""exact_duplicate""]}"
live:prop:animal-crocodile,animal-crocodile,animal crocodile,props,live,09_props,production_asset,public/assets/09_props/img/animal-crocodile.png,REVIEW,"[""low_resolution""]","[""low_resolution""]",Low resolution sprite with pixelated rendering or insufficient dimension (animal-crocodile).,,audit/visual-assets/sheets/pending_visual/09-props-prop-cutout-animals-001.jpg,,"{""asset_id"": ""live:prop:animal-crocodile"", ""key"": ""animal-crocodile"", ""concept"": ""animal crocodile"", ""source_bank"": ""09_props"", ""source_role"": ""production_asset"", ""source_path"": ""public/assets/09_props/img/animal-crocodile.png"", ""expected_asset_type"": ""prop_cutout"", ""expected_background_mode"": ""alpha_cutout"", ""expected_concept_word"": ""animal crocodile"", ""reviewed_from"": ""audit/visual-assets/sheets/pending_visual/09-props-prop-cutout-animals-001.jpg"", ""decision_source"": ""audit/visual-assets/decisions-props-remaining.jsonl"", ""sha256"": ""36bc6d376194d94f80f4a036cb371bda371271efa4d5de1b9b718020889b776f"", ""bytes"": 27835, ""notes"": ""Low resolution sprite with pixelated rendering or insufficient dimension (animal-crocodile)."", ""reason_codes"": [""low_resolution""]}"
live:prop:aquarium-air-pump-v2,aquarium-air-pump-v2,aquarium air pump v2,props,live,09_props,production_asset,public/assets/09_props/img/aquarium-air-pump-v2.png,REVIEW,"[""exact_duplicate""]","[""exact_duplicate""]",Duplicate asset matching existing cutout prop across packs (aquarium-air-pump-v2).,,audit/visual-assets/sheets/pending_visual/09-props-prop-cutout-aquarium-002.jpg,,"{""asset_id"": ""live:prop:aquarium-air-pump-v2"", ""key"": ""aquarium-air-pump-v2"", ""concept"": ""aquarium air pump v2"", ""source_bank"": ""09_props"", ""source_role"": ""production_asset"", ""source_path"": ""public/assets/09_props/img/aquarium-air-pump-v2.png"", ""expected_asset_type"": ""prop_cutout"", ""expected_background_mode"": ""alpha_cutout"", ""expected_concept_word"": ""aquarium air pump v2"", ""reviewed_from"": ""audit/visual-assets/sheets/pending_visual/09-props-prop-cutout-aquarium-002.jpg"", ""decision_source"": ""audit/visual-assets/decisions-props-remaining.jsonl"", ""sha256"": ""a90a6e7827ca0a01b558bf64d5ca987b74185c0c16df09b243654a794aeb5435"", ""bytes"": 76581, ""notes"": ""Duplicate asset matching existing cutout prop across packs (aquarium-air-pump-v2)."", ""reason_codes"": [""exact_duplicate""]}"
live:prop:aquarium-bubble-b,aquarium-bubble-b,aquarium bubble b,props,live,09_props,production_asset,public/assets/09_props/img/aquarium-bubble-b.png,REVIEW,"[""low_resolution""]","[""low_resolution""]",Low resolution sprite with pixelated rendering or insufficient dimension (aquarium-bubble-b).,,audit/visual-assets/sheets/pending_visual/09-props-prop-cutout-aquarium-002.jpg,,"{""asset_id"": ""live:prop:aquarium-bubble-b"", ""key"": ""aquarium-bubble-b"", ""concept"": ""aquarium bubble b"", ""source_bank"": ""09_props"", ""source_role"": ""production_asset"", ""source_path"": ""public/assets/09_props/img/aquarium-bubble-b.png"", ""expected_asset_type"": ""prop_cutout"", ""expected_background_mode"": ""alpha_cutout"", ""expected_concept_word"": ""aquarium bubble b"", ""reviewed_from"": ""audit/visual-assets/sheets/pending_visual/09-props-prop-cutout-aquarium-002.jpg"", ""decision_source"": ""audit/visual-assets/decisions-props-remaining.jsonl"", ""sha256"": ""e34472f0e46253b5727d259afd39f159725617f5990e519c5e3356f90fec450d"", ""bytes"": 1821, ""notes"": ""Low resolution sprite with pixelated rendering or insufficient dimension (aquarium-bubble-b)."", ""reason_codes"": [""low_resolution""]}"
live:prop:aquarium-bubble-c,aquarium-bubble-c,aquarium bubble c,props,live,09_props,production_asset,public/assets/09_props/img/aquarium-bubble-c.png,REVIEW,"[""low_resolution""]","[""low_resolution""]",Low resolution sprite with pixelated rendering or insufficient dimension (aquarium-bubble-c).,,audit/visual-assets/sheets/pending_visual/09-props-prop-cutout-aquarium-002.jpg,,"{""asset_id"": ""live:prop:aquarium-bubble-c"", ""key"": ""aquarium-bubble-c"", ""concept"": ""aquarium bubble c"", ""source_bank"": ""09_props"", ""source_role"": ""production_asset"", ""source_path"": ""public/assets/09_props/img/aquarium-bubble-c.png"", ""expected_asset_type"": ""prop_cutout"", ""expected_background_mode"": ""alpha_cutout"", ""expected_concept_word"": ""aquarium bubble c"", ""reviewed_from"": ""audit/visual-assets/sheets/pending_visual/09-props-prop-cutout-aquarium-002.jpg"", ""decision_source"": ""audit/visual-assets/decisions-props-remaining.jsonl"", ""sha256"": ""063c74ef3e5bb81895133c77ca36569e649f9307143def57082d749e76bfa194"", ""bytes"": 1592, ""notes"": ""Low resolution sprite with pixelated rendering or insufficient dimension (aquarium-bubble-c)."", ""reason_codes"": [""low_resolution""]}"
live:prop:aquarium-bubble-e,aquarium-bubble-e,aquarium bubble e,props,live,09_props,production_asset,public/assets/09_props/img/aquarium-bubble-e.png,REVIEW,"[""low_resolution""]","[""low_resolution""]",Low resolution sprite with pixelated rendering or insufficient dimension (aquarium-bubble-e).,,audit/visual-assets/sheets/pending_visual/09-props-prop-cutout-aquarium-002.jpg,,"{""asset_id"": ""live:prop:aquarium-bubble-e"", ""key"": ""aquarium-bubble-e"", ""concept"": ""aquarium bubble e"", ""source_bank"": ""09_props"", ""source_role"": ""production_asset"", ""source_path"": ""public/assets/09_props/img/aquarium-bubble-e.png"", ""expected_asset_type"": ""prop_cutout"", ""expected_background_mode"": ""alpha_cutout"", ""expected_concept_word"": ""aquarium bubble e"", ""reviewed_from"": ""audit/visual-assets/sheets/pending_visual/09-props-prop-cutout-aquarium-002.jpg"", ""decision_source"": ""audit/visual-assets/decisions-props-remaining.jsonl"", ""sha256"": ""e8a18af449fa0580a04ad497f94bc9c43d3c56145ac1d5a2ce56550115eb2ee5"", ""bytes"": 1812, ""notes"": ""Low resolution sprite with pixelated rendering or insufficient dimension (aquarium-bubble-e)."", ""reason_codes"": [""low_resolution""]}"
live:prop:aquarium-bubble-g,aquarium-bubble-g,aquarium bubble g,props,live,09_props,production_asset,public/assets/09_props/img/aquarium-bubble-g.png,REVIEW,"[""low_resolution""]","[""low_resolution""]",Low resolution sprite with pixelated rendering or insufficient dimension (aquarium-bubble-g).,,audit/visual-assets/sheets/pending_visual/09-props-prop-cutout-aquarium-002.jpg,,"{""asset_id"": ""live:prop:aquarium-bubble-g"", ""key"": ""aquarium-bubble-g"", ""concept"": ""aquarium bubble g"", ""source_bank"": ""09_props"", ""source_role"": ""production_asset"", ""source_path"": ""public/assets/09_props/img/aquarium-bubble-g.png"", ""expected_asset_type"": ""prop_cutout"", ""expected_background_mode"": ""alpha_cutout"", ""expected_concept_word"": ""aquarium bubble g"", ""reviewed_from"": ""audit/visual-assets/sheets/pending_visual/09-props-prop-cutout-aquarium-002.jpg"", ""decision_source"": ""audit/visual-assets/decisions-props-remaining.jsonl"", ""sha256"": ""c47ef26c6c4bac19f799e530f3bf6d3334147a213ae028014d1cfb923e3417bf"", ""bytes"": 2341, ""notes"": ""Low resolution sprite with pixelated rendering or insufficient dimension (aquarium-bubble-g)."", ""reason_codes"": [""low_resolution""]}"
live:prop:aquarium-clownfish,aquarium-clownfish,aquarium clownfish,props,live,09_props,production_asset,public/assets/09_props/img/aquarium-clownfish.png,REVIEW,"[""exact_duplicate""]","[""exact_duplicate""]",Duplicate asset matching existing cutout prop across packs (aquarium-clownfish).,,audit/visual-assets/sheets/pending_visual/09-props-prop-cutout-aquarium-002.jpg,,"{""asset_id"": ""live:prop:aquarium-clownfish"", ""key"": ""aquarium-clownfish"", ""concept"": ""aquarium clownfish"", ""source_bank"": ""09_props"", ""source_role"": ""production_asset"", ""source_path"": ""public/assets/09_props/img/aquarium-clownfish.png"", ""expected_asset_type"": ""prop_cutout"", ""expected_background_mode"": ""alpha_cutout"", ""expected_concept_word"": ""aquarium clownfish"", ""reviewed_from"": ""audit/visual-assets/sheets/pending_visual/09-props-prop-cutout-aquarium-002.jpg"", ""decision_source"": ""audit/visual-assets/decisions-props-remaining.jsonl"", ""sha256"": ""b191501f9d332e9a7812e6933d400231e5e0673270424aae9afcd1d935952bdb"", ""bytes"": 93339, ""notes"": ""Duplicate asset matching existing cutout prop across packs (aquarium-clownfish)."", ""reason_codes"": [""exact_duplicate""]}"
live:prop:aquarium-clownfish-v2,aquarium-clownfish-v2,aquarium clownfish v2,props,live,09_props,production_asset,public/assets/09_props/img/aquarium-clownfish-v2.png,REVIEW,"[""exact_duplicate""]","[""exact_duplicate""]",Duplicate asset matching existing cutout prop across packs (aquarium-clownfish-v2).,,audit/visual-assets/sheets/pending_visual/09-props-prop-cutout-aquarium-002.jpg,,"{""asset_id"": ""live:prop:aquarium-clownfish-v2"", ""key"": ""aquarium-clownfish-v2"", ""concept"": ""aquarium clownfish v2"", ""source_bank"": ""09_props"", ""source_role"": ""production_asset"", ""source_path"": ""public/assets/09_props/img/aquarium-clownfish-v2.png"", ""expected_asset_type"": ""prop_cutout"", ""expected_background_mode"": ""alpha_cutout"", ""expected_concept_word"": ""aquarium clownfish v2"", ""reviewed_from"": ""audit/visual-assets/sheets/pending_visual/09-props-prop-cutout-aquarium-002.jpg"", ""decision_source"": ""audit/visual-assets/decisions-props-remaining.jsonl"", ""sha256"": ""b191501f9d332e9a7812e6933d400231e5e0673270424aae9afcd1d935952bdb"", ""bytes"": 93339, ""notes"": ""Duplicate asset matching existing cutout prop across packs (aquarium-clownfish-v2)."", ""reason_codes"": [""exact_duplicate""]}"
live:prop:aquarium-coral,aquarium-coral,aquarium coral,props,live,09_props,production_asset,public/assets/09_props/img/aquarium-coral.png,REVIEW,"[""exact_duplicate""]","[""exact_duplicate""]",Duplicate asset matching existing cutout prop across packs (aquarium-coral).,,audit/visual-assets/sheets/pending_visual/09-props-prop-cutout-aquarium-002.jpg,,"{""asset_id"": ""live:prop:aquarium-coral"", ""key"": ""aquarium-coral"", ""concept"": ""aquarium coral"", ""source_bank"": ""09_props"", ""source_role"": ""production_asset"", ""source_path"": ""public/assets/09_props/img/aquarium-coral.png"", ""expected_asset_type"": ""prop_cutout"", ""expected_background_mode"": ""alpha_cutout"", ""expected_concept_word"": ""aquarium coral"", ""reviewed_from"": ""audit/visual-assets/sheets/pending_visual/09-props-prop-cutout-aquarium-002.jpg"", ""decision_source"": ""audit/visual-assets/decisions-props-remaining.jsonl"", ""sha256"": ""3a63ee4a5fc2e6c7046bbce1e73b56369be17b9fe45cfc66f0f9e496d7b0a5bc"", ""bytes"": 124759, ""notes"": ""Duplicate asset matching existing cutout prop across packs (aquarium-coral)."", ""reason_codes"": [""exact_duplicate""]}"
live:prop:aquarium-coral-v2,aquarium-coral-v2,aquarium coral v2,props,live,09_props,production_asset,public/assets/09_props/img/aquarium-coral-v2.png,REVIEW,"[""exact_duplicate""]","[""exact_duplicate""]",Duplicate asset matching existing cutout prop across packs (aquarium-coral-v2).,,audit/visual-assets/sheets/pending_visual/09-props-prop-cutout-aquarium-002.jpg,,"{""asset_id"": ""live:prop:aquarium-coral-v2"", ""key"": ""aquarium-coral-v2"", ""concept"": ""aquarium coral v2"", ""source_bank"": ""09_props"", ""source_role"": ""production_asset"", ""source_path"": ""public/assets/09_props/img/aquarium-coral-v2.png"", ""expected_asset_type"": ""prop_cutout"", ""expected_background_mode"": ""alpha_cutout"", ""expected_concept_word"": ""aquarium coral v2"", ""reviewed_from"": ""audit/visual-assets/sheets/pending_visual/09-props-prop-cutout-aquarium-002.jpg"", ""decision_source"": ""audit/visual-assets/decisions-props-remaining.jsonl"", ""sha256"": ""3a63ee4a5fc2e6c7046bbce1e73b56369be17b9fe45cfc66f0f9e496d7b0a5bc"", ""bytes"": 124759, ""notes"": ""Duplicate asset matching existing cutout prop across packs (aquarium-coral-v2)."", ""reason_codes"": [""exact_duplicate""]}"
live:prop:aquarium-crab,aquarium-crab,aquarium crab,props,live,09_props,production_asset,public/assets/09_props/img/aquarium-crab.png,REVIEW,"[""exact_duplicate""]","[""exact_duplicate""]",Duplicate asset matching existing cutout prop across packs (aquarium-crab).,,audit/visual-assets/sheets/pending_visual/09-props-prop-cutout-aquarium-002.jpg,,"{""asset_id"": ""live:prop:aquarium-crab"", ""key"": ""aquarium-crab"", ""concept"": ""aquarium crab"", ""source_bank"": ""09_props"", ""source_role"": ""production_asset"", ""source_path"": ""public/assets/09_props/img/aquarium-crab.png"", ""expected_asset_type"": ""prop_cutout"", ""expected_background_mode"": ""alpha_cutout"", ""expected_concept_word"": ""aquarium crab"", ""reviewed_from"": ""audit/visual-assets/sheets/pending_visual/09-props-prop-cutout-aquarium-002.jpg"", ""decision_source"": ""audit/visual-assets/decisions-props-remaining.jsonl"", ""sha256"": ""0f9ef7f86bb3680c47a9366483d9f332785fe31ae6039ed20de8c23cd48e6b9d"", ""bytes"": 130185, ""notes"": ""Duplicate asset matching existing cutout prop across packs (aquarium-crab)."", ""reason_codes"": [""exact_duplicate""]}"
live:prop:aquarium-crab-v2,aquarium-crab-v2,aquarium crab v2,props,live,09_props,production_asset,public/assets/09_props/img/aquarium-crab-v2.png,REVIEW,"[""exact_duplicate""]","[""exact_duplicate""]",Duplicate asset matching existing cutout prop across packs (aquarium-crab-v2).,,audit/visual-assets/sheets/pending_visual/09-props-prop-cutout-aquarium-002.jpg,,"{""asset_id"": ""live:prop:aquarium-crab-v2"", ""key"": ""aquarium-crab-v2"", ""concept"": ""aquarium crab v2"", ""source_bank"": ""09_props"", ""source_role"": ""production_asset"", ""source_path"": ""public/assets/09_props/img/aquarium-crab-v2.png"", ""expected_asset_type"": ""prop_cutout"", ""expected_background_mode"": ""alpha_cutout"", ""expected_concept_word"": ""aquarium crab v2"", ""reviewed_from"": ""audit/visual-assets/sheets/pending_visual/09-props-prop-cutout-aquarium-002.jpg"", ""decision_source"": ""audit/visual-assets/decisions-props-remaining.jsonl"", ""sha256"": ""0f9ef7f86bb3680c47a9366483d9f332785fe31ae6039ed20de8c23cd48e6b9d"", ""bytes"": 130185, ""notes"": ""Duplicate asset matching existing cutout prop across packs (aquarium-crab-v2)."", ""reason_codes"": [""exact_duplicate""]}"
live:prop:aquarium-diver,aquarium-diver,aquarium diver,props,live,09_props,production_asset,public/assets/09_props/img/aquarium-diver.png,REVIEW,"[""low_resolution""]","[""low_resolution""]",Low resolution sprite with pixelated rendering or insufficient dimension (aquarium-diver).,,audit/visual-assets/sheets/pending_visual/09-props-prop-cutout-aquarium-002.jpg,,"{""asset_id"": ""live:prop:aquarium-diver"", ""key"": ""aquarium-diver"", ""concept"": ""aquarium diver"", ""source_bank"": ""09_props"", ""source_role"": ""production_asset"", ""source_path"": ""public/assets/09_props/img/aquarium-diver.png"", ""expected_asset_type"": ""prop_cutout"", ""expected_background_mode"": ""alpha_cutout"", ""expected_concept_word"": ""aquarium diver"", ""reviewed_from"": ""audit/visual-assets/sheets/pending_visual/09-props-prop-cutout-aquarium-002.jpg"", ""decision_source"": ""audit/visual-assets/decisions-props-remaining.jsonl"", ""sha256"": ""2bf56f079cb98e7b9d064c643aae28f7b8f08603d57ffb1c85920b1697cca050"", ""bytes"": 13743, ""notes"": ""Low resolution sprite with pixelated rendering or insufficient dimension (aquarium-diver)."", ""reason_codes"": [""low_resolution""]}"
live:prop:aquarium-diving-mask,aquarium-diving-mask,aquarium diving mask,props,live,09_props,production_asset,public/assets/09_props/img/aquarium-diving-mask.png,REVIEW,"[""exact_duplicate""]","[""exact_duplicate""]",Duplicate asset matching existing cutout prop across packs (aquarium-diving-mask).,,audit/visual-assets/sheets/pending_visual/09-props-prop-cutout-aquarium-002.jpg,,"{""asset_id"": ""live:prop:aquarium-diving-mask"", ""key"": ""aquarium-diving-mask"", ""concept"": ""aquarium diving mask"", ""source_bank"": ""09_props"", ""source_role"": ""production_asset"", ""source_path"": ""public/assets/09_props/img/aquarium-diving-mask.png"", ""expected_asset_type"": ""prop_cutout"", ""expected_background_mode"": ""alpha_cutout"", ""expected_concept_word"": ""aquarium diving mask"", ""reviewed_from"": ""audit/visual-assets/sheets/pending_visual/09-props-prop-cutout-aquarium-002.jpg"", ""decision_source"": ""audit/visual-assets/decisions-props-remaining.jsonl"", ""sha256"": ""f59eb6293dadf8d2b866add93aaec24f573e009f6ded8ff7d018af4611fa379e"", ""bytes"": 122155, ""notes"": ""Duplicate asset matching existing cutout prop across packs (aquarium-diving-mask)."", ""reason_codes"": [""exact_duplicate""]}"
live:prop:aquarium-diving-mask-v2,aquarium-diving-mask-v2,aquarium diving mask v2,props,live,09_props,production_asset,public/assets/09_props/img/aquarium-diving-mask-v2.png,REVIEW,"[""exact_duplicate""]","[""exact_duplicate""]",Duplicate asset matching existing cutout prop across packs (aquarium-diving-mask-v2).,,audit/visual-assets/sheets/pending_visual/09-props-prop-cutout-aquarium-002.jpg,,"{""asset_id"": ""live:prop:aquarium-diving-mask-v2"", ""key"": ""aquarium-diving-mask-v2"", ""concept"": ""aquarium diving mask v2"", ""source_bank"": ""09_props"", ""source_role"": ""production_asset"", ""source_path"": ""public/assets/09_props/img/aquarium-diving-mask-v2.png"", ""expected_asset_type"": ""prop_cutout"", ""expected_background_mode"": ""alpha_cutout"", ""expected_concept_word"": ""aquarium diving mask v2"", ""reviewed_from"": ""audit/visual-assets/sheets/pending_visual/09-props-prop-cutout-aquarium-002.jpg"", ""decision_source"": ""audit/visual-assets/decisions-props-remaining.jsonl"", ""sha256"": ""f59eb6293dadf8d2b866add93aaec24f573e009f6ded8ff7d018af4611fa379e"", ""bytes"": 122155, ""notes"": ""Duplicate asset matching existing cutout prop across packs (aquarium-diving-mask-v2)."", ""reason_codes"": [""exact_duplicate""]}"
live:prop:aquarium-fish-angelfish,aquarium-fish-angelfish,aquarium fish angelfish,props,live,09_props,production_asset,public/assets/09_props/img/aquarium-fish-angelfish.png,REVIEW,"[""low_resolution""]","[""low_resolution""]",Low resolution sprite with pixelated rendering or insufficient dimension (aquarium-fish-angelfish).,,audit/visual-assets/sheets/pending_visual/09-props-prop-cutout-aquarium-002.jpg,,"{""asset_id"": ""live:prop:aquarium-fish-angelfish"", ""key"": ""aquarium-fish-angelfish"", ""concept"": ""aquarium fish angelfish"", ""source_bank"": ""09_props"", ""source_role"": ""production_asset"", ""source_path"": ""public/assets/09_props/img/aquarium-fish-angelfish.png"", ""expected_asset_type"": ""prop_cutout"", ""expected_background_mode"": ""alpha_cutout"", ""expected_concept_word"": ""aquarium fish angelfish"", ""reviewed_from"": ""audit/visual-assets/sheets/pending_visual/09-props-prop-cutout-aquarium-002.jpg"", ""decision_source"": ""audit/visual-assets/decisions-props-remaining.jsonl"", ""sha256"": ""0db479f1ad5d241885f479c27f5bd22e675bacafc5b03974755dd1a8cfa235e5"", ""bytes"": 8930, ""notes"": ""Low resolution sprite with pixelated rendering or insufficient dimension (aquarium-fish-angelfish)."", ""reason_codes"": [""low_resolution""]}"
live:prop:aquarium-fish-blue,aquarium-fish-blue,aquarium fish blue,props,live,09_props,production_asset,public/assets/09_props/img/aquarium-fish-blue.png,REVIEW,"[""low_resolution""]","[""low_resolution""]",Low resolution sprite with pixelated rendering or insufficient dimension (aquarium-fish-blue).,,audit/visual-assets/sheets/pending_visual/09-props-prop-cutout-aquarium-003.jpg,,"{""asset_id"": ""live:prop:aquarium-fish-blue"", ""key"": ""aquarium-fish-blue"", ""concept"": ""aquarium fish blue"", ""source_bank"": ""09_props"", ""source_role"": ""production_asset"", ""source_path"": ""public/assets/09_props/img/aquarium-fish-blue.png"", ""expected_asset_type"": ""prop_cutout"", ""expected_background_mode"": ""alpha_cutout"", ""expected_concept_word"": ""aquarium fish blue"", ""reviewed_from"": ""audit/visual-assets/sheets/pending_visual/09-props-prop-cutout-aquarium-003.jpg"", ""decision_source"": ""audit/visual-assets/decisions-props-remaining.jsonl"", ""sha256"": ""2ebc91a4946ba096d43a2025cb6669292fc3699aa2a418e5de49283f2e6ac6bc"", ""bytes"": 12546, ""notes"": ""Low resolution sprite with pixelated rendering or insufficient dimension (aquarium-fish-blue)."", ""reason_codes"": [""low_resolution""]}"
live:prop:aquarium-fish-bowl,aquarium-fish-bowl,aquarium fish bowl,props,live,09_props,production_asset,public/assets/09_props/img/aquarium-fish-bowl.png,REVIEW,"[""exact_duplicate""]","[""exact_duplicate""]",Duplicate asset matching existing cutout prop across packs (aquarium-fish-bowl).,,audit/visual-assets/sheets/pending_visual/09-props-prop-cutout-aquarium-003.jpg,,"{""asset_id"": ""live:prop:aquarium-fish-bowl"", ""key"": ""aquarium-fish-bowl"", ""concept"": ""aquarium fish bowl"", ""source_bank"": ""09_props"", ""source_role"": ""production_asset"", ""source_path"": ""public/assets/09_props/img/aquarium-fish-bowl.png"", ""expected_asset_type"": ""prop_cutout"", ""expected_background_mode"": ""alpha_cutout"", ""expected_concept_word"": ""aquarium fish bowl"", ""reviewed_from"": ""audit/visual-assets/sheets/pending_visual/09-props-prop-cutout-aquarium-003.jpg"", ""decision_source"": ""audit/visual-assets/decisions-props-remaining.jsonl"", ""sha256"": ""5220bfbf249799fa4a952014b8487ad5cf319d6e4c62a10a5a7dcd5ebb9aa511"", ""bytes"": 126233, ""notes"": ""Duplicate asset matching existing cutout prop across packs (aquarium-fish-bowl)."", ""reason_codes"": [""exact_duplicate""]}"
live:prop:aquarium-fish-bowl-v2,aquarium-fish-bowl-v2,aquarium fish bowl v2,props,live,09_props,production_asset,public/assets/09_props/img/aquarium-fish-bowl-v2.png,REVIEW,"[""exact_duplicate""]","[""exact_duplicate""]",Duplicate asset matching existing cutout prop across packs (aquarium-fish-bowl-v2).,,audit/visual-assets/sheets/pending_visual/09-props-prop-cutout-aquarium-003.jpg,,"{""asset_id"": ""live:prop:aquarium-fish-bowl-v2"", ""key"": ""aquarium-fish-bowl-v2"", ""concept"": ""aquarium fish bowl v2"", ""source_bank"": ""09_props"", ""source_role"": ""production_asset"", ""source_path"": ""public/assets/09_props/img/aquarium-fish-bowl-v2.png"", ""expected_asset_type"": ""prop_cutout"", ""expected_background_mode"": ""alpha_cutout"", ""expected_concept_word"": ""aquarium fish bowl v2"", ""reviewed_from"": ""audit/visual-assets/sheets/pending_visual/09-props-prop-cutout-aquarium-003.jpg"", ""decision_source"": ""audit/visual-assets/decisions-props-remaining.jsonl"", ""sha256"": ""5220bfbf249799fa4a952014b8487ad5cf319d6e4c62a10a5a7dcd5ebb9aa511"", ""bytes"": 126233, ""notes"": ""Duplicate asset matching existing cutout prop across packs (aquarium-fish-bowl-v2)."", ""reason_codes"": [""exact_duplicate""]}"
live:prop:aquarium-fish-food-flakes,aquarium-fish-food-flakes,aquarium fish food flakes,props,live,09_props,production_asset,public/assets/09_props/img/aquarium-fish-food-flakes.png,REVIEW,"[""exact_duplicate""]","[""exact_duplicate""]",Duplicate asset matching existing cutout prop across packs (aquarium-fish-food-flakes).,,audit/visual-assets/sheets/pending_visual/09-props-prop-cutout-aquarium-003.jpg,,"{""asset_id"": ""live:prop:aquarium-fish-food-flakes"", ""key"": ""aquarium-fish-food-flakes"", ""concept"": ""aquarium fish food flakes"", ""source_bank"": ""09_props"", ""source_role"": ""production_asset"", ""source_path"": ""public/assets/09_props/img/aquarium-fish-food-flakes.png"", ""expected_asset_type"": ""prop_cutout"", ""expected_background_mode"": ""alpha_cutout"", ""expected_concept_word"": ""aquarium fish food flakes"", ""reviewed_from"": ""audit/visual-assets/sheets/pending_visual/09-props-prop-cutout-aquarium-003.jpg"", ""decision_source"": ""audit/visual-assets/decisions-props-remaining.jsonl"", ""sha256"": ""9fb6561a402e3e840c6dbdcfa431e8a609b53eaa40ec95ebf4a3d35ab3b7c919"", ""bytes"": 115887, ""notes"": ""Duplicate asset matching existing cutout prop across packs (aquarium-fish-food-flakes)."", ""reason_codes"": [""exact_duplicate""]}"
live:prop:aquarium-fish-food-flakes-v2,aquarium-fish-food-flakes-v2,aquarium fish food flakes v2,props,live,09_props,production_asset,public/assets/09_props/img/aquarium-fish-food-flakes-v2.png,REVIEW,"[""exact_duplicate""]","[""exact_duplicate""]",Duplicate asset matching existing cutout prop across packs (aquarium-fish-food-flakes-v2).,,audit/visual-assets/sheets/pending_visual/09-props-prop-cutout-aquarium-003.jpg,,"{""asset_id"": ""live:prop:aquarium-fish-food-flakes-v2"", ""key"": ""aquarium-fish-food-flakes-v2"", ""concept"": ""aquarium fish food flakes v2"", ""source_bank"": ""09_props"", ""source_role"": ""production_asset"", ""source_path"": ""public/assets/09_props/img/aquarium-fish-food-flakes-v2.png"", ""expected_asset_type"": ""prop_cutout"", ""expected_background_mode"": ""alpha_cutout"", ""expected_concept_word"": ""aquarium fish food flakes v2"", ""reviewed_from"": ""audit/visual-assets/sheets/pending_visual/09-props-prop-cutout-aquarium-003.jpg"", ""decision_source"": ""audit/visual-assets/decisions-props-remaining.jsonl"", ""sha256"": ""9fb6561a402e3e840c6dbdcfa431e8a609b53eaa40ec95ebf4a3d35ab3b7c919"", ""bytes"": 115887, ""notes"": ""Duplicate asset matching existing cutout prop across packs (aquarium-fish-food-flakes-v2)."", ""reason_codes"": [""exact_duplicate""]}"
live:prop:aquarium-fish-orange-a,aquarium-fish-orange-a,aquarium fish orange a,props,live,09_props,production_asset,public/assets/09_props/img/aquarium-fish-orange-a.png,REVIEW,"[""low_resolution""]","[""low_resolution""]",Low resolution sprite with pixelated rendering or insufficient dimension (aquarium-fish-orange-a).,,audit/visual-assets/sheets/pending_visual/09-props-prop-cutout-aquarium-003.jpg,,"{""asset_id"": ""live:prop:aquarium-fish-orange-a"", ""key"": ""aquarium-fish-orange-a"", ""concept"": ""aquarium fish orange a"", ""source_bank"": ""09_props"", ""source_role"": ""production_asset"", ""source_path"": ""public/assets/09_props/img/aquarium-fish-orange-a.png"", ""expected_asset_type"": ""prop_cutout"", ""expected_background_mode"": ""alpha_cutout"", ""expected_concept_word"": ""aquarium fish orange a"", ""reviewed_from"": ""audit/visual-assets/sheets/pending_visual/09-props-prop-cutout-aquarium-003.jpg"", ""decision_source"": ""audit/visual-assets/decisions-props-remaining.jsonl"", ""sha256"": ""0a47d2ddbadc4fbc4879159ac91b3323b86aaa4c06a754abf1332e9d598f29ab"", ""bytes"": 13897, ""notes"": ""Low resolution sprite with pixelated rendering or insufficient dimension (aquarium-fish-orange-a)."", ""reason_codes"": [""low_resolution""]}"
live:prop:aquarium-fish-orange-b,aquarium-fish-orange-b,aquarium fish orange b,props,live,09_props,production_asset,public/assets/09_props/img/aquarium-fish-orange-b.png,REVIEW,"[""low_resolution""]","[""low_resolution""]",Low resolution sprite with pixelated rendering or insufficient dimension (aquarium-fish-orange-b).,,audit/visual-assets/sheets/pending_visual/09-props-prop-cutout-aquarium-003.jpg,,"{""asset_id"": ""live:prop:aquarium-fish-orange-b"", ""key"": ""aquarium-fish-orange-b"", ""concept"": ""aquarium fish orange b"", ""source_bank"": ""09_props"", ""source_role"": ""production_asset"", ""source_path"": ""public/assets/09_props/img/aquarium-fish-orange-b.png"", ""expected_asset_type"": ""prop_cutout"", ""expected_background_mode"": ""alpha_cutout"", ""expected_concept_word"": ""aquarium fish orange b"", ""reviewed_from"": ""audit/visual-assets/sheets/pending_visual/09-props-prop-cutout-aquarium-003.jpg"", ""decision_source"": ""audit/visual-assets/decisions-props-remaining.jsonl"", ""sha256"": ""0a360d234d822343ac8e1cd75260bb660c7f3b0ee04a0b5b22b15ae184fffe28"", ""bytes"": 12589, ""notes"": ""Low resolution sprite with pixelated rendering or insufficient dimension (aquarium-fish-orange-b)."", ""reason_codes"": [""low_resolution""]}"
live:prop:aquarium-fish-spotted,aquarium-fish-spotted,aquarium fish spotted,props,live,09_props,production_asset,public/assets/09_props/img/aquarium-fish-spotted.png,REVIEW,"[""low_resolution""]","[""low_resolution""]",Low resolution sprite with pixelated rendering or insufficient dimension (aquarium-fish-spotted).,,audit/visual-assets/sheets/pending_visual/09-props-prop-cutout-aquarium-003.jpg,,"{""asset_id"": ""live:prop:aquarium-fish-spotted"", ""key"": ""aquarium-fish-spotted"", ""concept"": ""aquarium fish spotted"", ""source_bank"": ""09_props"", ""source_role"": ""production_asset"", ""source_path"": ""public/assets/09_props/img/aquarium-fish-spotted.png"", ""expected_asset_type"": ""prop_cutout"", ""expected_background_mode"": ""alpha_cutout"", ""expected_concept_word"": ""aquarium fish spotted"", ""reviewed_from"": ""audit/visual-assets/sheets/pending_visual/09-props-prop-cutout-aquarium-003.jpg"", ""decision_source"": ""audit/visual-assets/decisions-props-remaining.jsonl"", ""sha256"": ""26e05c64dc717b9f51f1b0f010159319c835aa27512a85f1cb3e5655702600dd"", ""bytes"": 13685, ""notes"": ""Low resolution sprite with pixelated rendering or insufficient dimension (aquarium-fish-spotted)."", ""reason_codes"": [""low_resolution""]}"
live:prop:aquarium-fish-yellow,aquarium-fish-yellow,aquarium fish yellow,props,live,09_props,production_asset,public/assets/09_props/img/aquarium-fish-yellow.png,REVIEW,"[""low_resolution""]","[""low_resolution""]",Low resolution sprite with pixelated rendering or insufficient dimension (aquarium-fish-yellow).,,audit/visual-assets/sheets/pending_visual/09-props-prop-cutout-aquarium-003.jpg,,"{""asset_id"": ""live:prop:aquarium-fish-yellow"", ""key"": ""aquarium-fish-yellow"", ""concept"": ""aquarium fish yellow"", ""source_bank"": ""09_props"", ""source_role"": ""production_asset"", ""source_path"": ""public/assets/09_props/img/aquarium-fish-yellow.png"", ""expected_asset_type"": ""prop_cutout"", ""expected_background_mode"": ""alpha_cutout"", ""expected_concept_word"": ""aquarium fish yellow"", ""reviewed_from"": ""audit/visual-assets/sheets/pending_visual/09-props-prop-cutout-aquarium-003.jpg"", ""decision_source"": ""audit/visual-assets/decisions-props-remaining.jsonl"", ""sha256"": ""0b35c9b83399c1acbb63e6d9c44081932901fb293e1ae80cdf41c9356ccfac5d"", ""bytes"": 11250, ""notes"": ""Low resolution sprite with pixelated rendering or insufficient dimension (aquarium-fish-yellow)."", ""reason_codes"": [""low_resolution""]}"
live:prop:aquarium-flippers,aquarium-flippers,aquarium flippers,props,live,09_props,production_asset,public/assets/09_props/img/aquarium-flippers.png,REVIEW,"[""exact_duplicate""]","[""exact_duplicate""]",Duplicate asset matching existing cutout prop across packs (aquarium-flippers).,,audit/visual-assets/sheets/pending_visual/09-props-prop-cutout-aquarium-003.jpg,,"{""asset_id"": ""live:prop:aquarium-flippers"", ""key"": ""aquarium-flippers"", ""concept"": ""aquarium flippers"", ""source_bank"": ""09_props"", ""source_role"": ""production_asset"", ""source_path"": ""public/assets/09_props/img/aquarium-flippers.png"", ""expected_asset_type"": ""prop_cutout"", ""expected_background_mode"": ""alpha_cutout"", ""expected_concept_word"": ""aquarium flippers"", ""reviewed_from"": ""audit/visual-assets/sheets/pending_visual/09-props-prop-cutout-aquarium-003.jpg"", ""decision_source"": ""audit/visual-assets/decisions-props-remaining.jsonl"", ""sha256"": ""d8c9f101d72c3f70bd7859d4c5f6848b9edf534294b4b4776ef421c017c3af36"", ""bytes"": 125493, ""notes"": ""Duplicate asset matching existing cutout prop across packs (aquarium-flippers)."", ""reason_codes"": [""exact_duplicate""]}"
live:prop:aquarium-flippers-v2,aquarium-flippers-v2,aquarium flippers v2,props,live,09_props,production_asset,public/assets/09_props/img/aquarium-flippers-v2.png,REVIEW,"[""exact_duplicate""]","[""exact_duplicate""]",Duplicate asset matching existing cutout prop across packs (aquarium-flippers-v2).,,audit/visual-assets/sheets/pending_visual/09-props-prop-cutout-aquarium-003.jpg,,"{""asset_id"": ""live:prop:aquarium-flippers-v2"", ""key"": ""aquarium-flippers-v2"", ""concept"": ""aquarium flippers v2"", ""source_bank"": ""09_props"", ""source_role"": ""production_asset"", ""source_path"": ""public/assets/09_props/img/aquarium-flippers-v2.png"", ""expected_asset_type"": ""prop_cutout"", ""expected_background_mode"": ""alpha_cutout"", ""expected_concept_word"": ""aquarium flippers v2"", ""reviewed_from"": ""audit/visual-assets/sheets/pending_visual/09-props-prop-cutout-aquarium-003.jpg"", ""decision_source"": ""audit/visual-assets/decisions-props-remaining.jsonl"", ""sha256"": ""d8c9f101d72c3f70bd7859d4c5f6848b9edf534294b4b4776ef421c017c3af36"", ""bytes"": 125493, ""notes"": ""Duplicate asset matching existing cutout prop across packs (aquarium-flippers-v2)."", ""reason_codes"": [""exact_duplicate""]}"
live:prop:aquarium-goldfish,aquarium-goldfish,aquarium goldfish,props,live,09_props,production_asset,public/assets/09_props/img/aquarium-goldfish.png,REVIEW,"[""exact_duplicate""]","[""exact_duplicate""]",Duplicate asset matching existing cutout prop across packs (aquarium-goldfish).,,audit/visual-assets/sheets/pending_visual/09-props-prop-cutout-aquarium-003.jpg,,"{""asset_id"": ""live:prop:aquarium-goldfish"", ""key"": ""aquarium-goldfish"", ""concept"": ""aquarium goldfish"", ""source_bank"": ""09_props"", ""source_role"": ""production_asset"", ""source_path"": ""public/assets/09_props/img/aquarium-goldfish.png"", ""expected_asset_type"": ""prop_cutout"", ""expected_background_mode"": ""alpha_cutout"", ""expected_concept_word"": ""aquarium goldfish"", ""reviewed_from"": ""audit/visual-assets/sheets/pending_visual/09-props-prop-cutout-aquarium-003.jpg"", ""decision_source"": ""audit/visual-assets/decisions-props-remaining.jsonl"", ""sha256"": ""39063dfd87a4c36bc14f11c7db48ad2b8f923f87ca2d994e5389d1e3f446088f"", ""bytes"": 75434, ""notes"": ""Duplicate asset matching existing cutout prop across packs (aquarium-goldfish)."", ""reason_codes"": [""exact_duplicate""]}"
live:prop:aquarium-goldfish-v2,aquarium-goldfish-v2,aquarium goldfish v2,props,live,09_props,production_asset,public/assets/09_props/img/aquarium-goldfish-v2.png,REVIEW,"[""exact_duplicate""]","[""exact_duplicate""]",Duplicate asset matching existing cutout prop across packs (aquarium-goldfish-v2).,,audit/visual-assets/sheets/pending_visual/09-props-prop-cutout-aquarium-003.jpg,,"{""asset_id"": ""live:prop:aquarium-goldfish-v2"", ""key"": ""aquarium-goldfish-v2"", ""concept"": ""aquarium goldfish v2"", ""source_bank"": ""09_props"", ""source_role"": ""production_asset"", ""source_path"": ""public/assets/09_props/img/aquarium-goldfish-v2.png"", ""expected_asset_type"": ""prop_cutout"", ""expected_background_mode"": ""alpha_cutout"", ""expected_concept_word"": ""aquarium goldfish v2"", ""reviewed_from"": ""audit/visual-assets/sheets/pending_visual/09-props-prop-cutout-aquarium-003.jpg"", ""decision_source"": ""audit/visual-assets/decisions-props-remaining.jsonl"", ""sha256"": ""39063dfd87a4c36bc14f11c7db48ad2b8f923f87ca2d994e5389d1e3f446088f"", ""bytes"": 75434, ""notes"": ""Duplicate asset matching existing cutout prop across packs (aquarium-goldfish-v2)."", ""reason_codes"": [""exact_duplicate""]}"
live:prop:aquarium-gravel,aquarium-gravel,aquarium gravel,props,live,09_props,production_asset,public/assets/09_props/img/aquarium-gravel.png,REVIEW,"[""exact_duplicate""]","[""exact_duplicate""]",Duplicate asset matching existing cutout prop across packs (aquarium-gravel).,,audit/visual-assets/sheets/pending_visual/09-props-prop-cutout-aquarium-003.jpg,,"{""asset_id"": ""live:prop:aquarium-gravel"", ""key"": ""aquarium-gravel"", ""concept"": ""aquarium gravel"", ""source_bank"": ""09_props"", ""source_role"": ""production_asset"", ""source_path"": ""public/assets/09_props/img/aquarium-gravel.png"", ""expected_asset_type"": ""prop_cutout"", ""expected_background_mode"": ""alpha_cutout"", ""expected_concept_word"": ""aquarium gravel"", ""reviewed_from"": ""audit/visual-assets/sheets/pending_visual/09-props-prop-cutout-aquarium-003.jpg"", ""decision_source"": ""audit/visual-assets/decisions-props-remaining.jsonl"", ""sha256"": ""b74dab20abc186d27d1138e0e412df598dba736bc1b3326ad08f1114d4e6c8b0"", ""bytes"": 79133, ""notes"": ""Duplicate asset matching existing cutout prop across packs (aquarium-gravel)."", ""reason_codes"": [""exact_duplicate""]}"
live:prop:aquarium-gravel-bar,aquarium-gravel-bar,aquarium gravel bar,props,live,09_props,production_asset,public/assets/09_props/img/aquarium-gravel-bar.png,REVIEW,"[""low_resolution""]","[""low_resolution""]",Low resolution sprite with pixelated rendering or insufficient dimension (aquarium-gravel-bar).,,audit/visual-assets/sheets/pending_visual/09-props-prop-cutout-aquarium-003.jpg,,"{""asset_id"": ""live:prop:aquarium-gravel-bar"", ""key"": ""aquarium-gravel-bar"", ""concept"": ""aquarium gravel bar"", ""source_bank"": ""09_props"", ""source_role"": ""production_asset"", ""source_path"": ""public/assets/09_props/img/aquarium-gravel-bar.png"", ""expected_asset_type"": ""prop_cutout"", ""expected_background_mode"": ""alpha_cutout"", ""expected_concept_word"": ""aquarium gravel bar"", ""reviewed_from"": ""audit/visual-assets/sheets/pending_visual/09-props-prop-cutout-aquarium-003.jpg"", ""decision_source"": ""audit/visual-assets/decisions-props-remaining.jsonl"", ""sha256"": ""b4cff987037ecb4fb4a6229092b912aefcf12d1a876d262d86d6cb478b72033b"", ""bytes"": 7342, ""notes"": ""Low resolution sprite with pixelated rendering or insufficient dimension (aquarium-gravel-bar)."", ""reason_codes"": [""low_resolution""]}"
live:prop:aquarium-gravel-v2,aquarium-gravel-v2,aquarium gravel v2,props,live,09_props,production_asset,public/assets/09_props/img/aquarium-gravel-v2.png,REVIEW,"[""exact_duplicate""]","[""exact_duplicate""]",Duplicate asset matching existing cutout prop across packs (aquarium-gravel-v2).,,audit/visual-assets/sheets/pending_visual/09-props-prop-cutout-aquarium-003.jpg,,"{""asset_id"": ""live:prop:aquarium-gravel-v2"", ""key"": ""aquarium-gravel-v2"", ""concept"": ""aquarium gravel v2"", ""source_bank"": ""09_props"", ""source_role"": ""production_asset"", ""source_path"": ""public/assets/09_props/img/aquarium-gravel-v2.png"", ""expected_asset_type"": ""prop_cutout"", ""expected_background_mode"": ""alpha_cutout"", ""expected_concept_word"": ""aquarium gravel v2"", ""reviewed_from"": ""audit/visual-assets/sheets/pending_visual/09-props-prop-cutout-aquarium-003.jpg"", ""decision_source"": ""audit/visual-assets/decisions-props-remaining.jsonl"", ""sha256"": ""b74dab20abc186d27d1138e0e412df598dba736bc1b3326ad08f1114d4e6c8b0"", ""bytes"": 79133, ""notes"": ""Duplicate asset matching existing cutout prop across packs (aquarium-gravel-v2)."", ""reason_codes"": [""exact_duplicate""]}"
live:prop:aquarium-jellyfish,aquarium-jellyfish,aquarium jellyfish,props,live,09_props,production_asset,public/assets/09_props/img/aquarium-jellyfish.png,REVIEW,"[""exact_duplicate""]","[""exact_duplicate""]",Duplicate asset matching existing cutout prop across packs (aquarium-jellyfish).,,audit/visual-assets/sheets/pending_visual/09-props-prop-cutout-aquarium-003.jpg,,"{""asset_id"": ""live:prop:aquarium-jellyfish"", ""key"": ""aquarium-jellyfish"", ""concept"": ""aquarium jellyfish"", ""source_bank"": ""09_props"", ""source_role"": ""production_asset"", ""source_path"": ""public/assets/09_props/img/aquarium-jellyfish.png"", ""expected_asset_type"": ""prop_cutout"", ""expected_background_mode"": ""alpha_cutout"", ""expected_concept_word"": ""aquarium jellyfish"", ""reviewed_from"": ""audit/visual-assets/sheets/pending_visual/09-props-prop-cutout-aquarium-003.jpg"", ""decision_source"": ""audit/visual-assets/decisions-props-remaining.jsonl"", ""sha256"": ""a8e73d7f3227a73892a588458874284755aac023c875e468c93840b84d3e0660"", ""bytes"": 89344, ""notes"": ""Duplicate asset matching existing cutout prop across packs (aquarium-jellyfish)."", ""reason_codes"": [""exact_duplicate""]}"
live:prop:aquarium-jellyfish-v2,aquarium-jellyfish-v2,aquarium jellyfish v2,props,live,09_props,production_asset,public/assets/09_props/img/aquarium-jellyfish-v2.png,REVIEW,"[""exact_duplicate""]","[""exact_duplicate""]",Duplicate asset matching existing cutout prop across packs (aquarium-jellyfish-v2).,,audit/visual-assets/sheets/pending_visual/09-props-prop-cutout-aquarium-003.jpg,,"{""asset_id"": ""live:prop:aquarium-jellyfish-v2"", ""key"": ""aquarium-jellyfish-v2"", ""concept"": ""aquarium jellyfish v2"", ""source_bank"": ""09_props"", ""source_role"": ""production_asset"", ""source_path"": ""public/assets/09_props/img/aquarium-jellyfish-v2.png"", ""expected_asset_type"": ""prop_cutout"", ""expected_background_mode"": ""alpha_cutout"", ""expected_concept_word"": ""aquarium jellyfish v2"", ""reviewed_from"": ""audit/visual-assets/sheets/pending_visual/09-props-prop-cutout-aquarium-003.jpg"", ""decision_source"": ""audit/visual-assets/decisions-props-remaining.jsonl"", ""sha256"": ""a8e73d7f3227a73892a588458874284755aac023c875e468c93840b84d3e0660"", ""bytes"": 89344, ""notes"": ""Duplicate asset matching existing cutout prop across packs (aquarium-jellyfish-v2)."", ""reason_codes"": [""exact_duplicate""]}"
live:prop:aquarium-lighthouse-model,aquarium-lighthouse-model,aquarium lighthouse model,props,live,09_props,production_asset,public/assets/09_props/img/aquarium-lighthouse-model.png,REVIEW,"[""exact_duplicate""]","[""exact_duplicate""]",Duplicate asset matching existing cutout prop across packs (aquarium-lighthouse-model).,,audit/visual-assets/sheets/pending_visual/09-props-prop-cutout-aquarium-003.jpg,,"{""asset_id"": ""live:prop:aquarium-lighthouse-model"", ""key"": ""aquarium-lighthouse-model"", ""concept"": ""aquarium lighthouse model"", ""source_bank"": ""09_props"", ""source_role"": ""production_asset"", ""source_path"": ""public/assets/09_props/img/aquarium-lighthouse-model.png"", ""expected_asset_type"": ""prop_cutout"", ""expected_background_mode"": ""alpha_cutout"", ""expected_concept_word"": ""aquarium lighthouse model"", ""reviewed_from"": ""audit/visual-assets/sheets/pending_visual/09-props-prop-cutout-aquarium-003.jpg"", ""decision_source"": ""audit/visual-assets/decisions-props-remaining.jsonl"", ""sha256"": ""3540af7f1c97534fed2e49fa7030a13a152250fa226c72a9a56e5ea7863305cd"", ""bytes"": 53632, ""notes"": ""Duplicate asset matching existing cutout prop across packs (aquarium-lighthouse-model)."", ""reason_codes"": [""exact_duplicate""]}"
live:prop:aquarium-lighthouse-model-v2,aquarium-lighthouse-model-v2,aquarium lighthouse model v2,props,live,09_props,production_asset,public/assets/09_props/img/aquarium-lighthouse-model-v2.png,REVIEW,"[""exact_duplicate""]","[""exact_duplicate""]",Duplicate asset matching existing cutout prop across packs (aquarium-lighthouse-model-v2).,,audit/visual-assets/sheets/pending_visual/09-props-prop-cutout-aquarium-003.jpg,,"{""asset_id"": ""live:prop:aquarium-lighthouse-model-v2"", ""key"": ""aquarium-lighthouse-model-v2"", ""concept"": ""aquarium lighthouse model v2"", ""source_bank"": ""09_props"", ""source_role"": ""production_asset"", ""source_path"": ""public/assets/09_props/img/aquarium-lighthouse-model-v2.png"", ""expected_asset_type"": ""prop_cutout"", ""expected_background_mode"": ""alpha_cutout"", ""expected_concept_word"": ""aquarium lighthouse model v2"", ""reviewed_from"": ""audit/visual-assets/sheets/pending_visual/09-props-prop-cutout-aquarium-003.jpg"", ""decision_source"": ""audit/visual-assets/decisions-props-remaining.jsonl"", ""sha256"": ""3540af7f1c97534fed2e49fa7030a13a152250fa226c72a9a56e5ea7863305cd"", ""bytes"": 53632, ""notes"": ""Duplicate asset matching existing cutout prop across packs (aquarium-lighthouse-model-v2)."", ""reason_codes"": [""exact_duplicate""]}"
live:prop:aquarium-net,aquarium-net,aquarium net,props,live,09_props,production_asset,public/assets/09_props/img/aquarium-net.png,REVIEW,"[""exact_duplicate""]","[""exact_duplicate""]",Duplicate asset matching existing cutout prop across packs (aquarium-net).,,audit/visual-assets/sheets/pending_visual/09-props-prop-cutout-aquarium-003.jpg,,"{""asset_id"": ""live:prop:aquarium-net"", ""key"": ""aquarium-net"", ""concept"": ""aquarium net"", ""source_bank"": ""09_props"", ""source_role"": ""production_asset"", ""source_path"": ""public/assets/09_props/img/aquarium-net.png"", ""expected_asset_type"": ""prop_cutout"", ""expected_background_mode"": ""alpha_cutout"", ""expected_concept_word"": ""aquarium net"", ""reviewed_from"": ""audit/visual-assets/sheets/pending_visual/09-props-prop-cutout-aquarium-003.jpg"", ""decision_source"": ""audit/visual-assets/decisions-props-remaining.jsonl"", ""sha256"": ""8443ba58a42a90cb0698fb52f4a28ec6534539fb685ba74ed94d598053a918b6"", ""bytes"": 72006, ""notes"": ""Duplicate asset matching existing cutout prop across packs (aquarium-net)."", ""reason_codes"": [""exact_duplicate""]}"
live:prop:aquarium-net-v2,aquarium-net-v2,aquarium net v2,props,live,09_props,production_asset,public/assets/09_props/img/aquarium-net-v2.png,REVIEW,"[""exact_duplicate""]","[""exact_duplicate""]",Duplicate asset matching existing cutout prop across packs (aquarium-net-v2).,,audit/visual-assets/sheets/pending_visual/09-props-prop-cutout-aquarium-003.jpg,,"{""asset_id"": ""live:prop:aquarium-net-v2"", ""key"": ""aquarium-net-v2"", ""concept"": ""aquarium net v2"", ""source_bank"": ""09_props"", ""source_role"": ""production_asset"", ""source_path"": ""public/assets/09_props/img/aquarium-net-v2.png"", ""expected_asset_type"": ""prop_cutout"", ""expected_background_mode"": ""alpha_cutout"", ""expected_concept_word"": ""aquarium net v2"", ""reviewed_from"": ""audit/visual-assets/sheets/pending_visual/09-props-prop-cutout-aquarium-003.jpg"", ""decision_source"": ""audit/visual-assets/decisions-props-remaining.jsonl"", ""sha256"": ""8443ba58a42a90cb0698fb52f4a28ec6534539fb685ba74ed94d598053a918b6"", ""bytes"": 72006, ""notes"": ""Duplicate asset matching existing cutout prop across packs (aquarium-net-v2)."", ""reason_codes"": [""exact_duplicate""]}"
live:prop:aquarium-octopus,aquarium-octopus,aquarium octopus,props,live,09_props,production_asset,public/assets/09_props/img/aquarium-octopus.png,REVIEW,"[""exact_duplicate""]","[""exact_duplicate""]",Duplicate asset matching existing cutout prop across packs (aquarium-octopus).,,audit/visual-assets/sheets/pending_visual/09-props-prop-cutout-aquarium-003.jpg,,"{""asset_id"": ""live:prop:aquarium-octopus"", ""key"": ""aquarium-octopus"", ""concept"": ""aquarium octopus"", ""source_bank"": ""09_props"", ""source_role"": ""production_asset"", ""source_path"": ""public/assets/09_props/img/aquarium-octopus.png"", ""expected_asset_type"": ""prop_cutout"", ""expected_background_mode"": ""alpha_cutout"", ""expected_concept_word"": ""aquarium octopus"", ""reviewed_from"": ""audit/visual-assets/sheets/pending_visual/09-props-prop-cutout-aquarium-003.jpg"", ""decision_source"": ""audit/visual-assets/decisions-props-remaining.jsonl"", ""sha256"": ""2f87f58e525f91fa9b548b6d6a5fc4c1e70a3f7bce71d7e453bb47230adaafb3"", ""bytes"": 121719, ""notes"": ""Duplicate asset matching existing cutout prop across packs (aquarium-octopus)."", ""reason_codes"": [""exact_duplicate""]}"
live:prop:aquarium-octopus-v2,aquarium-octopus-v2,aquarium octopus v2,props,live,09_props,production_asset,public/assets/09_props/img/aquarium-octopus-v2.png,REVIEW,"[""exact_duplicate""]","[""exact_duplicate""]",Duplicate asset matching existing cutout prop across packs (aquarium-octopus-v2).,,audit/visual-assets/sheets/pending_visual/09-props-prop-cutout-aquarium-003.jpg,,"{""asset_id"": ""live:prop:aquarium-octopus-v2"", ""key"": ""aquarium-octopus-v2"", ""concept"": ""aquarium octopus v2"", ""source_bank"": ""09_props"", ""source_role"": ""production_asset"", ""source_path"": ""public/assets/09_props/img/aquarium-octopus-v2.png"", ""expected_asset_type"": ""prop_cutout"", ""expected_background_mode"": ""alpha_cutout"", ""expected_concept_word"": ""aquarium octopus v2"", ""reviewed_from"": ""audit/visual-assets/sheets/pending_visual/09-props-prop-cutout-aquarium-003.jpg"", ""decision_source"": ""audit/visual-assets/decisions-props-remaining.jsonl"", ""sha256"": ""2f87f58e525f91fa9b548b6d6a5fc4c1e70a3f7bce71d7e453bb47230adaafb3"", ""bytes"": 121719, ""notes"": ""Duplicate asset matching existing cutout prop across packs (aquarium-octopus-v2)."", ""reason_codes"": [""exact_duplicate""]}"
live:prop:aquarium-pebble-a,aquarium-pebble-a,aquarium pebble a,props,live,09_props,production_asset,public/assets/09_props/img/aquarium-pebble-a.png,REVIEW,"[""low_resolution""]","[""low_resolution""]",Low resolution sprite with pixelated rendering or insufficient dimension (aquarium-pebble-a).,,audit/visual-assets/sheets/pending_visual/09-props-prop-cutout-aquarium-003.jpg,,"{""asset_id"": ""live:prop:aquarium-pebble-a"", ""key"": ""aquarium-pebble-a"", ""concept"": ""aquarium pebble a"", ""source_bank"": ""09_props"", ""source_role"": ""production_asset"", ""source_path"": ""public/assets/09_props/img/aquarium-pebble-a.png"", ""expected_asset_type"": ""prop_cutout"", ""expected_background_mode"": ""alpha_cutout"", ""expected_concept_word"": ""aquarium pebble a"", ""reviewed_from"": ""audit/visual-assets/sheets/pending_visual/09-props-prop-cutout-aquarium-003.jpg"", ""decision_source"": ""audit/visual-assets/decisions-props-remaining.jsonl"", ""sha256"": ""b17ad74524a1533d56b98de224b3f2b71433cb4aecd7d75c544a588350089813"", ""bytes"": 6349, ""notes"": ""Low resolution sprite with pixelated rendering or insufficient dimension (aquarium-pebble-a)."", ""reason_codes"": [""low_resolution""]}"
live:prop:aquarium-pebble-b,aquarium-pebble-b,aquarium pebble b,props,live,09_props,production_asset,public/assets/09_props/img/aquarium-pebble-b.png,REVIEW,"[""low_resolution""]","[""low_resolution""]",Low resolution sprite with pixelated rendering or insufficient dimension (aquarium-pebble-b).,,audit/visual-assets/sheets/pending_visual/09-props-prop-cutout-aquarium-003.jpg,,"{""asset_id"": ""live:prop:aquarium-pebble-b"", ""key"": ""aquarium-pebble-b"", ""concept"": ""aquarium pebble b"", ""source_bank"": ""09_props"", ""source_role"": ""production_asset"", ""source_path"": ""public/assets/09_props/img/aquarium-pebble-b.png"", ""expected_asset_type"": ""prop_cutout"", ""expected_background_mode"": ""alpha_cutout"", ""expected_concept_word"": ""aquarium pebble b"", ""reviewed_from"": ""audit/visual-assets/sheets/pending_visual/09-props-prop-cutout-aquarium-003.jpg"", ""decision_source"": ""audit/visual-assets/decisions-props-remaining.jsonl"", ""sha256"": ""0d30a400bbdbf130cf77c1d4f39de61c1fa11d3a94398ed36e318f338dbef8fa"", ""bytes"": 6397, ""notes"": ""Low resolution sprite with pixelated rendering or insufficient dimension (aquarium-pebble-b)."", ""reason_codes"": [""low_resolution""]}"
live:prop:aquarium-pier-post,aquarium-pier-post,aquarium pier post,props,live,09_props,production_asset,public/assets/09_props/img/aquarium-pier-post.png,REVIEW,"[""exact_duplicate""]","[""exact_duplicate""]",Duplicate asset matching existing cutout prop across packs (aquarium-pier-post).,,audit/visual-assets/sheets/pending_visual/09-props-prop-cutout-aquarium-004.jpg,,"{""asset_id"": ""live:prop:aquarium-pier-post"", ""key"": ""aquarium-pier-post"", ""concept"": ""aquarium pier post"", ""source_bank"": ""09_props"", ""source_role"": ""production_asset"", ""source_path"": ""public/assets/09_props/img/aquarium-pier-post.png"", ""expected_asset_type"": ""prop_cutout"", ""expected_background_mode"": ""alpha_cutout"", ""expected_concept_word"": ""aquarium pier post"", ""reviewed_from"": ""audit/visual-assets/sheets/pending_visual/09-props-prop-cutout-aquarium-004.jpg"", ""decision_source"": ""audit/visual-assets/decisions-props-remaining.jsonl"", ""sha256"": ""58b2e7b600332f87f2ae5288bab97c10e17cee85764345028334422b3dc00832"", ""bytes"": 99472, ""notes"": ""Duplicate asset matching existing cutout prop across packs (aquarium-pier-post)."", ""reason_codes"": [""exact_duplicate""]}"
live:prop:aquarium-pier-post-v2,aquarium-pier-post-v2,aquarium pier post v2,props,live,09_props,production_asset,public/assets/09_props/img/aquarium-pier-post-v2.png,REVIEW,"[""exact_duplicate""]","[""exact_duplicate""]",Duplicate asset matching existing cutout prop across packs (aquarium-pier-post-v2).,,audit/visual-assets/sheets/pending_visual/09-props-prop-cutout-aquarium-004.jpg,,"{""asset_id"": ""live:prop:aquarium-pier-post-v2"", ""key"": ""aquarium-pier-post-v2"", ""concept"": ""aquarium pier post v2"", ""source_bank"": ""09_props"", ""source_role"": ""production_asset"", ""source_path"": ""public/assets/09_props/img/aquarium-pier-post-v2.png"", ""expected_asset_type"": ""prop_cutout"", ""expected_background_mode"": ""alpha_cutout"", ""expected_concept_word"": ""aquarium pier post v2"", ""reviewed_from"": ""audit/visual-assets/sheets/pending_visual/09-props-prop-cutout-aquarium-004.jpg"", ""decision_source"": ""audit/visual-assets/decisions-props-remaining.jsonl"", ""sha256"": ""58b2e7b600332f87f2ae5288bab97c10e17cee85764345028334422b3dc00832"", ""bytes"": 99472, ""notes"": ""Duplicate asset matching existing cutout prop across packs (aquarium-pier-post-v2)."", ""reason_codes"": [""exact_duplicate""]}"
live:prop:aquarium-plant-ornament,aquarium-plant-ornament,aquarium plant ornament,props,live,09_props,production_asset,public/assets/09_props/img/aquarium-plant-ornament.png,REVIEW,"[""exact_duplicate""]","[""exact_duplicate""]",Duplicate asset matching existing cutout prop across packs (aquarium-plant-ornament).,,audit/visual-assets/sheets/pending_visual/09-props-prop-cutout-aquarium-004.jpg,,"{""asset_id"": ""live:prop:aquarium-plant-ornament"", ""key"": ""aquarium-plant-ornament"", ""concept"": ""aquarium plant ornament"", ""source_bank"": ""09_props"", ""source_role"": ""production_asset"", ""source_path"": ""public/assets/09_props/img/aquarium-plant-ornament.png"", ""expected_asset_type"": ""prop_cutout"", ""expected_background_mode"": ""alpha_cutout"", ""expected_concept_word"": ""aquarium plant ornament"", ""reviewed_from"": ""audit/visual-assets/sheets/pending_visual/09-props-prop-cutout-aquarium-004.jpg"", ""decision_source"": ""audit/visual-assets/decisions-props-remaining.jsonl"", ""sha256"": ""d0c4079021cb776aee1f25ff62622ea84a56afbe29c73f34bebc7b1f218eb0dd"", ""bytes"": 77850, ""notes"": ""Duplicate asset matching existing cutout prop across packs (aquarium-plant-ornament)."", ""reason_codes"": [""exact_duplicate""]}"
live:prop:aquarium-plant-ornament-v2,aquarium-plant-ornament-v2,aquarium plant ornament v2,props,live,09_props,production_asset,public/assets/09_props/img/aquarium-plant-ornament-v2.png,REVIEW,"[""exact_duplicate""]","[""exact_duplicate""]",Duplicate asset matching existing cutout prop across packs (aquarium-plant-ornament-v2).,,audit/visual-assets/sheets/pending_visual/09-props-prop-cutout-aquarium-004.jpg,,"{""asset_id"": ""live:prop:aquarium-plant-ornament-v2"", ""key"": ""aquarium-plant-ornament-v2"", ""concept"": ""aquarium plant ornament v2"", ""source_bank"": ""09_props"", ""source_role"": ""production_asset"", ""source_path"": ""public/assets/09_props/img/aquarium-plant-ornament-v2.png"", ""expected_asset_type"": ""prop_cutout"", ""expected_background_mode"": ""alpha_cutout"", ""expected_concept_word"": ""aquarium plant ornament v2"", ""reviewed_from"": ""audit/visual-assets/sheets/pending_visual/09-props-prop-cutout-aquarium-004.jpg"", ""decision_source"": ""audit/visual-assets/decisions-props-remaining.jsonl"", ""sha256"": ""d0c4079021cb776aee1f25ff62622ea84a56afbe29c73f34bebc7b1f218eb0dd"", ""bytes"": 77850, ""notes"": ""Duplicate asset matching existing cutout prop across packs (aquarium-plant-ornament-v2)."", ""reason_codes"": [""exact_duplicate""]}"
live:prop:aquarium-plant-seaweed-d,aquarium-plant-seaweed-d,aquarium plant seaweed d,props,live,09_props,production_asset,public/assets/09_props/img/aquarium-plant-seaweed-d.png,REVIEW,"[""low_resolution""]","[""low_resolution""]",Low resolution sprite with pixelated rendering or insufficient dimension (aquarium-plant-seaweed-d).,,audit/visual-assets/sheets/pending_visual/09-props-prop-cutout-aquarium-004.jpg,,"{""asset_id"": ""live:prop:aquarium-plant-seaweed-d"", ""key"": ""aquarium-plant-seaweed-d"", ""concept"": ""aquarium plant seaweed d"", ""source_bank"": ""09_props"", ""source_role"": ""production_asset"", ""source_path"": ""public/assets/09_props/img/aquarium-plant-seaweed-d.png"", ""expected_asset_type"": ""prop_cutout"", ""expected_background_mode"": ""alpha_cutout"", ""expected_concept_word"": ""aquarium plant seaweed d"", ""reviewed_from"": ""audit/visual-assets/sheets/pending_visual/09-props-prop-cutout-aquarium-004.jpg"", ""decision_source"": ""audit/visual-assets/decisions-props-remaining.jsonl"", ""sha256"": ""7f364485a71ccfead5eb80f180a40a38a38d2788dfd13f02dfc04095c59dc32b"", ""bytes"": 15014, ""notes"": ""Low resolution sprite with pixelated rendering or insufficient dimension (aquarium-plant-seaweed-d)."", ""reason_codes"": [""low_resolution""]}"
live:prop:aquarium-sand-dollar-pattern,aquarium-sand-dollar-pattern,aquarium sand dollar pattern,props,live,09_props,production_asset,public/assets/09_props/img/aquarium-sand-dollar-pattern.png,REVIEW,"[""low_resolution""]","[""low_resolution""]",Low resolution sprite with pixelated rendering or insufficient dimension (aquarium-sand-dollar-pattern).,,audit/visual-assets/sheets/pending_visual/09-props-prop-cutout-aquarium-004.jpg,,"{""asset_id"": ""live:prop:aquarium-sand-dollar-pattern"", ""key"": ""aquarium-sand-dollar-pattern"", ""concept"": ""aquarium sand dollar pattern"", ""source_bank"": ""09_props"", ""source_role"": ""production_asset"", ""source_path"": ""public/assets/09_props/img/aquarium-sand-dollar-pattern.png"", ""expected_asset_type"": ""prop_cutout"", ""expected_background_mode"": ""alpha_cutout"", ""expected_concept_word"": ""aquarium sand dollar pattern"", ""reviewed_from"": ""audit/visual-assets/sheets/pending_visual/09-props-prop-cutout-aquarium-004.jpg"", ""decision_source"": ""audit/visual-assets/decisions-props-remaining.jsonl"", ""sha256"": ""706ba65e165300f85e2a93b53c0c2df09c4b1749676d7d8f7e40a89ed781d144"", ""bytes"": 10879, ""notes"": ""Low resolution sprite with pixelated rendering or insufficient dimension (aquarium-sand-dollar-pattern)."", ""reason_codes"": [""low_resolution""]}"
live:prop:aquarium-seahorse,aquarium-seahorse,aquarium seahorse,props,live,09_props,production_asset,public/assets/09_props/img/aquarium-seahorse.png,REVIEW,"[""exact_duplicate""]","[""exact_duplicate""]",Duplicate asset matching existing cutout prop across packs (aquarium-seahorse).,,audit/visual-assets/sheets/pending_visual/09-props-prop-cutout-aquarium-004.jpg,,"{""asset_id"": ""live:prop:aquarium-seahorse"", ""key"": ""aquarium-seahorse"", ""concept"": ""aquarium seahorse"", ""source_bank"": ""09_props"", ""source_role"": ""production_asset"", ""source_path"": ""public/assets/09_props/img/aquarium-seahorse.png"", ""expected_asset_type"": ""prop_cutout"", ""expected_background_mode"": ""alpha_cutout"", ""expected_concept_word"": ""aquarium seahorse"", ""reviewed_from"": ""audit/visual-assets/sheets/pending_visual/09-props-prop-cutout-aquarium-004.jpg"", ""decision_source"": ""audit/visual-assets/decisions-props-remaining.jsonl"", ""sha256"": ""0897b1c508f658e9174f6c3ab070006d840bee404a98afc9a7d74c2ce3f868e6"", ""bytes"": 51333, ""notes"": ""Duplicate asset matching existing cutout prop across packs (aquarium-seahorse)."", ""reason_codes"": [""exact_duplicate""]}"
live:prop:aquarium-seahorse-orange,aquarium-seahorse-orange,aquarium seahorse orange,props,live,09_props,production_asset,public/assets/09_props/img/aquarium-seahorse-orange.png,REVIEW,"[""low_resolution""]","[""low_resolution""]",Low resolution sprite with pixelated rendering or insufficient dimension (aquarium-seahorse-orange).,,audit/visual-assets/sheets/pending_visual/09-props-prop-cutout-aquarium-004.jpg,,"{""asset_id"": ""live:prop:aquarium-seahorse-orange"", ""key"": ""aquarium-seahorse-orange"", ""concept"": ""aquarium seahorse orange"", ""source_bank"": ""09_props"", ""source_role"": ""production_asset"", ""source_path"": ""public/assets/09_props/img/aquarium-seahorse-orange.png"", ""expected_asset_type"": ""prop_cutout"", ""expected_background_mode"": ""alpha_cutout"", ""expected_concept_word"": ""aquarium seahorse orange"", ""reviewed_from"": ""audit/visual-assets/sheets/pending_visual/09-props-prop-cutout-aquarium-004.jpg"", ""decision_source"": ""audit/visual-assets/decisions-props-remaining.jsonl"", ""sha256"": ""4eb34b43cd291101dfd9fe136d600ed097153bd7a7376be5231a23c9a083cdb4"", ""bytes"": 14343, ""notes"": ""Low resolution sprite with pixelated rendering or insufficient dimension (aquarium-seahorse-orange)."", ""reason_codes"": [""low_resolution""]}"
live:prop:aquarium-seahorse-v2,aquarium-seahorse-v2,aquarium seahorse v2,props,live,09_props,production_asset,public/assets/09_props/img/aquarium-seahorse-v2.png,REVIEW,"[""exact_duplicate""]","[""exact_duplicate""]",Duplicate asset matching existing cutout prop across packs (aquarium-seahorse-v2).,,audit/visual-assets/sheets/pending_visual/09-props-prop-cutout-aquarium-004.jpg,,"{""asset_id"": ""live:prop:aquarium-seahorse-v2"", ""key"": ""aquarium-seahorse-v2"", ""concept"": ""aquarium seahorse v2"", ""source_bank"": ""09_props"", ""source_role"": ""production_asset"", ""source_path"": ""public/assets/09_props/img/aquarium-seahorse-v2.png"", ""expected_asset_type"": ""prop_cutout"", ""expected_background_mode"": ""alpha_cutout"", ""expected_concept_word"": ""aquarium seahorse v2"", ""reviewed_from"": ""audit/visual-assets/sheets/pending_visual/09-props-prop-cutout-aquarium-004.jpg"", ""decision_source"": ""audit/visual-assets/decisions-props-remaining.jsonl"", ""sha256"": ""0897b1c508f658e9174f6c3ab070006d840bee404a98afc9a7d74c2ce3f868e6"", ""bytes"": 51333, ""notes"": ""Duplicate asset matching existing cutout prop across packs (aquarium-seahorse-v2)."", ""reason_codes"": [""exact_duplicate""]}"
live:prop:aquarium-seashell,aquarium-seashell,aquarium seashell,props,live,09_props,production_asset,public/assets/09_props/img/aquarium-seashell.png,REVIEW,"[""exact_duplicate""]","[""exact_duplicate""]",Duplicate asset matching existing cutout prop across packs (aquarium-seashell).,,audit/visual-assets/sheets/pending_visual/09-props-prop-cutout-aquarium-004.jpg,,"{""asset_id"": ""live:prop:aquarium-seashell"", ""key"": ""aquarium-seashell"", ""concept"": ""aquarium seashell"", ""source_bank"": ""09_props"", ""source_role"": ""production_asset"", ""source_path"": ""public/assets/09_props/img/aquarium-seashell.png"", ""expected_asset_type"": ""prop_cutout"", ""expected_background_mode"": ""alpha_cutout"", ""expected_concept_word"": ""aquarium seashell"", ""reviewed_from"": ""audit/visual-assets/sheets/pending_visual/09-props-prop-cutout-aquarium-004.jpg"", ""decision_source"": ""audit/visual-assets/decisions-props-remaining.jsonl"", ""sha256"": ""5cfe61f9c2415c3ddcb2b45e47c00678988de087a9836c7ed88152d4288be756"", ""bytes"": 112081, ""notes"": ""Duplicate asset matching existing cutout prop across packs (aquarium-seashell)."", ""reason_codes"": [""exact_duplicate""]}"
live:prop:aquarium-seashell-v2,aquarium-seashell-v2,aquarium seashell v2,props,live,09_props,production_asset,public/assets/09_props/img/aquarium-seashell-v2.png,REVIEW,"[""exact_duplicate""]","[""exact_duplicate""]",Duplicate asset matching existing cutout prop across packs (aquarium-seashell-v2).,,audit/visual-assets/sheets/pending_visual/09-props-prop-cutout-aquarium-004.jpg,,"{""asset_id"": ""live:prop:aquarium-seashell-v2"", ""key"": ""aquarium-seashell-v2"", ""concept"": ""aquarium seashell v2"", ""source_bank"": ""09_props"", ""source_role"": ""production_asset"", ""source_path"": ""public/assets/09_props/img/aquarium-seashell-v2.png"", ""expected_asset_type"": ""prop_cutout"", ""expected_background_mode"": ""alpha_cutout"", ""expected_concept_word"": ""aquarium seashell v2"", ""reviewed_from"": ""audit/visual-assets/sheets/pending_visual/09-props-prop-cutout-aquarium-004.jpg"", ""decision_source"": ""audit/visual-assets/decisions-props-remaining.jsonl"", ""sha256"": ""5cfe61f9c2415c3ddcb2b45e47c00678988de087a9836c7ed88152d4288be756"", ""bytes"": 112081, ""notes"": ""Duplicate asset matching existing cutout prop across packs (aquarium-seashell-v2)."", ""reason_codes"": [""exact_duplicate""]}"
live:prop:aquarium-shell-blue,aquarium-shell-blue,aquarium shell blue,props,live,09_props,production_asset,public/assets/09_props/img/aquarium-shell-blue.png,REVIEW,"[""low_resolution""]","[""low_resolution""]",Low resolution sprite with pixelated rendering or insufficient dimension (aquarium-shell-blue).,,audit/visual-assets/sheets/pending_visual/09-props-prop-cutout-aquarium-004.jpg,,"{""asset_id"": ""live:prop:aquarium-shell-blue"", ""key"": ""aquarium-shell-blue"", ""concept"": ""aquarium shell blue"", ""source_bank"": ""09_props"", ""source_role"": ""production_asset"", ""source_path"": ""public/assets/09_props/img/aquarium-shell-blue.png"", ""expected_asset_type"": ""prop_cutout"", ""expected_background_mode"": ""alpha_cutout"", ""expected_concept_word"": ""aquarium shell blue"", ""reviewed_from"": ""audit/visual-assets/sheets/pending_visual/09-props-prop-cutout-aquarium-004.jpg"", ""decision_source"": ""audit/visual-assets/decisions-props-remaining.jsonl"", ""sha256"": ""da079a1f6cc1139d23dd1639afad7f0b8202e8c2fb83099adcde89cb38d30cef"", ""bytes"": 12123, ""notes"": ""Low resolution sprite with pixelated rendering or insufficient dimension (aquarium-shell-blue)."", ""reason_codes"": [""low_resolution""]}"
live:prop:aquarium-shell-clam,aquarium-shell-clam,aquarium shell clam,props,live,09_props,production_asset,public/assets/09_props/img/aquarium-shell-clam.png,REVIEW,"[""low_resolution""]","[""low_resolution""]",Low resolution sprite with pixelated rendering or insufficient dimension (aquarium-shell-clam).,,audit/visual-assets/sheets/pending_visual/09-props-prop-cutout-aquarium-004.jpg,,"{""asset_id"": ""live:prop:aquarium-shell-clam"", ""key"": ""aquarium-shell-clam"", ""concept"": ""aquarium shell clam"", ""source_bank"": ""09_props"", ""source_role"": ""production_asset"", ""source_path"": ""public/assets/09_props/img/aquarium-shell-clam.png"", ""expected_asset_type"": ""prop_cutout"", ""expected_background_mode"": ""alpha_cutout"", ""expected_concept_word"": ""aquarium shell clam"", ""reviewed_from"": ""audit/visual-assets/sheets/pending_visual/09-props-prop-cutout-aquarium-004.jpg"", ""decision_source"": ""audit/visual-assets/decisions-props-remaining.jsonl"", ""sha256"": ""bef315216d2b22a33f6d6c4b130da6cd4789747009a154444b876616c44c9e5f"", ""bytes"": 13243, ""notes"": ""Low resolution sprite with pixelated rendering or insufficient dimension (aquarium-shell-clam)."", ""reason_codes"": [""low_resolution""]}"
live:prop:aquarium-shell-conch,aquarium-shell-conch,aquarium shell conch,props,live,09_props,production_asset,public/assets/09_props/img/aquarium-shell-conch.png,REVIEW,"[""low_resolution""]","[""low_resolution""]",Low resolution sprite with pixelated rendering or insufficient dimension (aquarium-shell-conch).,,audit/visual-assets/sheets/pending_visual/09-props-prop-cutout-aquarium-004.jpg,,"{""asset_id"": ""live:prop:aquarium-shell-conch"", ""key"": ""aquarium-shell-conch"", ""concept"": ""aquarium shell conch"", ""source_bank"": ""09_props"", ""source_role"": ""production_asset"", ""source_path"": ""public/assets/09_props/img/aquarium-shell-conch.png"", ""expected_asset_type"": ""prop_cutout"", ""expected_background_mode"": ""alpha_cutout"", ""expected_concept_word"": ""aquarium shell conch"", ""reviewed_from"": ""audit/visual-assets/sheets/pending_visual/09-props-prop-cutout-aquarium-004.jpg"", ""decision_source"": ""audit/visual-assets/decisions-props-remaining.jsonl"", ""sha256"": ""15f183a49d43d87f42fb9f4d51ed90aba7ae8235f9ab8f0d710a389e80ddc1eb"", ""bytes"": 13675, ""notes"": ""Low resolution sprite with pixelated rendering or insufficient dimension (aquarium-shell-conch)."", ""reason_codes"": [""low_resolution""]}"
live:prop:aquarium-shell-conch-b,aquarium-shell-conch-b,aquarium shell conch b,props,live,09_props,production_asset,public/assets/09_props/img/aquarium-shell-conch-b.png,REVIEW,"[""low_resolution""]","[""low_resolution""]",Low resolution sprite with pixelated rendering or insufficient dimension (aquarium-shell-conch-b).,,audit/visual-assets/sheets/pending_visual/09-props-prop-cutout-aquarium-004.jpg,,"{""asset_id"": ""live:prop:aquarium-shell-conch-b"", ""key"": ""aquarium-shell-conch-b"", ""concept"": ""aquarium shell conch b"", ""source_bank"": ""09_props"", ""source_role"": ""production_asset"", ""source_path"": ""public/assets/09_props/img/aquarium-shell-conch-b.png"", ""expected_asset_type"": ""prop_cutout"", ""expected_background_mode"": ""alpha_cutout"", ""expected_concept_word"": ""aquarium shell conch b"", ""reviewed_from"": ""audit/visual-assets/sheets/pending_visual/09-props-prop-cutout-aquarium-004.jpg"", ""decision_source"": ""audit/visual-assets/decisions-props-remaining.jsonl"", ""sha256"": ""f250a6829ab87151deb2f1f9b611b77df6d8dfe8ae256064357878752b23745b"", ""bytes"": 11662, ""notes"": ""Low resolution sprite with pixelated rendering or insufficient dimension (aquarium-shell-conch-b)."", ""reason_codes"": [""low_resolution""]}"
live:prop:aquarium-shell-scallop,aquarium-shell-scallop,aquarium shell scallop,props,live,09_props,production_asset,public/assets/09_props/img/aquarium-shell-scallop.png,REVIEW,"[""low_resolution""]","[""low_resolution""]",Low resolution sprite with pixelated rendering or insufficient dimension (aquarium-shell-scallop).,,audit/visual-assets/sheets/pending_visual/09-props-prop-cutout-aquarium-004.jpg,,"{""asset_id"": ""live:prop:aquarium-shell-scallop"", ""key"": ""aquarium-shell-scallop"", ""concept"": ""aquarium shell scallop"", ""source_bank"": ""09_props"", ""source_role"": ""production_asset"", ""source_path"": ""public/assets/09_props/img/aquarium-shell-scallop.png"", ""expected_asset_type"": ""prop_cutout"", ""expected_background_mode"": ""alpha_cutout"", ""expected_concept_word"": ""aquarium shell scallop"", ""reviewed_from"": ""audit/visual-assets/sheets/pending_visual/09-props-prop-cutout-aquarium-004.jpg"", ""decision_source"": ""audit/visual-assets/decisions-props-remaining.jsonl"", ""sha256"": ""dcfdb6a66c9901760aa6375c615a62c8246ead37572f5748427d793e4f9bbeb3"", ""bytes"": 14206, ""notes"": ""Low resolution sprite with pixelated rendering or insufficient dimension (aquarium-shell-scallop)."", ""reason_codes"": [""low_resolution""]}"
live:prop:aquarium-snorkel,aquarium-snorkel,aquarium snorkel,props,live,09_props,production_asset,public/assets/09_props/img/aquarium-snorkel.png,REVIEW,"[""exact_duplicate""]","[""exact_duplicate""]",Duplicate asset matching existing cutout prop across packs (aquarium-snorkel).,,audit/visual-assets/sheets/pending_visual/09-props-prop-cutout-aquarium-005.jpg,,"{""asset_id"": ""live:prop:aquarium-snorkel"", ""key"": ""aquarium-snorkel"", ""concept"": ""aquarium snorkel"", ""source_bank"": ""09_props"", ""source_role"": ""production_asset"", ""source_path"": ""public/assets/09_props/img/aquarium-snorkel.png"", ""expected_asset_type"": ""prop_cutout"", ""expected_background_mode"": ""alpha_cutout"", ""expected_concept_word"": ""aquarium snorkel"", ""reviewed_from"": ""audit/visual-assets/sheets/pending_visual/09-props-prop-cutout-aquarium-005.jpg"", ""decision_source"": ""audit/visual-assets/decisions-props-remaining.jsonl"", ""sha256"": ""e52c662c0d6785ab3da9f4a8ea400d9b1e047f13fc36bb94aaa3daa87bab84ff"", ""bytes"": 34893, ""notes"": ""Duplicate asset matching existing cutout prop across packs (aquarium-snorkel)."", ""reason_codes"": [""exact_duplicate""]}"
live:prop:aquarium-snorkel-v2,aquarium-snorkel-v2,aquarium snorkel v2,props,live,09_props,production_asset,public/assets/09_props/img/aquarium-snorkel-v2.png,REVIEW,"[""exact_duplicate""]","[""exact_duplicate""]",Duplicate asset matching existing cutout prop across packs (aquarium-snorkel-v2).,,audit/visual-assets/sheets/pending_visual/09-props-prop-cutout-aquarium-005.jpg,,"{""asset_id"": ""live:prop:aquarium-snorkel-v2"", ""key"": ""aquarium-snorkel-v2"", ""concept"": ""aquarium snorkel v2"", ""source_bank"": ""09_props"", ""source_role"": ""production_asset"", ""source_path"": ""public/assets/09_props/img/aquarium-snorkel-v2.png"", ""expected_asset_type"": ""prop_cutout"", ""expected_background_mode"": ""alpha_cutout"", ""expected_concept_word"": ""aquarium snorkel v2"", ""reviewed_from"": ""audit/visual-assets/sheets/pending_visual/09-props-prop-cutout-aquarium-005.jpg"", ""decision_source"": ""audit/visual-assets/decisions-props-remaining.jsonl"", ""sha256"": ""e52c662c0d6785ab3da9f4a8ea400d9b1e047f13fc36bb94aaa3daa87bab84ff"", ""bytes"": 34893, ""notes"": ""Duplicate asset matching existing cutout prop across packs (aquarium-snorkel-v2)."", ""reason_codes"": [""exact_duplicate""]}"
live:prop:aquarium-starfish,aquarium-starfish,aquarium starfish,props,live,09_props,production_asset,public/assets/09_props/img/aquarium-starfish.png,REVIEW,"[""exact_duplicate""]","[""exact_duplicate""]",Duplicate asset matching existing cutout prop across packs (aquarium-starfish).,,audit/visual-assets/sheets/pending_visual/09-props-prop-cutout-aquarium-005.jpg,,"{""asset_id"": ""live:prop:aquarium-starfish"", ""key"": ""aquarium-starfish"", ""concept"": ""aquarium starfish"", ""source_bank"": ""09_props"", ""source_role"": ""production_asset"", ""source_path"": ""public/assets/09_props/img/aquarium-starfish.png"", ""expected_asset_type"": ""prop_cutout"", ""expected_background_mode"": ""alpha_cutout"", ""expected_concept_word"": ""aquarium starfish"", ""reviewed_from"": ""audit/visual-assets/sheets/pending_visual/09-props-prop-cutout-aquarium-005.jpg"", ""decision_source"": ""audit/visual-assets/decisions-props-remaining.jsonl"", ""sha256"": ""ff4a942d792efaea8e66fc7e060d4821de263dca570f1c38f51aa8fab8dda141"", ""bytes"": 105676, ""notes"": ""Duplicate asset matching existing cutout prop across packs (aquarium-starfish)."", ""reason_codes"": [""exact_duplicate""]}"
live:prop:aquarium-starfish-orange-b,aquarium-starfish-orange-b,aquarium starfish orange b,props,live,09_props,production_asset,public/assets/09_props/img/aquarium-starfish-orange-b.png,REVIEW,"[""low_resolution""]","[""low_resolution""]",Low resolution sprite with pixelated rendering or insufficient dimension (aquarium-starfish-orange-b).,,audit/visual-assets/sheets/pending_visual/09-props-prop-cutout-aquarium-005.jpg,,"{""asset_id"": ""live:prop:aquarium-starfish-orange-b"", ""key"": ""aquarium-starfish-orange-b"", ""concept"": ""aquarium starfish orange b"", ""source_bank"": ""09_props"", ""source_role"": ""production_asset"", ""source_path"": ""public/assets/09_props/img/aquarium-starfish-orange-b.png"", ""expected_asset_type"": ""prop_cutout"", ""expected_background_mode"": ""alpha_cutout"", ""expected_concept_word"": ""aquarium starfish orange b"", ""reviewed_from"": ""audit/visual-assets/sheets/pending_visual/09-props-prop-cutout-aquarium-005.jpg"", ""decision_source"": ""audit/visual-assets/decisions-props-remaining.jsonl"", ""sha256"": ""e404dc464b0d69262e37012c995772aeb99e13df8bffdb54bc812c6ed5e1e636"", ""bytes"": 13482, ""notes"": ""Low resolution sprite with pixelated rendering or insufficient dimension (aquarium-starfish-orange-b)."", ""reason_codes"": [""low_resolution""]}"
live:prop:aquarium-starfish-v2,aquarium-starfish-v2,aquarium starfish v2,props,live,09_props,production_asset,public/assets/09_props/img/aquarium-starfish-v2.png,REVIEW,"[""exact_duplicate""]","[""exact_duplicate""]",Duplicate asset matching existing cutout prop across packs (aquarium-starfish-v2).,,audit/visual-assets/sheets/pending_visual/09-props-prop-cutout-aquarium-005.jpg,,"{""asset_id"": ""live:prop:aquarium-starfish-v2"", ""key"": ""aquarium-starfish-v2"", ""concept"": ""aquarium starfish v2"", ""source_bank"": ""09_props"", ""source_role"": ""production_asset"", ""source_path"": ""public/assets/09_props/img/aquarium-starfish-v2.png"", ""expected_asset_type"": ""prop_cutout"", ""expected_background_mode"": ""alpha_cutout"", ""expected_concept_word"": ""aquarium starfish v2"", ""reviewed_from"": ""audit/visual-assets/sheets/pending_visual/09-props-prop-cutout-aquarium-005.jpg"", ""decision_source"": ""audit/visual-assets/decisions-props-remaining.jsonl"", ""sha256"": ""ff4a942d792efaea8e66fc7e060d4821de263dca570f1c38f51aa8fab8dda141"", ""bytes"": 105676, ""notes"": ""Duplicate asset matching existing cutout prop across packs (aquarium-starfish-v2)."", ""reason_codes"": [""exact_duplicate""]}"
live:prop:aquarium-tank-v2,aquarium-tank-v2,aquarium tank v2,props,live,09_props,production_asset,public/assets/09_props/img/aquarium-tank-v2.png,REVIEW,"[""exact_duplicate""]","[""exact_duplicate""]",Duplicate asset matching existing cutout prop across packs (aquarium-tank-v2).,,audit/visual-assets/sheets/pending_visual/09-props-prop-cutout-aquarium-005.jpg,,"{""asset_id"": ""live:prop:aquarium-tank-v2"", ""key"": ""aquarium-tank-v2"", ""concept"": ""aquarium tank v2"", ""source_bank"": ""09_props"", ""source_role"": ""production_asset"", ""source_path"": ""public/assets/09_props/img/aquarium-tank-v2.png"", ""expected_asset_type"": ""prop_cutout"", ""expected_background_mode"": ""alpha_cutout"", ""expected_concept_word"": ""aquarium tank v2"", ""reviewed_from"": ""audit/visual-assets/sheets/pending_visual/09-props-prop-cutout-aquarium-005.jpg"", ""decision_source"": ""audit/visual-assets/decisions-props-remaining.jsonl"", ""sha256"": ""b26b0987aa1f710a11faa2b87c6bf2170aa69c8d02fb3f3366059676cfe7ede6"", ""bytes"": 122484, ""notes"": ""Duplicate asset matching existing cutout prop across packs (aquarium-tank-v2)."", ""reason_codes"": [""exact_duplicate""]}"
live:prop:aquarium-treasure-chest-ornament,aquarium-treasure-chest-ornament,aquarium treasure chest ornament,props,live,09_props,production_asset,public/assets/09_props/img/aquarium-treasure-chest-ornament.png,REVIEW,"[""exact_duplicate""]","[""exact_duplicate""]",Duplicate asset matching existing cutout prop across packs (aquarium-treasure-chest-ornament).,,audit/visual-assets/sheets/pending_visual/09-props-prop-cutout-aquarium-005.jpg,,"{""asset_id"": ""live:prop:aquarium-treasure-chest-ornament"", ""key"": ""aquarium-treasure-chest-ornament"", ""concept"": ""aquarium treasure chest ornament"", ""source_bank"": ""09_props"", ""source_role"": ""production_asset"", ""source_path"": ""public/assets/09_props/img/aquarium-treasure-chest-ornament.png"", ""expected_asset_type"": ""prop_cutout"", ""expected_background_mode"": ""alpha_cutout"", ""expected_concept_word"": ""aquarium treasure chest ornament"", ""reviewed_from"": ""audit/visual-assets/sheets/pending_visual/09-props-prop-cutout-aquarium-005.jpg"", ""decision_source"": ""audit/visual-assets/decisions-props-remaining.jsonl"", ""sha256"": ""0f0597f89c6a56197db1b07e71f3961278a0650e8a3851e06941c7c5640bf758"", ""bytes"": 121440, ""notes"": ""Duplicate asset matching existing cutout prop across packs (aquarium-treasure-chest-ornament)."", ""reason_codes"": [""exact_duplicate""]}"
live:prop:aquarium-treasure-chest-ornament-v2,aquarium-treasure-chest-ornament-v2,aquarium treasure chest ornament v2,props,live,09_props,production_asset,public/assets/09_props/img/aquarium-treasure-chest-ornament-v2.png,REVIEW,"[""exact_duplicate""]","[""exact_duplicate""]",Duplicate asset matching existing cutout prop across packs (aquarium-treasure-chest-ornament-v2).,,audit/visual-assets/sheets/pending_visual/09-props-prop-cutout-aquarium-005.jpg,,"{""asset_id"": ""live:prop:aquarium-treasure-chest-ornament-v2"", ""key"": ""aquarium-treasure-chest-ornament-v2"", ""concept"": ""aquarium treasure chest ornament v2"", ""source_bank"": ""09_props"", ""source_role"": ""production_asset"", ""source_path"": ""public/assets/09_props/img/aquarium-treasure-chest-ornament-v2.png"", ""expected_asset_type"": ""prop_cutout"", ""expected_background_mode"": ""alpha_cutout"", ""expected_concept_word"": ""aquarium treasure chest ornament v2"", ""reviewed_from"": ""audit/visual-assets/sheets/pending_visual/09-props-prop-cutout-aquarium-005.jpg"", ""decision_source"": ""audit/visual-assets/decisions-props-remaining.jsonl"", ""sha256"": ""0f0597f89c6a56197db1b07e71f3961278a0650e8a3851e06941c7c5640bf758"", ""bytes"": 121440, ""notes"": ""Duplicate asset matching existing cutout prop across packs (aquarium-treasure-chest-ornament-v2)."", ""reason_codes"": [""exact_duplicate""]}"
live:prop:aquarium-turtle,aquarium-turtle,aquarium turtle,props,live,09_props,production_asset,public/assets/09_props/img/aquarium-turtle.png,REVIEW,"[""exact_duplicate""]","[""exact_duplicate""]",Duplicate asset matching existing cutout prop across packs (aquarium-turtle).,,audit/visual-assets/sheets/pending_visual/09-props-prop-cutout-aquarium-005.jpg,,"{""asset_id"": ""live:prop:aquarium-turtle"", ""key"": ""aquarium-turtle"", ""concept"": ""aquarium turtle"", ""source_bank"": ""09_props"", ""source_role"": ""production_asset"", ""source_path"": ""public/assets/09_props/img/aquarium-turtle.png"", ""expected_asset_type"": ""prop_cutout"", ""expected_background_mode"": ""alpha_cutout"", ""expected_concept_word"": ""aquarium turtle"", ""reviewed_from"": ""audit/visual-assets/sheets/pending_visual/09-props-prop-cutout-aquarium-005.jpg"", ""decision_source"": ""audit/visual-assets/decisions-props-remaining.jsonl"", ""sha256"": ""9c47217168d4fbda4e6f2ec804d2ac93305c599c01d561fd846d06b55416c31f"", ""bytes"": 111000, ""notes"": ""Duplicate asset matching existing cutout prop across packs (aquarium-turtle)."", ""reason_codes"": [""exact_duplicate""]}"
live:prop:aquarium-turtle-v2,aquarium-turtle-v2,aquarium turtle v2,props,live,09_props,production_asset,public/assets/09_props/img/aquarium-turtle-v2.png,REVIEW,"[""exact_duplicate""]","[""exact_duplicate""]",Duplicate asset matching existing cutout prop across packs (aquarium-turtle-v2).,,audit/visual-assets/sheets/pending_visual/09-props-prop-cutout-aquarium-005.jpg,,"{""asset_id"": ""live:prop:aquarium-turtle-v2"", ""key"": ""aquarium-turtle-v2"", ""concept"": ""aquarium turtle v2"", ""source_bank"": ""09_props"", ""source_role"": ""production_asset"", ""source_path"": ""public/assets/09_props/img/aquarium-turtle-v2.png"", ""expected_asset_type"": ""prop_cutout"", ""expected_background_mode"": ""alpha_cutout"", ""expected_concept_word"": ""aquarium turtle v2"", ""reviewed_from"": ""audit/visual-assets/sheets/pending_visual/09-props-prop-cutout-aquarium-005.jpg"", ""decision_source"": ""audit/visual-assets/decisions-props-remaining.jsonl"", ""sha256"": ""9c47217168d4fbda4e6f2ec804d2ac93305c599c01d561fd846d06b55416c31f"", ""bytes"": 111000, ""notes"": ""Duplicate asset matching existing cutout prop across packs (aquarium-turtle-v2)."", ""reason_codes"": [""exact_duplicate""]}"
live:prop:arch-wooden-stake,arch-wooden-stake,arch wooden stake,props,live,09_props,production_asset,public/assets/09_props/img/arch-wooden-stake.png,REVIEW,"[""low_resolution""]","[""low_resolution""]",Low resolution sprite with pixelated rendering or insufficient dimension (arch-wooden-stake).,,audit/visual-assets/sheets/pending_visual/09-props-prop-cutout-archaeology-001.jpg,,"{""asset_id"": ""live:prop:arch-wooden-stake"", ""key"": ""arch-wooden-stake"", ""concept"": ""arch wooden stake"", ""source_bank"": ""09_props"", ""source_role"": ""production_asset"", ""source_path"": ""public/assets/09_props/img/arch-wooden-stake.png"", ""expected_asset_type"": ""prop_cutout"", ""expected_background_mode"": ""alpha_cutout"", ""expected_concept_word"": ""arch wooden stake"", ""reviewed_from"": ""audit/visual-assets/sheets/pending_visual/09-props-prop-cutout-archaeology-001.jpg"", ""decision_source"": ""audit/visual-assets/decisions-props-remaining.jsonl"", ""sha256"": ""128b0d75c5f0d8190fe5d7a40adc18bbba0dc4a0478a8771515507207c510f27"", ""bytes"": 27692, ""notes"": ""Low resolution sprite with pixelated rendering or insufficient dimension (arch-wooden-stake)."", ""reason_codes"": [""low_resolution""]}"
live:prop:bath-soap,bath-soap,bath soap,props,live,09_props,production_asset,public/assets/09_props/img/bath-soap.png,REVIEW,"[""exact_duplicate""]","[""exact_duplicate""]",Duplicate asset matching existing cutout prop across packs (bath-soap).,,audit/visual-assets/sheets/pending_visual/09-props-prop-cutout-bathroom-002.jpg,,"{""asset_id"": ""live:prop:bath-soap"", ""key"": ""bath-soap"", ""concept"": ""bath soap"", ""source_bank"": ""09_props"", ""source_role"": ""production_asset"", ""source_path"": ""public/assets/09_props/img/bath-soap.png"", ""expected_asset_type"": ""prop_cutout"", ""expected_background_mode"": ""alpha_cutout"", ""expected_concept_word"": ""bath soap"", ""reviewed_from"": ""audit/visual-assets/sheets/pending_visual/09-props-prop-cutout-bathroom-002.jpg"", ""decision_source"": ""audit/visual-assets/decisions-props-remaining.jsonl"", ""sha256"": ""994b292672f59e24f21fccd75374ca8e4fd0fee034b8420b53761b06733b29e8"", ""bytes"": 42928, ""notes"": ""Duplicate asset matching existing cutout prop across packs (bath-soap)."", ""reason_codes"": [""exact_duplicate""]}"
live:prop:bath-toothbrush-holder,bath-toothbrush-holder,bath toothbrush holder,props,live,09_props,production_asset,public/assets/09_props/img/bath-toothbrush-holder.png,REVIEW,"[""exact_duplicate""]","[""exact_duplicate""]",Duplicate asset matching existing cutout prop across packs (bath-toothbrush-holder).,,audit/visual-assets/sheets/pending_visual/09-props-prop-cutout-bathroom-002.jpg,,"{""asset_id"": ""live:prop:bath-toothbrush-holder"", ""key"": ""bath-toothbrush-holder"", ""concept"": ""bath toothbrush holder"", ""source_bank"": ""09_props"", ""source_role"": ""production_asset"", ""source_path"": ""public/assets/09_props/img/bath-toothbrush-holder.png"", ""expected_asset_type"": ""prop_cutout"", ""expected_background_mode"": ""alpha_cutout"", ""expected_concept_word"": ""bath toothbrush holder"", ""reviewed_from"": ""audit/visual-assets/sheets/pending_visual/09-props-prop-cutout-bathroom-002.jpg"", ""decision_source"": ""audit/visual-assets/decisions-props-remaining.jsonl"", ""sha256"": ""3c1415b843f4ee150e76d91d00fae7d1dd39dfaf953d0133a8e9b02a85ea6b60"", ""bytes"": 39353, ""notes"": ""Duplicate asset matching existing cutout prop across packs (bath-toothbrush-holder)."", ""reason_codes"": [""exact_duplicate""]}"
live:prop:bath-towel-orange,bath-towel-orange,bath towel orange,props,live,09_props,production_asset,public/assets/09_props/img/bath-towel-orange.png,REVIEW,"[""exact_duplicate""]","[""exact_duplicate""]",Duplicate asset matching existing cutout prop across packs (bath-towel-orange).,,audit/visual-assets/sheets/pending_visual/09-props-prop-cutout-bathroom-002.jpg,,"{""asset_id"": ""live:prop:bath-towel-orange"", ""key"": ""bath-towel-orange"", ""concept"": ""bath towel orange"", ""source_bank"": ""09_props"", ""source_role"": ""production_asset"", ""source_path"": ""public/assets/09_props/img/bath-towel-orange.png"", ""expected_asset_type"": ""prop_cutout"", ""expected_background_mode"": ""alpha_cutout"", ""expected_concept_word"": ""bath towel orange"", ""reviewed_from"": ""audit/visual-assets/sheets/pending_visual/09-props-prop-cutout-bathroom-002.jpg"", ""decision_source"": ""audit/visual-assets/decisions-props-remaining.jsonl"", ""sha256"": ""8d8e86869bc79988a8d6f1ff0e81dbf34a3b9701231c0ac15028d9ed8e7bca3c"", ""bytes"": 34095, ""notes"": ""Duplicate asset matching existing cutout prop across packs (bath-towel-orange)."", ""reason_codes"": [""exact_duplicate""]}"
live:prop:bath-towel-rack,bath-towel-rack,bath towel rack,props,live,09_props,production_asset,public/assets/09_props/img/bath-towel-rack.png,REVIEW,"[""exact_duplicate""]","[""exact_duplicate""]",Duplicate asset matching existing cutout prop across packs (bath-towel-rack).,,audit/visual-assets/sheets/pending_visual/09-props-prop-cutout-bathroom-003.jpg,,"{""asset_id"": ""live:prop:bath-towel-rack"", ""key"": ""bath-towel-rack"", ""concept"": ""bath towel rack"", ""source_bank"": ""09_props"", ""source_role"": ""production_asset"", ""source_path"": ""public/assets/09_props/img/bath-towel-rack.png"", ""expected_asset_type"": ""prop_cutout"", ""expected_background_mode"": ""alpha_cutout"", ""expected_concept_word"": ""bath towel rack"", ""reviewed_from"": ""audit/visual-assets/sheets/pending_visual/09-props-prop-cutout-bathroom-003.jpg"", ""decision_source"": ""audit/visual-assets/decisions-props-remaining.jsonl"", ""sha256"": ""412ca7e9f667b51b0be0cc2cdee8b9e94ecaef3dbde3673447c1fe5ba3241fae"", ""bytes"": 34213, ""notes"": ""Duplicate asset matching existing cutout prop across packs (bath-towel-rack)."", ""reason_codes"": [""exact_duplicate""]}"
live:prop:bathroom-bath-duck,bathroom-bath-duck,bathroom bath duck,props,live,09_props,production_asset,public/assets/09_props/img/bathroom-bath-duck.png,REVIEW,"[""exact_duplicate""]","[""exact_duplicate""]",Duplicate asset matching existing cutout prop across packs (bathroom-bath-duck).,,audit/visual-assets/sheets/pending_visual/09-props-prop-cutout-bathroom-003.jpg,,"{""asset_id"": ""live:prop:bathroom-bath-duck"", ""key"": ""bathroom-bath-duck"", ""concept"": ""bathroom bath duck"", ""source_bank"": ""09_props"", ""source_role"": ""production_asset"", ""source_path"": ""public/assets/09_props/img/bathroom-bath-duck.png"", ""expected_asset_type"": ""prop_cutout"", ""expected_background_mode"": ""alpha_cutout"", ""expected_concept_word"": ""bathroom bath duck"", ""reviewed_from"": ""audit/visual-assets/sheets/pending_visual/09-props-prop-cutout-bathroom-003.jpg"", ""decision_source"": ""audit/visual-assets/decisions-props-remaining.jsonl"", ""sha256"": ""ce39603d8acd08b52e3f9c8fb4957ea841396b867be91c2a2349633b940856a8"", ""bytes"": 145959, ""notes"": ""Duplicate asset matching existing cutout prop across packs (bathroom-bath-duck)."", ""reason_codes"": [""exact_duplicate""]}"
live:prop:bathroom-bath-mat,bathroom-bath-mat,bathroom bath mat,props,live,09_props,production_asset,public/assets/09_props/img/bathroom-bath-mat.png,REVIEW,"[""exact_duplicate""]","[""exact_duplicate""]",Duplicate asset matching existing cutout prop across packs (bathroom-bath-mat).,,audit/visual-assets/sheets/pending_visual/09-props-prop-cutout-bathroom-003.jpg,,"{""asset_id"": ""live:prop:bathroom-bath-mat"", ""key"": ""bathroom-bath-mat"", ""concept"": ""bathroom bath mat"", ""source_bank"": ""09_props"", ""source_role"": ""production_asset"", ""source_path"": ""public/assets/09_props/img/bathroom-bath-mat.png"", ""expected_asset_type"": ""prop_cutout"", ""expected_background_mode"": ""alpha_cutout"", ""expected_concept_word"": ""bathroom bath mat"", ""reviewed_from"": ""audit/visual-assets/sheets/pending_visual/09-props-prop-cutout-bathroom-003.jpg"", ""decision_source"": ""audit/visual-assets/decisions-props-remaining.jsonl"", ""sha256"": ""fbd8ac6eb0e31b889f88d525b80a05f061c4b68776439853edf645d8ba587f13"", ""bytes"": 129586, ""notes"": ""Duplicate asset matching existing cutout prop across packs (bathroom-bath-mat)."", ""reason_codes"": [""exact_duplicate""]}"
live:prop:bathroom-bath-sponge,bathroom-bath-sponge,bathroom bath sponge,props,live,09_props,production_asset,public/assets/09_props/img/bathroom-bath-sponge.png,REVIEW,"[""exact_duplicate""]","[""exact_duplicate""]",Duplicate asset matching existing cutout prop across packs (bathroom-bath-sponge).,,audit/visual-assets/sheets/pending_visual/09-props-prop-cutout-bathroom-003.jpg,,"{""asset_id"": ""live:prop:bathroom-bath-sponge"", ""key"": ""bathroom-bath-sponge"", ""concept"": ""bathroom bath sponge"", ""source_bank"": ""09_props"", ""source_role"": ""production_asset"", ""source_path"": ""public/assets/09_props/img/bathroom-bath-sponge.png"", ""expected_asset_type"": ""prop_cutout"", ""expected_background_mode"": ""alpha_cutout"", ""expected_concept_word"": ""bathroom bath sponge"", ""reviewed_from"": ""audit/visual-assets/sheets/pending_visual/09-props-prop-cutout-bathroom-003.jpg"", ""decision_source"": ""audit/visual-assets/decisions-props-remaining.jsonl"", ""sha256"": ""11ca2cb7503c6e09b18a2ca2b395030c68b49ce910157269d31004137892ef54"", ""bytes"": 123563, ""notes"": ""Duplicate asset matching existing cutout prop across packs (bathroom-bath-sponge)."", ""reason_codes"": [""exact_duplicate""]}"
live:prop:bathroom-bathtub,bathroom-bathtub,bathroom bathtub,props,live,09_props,production_asset,public/assets/09_props/img/bathroom-bathtub.png,REVIEW,"[""exact_duplicate""]","[""exact_duplicate""]",Duplicate asset matching existing cutout prop across packs (bathroom-bathtub).,,audit/visual-assets/sheets/pending_visual/09-props-prop-cutout-bathroom-003.jpg,,"{""asset_id"": ""live:prop:bathroom-bathtub"", ""key"": ""bathroom-bathtub"", ""concept"": ""bathroom bathtub"", ""source_bank"": ""09_props"", ""source_role"": ""production_asset"", ""source_path"": ""public/assets/09_props/img/bathroom-bathtub.png"", ""expected_asset_type"": ""prop_cutout"", ""expected_background_mode"": ""alpha_cutout"", ""expected_concept_word"": ""bathroom bathtub"", ""reviewed_from"": ""audit/visual-assets/sheets/pending_visual/09-props-prop-cutout-bathroom-003.jpg"", ""decision_source"": ""audit/visual-assets/decisions-props-remaining.jsonl"", ""sha256"": ""58b4f2862b4779fcd6416b8657c11ed83d7ca1b96a1920de7ca08e1e3fe383e7"", ""bytes"": 79235, ""notes"": ""Duplicate asset matching existing cutout prop across packs (bathroom-bathtub)."", ""reason_codes"": [""exact_duplicate""]}"
live:prop:bathroom-cotton-swabs-jar,bathroom-cotton-swabs-jar,bathroom cotton swabs jar,props,live,09_props,production_asset,public/assets/09_props/img/bathroom-cotton-swabs-jar.png,REVIEW,"[""exact_duplicate""]","[""exact_duplicate""]",Duplicate asset matching existing cutout prop across packs (bathroom-cotton-swabs-jar).,,audit/visual-assets/sheets/pending_visual/09-props-prop-cutout-bathroom-003.jpg,,"{""asset_id"": ""live:prop:bathroom-cotton-swabs-jar"", ""key"": ""bathroom-cotton-swabs-jar"", ""concept"": ""bathroom cotton swabs jar"", ""source_bank"": ""09_props"", ""source_role"": ""production_asset"", ""source_path"": ""public/assets/09_props/img/bathroom-cotton-swabs-jar.png"", ""expected_asset_type"": ""prop_cutout"", ""expected_background_mode"": ""alpha_cutout"", ""expected_concept_word"": ""bathroom cotton swabs jar"", ""reviewed_from"": ""audit/visual-assets/sheets/pending_visual/09-props-prop-cutout-bathroom-003.jpg"", ""decision_source"": ""audit/visual-assets/decisions-props-remaining.jsonl"", ""sha256"": ""01669e7851f2c40b1d2f5bfaf9d1c397cb9439c21b62c8c575e4c7419cd21a34"", ""bytes"": 91697, ""notes"": ""Duplicate asset matching existing cutout prop across packs (bathroom-cotton-swabs-jar)."", ""reason_codes"": [""exact_duplicate""]}"
live:prop:bathroom-cup-holder,bathroom-cup-holder,bathroom cup holder,props,live,09_props,production_asset,public/assets/09_props/img/bathroom-cup-holder.png,REVIEW,"[""exact_duplicate""]","[""exact_duplicate""]",Duplicate asset matching existing cutout prop across packs (bathroom-cup-holder).,,audit/visual-assets/sheets/pending_visual/09-props-prop-cutout-bathroom-003.jpg,,"{""asset_id"": ""live:prop:bathroom-cup-holder"", ""key"": ""bathroom-cup-holder"", ""concept"": ""bathroom cup holder"", ""source_bank"": ""09_props"", ""source_role"": ""production_asset"", ""source_path"": ""public/assets/09_props/img/bathroom-cup-holder.png"", ""expected_asset_type"": ""prop_cutout"", ""expected_background_mode"": ""alpha_cutout"", ""expected_concept_word"": ""bathroom cup holder"", ""reviewed_from"": ""audit/visual-assets/sheets/pending_visual/09-props-prop-cutout-bathroom-003.jpg"", ""decision_source"": ""audit/visual-assets/decisions-props-remaining.jsonl"", ""sha256"": ""cde0de196de4660529f0adfb156b5ac38e93f6483695a3b6b3435d7b9412db31"", ""bytes"": 109733, ""notes"": ""Duplicate asset matching existing cutout prop across packs (bathroom-cup-holder)."", ""reason_codes"": [""exact_duplicate""]}"
live:prop:bathroom-faucet,bathroom-faucet,bathroom faucet,props,live,09_props,production_asset,public/assets/09_props/img/bathroom-faucet.png,REVIEW,"[""exact_duplicate""]","[""exact_duplicate""]",Duplicate asset matching existing cutout prop across packs (bathroom-faucet).,,audit/visual-assets/sheets/pending_visual/09-props-prop-cutout-bathroom-003.jpg,,"{""asset_id"": ""live:prop:bathroom-faucet"", ""key"": ""bathroom-faucet"", ""concept"": ""bathroom faucet"", ""source_bank"": ""09_props"", ""source_role"": ""production_asset"", ""source_path"": ""public/assets/09_props/img/bathroom-faucet.png"", ""expected_asset_type"": ""prop_cutout"", ""expected_background_mode"": ""alpha_cutout"", ""expected_concept_word"": ""bathroom faucet"", ""reviewed_from"": ""audit/visual-assets/sheets/pending_visual/09-props-prop-cutout-bathroom-003.jpg"", ""decision_source"": ""audit/visual-assets/decisions-props-remaining.jsonl"", ""sha256"": ""410590d78aae14e8592f3afc750645d98d53d25b757f80550d00d3e3b0e0eb2d"", ""bytes"": 78035, ""notes"": ""Duplicate asset matching existing cutout prop across packs (bathroom-faucet)."", ""reason_codes"": [""exact_duplicate""]}"
live:prop:bathroom-floss,bathroom-floss,bathroom floss,props,live,09_props,production_asset,public/assets/09_props/img/bathroom-floss.png,REVIEW,"[""exact_duplicate""]","[""exact_duplicate""]",Duplicate asset matching existing cutout prop across packs (bathroom-floss).,,audit/visual-assets/sheets/pending_visual/09-props-prop-cutout-bathroom-003.jpg,,"{""asset_id"": ""live:prop:bathroom-floss"", ""key"": ""bathroom-floss"", ""concept"": ""bathroom floss"", ""source_bank"": ""09_props"", ""source_role"": ""production_asset"", ""source_path"": ""public/assets/09_props/img/bathroom-floss.png"", ""expected_asset_type"": ""prop_cutout"", ""expected_background_mode"": ""alpha_cutout"", ""expected_concept_word"": ""bathroom floss"", ""reviewed_from"": ""audit/visual-assets/sheets/pending_visual/09-props-prop-cutout-bathroom-003.jpg"", ""decision_source"": ""audit/visual-assets/decisions-props-remaining.jsonl"", ""sha256"": ""e5ff461429118da95962f1f421d36cc9586a651a88526b2913334df363303c61"", ""bytes"": 112712, ""notes"": ""Duplicate asset matching existing cutout prop across packs (bathroom-floss)."", ""reason_codes"": [""exact_duplicate""]}"
live:prop:bathroom-laundry-hamper,bathroom-laundry-hamper,bathroom laundry hamper,props,live,09_props,production_asset,public/assets/09_props/img/bathroom-laundry-hamper.png,REVIEW,"[""exact_duplicate""]","[""exact_duplicate""]",Duplicate asset matching existing cutout prop across packs (bathroom-laundry-hamper).,,audit/visual-assets/sheets/pending_visual/09-props-prop-cutout-bathroom-003.jpg,,"{""asset_id"": ""live:prop:bathroom-laundry-hamper"", ""key"": ""bathroom-laundry-hamper"", ""concept"": ""bathroom laundry hamper"", ""source_bank"": ""09_props"", ""source_role"": ""production_asset"", ""source_path"": ""public/assets/09_props/img/bathroom-laundry-hamper.png"", ""expected_asset_type"": ""prop_cutout"", ""expected_background_mode"": ""alpha_cutout"", ""expected_concept_word"": ""bathroom laundry hamper"", ""reviewed_from"": ""audit/visual-assets/sheets/pending_visual/09-props-prop-cutout-bathroom-003.jpg"", ""decision_source"": ""audit/visual-assets/decisions-props-remaining.jsonl"", ""sha256"": ""b3f2a7a306dc4ff74696068c613fbad2efcbde08570b8e4607e690468d37334f"", ""bytes"": 144223, ""notes"": ""Duplicate asset matching existing cutout prop across packs (bathroom-laundry-hamper)."", ""reason_codes"": [""exact_duplicate""]}"
live:prop:bathroom-mirror,bathroom-mirror,bathroom mirror,props,live,09_props,production_asset,public/assets/09_props/img/bathroom-mirror.png,REVIEW,"[""exact_duplicate""]","[""exact_duplicate""]",Duplicate asset matching existing cutout prop across packs (bathroom-mirror).,,audit/visual-assets/sheets/pending_visual/09-props-prop-cutout-bathroom-003.jpg,,"{""asset_id"": ""live:prop:bathroom-mirror"", ""key"": ""bathroom-mirror"", ""concept"": ""bathroom mirror"", ""source_bank"": ""09_props"", ""source_role"": ""production_asset"", ""source_path"": ""public/assets/09_props/img/bathroom-mirror.png"", ""expected_asset_type"": ""prop_cutout"", ""expected_background_mode"": ""alpha_cutout"", ""expected_concept_word"": ""bathroom mirror"", ""reviewed_from"": ""audit/visual-assets/sheets/pending_visual/09-props-prop-cutout-bathroom-003.jpg"", ""decision_source"": ""audit/visual-assets/decisions-props-remaining.jsonl"", ""sha256"": ""017efd1c0cf5484aac9819333284b51dca2f9d0e0a6b4a0a0e750da551989c03"", ""bytes"": 120335, ""notes"": ""Duplicate asset matching existing cutout prop across packs (bathroom-mirror)."", ""reason_codes"": [""exact_duplicate""]}"
live:prop:bathroom-nail-clippers,bathroom-nail-clippers,bathroom nail clippers,props,live,09_props,production_asset,public/assets/09_props/img/bathroom-nail-clippers.png,REVIEW,"[""exact_duplicate""]","[""exact_duplicate""]",Duplicate asset matching existing cutout prop across packs (bathroom-nail-clippers).,,audit/visual-assets/sheets/pending_visual/09-props-prop-cutout-bathroom-003.jpg,,"{""asset_id"": ""live:prop:bathroom-nail-clippers"", ""key"": ""bathroom-nail-clippers"", ""concept"": ""bathroom nail clippers"", ""source_bank"": ""09_props"", ""source_role"": ""production_asset"", ""source_path"": ""public/assets/09_props/img/bathroom-nail-clippers.png"", ""expected_asset_type"": ""prop_cutout"", ""expected_background_mode"": ""alpha_cutout"", ""expected_concept_word"": ""bathroom nail clippers"", ""reviewed_from"": ""audit/visual-assets/sheets/pending_visual/09-props-prop-cutout-bathroom-003.jpg"", ""decision_source"": ""audit/visual-assets/decisions-props-remaining.jsonl"", ""sha256"": ""43b0169b7e535e705e5b1dbf120da696e074deb153a32c5225103e93391d2d72"", ""bytes"": 96739, ""notes"": ""Duplicate asset matching existing cutout prop across packs (bathroom-nail-clippers)."", ""reason_codes"": [""exact_duplicate""]}"
live:prop:bathroom-plunger,bathroom-plunger,bathroom plunger,props,live,09_props,production_asset,public/assets/09_props/img/bathroom-plunger.png,REVIEW,"[""exact_duplicate""]","[""exact_duplicate""]",Duplicate asset matching existing cutout prop across packs (bathroom-plunger).,,audit/visual-assets/sheets/pending_visual/09-props-prop-cutout-bathroom-003.jpg,,"{""asset_id"": ""live:prop:bathroom-plunger"", ""key"": ""bathroom-plunger"", ""concept"": ""bathroom plunger"", ""source_bank"": ""09_props"", ""source_role"": ""production_asset"", ""source_path"": ""public/assets/09_props/img/bathroom-plunger.png"", ""expected_asset_type"": ""prop_cutout"", ""expected_background_mode"": ""alpha_cutout"", ""expected_concept_word"": ""bathroom plunger"", ""reviewed_from"": ""audit/visual-assets/sheets/pending_visual/09-props-prop-cutout-bathroom-003.jpg"", ""decision_source"": ""audit/visual-assets/decisions-props-remaining.jsonl"", ""sha256"": ""6e188de6fa352f29f086205be328eab21b63533969c3bf3eb9d733d11ec4d8ae"", ""bytes"": 41679, ""notes"": ""Duplicate asset matching existing cutout prop across packs (bathroom-plunger)."", ""reason_codes"": [""exact_duplicate""]}"
live:prop:bathroom-robe-hook,bathroom-robe-hook,bathroom robe hook,props,live,09_props,production_asset,public/assets/09_props/img/bathroom-robe-hook.png,REVIEW,"[""exact_duplicate""]","[""exact_duplicate""]",Duplicate asset matching existing cutout prop across packs (bathroom-robe-hook).,,audit/visual-assets/sheets/pending_visual/09-props-prop-cutout-bathroom-003.jpg,,"{""asset_id"": ""live:prop:bathroom-robe-hook"", ""key"": ""bathroom-robe-hook"", ""concept"": ""bathroom robe hook"", ""source_bank"": ""09_props"", ""source_role"": ""production_asset"", ""source_path"": ""public/assets/09_props/img/bathroom-robe-hook.png"", ""expected_asset_type"": ""prop_cutout"", ""expected_background_mode"": ""alpha_cutout"", ""expected_concept_word"": ""bathroom robe hook"", ""reviewed_from"": ""audit/visual-assets/sheets/pending_visual/09-props-prop-cutout-bathroom-003.jpg"", ""decision_source"": ""audit/visual-assets/decisions-props-remaining.jsonl"", ""sha256"": ""c5e59c5a935a3a7a8d43c28f49a779d039bb4e957fcc944ec5e60da91fea6b87"", ""bytes"": 88592, ""notes"": ""Duplicate asset matching existing cutout prop across packs (bathroom-robe-hook)."", ""reason_codes"": [""exact_duplicate""]}"
live:prop:bathroom-scale,bathroom-scale,bathroom scale,props,live,09_props,production_asset,public/assets/09_props/img/bathroom-scale.png,REVIEW,"[""exact_duplicate""]","[""exact_duplicate""]",Duplicate asset matching existing cutout prop across packs (bathroom-scale).,,audit/visual-assets/sheets/pending_visual/09-props-prop-cutout-bathroom-003.jpg,,"{""asset_id"": ""live:prop:bathroom-scale"", ""key"": ""bathroom-scale"", ""concept"": ""bathroom scale"", ""source_bank"": ""09_props"", ""source_role"": ""production_asset"", ""source_path"": ""public/assets/09_props/img/bathroom-scale.png"", ""expected_asset_type"": ""prop_cutout"", ""expected_background_mode"": ""alpha_cutout"", ""expected_concept_word"": ""bathroom scale"", ""reviewed_from"": ""audit/visual-assets/sheets/pending_visual/09-props-prop-cutout-bathroom-003.jpg"", ""decision_source"": ""audit/visual-assets/decisions-props-remaining.jsonl"", ""sha256"": ""4860e0a41bb74f47956dca751035385140faa194ca3d292a469a1baff5fc07fe"", ""bytes"": 133675, ""notes"": ""Duplicate asset matching existing cutout prop across packs (bathroom-scale)."", ""reason_codes"": [""exact_duplicate""]}"
live:prop:bathroom-shampoo-bottle-blank,bathroom-shampoo-bottle-blank,bathroom shampoo bottle blank,props,live,09_props,production_asset,public/assets/09_props/img/bathroom-shampoo-bottle-blank.png,REVIEW,"[""exact_duplicate""]","[""exact_duplicate""]",Duplicate asset matching existing cutout prop across packs (bathroom-shampoo-bottle-blank).,,audit/visual-assets/sheets/pending_visual/09-props-prop-cutout-bathroom-003.jpg,,"{""asset_id"": ""live:prop:bathroom-shampoo-bottle-blank"", ""key"": ""bathroom-shampoo-bottle-blank"", ""concept"": ""bathroom shampoo bottle blank"", ""source_bank"": ""09_props"", ""source_role"": ""production_asset"", ""source_path"": ""public/assets/09_props/img/bathroom-shampoo-bottle-blank.png"", ""expected_asset_type"": ""prop_cutout"", ""expected_background_mode"": ""alpha_cutout"", ""expected_concept_word"": ""bathroom shampoo bottle blank"", ""reviewed_from"": ""audit/visual-assets/sheets/pending_visual/09-props-prop-cutout-bathroom-003.jpg"", ""decision_source"": ""audit/visual-assets/decisions-props-remaining.jsonl"", ""sha256"": ""3262813263150565253bedf6649819393a217d81d696253cd91fe286571eabcf"", ""bytes"": 57436, ""notes"": ""Duplicate asset matching existing cutout prop across packs (bathroom-shampoo-bottle-blank)."", ""reason_codes"": [""exact_duplicate""]}"
live:prop:bathroom-shower-head,bathroom-shower-head,bathroom shower head,props,live,09_props,production_asset,public/assets/09_props/img/bathroom-shower-head.png,REVIEW,"[""exact_duplicate""]","[""exact_duplicate""]",Duplicate asset matching existing cutout prop across packs (bathroom-shower-head).,,audit/visual-assets/sheets/pending_visual/09-props-prop-cutout-bathroom-003.jpg,,"{""asset_id"": ""live:prop:bathroom-shower-head"", ""key"": ""bathroom-shower-head"", ""concept"": ""bathroom shower head"", ""source_bank"": ""09_props"", ""source_role"": ""production_asset"", ""source_path"": ""public/assets/09_props/img/bathroom-shower-head.png"", ""expected_asset_type"": ""prop_cutout"", ""expected_background_mode"": ""alpha_cutout"", ""expected_concept_word"": ""bathroom shower head"", ""reviewed_from"": ""audit/visual-assets/sheets/pending_visual/09-props-prop-cutout-bathroom-003.jpg"", ""decision_source"": ""audit/visual-assets/decisions-props-remaining.jsonl"", ""sha256"": ""64349dab275c0b6229c489d4b64a366de31a18421ae5218f8d90223a9273f725"", ""bytes"": 27546, ""notes"": ""Duplicate asset matching existing cutout prop across packs (bathroom-shower-head)."", ""reason_codes"": [""exact_duplicate""]}"
live:prop:bathroom-sink,bathroom-sink,bathroom sink,props,live,09_props,production_asset,public/assets/09_props/img/bathroom-sink.png,REVIEW,"[""exact_duplicate""]","[""exact_duplicate""]",Duplicate asset matching existing cutout prop across packs (bathroom-sink).,,audit/visual-assets/sheets/pending_visual/09-props-prop-cutout-bathroom-003.jpg,,"{""asset_id"": ""live:prop:bathroom-sink"", ""key"": ""bathroom-sink"", ""concept"": ""bathroom sink"", ""source_bank"": ""09_props"", ""source_role"": ""production_asset"", ""source_path"": ""public/assets/09_props/img/bathroom-sink.png"", ""expected_asset_type"": ""prop_cutout"", ""expected_background_mode"": ""alpha_cutout"", ""expected_concept_word"": ""bathroom sink"", ""reviewed_from"": ""audit/visual-assets/sheets/pending_visual/09-props-prop-cutout-bathroom-003.jpg"", ""decision_source"": ""audit/visual-assets/decisions-props-remaining.jsonl"", ""sha256"": ""bd1a2796327d738e6fe7e66cedfd100c77c2665c940c4bda555a8914b9b13ebc"", ""bytes"": 80784, ""notes"": ""Duplicate asset matching existing cutout prop across packs (bathroom-sink)."", ""reason_codes"": [""exact_duplicate""]}"
live:prop:bathroom-soap,bathroom-soap,bathroom soap,props,live,09_props,production_asset,public/assets/09_props/img/bathroom-soap.png,REVIEW,"[""exact_duplicate""]","[""exact_duplicate""]",Duplicate asset matching existing cutout prop across packs (bathroom-soap).,,audit/visual-assets/sheets/pending_visual/09-props-prop-cutout-bathroom-003.jpg,,"{""asset_id"": ""live:prop:bathroom-soap"", ""key"": ""bathroom-soap"", ""concept"": ""bathroom soap"", ""source_bank"": ""09_props"", ""source_role"": ""production_asset"", ""source_path"": ""public/assets/09_props/img/bathroom-soap.png"", ""expected_asset_type"": ""prop_cutout"", ""expected_background_mode"": ""alpha_cutout"", ""expected_concept_word"": ""bathroom soap"", ""reviewed_from"": ""audit/visual-assets/sheets/pending_visual/09-props-prop-cutout-bathroom-003.jpg"", ""decision_source"": ""audit/visual-assets/decisions-props-remaining.jsonl"", ""sha256"": ""d20156b2e60aaa6d3eca0f95215f4bfddda422062d61f1d9a6b455cdadf6a24b"", ""bytes"": 100169, ""notes"": ""Duplicate asset matching existing cutout prop across packs (bathroom-soap)."", ""reason_codes"": [""exact_duplicate""]}"
live:prop:bathroom-soap-dispenser,bathroom-soap-dispenser,bathroom soap dispenser,props,live,09_props,production_asset,public/assets/09_props/img/bathroom-soap-dispenser.png,REVIEW,"[""exact_duplicate""]","[""exact_duplicate""]",Duplicate asset matching existing cutout prop across packs (bathroom-soap-dispenser).,,audit/visual-assets/sheets/pending_visual/09-props-prop-cutout-bathroom-003.jpg,,"{""asset_id"": ""live:prop:bathroom-soap-dispenser"", ""key"": ""bathroom-soap-dispenser"", ""concept"": ""bathroom soap dispenser"", ""source_bank"": ""09_props"", ""source_role"": ""production_asset"", ""source_path"": ""public/assets/09_props/img/bathroom-soap-dispenser.png"", ""expected_asset_type"": ""prop_cutout"", ""expected_background_mode"": ""alpha_cutout"", ""expected_concept_word"": ""bathroom soap dispenser"", ""reviewed_from"": ""audit/visual-assets/sheets/pending_visual/09-props-prop-cutout-bathroom-003.jpg"", ""decision_source"": ""audit/visual-assets/decisions-props-remaining.jsonl"", ""sha256"": ""fd52adc32740fc579e2ea60d532902b3b04b9dae3bf16b0eac3a5850ad2a2e71"", ""bytes"": 76702, ""notes"": ""Duplicate asset matching existing cutout prop across packs (bathroom-soap-dispenser)."", ""reason_codes"": [""exact_duplicate""]}"
live:prop:bathroom-toilet,bathroom-toilet,bathroom toilet,props,live,09_props,production_asset,public/assets/09_props/img/bathroom-toilet.png,REVIEW,"[""exact_duplicate""]","[""exact_duplicate""]",Duplicate asset matching existing cutout prop across packs (bathroom-toilet).,,audit/visual-assets/sheets/pending_visual/09-props-prop-cutout-bathroom-003.jpg,,"{""asset_id"": ""live:prop:bathroom-toilet"", ""key"": ""bathroom-toilet"", ""concept"": ""bathroom toilet"", ""source_bank"": ""09_props"", ""source_role"": ""production_asset"", ""source_path"": ""public/assets/09_props/img/bathroom-toilet.png"", ""expected_asset_type"": ""prop_cutout"", ""expected_background_mode"": ""alpha_cutout"", ""expected_concept_word"": ""bathroom toilet"", ""reviewed_from"": ""audit/visual-assets/sheets/pending_visual/09-props-prop-cutout-bathroom-003.jpg"", ""decision_source"": ""audit/visual-assets/decisions-props-remaining.jsonl"", ""sha256"": ""ed24d368caee3e3eb2653f704ffe60195b2dee5a55a022ba6ad2737342a0aac6"", ""bytes"": 83308, ""notes"": ""Duplicate asset matching existing cutout prop across packs (bathroom-toilet)."", ""reason_codes"": [""exact_duplicate""]}"
live:prop:bathroom-toilet-brush,bathroom-toilet-brush,bathroom toilet brush,props,live,09_props,production_asset,public/assets/09_props/img/bathroom-toilet-brush.png,REVIEW,"[""exact_duplicate""]","[""exact_duplicate""]",Duplicate asset matching existing cutout prop across packs (bathroom-toilet-brush).,,audit/visual-assets/sheets/pending_visual/09-props-prop-cutout-bathroom-004.jpg,,"{""asset_id"": ""live:prop:bathroom-toilet-brush"", ""key"": ""bathroom-toilet-brush"", ""concept"": ""bathroom toilet brush"", ""source_bank"": ""09_props"", ""source_role"": ""production_asset"", ""source_path"": ""public/assets/09_props/img/bathroom-toilet-brush.png"", ""expected_asset_type"": ""prop_cutout"", ""expected_background_mode"": ""alpha_cutout"", ""expected_concept_word"": ""bathroom toilet brush"", ""reviewed_from"": ""audit/visual-assets/sheets/pending_visual/09-props-prop-cutout-bathroom-004.jpg"", ""decision_source"": ""audit/visual-assets/decisions-props-remaining.jsonl"", ""sha256"": ""127c6af5f9ee4b802a17c16e01eb38c4bb19ce2fd5b9fabaddd5f936c0c57cf8"", ""bytes"": 30943, ""notes"": ""Duplicate asset matching existing cutout prop across packs (bathroom-toilet-brush)."", ""reason_codes"": [""exact_duplicate""]}"
live:prop:bathroom-toilet-paper,bathroom-toilet-paper,bathroom toilet paper,props,live,09_props,production_asset,public/assets/09_props/img/bathroom-toilet-paper.png,REVIEW,"[""exact_duplicate""]","[""exact_duplicate""]",Duplicate asset matching existing cutout prop across packs (bathroom-toilet-paper).,,audit/visual-assets/sheets/pending_visual/09-props-prop-cutout-bathroom-004.jpg,,"{""asset_id"": ""live:prop:bathroom-toilet-paper"", ""key"": ""bathroom-toilet-paper"", ""concept"": ""bathroom toilet paper"", ""source_bank"": ""09_props"", ""source_role"": ""production_asset"", ""source_path"": ""public/assets/09_props/img/bathroom-toilet-paper.png"", ""expected_asset_type"": ""prop_cutout"", ""expected_background_mode"": ""alpha_cutout"", ""expected_concept_word"": ""bathroom toilet paper"", ""reviewed_from"": ""audit/visual-assets/sheets/pending_visual/09-props-prop-cutout-bathroom-004.jpg"", ""decision_source"": ""audit/visual-assets/decisions-props-remaining.jsonl"", ""sha256"": ""27ba5558616fabd8fd8a763a4e39bc116af38f752b3cacd6f353e3964056adc6"", ""bytes"": 82627, ""notes"": ""Duplicate asset matching existing cutout prop across packs (bathroom-toilet-paper)."", ""reason_codes"": [""exact_duplicate""]}"
live:prop:bathroom-toothbrush,bathroom-toothbrush,bathroom toothbrush,props,live,09_props,production_asset,public/assets/09_props/img/bathroom-toothbrush.png,REVIEW,"[""exact_duplicate""]","[""exact_duplicate""]",Duplicate asset matching existing cutout prop across packs (bathroom-toothbrush).,,audit/visual-assets/sheets/pending_visual/09-props-prop-cutout-bathroom-004.jpg,,"{""asset_id"": ""live:prop:bathroom-toothbrush"", ""key"": ""bathroom-toothbrush"", ""concept"": ""bathroom toothbrush"", ""source_bank"": ""09_props"", ""source_role"": ""production_asset"", ""source_path"": ""public/assets/09_props/img/bathroom-toothbrush.png"", ""expected_asset_type"": ""prop_cutout"", ""expected_background_mode"": ""alpha_cutout"", ""expected_concept_word"": ""bathroom toothbrush"", ""reviewed_from"": ""audit/visual-assets/sheets/pending_visual/09-props-prop-cutout-bathroom-004.jpg"", ""decision_source"": ""audit/visual-assets/decisions-props-remaining.jsonl"", ""sha256"": ""56fe914fff1e0f377fd336a90238039e76b1d7a3673e341a256e85557c2caff6"", ""bytes"": 52168, ""notes"": ""Duplicate asset matching existing cutout prop across packs (bathroom-toothbrush)."", ""reason_codes"": [""exact_duplicate""]}"
live:prop:bathroom-towel,bathroom-towel,bathroom towel,props,live,09_props,production_asset,public/assets/09_props/img/bathroom-towel.png,REVIEW,"[""exact_duplicate""]","[""exact_duplicate""]",Duplicate asset matching existing cutout prop across packs (bathroom-towel).,,audit/visual-assets/sheets/pending_visual/09-props-prop-cutout-bathroom-004.jpg,,"{""asset_id"": ""live:prop:bathroom-towel"", ""key"": ""bathroom-towel"", ""concept"": ""bathroom towel"", ""source_bank"": ""09_props"", ""source_role"": ""production_asset"", ""source_path"": ""public/assets/09_props/img/bathroom-towel.png"", ""expected_asset_type"": ""prop_cutout"", ""expected_background_mode"": ""alpha_cutout"", ""expected_concept_word"": ""bathroom towel"", ""reviewed_from"": ""audit/visual-assets/sheets/pending_visual/09-props-prop-cutout-bathroom-004.jpg"", ""decision_source"": ""audit/visual-assets/decisions-props-remaining.jsonl"", ""sha256"": ""3e474b6d4df8b5374e498fb63c58728e6a72b8faed5f710fc6ea88023bd12298"", ""bytes"": 103248, ""notes"": ""Duplicate asset matching existing cutout prop across packs (bathroom-towel)."", ""reason_codes"": [""exact_duplicate""]}"
live:prop:bathroom-washcloth,bathroom-washcloth,bathroom washcloth,props,live,09_props,production_asset,public/assets/09_props/img/bathroom-washcloth.png,REVIEW,"[""exact_duplicate""]","[""exact_duplicate""]",Duplicate asset matching existing cutout prop across packs (bathroom-washcloth).,,audit/visual-assets/sheets/pending_visual/09-props-prop-cutout-bathroom-004.jpg,,"{""asset_id"": ""live:prop:bathroom-washcloth"", ""key"": ""bathroom-washcloth"", ""concept"": ""bathroom washcloth"", ""source_bank"": ""09_props"", ""source_role"": ""production_asset"", ""source_path"": ""public/assets/09_props/img/bathroom-washcloth.png"", ""expected_asset_type"": ""prop_cutout"", ""expected_background_mode"": ""alpha_cutout"", ""expected_concept_word"": ""bathroom washcloth"", ""reviewed_from"": ""audit/visual-assets/sheets/pending_visual/09-props-prop-cutout-bathroom-004.jpg"", ""decision_source"": ""audit/visual-assets/decisions-props-remaining.jsonl"", ""sha256"": ""eaab969f4881230feb7ff05a89ae99d1ce25d1648d324dc27fef3ec0a7f692d1"", ""bytes"": 67679, ""notes"": ""Duplicate asset matching existing cutout prop across packs (bathroom-washcloth)."", ""reason_codes"": [""exact_duplicate""]}"
live:prop:bind-leather-hide,bind-leather-hide,bind leather hide,hide/reveal,live,09_props,production_asset,public/assets/09_props/img/bind-leather-hide.png,REVIEW,[],[],Tanned leather hide animal skin paired with open book; not an open/closed hide-reveal state pair.,,audit/visual-assets/sheets/pending_visual/09-props-open-closed-hide-reveal-pair-bookbinding-001.jpg,,"{""asset_id"": ""live:prop:bind-leather-hide"", ""key"": ""bind-leather-hide"", ""concept"": ""bind leather hide"", ""source_bank"": ""09_props"", ""source_role"": ""production_asset"", ""source_path"": ""public/assets/09_props/img/bind-leather-hide.png"", ""expected_asset_type"": ""open_closed_hide_reveal_pair"", ""expected_background_mode"": ""alpha_cutout"", ""expected_concept_word"": ""bind leather hide"", ""reviewed_from"": ""audit/visual-assets/sheets/pending_visual/09-props-open-closed-hide-reveal-pair-bookbinding-001.jpg"", ""decision_source"": ""audit/visual-assets/decisions-story-roles-letters.jsonl"", ""sha256"": ""3c53a33a70de4610b986b838c9f7e323c2f41119d44245835071d7d39f6f188a"", ""bytes"": 59129, ""notes"": ""Tanned leather hide animal skin paired with open book; not an open/closed hide-reveal state pair."", ""reason_codes"": []}"
live:prop:bind-open-book,bind-open-book,bind open book,hide/reveal,live,09_props,production_asset,public/assets/09_props/img/bind-open-book.png,REVIEW,[],[],Open book prop lacks matching closed book partner in this pair set.,,audit/visual-assets/sheets/pending_visual/09-props-open-closed-hide-reveal-pair-bookbinding-001.jpg,,"{""asset_id"": ""live:prop:bind-open-book"", ""key"": ""bind-open-book"", ""concept"": ""bind open book"", ""source_bank"": ""09_props"", ""source_role"": ""production_asset"", ""source_path"": ""public/assets/09_props/img/bind-open-book.png"", ""expected_asset_type"": ""open_closed_hide_reveal_pair"", ""expected_background_mode"": ""alpha_cutout"", ""expected_concept_word"": ""bind open book"", ""reviewed_from"": ""audit/visual-assets/sheets/pending_visual/09-props-open-closed-hide-reveal-pair-bookbinding-001.jpg"", ""decision_source"": ""audit/visual-assets/decisions-story-roles-letters.jsonl"", ""sha256"": ""775b694c7ba3d86d1941a09f8ca2f447fd5d75c3505a47252279e62e9036ea9b"", ""bytes"": 39746, ""notes"": ""Open book prop lacks matching closed book partner in this pair set."", ""reason_codes"": []}"
live:prop:castle-banner,castle-banner,castle banner,props,live,09_props,production_asset,public/assets/09_props/img/castle-banner.png,REVIEW,"[""exact_duplicate""]","[""exact_duplicate""]",Exact duplicate castle prop.,,audit/visual-assets/sheets/pending_visual/09-props-prop-cutout-castle-001.jpg,,"{""asset_id"": ""live:prop:castle-banner"", ""key"": ""castle-banner"", ""concept"": ""castle banner"", ""source_bank"": ""09_props"", ""source_role"": ""production_asset"", ""source_path"": ""public/assets/09_props/img/castle-banner.png"", ""expected_asset_type"": ""prop_cutout"", ""expected_background_mode"": ""alpha_cutout"", ""expected_concept_word"": ""castle banner"", ""reviewed_from"": ""audit/visual-assets/sheets/pending_visual/09-props-prop-cutout-castle-001.jpg"", ""decision_source"": ""audit/visual-assets/decisions-backgrounds-props.jsonl"", ""sha256"": ""89d24cb1b2e2279bd8d044937201ef1b2c7ab6b2fb4ac2254948d0125b3ecc0c"", ""bytes"": 102922, ""notes"": ""Exact duplicate castle prop."", ""reason_codes"": [""exact_duplicate""]}"
live:prop:castle-banner-blank,castle-banner-blank,castle banner blank,props,live,09_props,production_asset,public/assets/09_props/img/castle-banner-blank.png,REVIEW,"[""low_resolution""]","[""low_resolution""]",Low-resolution banner sprite (~48px wide).,,audit/visual-assets/sheets/pending_visual/09-props-prop-cutout-castle-001.jpg,,"{""asset_id"": ""live:prop:castle-banner-blank"", ""key"": ""castle-banner-blank"", ""concept"": ""castle banner blank"", ""source_bank"": ""09_props"", ""source_role"": ""production_asset"", ""source_path"": ""public/assets/09_props/img/castle-banner-blank.png"", ""expected_asset_type"": ""prop_cutout"", ""expected_background_mode"": ""alpha_cutout"", ""expected_concept_word"": ""castle banner blank"", ""reviewed_from"": ""audit/visual-assets/sheets/pending_visual/09-props-prop-cutout-castle-001.jpg"", ""decision_source"": ""audit/visual-assets/decisions-backgrounds-props.jsonl"", ""sha256"": ""89d24cb1b2e2279bd8d044937201ef1b2c7ab6b2fb4ac2254948d0125b3ecc0c"", ""bytes"": 102922, ""notes"": ""Low-resolution banner sprite (~48px wide)."", ""reason_codes"": [""low_resolution""]}"
live:prop:castle-banner-blue-fleur,castle-banner-blue-fleur,castle banner blue fleur,props,live,09_props,production_asset,public/assets/09_props/img/castle-banner-blue-fleur.png,REVIEW,"[""low_resolution""]","[""low_resolution""]",Low-resolution banner sprite (~48px wide).,,audit/visual-assets/sheets/pending_visual/09-props-prop-cutout-castle-001.jpg,,"{""asset_id"": ""live:prop:castle-banner-blue-fleur"", ""key"": ""castle-banner-blue-fleur"", ""concept"": ""castle banner blue fleur"", ""source_bank"": ""09_props"", ""source_role"": ""production_asset"", ""source_path"": ""public/assets/09_props/img/castle-banner-blue-fleur.png"", ""expected_asset_type"": ""prop_cutout"", ""expected_background_mode"": ""alpha_cutout"", ""expected_concept_word"": ""castle banner blue fleur"", ""reviewed_from"": ""audit/visual-assets/sheets/pending_visual/09-props-prop-cutout-castle-001.jpg"", ""decision_source"": ""audit/visual-assets/decisions-backgrounds-props.jsonl"", ""sha256"": ""5a198773e54392e0bcb4766c7b93a3ada9a4bdce44a6e9917e89aada6f6e9e82"", ""bytes"": 11596, ""notes"": ""Low-resolution banner sprite (~48px wide)."", ""reason_codes"": [""low_resolution""]}"
live:prop:castle-banner-green,castle-banner-green,castle banner green,props,live,09_props,production_asset,public/assets/09_props/img/castle-banner-green.png,REVIEW,"[""low_resolution""]","[""low_resolution""]",Low-resolution banner sprite (~48px wide).,,audit/visual-assets/sheets/pending_visual/09-props-prop-cutout-castle-001.jpg,,"{""asset_id"": ""live:prop:castle-banner-green"", ""key"": ""castle-banner-green"", ""concept"": ""castle banner green"", ""source_bank"": ""09_props"", ""source_role"": ""production_asset"", ""source_path"": ""public/assets/09_props/img/castle-banner-green.png"", ""expected_asset_type"": ""prop_cutout"", ""expected_background_mode"": ""alpha_cutout"", ""expected_concept_word"": ""castle banner green"", ""reviewed_from"": ""audit/visual-assets/sheets/pending_visual/09-props-prop-cutout-castle-001.jpg"", ""decision_source"": ""audit/visual-assets/decisions-backgrounds-props.jsonl"", ""sha256"": ""c4cee804e87d1fc3d539788e7845c8acfb62b15c42a600c4ce327fc06ff3cfa7"", ""bytes"": 11792, ""notes"": ""Low-resolution banner sprite (~48px wide)."", ""reason_codes"": [""low_resolution""]}"
live:prop:castle-banner-orange-sun,castle-banner-orange-sun,castle banner orange sun,props,live,09_props,production_asset,public/assets/09_props/img/castle-banner-orange-sun.png,REVIEW,"[""low_resolution""]","[""low_resolution""]",Low-resolution banner sprite (~48px wide).,,audit/visual-assets/sheets/pending_visual/09-props-prop-cutout-castle-001.jpg,,"{""asset_id"": ""live:prop:castle-banner-orange-sun"", ""key"": ""castle-banner-orange-sun"", ""concept"": ""castle banner orange sun"", ""source_bank"": ""09_props"", ""source_role"": ""production_asset"", ""source_path"": ""public/assets/09_props/img/castle-banner-orange-sun.png"", ""expected_asset_type"": ""prop_cutout"", ""expected_background_mode"": ""alpha_cutout"", ""expected_concept_word"": ""castle banner orange sun"", ""reviewed_from"": ""audit/visual-assets/sheets/pending_visual/09-props-prop-cutout-castle-001.jpg"", ""decision_source"": ""audit/visual-assets/decisions-backgrounds-props.jsonl"", ""sha256"": ""4fe212ef759d4ecf2242278e0a42284a7289d3795e0765a3a210c0d91a4e9959"", ""bytes"": 10419, ""notes"": ""Low-resolution banner sprite (~48px wide)."", ""reason_codes"": [""low_resolution""]}"
live:prop:castle-banner-purple-crown,castle-banner-purple-crown,castle banner purple crown,props,live,09_props,production_asset,public/assets/09_props/img/castle-banner-purple-crown.png,REVIEW,"[""low_resolution""]","[""low_resolution""]",Low-resolution banner sprite (~48px wide).,,audit/visual-assets/sheets/pending_visual/09-props-prop-cutout-castle-002.jpg,,"{""asset_id"": ""live:prop:castle-banner-purple-crown"", ""key"": ""castle-banner-purple-crown"", ""concept"": ""castle banner purple crown"", ""source_bank"": ""09_props"", ""source_role"": ""production_asset"", ""source_path"": ""public/assets/09_props/img/castle-banner-purple-crown.png"", ""expected_asset_type"": ""prop_cutout"", ""expected_background_mode"": ""alpha_cutout"", ""expected_concept_word"": ""castle banner purple crown"", ""reviewed_from"": ""audit/visual-assets/sheets/pending_visual/09-props-prop-cutout-castle-002.jpg"", ""decision_source"": ""audit/visual-assets/decisions-backgrounds-props.jsonl"", ""sha256"": ""bfb036b17ab92b553a37b6a610ddd40e7a27adf62bcef2b8689b59f9b0e86d86"", ""bytes"": 11691, ""notes"": ""Low-resolution banner sprite (~48px wide)."", ""reason_codes"": [""low_resolution""]}"
live:prop:castle-banner-red-lion,castle-banner-red-lion,castle banner red lion,props,live,09_props,production_asset,public/assets/09_props/img/castle-banner-red-lion.png,REVIEW,"[""low_resolution""]","[""low_resolution""]",Low-resolution banner sprite (~48px wide).,,audit/visual-assets/sheets/pending_visual/09-props-prop-cutout-castle-002.jpg,,"{""asset_id"": ""live:prop:castle-banner-red-lion"", ""key"": ""castle-banner-red-lion"", ""concept"": ""castle banner red lion"", ""source_bank"": ""09_props"", ""source_role"": ""production_asset"", ""source_path"": ""public/assets/09_props/img/castle-banner-red-lion.png"", ""expected_asset_type"": ""prop_cutout"", ""expected_background_mode"": ""alpha_cutout"", ""expected_concept_word"": ""castle banner red lion"", ""reviewed_from"": ""audit/visual-assets/sheets/pending_visual/09-props-prop-cutout-castle-002.jpg"", ""decision_source"": ""audit/visual-assets/decisions-backgrounds-props.jsonl"", ""sha256"": ""3ba71fca16122432366547072dea368a8b58afc5868ade7165fa2c3c95f4b469"", ""bytes"": 11718, ""notes"": ""Low-resolution banner sprite (~48px wide)."", ""reason_codes"": [""low_resolution""]}"
live:prop:castle-banner-teal,castle-banner-teal,castle banner teal,props,live,09_props,production_asset,public/assets/09_props/img/castle-banner-teal.png,REVIEW,"[""low_resolution""]","[""low_resolution""]",Low-resolution banner sprite (~48px wide).,,audit/visual-assets/sheets/pending_visual/09-props-prop-cutout-castle-002.jpg,,"{""asset_id"": ""live:prop:castle-banner-teal"", ""key"": ""castle-banner-teal"", ""concept"": ""castle banner teal"", ""source_bank"": ""09_props"", ""source_role"": ""production_asset"", ""source_path"": ""public/assets/09_props/img/castle-banner-teal.png"", ""expected_asset_type"": ""prop_cutout"", ""expected_background_mode"": ""alpha_cutout"", ""expected_concept_word"": ""castle banner teal"", ""reviewed_from"": ""audit/visual-assets/sheets/pending_visual/09-props-prop-cutout-castle-002.jpg"", ""decision_source"": ""audit/visual-assets/decisions-backgrounds-props.jsonl"", ""sha256"": ""9bfbdad7a1cea3c8f3e967e88a69ef72e59d11fe09c5507b8a8de456a2ccd7ba"", ""bytes"": 11866, ""notes"": ""Low-resolution banner sprite (~48px wide)."", ""reason_codes"": [""low_resolution""]}"
live:prop:castle-banner-white,castle-banner-white,castle banner white,props,live,09_props,production_asset,public/assets/09_props/img/castle-banner-white.png,REVIEW,"[""low_resolution""]","[""low_resolution""]",Low-resolution banner sprite (~48px wide).,,audit/visual-assets/sheets/pending_visual/09-props-prop-cutout-castle-002.jpg,,"{""asset_id"": ""live:prop:castle-banner-white"", ""key"": ""castle-banner-white"", ""concept"": ""castle banner white"", ""source_bank"": ""09_props"", ""source_role"": ""production_asset"", ""source_path"": ""public/assets/09_props/img/castle-banner-white.png"", ""expected_asset_type"": ""prop_cutout"", ""expected_background_mode"": ""alpha_cutout"", ""expected_concept_word"": ""castle banner white"", ""reviewed_from"": ""audit/visual-assets/sheets/pending_visual/09-props-prop-cutout-castle-002.jpg"", ""decision_source"": ""audit/visual-assets/decisions-backgrounds-props.jsonl"", ""sha256"": ""01c4aa65bc0308ab0b8ed8e9d2fb753e4104889a765448c437d537d9e820cfa1"", ""bytes"": 7529, ""notes"": ""Low-resolution banner sprite (~48px wide)."", ""reason_codes"": [""low_resolution""]}"
live:prop:castle-banquet-plate,castle-banquet-plate,castle banquet plate,story cast/actions/roles/environments,live,09_props,production_asset,public/assets/09_props/img/castle-banquet-plate.png,REVIEW,"[""exact_duplicate""]","[""exact_duplicate""]",Exact duplicate asset of cas-banquet-plate.,,audit/visual-assets/sheets/pending_visual/09-props-role-plate-castle-001.jpg,,"{""asset_id"": ""live:prop:castle-banquet-plate"", ""key"": ""castle-banquet-plate"", ""concept"": ""castle banquet plate"", ""source_bank"": ""09_props"", ""source_role"": ""production_asset"", ""source_path"": ""public/assets/09_props/img/castle-banquet-plate.png"", ""expected_asset_type"": ""role_plate"", ""expected_background_mode"": ""alpha_cutout"", ""expected_concept_word"": ""castle banquet plate"", ""reviewed_from"": ""audit/visual-assets/sheets/pending_visual/09-props-role-plate-castle-001.jpg"", ""decision_source"": ""audit/visual-assets/decisions-story-roles-letters.jsonl"", ""sha256"": ""2644f9d24fe62de7c40e3a53ef49f939ab15346b4375fee1c5c642b884ec16ac"", ""bytes"": 129708, ""notes"": ""Exact duplicate asset of cas-banquet-plate."", ""reason_codes"": [""exact_duplicate""]}"
live:prop:castle-banquet-plate-v2,castle-banquet-plate-v2,castle banquet plate v2,story cast/actions/roles/environments,live,09_props,production_asset,public/assets/09_props/img/castle-banquet-plate-v2.png,REVIEW,"[""exact_duplicate""]","[""exact_duplicate""]",Exact duplicate asset of cas-banquet-plate.,,audit/visual-assets/sheets/pending_visual/09-props-role-plate-castle-001.jpg,,"{""asset_id"": ""live:prop:castle-banquet-plate-v2"", ""key"": ""castle-banquet-plate-v2"", ""concept"": ""castle banquet plate v2"", ""source_bank"": ""09_props"", ""source_role"": ""production_asset"", ""source_path"": ""public/assets/09_props/img/castle-banquet-plate-v2.png"", ""expected_asset_type"": ""role_plate"", ""expected_background_mode"": ""alpha_cutout"", ""expected_concept_word"": ""castle banquet plate v2"", ""reviewed_from"": ""audit/visual-assets/sheets/pending_visual/09-props-role-plate-castle-001.jpg"", ""decision_source"": ""audit/visual-assets/decisions-story-roles-letters.jsonl"", ""sha256"": ""2644f9d24fe62de7c40e3a53ef49f939ab15346b4375fee1c5c642b884ec16ac"", ""bytes"": 129708, ""notes"": ""Exact duplicate asset of cas-banquet-plate."", ""reason_codes"": [""exact_duplicate""]}"
live:prop:castle-breastplate,castle-breastplate,castle breastplate,story cast/actions/roles/environments,live,09_props,production_asset,public/assets/09_props/img/castle-breastplate.png,REVIEW,"[""exact_duplicate""]","[""exact_duplicate""]",Exact duplicate asset of cas-breastplate.,,audit/visual-assets/sheets/pending_visual/09-props-role-plate-castle-001.jpg,,"{""asset_id"": ""live:prop:castle-breastplate"", ""key"": ""castle-breastplate"", ""concept"": ""castle breastplate"", ""source_bank"": ""09_props"", ""source_role"": ""production_asset"", ""source_path"": ""public/assets/09_props/img/castle-breastplate.png"", ""expected_asset_type"": ""role_plate"", ""expected_background_mode"": ""alpha_cutout"", ""expected_concept_word"": ""castle breastplate"", ""reviewed_from"": ""audit/visual-assets/sheets/pending_visual/09-props-role-plate-castle-001.jpg"", ""decision_source"": ""audit/visual-assets/decisions-story-roles-letters.jsonl"", ""sha256"": ""ef9e50351b6666ce527d16d47ca6b8481d68abb2c69eac8c7e555a638c8d9057"", ""bytes"": 127534, ""notes"": ""Exact duplicate asset of cas-breastplate."", ""reason_codes"": [""exact_duplicate""]}"
live:prop:castle-breastplate-v2,castle-breastplate-v2,castle breastplate v2,story cast/actions/roles/environments,live,09_props,production_asset,public/assets/09_props/img/castle-breastplate-v2.png,REVIEW,"[""exact_duplicate""]","[""exact_duplicate""]",Exact duplicate asset of cas-breastplate.,,audit/visual-assets/sheets/pending_visual/09-props-role-plate-castle-001.jpg,,"{""asset_id"": ""live:prop:castle-breastplate-v2"", ""key"": ""castle-breastplate-v2"", ""concept"": ""castle breastplate v2"", ""source_bank"": ""09_props"", ""source_role"": ""production_asset"", ""source_path"": ""public/assets/09_props/img/castle-breastplate-v2.png"", ""expected_asset_type"": ""role_plate"", ""expected_background_mode"": ""alpha_cutout"", ""expected_concept_word"": ""castle breastplate v2"", ""reviewed_from"": ""audit/visual-assets/sheets/pending_visual/09-props-role-plate-castle-001.jpg"", ""decision_source"": ""audit/visual-assets/decisions-story-roles-letters.jsonl"", ""sha256"": ""ef9e50351b6666ce527d16d47ca6b8481d68abb2c69eac8c7e555a638c8d9057"", ""bytes"": 127534, ""notes"": ""Exact duplicate asset of cas-breastplate."", ""reason_codes"": [""exact_duplicate""]}"
live:prop:castle-coin-stack,castle-coin-stack,castle coin stack,props,live,09_props,production_asset,public/assets/09_props/img/castle-coin-stack.png,REVIEW,"[""exact_duplicate""]","[""exact_duplicate""]",Exact duplicate castle prop.,,audit/visual-assets/sheets/pending_visual/09-props-prop-cutout-castle-002.jpg,,"{""asset_id"": ""live:prop:castle-coin-stack"", ""key"": ""castle-coin-stack"", ""concept"": ""castle coin stack"", ""source_bank"": ""09_props"", ""source_role"": ""production_asset"", ""source_path"": ""public/assets/09_props/img/castle-coin-stack.png"", ""expected_asset_type"": ""prop_cutout"", ""expected_background_mode"": ""alpha_cutout"", ""expected_concept_word"": ""castle coin stack"", ""reviewed_from"": ""audit/visual-assets/sheets/pending_visual/09-props-prop-cutout-castle-002.jpg"", ""decision_source"": ""audit/visual-assets/decisions-backgrounds-props.jsonl"", ""sha256"": ""4821532e4c9a0347dbd00a10b4d43cf28670e5aaa86b8597feaf5c908739da6c"", ""bytes"": 133162, ""notes"": ""Exact duplicate castle prop."", ""reason_codes"": [""exact_duplicate""]}"
live:prop:castle-coin-stack-v2,castle-coin-stack-v2,castle coin stack v2,props,live,09_props,production_asset,public/assets/09_props/img/castle-coin-stack-v2.png,REVIEW,"[""exact_duplicate""]","[""exact_duplicate""]",Exact duplicate castle prop.,,audit/visual-assets/sheets/pending_visual/09-props-prop-cutout-castle-002.jpg,,"{""asset_id"": ""live:prop:castle-coin-stack-v2"", ""key"": ""castle-coin-stack-v2"", ""concept"": ""castle coin stack v2"", ""source_bank"": ""09_props"", ""source_role"": ""production_asset"", ""source_path"": ""public/assets/09_props/img/castle-coin-stack-v2.png"", ""expected_asset_type"": ""prop_cutout"", ""expected_background_mode"": ""alpha_cutout"", ""expected_concept_word"": ""castle coin stack v2"", ""reviewed_from"": ""audit/visual-assets/sheets/pending_visual/09-props-prop-cutout-castle-002.jpg"", ""decision_source"": ""audit/visual-assets/decisions-backgrounds-props.jsonl"", ""sha256"": ""4821532e4c9a0347dbd00a10b4d43cf28670e5aaa86b8597feaf5c908739da6c"", ""bytes"": 133162, ""notes"": ""Exact duplicate castle prop."", ""reason_codes"": [""exact_duplicate""]}"
live:prop:castle-crown-v2,castle-crown-v2,castle crown v2,props,live,09_props,production_asset,public/assets/09_props/img/castle-crown-v2.png,REVIEW,"[""exact_duplicate""]","[""exact_duplicate""]",Exact duplicate castle prop.,,audit/visual-assets/sheets/pending_visual/09-props-prop-cutout-castle-002.jpg,,"{""asset_id"": ""live:prop:castle-crown-v2"", ""key"": ""castle-crown-v2"", ""concept"": ""castle crown v2"", ""source_bank"": ""09_props"", ""source_role"": ""production_asset"", ""source_path"": ""public/assets/09_props/img/castle-crown-v2.png"", ""expected_asset_type"": ""prop_cutout"", ""expected_background_mode"": ""alpha_cutout"", ""expected_concept_word"": ""castle crown v2"", ""reviewed_from"": ""audit/visual-assets/sheets/pending_visual/09-props-prop-cutout-castle-002.jpg"", ""decision_source"": ""audit/visual-assets/decisions-backgrounds-props.jsonl"", ""sha256"": ""b0df2a654dc16a9ecb0c56a573fb73bfcf0c425a71f27cf940339f019780dc08"", ""bytes"": 88666, ""notes"": ""Exact duplicate castle prop."", ""reason_codes"": [""exact_duplicate""]}"
live:prop:castle-door,castle-door,castle door,props,live,09_props,production_asset,public/assets/09_props/img/castle-door.png,REVIEW,"[""exact_duplicate""]","[""exact_duplicate""]",Exact duplicate castle prop.,,audit/visual-assets/sheets/pending_visual/09-props-prop-cutout-castle-002.jpg,,"{""asset_id"": ""live:prop:castle-door"", ""key"": ""castle-door"", ""concept"": ""castle door"", ""source_bank"": ""09_props"", ""source_role"": ""production_asset"", ""source_path"": ""public/assets/09_props/img/castle-door.png"", ""expected_asset_type"": ""prop_cutout"", ""expected_background_mode"": ""alpha_cutout"", ""expected_concept_word"": ""castle door"", ""reviewed_from"": ""audit/visual-assets/sheets/pending_visual/09-props-prop-cutout-castle-002.jpg"", ""decision_source"": ""audit/visual-assets/decisions-backgrounds-props.jsonl"", ""sha256"": ""c16f1254b4b110490074cad24a78ce6a9d185e8467ec17c8212b6a0729034c56"", ""bytes"": 113483, ""notes"": ""Exact duplicate castle prop."", ""reason_codes"": [""exact_duplicate""]}"
live:prop:castle-door-v2,castle-door-v2,castle door v2,props,live,09_props,production_asset,public/assets/09_props/img/castle-door-v2.png,REVIEW,"[""exact_duplicate""]","[""exact_duplicate""]",Exact duplicate castle prop.,,audit/visual-assets/sheets/pending_visual/09-props-prop-cutout-castle-002.jpg,,"{""asset_id"": ""live:prop:castle-door-v2"", ""key"": ""castle-door-v2"", ""concept"": ""castle door v2"", ""source_bank"": ""09_props"", ""source_role"": ""production_asset"", ""source_path"": ""public/assets/09_props/img/castle-door-v2.png"", ""expected_asset_type"": ""prop_cutout"", ""expected_background_mode"": ""alpha_cutout"", ""expected_concept_word"": ""castle door v2"", ""reviewed_from"": ""audit/visual-assets/sheets/pending_visual/09-props-prop-cutout-castle-002.jpg"", ""decision_source"": ""audit/visual-assets/decisions-backgrounds-props.jsonl"", ""sha256"": ""c16f1254b4b110490074cad24a78ce6a9d185e8467ec17c8212b6a0729034c56"", ""bytes"": 113483, ""notes"": ""Exact duplicate castle prop."", ""reason_codes"": [""exact_duplicate""]}"
live:prop:castle-drawbridge-chain,castle-drawbridge-chain,castle drawbridge chain,props,live,09_props,production_asset,public/assets/09_props/img/castle-drawbridge-chain.png,REVIEW,"[""too_small"", ""low_resolution""]","[""too_small"", ""low_resolution""]",Microscopic isolated chain fragment; unusable.,,audit/visual-assets/sheets/pending_visual/09-props-prop-cutout-castle-002.jpg,,"{""asset_id"": ""live:prop:castle-drawbridge-chain"", ""key"": ""castle-drawbridge-chain"", ""concept"": ""castle drawbridge chain"", ""source_bank"": ""09_props"", ""source_role"": ""production_asset"", ""source_path"": ""public/assets/09_props/img/castle-drawbridge-chain.png"", ""expected_asset_type"": ""prop_cutout"", ""expected_background_mode"": ""alpha_cutout"", ""expected_concept_word"": ""castle drawbridge chain"", ""reviewed_from"": ""audit/visual-assets/sheets/pending_visual/09-props-prop-cutout-castle-002.jpg"", ""decision_source"": ""audit/visual-assets/decisions-backgrounds-props.jsonl"", ""sha256"": ""e391262d82fc99cbff3ba518fc346706d8dbd29795118d13c15dab7e92cf91f6"", ""bytes"": 794, ""notes"": ""Microscopic isolated chain fragment; unusable."", ""reason_codes"": [""too_small"", ""low_resolution""]}"
live:prop:castle-drawbridge-v2,castle-drawbridge-v2,castle drawbridge v2,props,live,09_props,production_asset,public/assets/09_props/img/castle-drawbridge-v2.png,REVIEW,"[""exact_duplicate""]","[""exact_duplicate""]",Exact duplicate castle prop.,,audit/visual-assets/sheets/pending_visual/09-props-prop-cutout-castle-002.jpg,,"{""asset_id"": ""live:prop:castle-drawbridge-v2"", ""key"": ""castle-drawbridge-v2"", ""concept"": ""castle drawbridge v2"", ""source_bank"": ""09_props"", ""source_role"": ""production_asset"", ""source_path"": ""public/assets/09_props/img/castle-drawbridge-v2.png"", ""expected_asset_type"": ""prop_cutout"", ""expected_background_mode"": ""alpha_cutout"", ""expected_concept_word"": ""castle drawbridge v2"", ""reviewed_from"": ""audit/visual-assets/sheets/pending_visual/09-props-prop-cutout-castle-002.jpg"", ""decision_source"": ""audit/visual-assets/decisions-backgrounds-props.jsonl"", ""sha256"": ""63a05b7875a4a0973b9e9342ea36fd6b2540d4c150e191aeb3e60f1fdf92a244"", ""bytes"": 96464, ""notes"": ""Exact duplicate castle prop."", ""reason_codes"": [""exact_duplicate""]}"
live:prop:castle-finial-c,castle-finial-c,castle finial c,props,live,09_props,production_asset,public/assets/09_props/img/castle-finial-c.png,REVIEW,"[""low_resolution""]","[""low_resolution""]",Tiny architectural finial with low resolution.,,audit/visual-assets/sheets/pending_visual/09-props-prop-cutout-castle-002.jpg,,"{""asset_id"": ""live:prop:castle-finial-c"", ""key"": ""castle-finial-c"", ""concept"": ""castle finial c"", ""source_bank"": ""09_props"", ""source_role"": ""production_asset"", ""source_path"": ""public/assets/09_props/img/castle-finial-c.png"", ""expected_asset_type"": ""prop_cutout"", ""expected_background_mode"": ""alpha_cutout"", ""expected_concept_word"": ""castle finial c"", ""reviewed_from"": ""audit/visual-assets/sheets/pending_visual/09-props-prop-cutout-castle-002.jpg"", ""decision_source"": ""audit/visual-assets/decisions-backgrounds-props.jsonl"", ""sha256"": ""7e5024f2434c2bccef17026ea93f9cbe5754dd609c0711e3cf48c9c8faa4eedf"", ""bytes"": 3010, ""notes"": ""Tiny architectural finial with low resolution."", ""reason_codes"": [""low_resolution""]}"
live:prop:castle-finial-d,castle-finial-d,castle finial d,props,live,09_props,production_asset,public/assets/09_props/img/castle-finial-d.png,REVIEW,"[""low_resolution""]","[""low_resolution""]",Tiny architectural finial with low resolution.,,audit/visual-assets/sheets/pending_visual/09-props-prop-cutout-castle-002.jpg,,"{""asset_id"": ""live:prop:castle-finial-d"", ""key"": ""castle-finial-d"", ""concept"": ""castle finial d"", ""source_bank"": ""09_props"", ""source_role"": ""production_asset"", ""source_path"": ""public/assets/09_props/img/castle-finial-d.png"", ""expected_asset_type"": ""prop_cutout"", ""expected_background_mode"": ""alpha_cutout"", ""expected_concept_word"": ""castle finial d"", ""reviewed_from"": ""audit/visual-assets/sheets/pending_visual/09-props-prop-cutout-castle-002.jpg"", ""decision_source"": ""audit/visual-assets/decisions-backgrounds-props.jsonl"", ""sha256"": ""ee9116ff8eebe399659c4d8204aaa1aef89d1f99e65a902a75f98bfb526daeca"", ""bytes"": 3214, ""notes"": ""Tiny architectural finial with low resolution."", ""reason_codes"": [""low_resolution""]}"
live:prop:castle-finial-e,castle-finial-e,castle finial e,props,live,09_props,production_asset,public/assets/09_props/img/castle-finial-e.png,REVIEW,"[""low_resolution""]","[""low_resolution""]",Tiny architectural finial with low resolution.,,audit/visual-assets/sheets/pending_visual/09-props-prop-cutout-castle-002.jpg,,"{""asset_id"": ""live:prop:castle-finial-e"", ""key"": ""castle-finial-e"", ""concept"": ""castle finial e"", ""source_bank"": ""09_props"", ""source_role"": ""production_asset"", ""source_path"": ""public/assets/09_props/img/castle-finial-e.png"", ""expected_asset_type"": ""prop_cutout"", ""expected_background_mode"": ""alpha_cutout"", ""expected_concept_word"": ""castle finial e"", ""reviewed_from"": ""audit/visual-assets/sheets/pending_visual/09-props-prop-cutout-castle-002.jpg"", ""decision_source"": ""audit/visual-assets/decisions-backgrounds-props.jsonl"", ""sha256"": ""5247c5deac4957e7de57a6a2ac84bc0e0f0767545291fc2d446c3300ed8be3c8"", ""bytes"": 3167, ""notes"": ""Tiny architectural finial with low resolution."", ""reason_codes"": [""low_resolution""]}"
live:prop:castle-flag,castle-flag,castle flag,props,live,09_props,production_asset,public/assets/09_props/img/castle-flag.png,REVIEW,"[""exact_duplicate""]","[""exact_duplicate""]",Duplicate asset matching existing cutout prop across packs (castle-flag).,,audit/visual-assets/sheets/pending_visual/09-props-prop-cutout-castle-003.jpg,,"{""asset_id"": ""live:prop:castle-flag"", ""key"": ""castle-flag"", ""concept"": ""castle flag"", ""source_bank"": ""09_props"", ""source_role"": ""production_asset"", ""source_path"": ""public/assets/09_props/img/castle-flag.png"", ""expected_asset_type"": ""prop_cutout"", ""expected_background_mode"": ""alpha_cutout"", ""expected_concept_word"": ""castle flag"", ""reviewed_from"": ""audit/visual-assets/sheets/pending_visual/09-props-prop-cutout-castle-003.jpg"", ""decision_source"": ""audit/visual-assets/decisions-props-remaining.jsonl"", ""sha256"": ""8a7950ff899e94e3a391542b0610c0334fda5fbce4e82ba22a8332284813bb42"", ""bytes"": 64851, ""notes"": ""Duplicate asset matching existing cutout prop across packs (castle-flag)."", ""reason_codes"": [""exact_duplicate""]}"
live:prop:castle-flag-blue,castle-flag-blue,castle flag blue,props,live,09_props,production_asset,public/assets/09_props/img/castle-flag-blue.png,REVIEW,"[""low_resolution""]","[""low_resolution""]",Low resolution sprite with pixelated rendering or insufficient dimension (castle-flag-blue).,,audit/visual-assets/sheets/pending_visual/09-props-prop-cutout-castle-003.jpg,,"{""asset_id"": ""live:prop:castle-flag-blue"", ""key"": ""castle-flag-blue"", ""concept"": ""castle flag blue"", ""source_bank"": ""09_props"", ""source_role"": ""production_asset"", ""source_path"": ""public/assets/09_props/img/castle-flag-blue.png"", ""expected_asset_type"": ""prop_cutout"", ""expected_background_mode"": ""alpha_cutout"", ""expected_concept_word"": ""castle flag blue"", ""reviewed_from"": ""audit/visual-assets/sheets/pending_visual/09-props-prop-cutout-castle-003.jpg"", ""decision_source"": ""audit/visual-assets/decisions-props-remaining.jsonl"", ""sha256"": ""79f06d6d28f46284f3e6831950561539346ea99a43b3ce9e3997dcb925e8e50a"", ""bytes"": 4915, ""notes"": ""Low resolution sprite with pixelated rendering or insufficient dimension (castle-flag-blue)."", ""reason_codes"": [""low_resolution""]}"
live:prop:castle-flag-green,castle-flag-green,castle flag green,props,live,09_props,production_asset,public/assets/09_props/img/castle-flag-green.png,REVIEW,"[""low_resolution""]","[""low_resolution""]",Low resolution sprite with pixelated rendering or insufficient dimension (castle-flag-green).,,audit/visual-assets/sheets/pending_visual/09-props-prop-cutout-castle-003.jpg,,"{""asset_id"": ""live:prop:castle-flag-green"", ""key"": ""castle-flag-green"", ""concept"": ""castle flag green"", ""source_bank"": ""09_props"", ""source_role"": ""production_asset"", ""source_path"": ""public/assets/09_props/img/castle-flag-green.png"", ""expected_asset_type"": ""prop_cutout"", ""expected_background_mode"": ""alpha_cutout"", ""expected_concept_word"": ""castle flag green"", ""reviewed_from"": ""audit/visual-assets/sheets/pending_visual/09-props-prop-cutout-castle-003.jpg"", ""decision_source"": ""audit/visual-assets/decisions-props-remaining.jsonl"", ""sha256"": ""54ae6a2eef20b35365d592ad9681d1a5f2a57339ef8e2f6e4861ab6d8bed6d6f"", ""bytes"": 4565, ""notes"": ""Low resolution sprite with pixelated rendering or insufficient dimension (castle-flag-green)."", ""reason_codes"": [""low_resolution""]}"
live:prop:castle-flag-orange,castle-flag-orange,castle flag orange,props,live,09_props,production_asset,public/assets/09_props/img/castle-flag-orange.png,REVIEW,"[""low_resolution""]","[""low_resolution""]",Low resolution sprite with pixelated rendering or insufficient dimension (castle-flag-orange).,,audit/visual-assets/sheets/pending_visual/09-props-prop-cutout-castle-003.jpg,,"{""asset_id"": ""live:prop:castle-flag-orange"", ""key"": ""castle-flag-orange"", ""concept"": ""castle flag orange"", ""source_bank"": ""09_props"", ""source_role"": ""production_asset"", ""source_path"": ""public/assets/09_props/img/castle-flag-orange.png"", ""expected_asset_type"": ""prop_cutout"", ""expected_background_mode"": ""alpha_cutout"", ""expected_concept_word"": ""castle flag orange"", ""reviewed_from"": ""audit/visual-assets/sheets/pending_visual/09-props-prop-cutout-castle-003.jpg"", ""decision_source"": ""audit/visual-assets/decisions-props-remaining.jsonl"", ""sha256"": ""ff257df6a1cb5552875d24a77282570040f67cd2b2782cb4ebef050c8c8db1e3"", ""bytes"": 4777, ""notes"": ""Low resolution sprite with pixelated rendering or insufficient dimension (castle-flag-orange)."", ""reason_codes"": [""low_resolution""]}"
live:prop:castle-flag-purple,castle-flag-purple,castle flag purple,props,live,09_props,production_asset,public/assets/09_props/img/castle-flag-purple.png,REVIEW,"[""low_resolution""]","[""low_resolution""]",Low resolution sprite with pixelated rendering or insufficient dimension (castle-flag-purple).,,audit/visual-assets/sheets/pending_visual/09-props-prop-cutout-castle-003.jpg,,"{""asset_id"": ""live:prop:castle-flag-purple"", ""key"": ""castle-flag-purple"", ""concept"": ""castle flag purple"", ""source_bank"": ""09_props"", ""source_role"": ""production_asset"", ""source_path"": ""public/assets/09_props/img/castle-flag-purple.png"", ""expected_asset_type"": ""prop_cutout"", ""expected_background_mode"": ""alpha_cutout"", ""expected_concept_word"": ""castle flag purple"", ""reviewed_from"": ""audit/visual-assets/sheets/pending_visual/09-props-prop-cutout-castle-003.jpg"", ""decision_source"": ""audit/visual-assets/decisions-props-remaining.jsonl"", ""sha256"": ""9caa4309599f7bb8bd107cf6c009bb7d691c3e0ee9a6849aa1fe6b75cb726c65"", ""bytes"": 4762, ""notes"": ""Low resolution sprite with pixelated rendering or insufficient dimension (castle-flag-purple)."", ""reason_codes"": [""low_resolution""]}"
live:prop:castle-flag-v2,castle-flag-v2,castle flag v2,props,live,09_props,production_asset,public/assets/09_props/img/castle-flag-v2.png,REVIEW,"[""exact_duplicate""]","[""exact_duplicate""]",Duplicate asset matching existing cutout prop across packs (castle-flag-v2).,,audit/visual-assets/sheets/pending_visual/09-props-prop-cutout-castle-003.jpg,,"{""asset_id"": ""live:prop:castle-flag-v2"", ""key"": ""castle-flag-v2"", ""concept"": ""castle flag v2"", ""source_bank"": ""09_props"", ""source_role"": ""production_asset"", ""source_path"": ""public/assets/09_props/img/castle-flag-v2.png"", ""expected_asset_type"": ""prop_cutout"", ""expected_background_mode"": ""alpha_cutout"", ""expected_concept_word"": ""castle flag v2"", ""reviewed_from"": ""audit/visual-assets/sheets/pending_visual/09-props-prop-cutout-castle-003.jpg"", ""decision_source"": ""audit/visual-assets/decisions-props-remaining.jsonl"", ""sha256"": ""8a7950ff899e94e3a391542b0610c0334fda5fbce4e82ba22a8332284813bb42"", ""bytes"": 64851, ""notes"": ""Duplicate asset matching existing cutout prop across packs (castle-flag-v2)."", ""reason_codes"": [""exact_duplicate""]}"
live:prop:castle-gauntlet,castle-gauntlet,castle gauntlet,props,live,09_props,production_asset,public/assets/09_props/img/castle-gauntlet.png,REVIEW,"[""exact_duplicate""]","[""exact_duplicate""]",Duplicate asset matching existing cutout prop across packs (castle-gauntlet).,,audit/visual-assets/sheets/pending_visual/09-props-prop-cutout-castle-003.jpg,,"{""asset_id"": ""live:prop:castle-gauntlet"", ""key"": ""castle-gauntlet"", ""concept"": ""castle gauntlet"", ""source_bank"": ""09_props"", ""source_role"": ""production_asset"", ""source_path"": ""public/assets/09_props/img/castle-gauntlet.png"", ""expected_asset_type"": ""prop_cutout"", ""expected_background_mode"": ""alpha_cutout"", ""expected_concept_word"": ""castle gauntlet"", ""reviewed_from"": ""audit/visual-assets/sheets/pending_visual/09-props-prop-cutout-castle-003.jpg"", ""decision_source"": ""audit/visual-assets/decisions-props-remaining.jsonl"", ""sha256"": ""8718bb7fbeb1f1c55432206549d05bd836c07d360a9c14eccacba4b65040c3e1"", ""bytes"": 76090, ""notes"": ""Duplicate asset matching existing cutout prop across packs (castle-gauntlet)."", ""reason_codes"": [""exact_duplicate""]}"
live:prop:castle-gauntlet-v2,castle-gauntlet-v2,castle gauntlet v2,props,live,09_props,production_asset,public/assets/09_props/img/castle-gauntlet-v2.png,REVIEW,"[""exact_duplicate""]","[""exact_duplicate""]",Duplicate asset matching existing cutout prop across packs (castle-gauntlet-v2).,,audit/visual-assets/sheets/pending_visual/09-props-prop-cutout-castle-003.jpg,,"{""asset_id"": ""live:prop:castle-gauntlet-v2"", ""key"": ""castle-gauntlet-v2"", ""concept"": ""castle gauntlet v2"", ""source_bank"": ""09_props"", ""source_role"": ""production_asset"", ""source_path"": ""public/assets/09_props/img/castle-gauntlet-v2.png"", ""expected_asset_type"": ""prop_cutout"", ""expected_background_mode"": ""alpha_cutout"", ""expected_concept_word"": ""castle gauntlet v2"", ""reviewed_from"": ""audit/visual-assets/sheets/pending_visual/09-props-prop-cutout-castle-003.jpg"", ""decision_source"": ""audit/visual-assets/decisions-props-remaining.jsonl"", ""sha256"": ""8718bb7fbeb1f1c55432206549d05bd836c07d360a9c14eccacba4b65040c3e1"", ""bytes"": 76090, ""notes"": ""Duplicate asset matching existing cutout prop across packs (castle-gauntlet-v2)."", ""reason_codes"": [""exact_duplicate""]}"
live:prop:castle-gem,castle-gem,castle gem,props,live,09_props,production_asset,public/assets/09_props/img/castle-gem.png,REVIEW,"[""exact_duplicate""]","[""exact_duplicate""]",Duplicate asset matching existing cutout prop across packs (castle-gem).,,audit/visual-assets/sheets/pending_visual/09-props-prop-cutout-castle-003.jpg,,"{""asset_id"": ""live:prop:castle-gem"", ""key"": ""castle-gem"", ""concept"": ""castle gem"", ""source_bank"": ""09_props"", ""source_role"": ""production_asset"", ""source_path"": ""public/assets/09_props/img/castle-gem.png"", ""expected_asset_type"": ""prop_cutout"", ""expected_background_mode"": ""alpha_cutout"", ""expected_concept_word"": ""castle gem"", ""reviewed_from"": ""audit/visual-assets/sheets/pending_visual/09-props-prop-cutout-castle-003.jpg"", ""decision_source"": ""audit/visual-assets/decisions-props-remaining.jsonl"", ""sha256"": ""1690b1d91e0731c8c8596414a1923877526193edeefca02d2039250d8b0d7a7c"", ""bytes"": 91773, ""notes"": ""Duplicate asset matching existing cutout prop across packs (castle-gem)."", ""reason_codes"": [""exact_duplicate""]}"
live:prop:castle-gem-v2,castle-gem-v2,castle gem v2,props,live,09_props,production_asset,public/assets/09_props/img/castle-gem-v2.png,REVIEW,"[""exact_duplicate""]","[""exact_duplicate""]",Duplicate asset matching existing cutout prop across packs (castle-gem-v2).,,audit/visual-assets/sheets/pending_visual/09-props-prop-cutout-castle-003.jpg,,"{""asset_id"": ""live:prop:castle-gem-v2"", ""key"": ""castle-gem-v2"", ""concept"": ""castle gem v2"", ""source_bank"": ""09_props"", ""source_role"": ""production_asset"", ""source_path"": ""public/assets/09_props/img/castle-gem-v2.png"", ""expected_asset_type"": ""prop_cutout"", ""expected_background_mode"": ""alpha_cutout"", ""expected_concept_word"": ""castle gem v2"", ""reviewed_from"": ""audit/visual-assets/sheets/pending_visual/09-props-prop-cutout-castle-003.jpg"", ""decision_source"": ""audit/visual-assets/decisions-props-remaining.jsonl"", ""sha256"": ""1690b1d91e0731c8c8596414a1923877526193edeefca02d2039250d8b0d7a7c"", ""bytes"": 91773, ""notes"": ""Duplicate asset matching existing cutout prop across packs (castle-gem-v2)."", ""reason_codes"": [""exact_duplicate""]}"
live:prop:castle-goblet,castle-goblet,castle goblet,props,live,09_props,production_asset,public/assets/09_props/img/castle-goblet.png,REVIEW,"[""exact_duplicate""]","[""exact_duplicate""]",Duplicate asset matching existing cutout prop across packs (castle-goblet).,,audit/visual-assets/sheets/pending_visual/09-props-prop-cutout-castle-003.jpg,,"{""asset_id"": ""live:prop:castle-goblet"", ""key"": ""castle-goblet"", ""concept"": ""castle goblet"", ""source_bank"": ""09_props"", ""source_role"": ""production_asset"", ""source_path"": ""public/assets/09_props/img/castle-goblet.png"", ""expected_asset_type"": ""prop_cutout"", ""expected_background_mode"": ""alpha_cutout"", ""expected_concept_word"": ""castle goblet"", ""reviewed_from"": ""audit/visual-assets/sheets/pending_visual/09-props-prop-cutout-castle-003.jpg"", ""decision_source"": ""audit/visual-assets/decisions-props-remaining.jsonl"", ""sha256"": ""1afe5bc56e87c0765824757a2f3a1249f9737a00f6d1f38b99feef9a55415885"", ""bytes"": 74255, ""notes"": ""Duplicate asset matching existing cutout prop across packs (castle-goblet)."", ""reason_codes"": [""exact_duplicate""]}"
live:prop:castle-goblet-v2,castle-goblet-v2,castle goblet v2,props,live,09_props,production_asset,public/assets/09_props/img/castle-goblet-v2.png,REVIEW,"[""exact_duplicate""]","[""exact_duplicate""]",Duplicate asset matching existing cutout prop across packs (castle-goblet-v2).,,audit/visual-assets/sheets/pending_visual/09-props-prop-cutout-castle-003.jpg,,"{""asset_id"": ""live:prop:castle-goblet-v2"", ""key"": ""castle-goblet-v2"", ""concept"": ""castle goblet v2"", ""source_bank"": ""09_props"", ""source_role"": ""production_asset"", ""source_path"": ""public/assets/09_props/img/castle-goblet-v2.png"", ""expected_asset_type"": ""prop_cutout"", ""expected_background_mode"": ""alpha_cutout"", ""expected_concept_word"": ""castle goblet v2"", ""reviewed_from"": ""audit/visual-assets/sheets/pending_visual/09-props-prop-cutout-castle-003.jpg"", ""decision_source"": ""audit/visual-assets/decisions-props-remaining.jsonl"", ""sha256"": ""1afe5bc56e87c0765824757a2f3a1249f9737a00f6d1f38b99feef9a55415885"", ""bytes"": 74255, ""notes"": ""Duplicate asset matching existing cutout prop across packs (castle-goblet-v2)."", ""reason_codes"": [""exact_duplicate""]}"
live:prop:castle-helmet,castle-helmet,castle helmet,props,live,09_props,production_asset,public/assets/09_props/img/castle-helmet.png,REVIEW,"[""exact_duplicate""]","[""exact_duplicate""]",Duplicate asset matching existing cutout prop across packs (castle-helmet).,,audit/visual-assets/sheets/pending_visual/09-props-prop-cutout-castle-003.jpg,,"{""asset_id"": ""live:prop:castle-helmet"", ""key"": ""castle-helmet"", ""concept"": ""castle helmet"", ""source_bank"": ""09_props"", ""source_role"": ""production_asset"", ""source_path"": ""public/assets/09_props/img/castle-helmet.png"", ""expected_asset_type"": ""prop_cutout"", ""expected_background_mode"": ""alpha_cutout"", ""expected_concept_word"": ""castle helmet"", ""reviewed_from"": ""audit/visual-assets/sheets/pending_visual/09-props-prop-cutout-castle-003.jpg"", ""decision_source"": ""audit/visual-assets/decisions-props-remaining.jsonl"", ""sha256"": ""3ef3c4019caefdeb704f94858ad255b944f6f4ece52633cc301408263c6ebfbe"", ""bytes"": 96367, ""notes"": ""Duplicate asset matching existing cutout prop across packs (castle-helmet)."", ""reason_codes"": [""exact_duplicate""]}"
live:prop:castle-helmet-v2,castle-helmet-v2,castle helmet v2,props,live,09_props,production_asset,public/assets/09_props/img/castle-helmet-v2.png,REVIEW,"[""exact_duplicate""]","[""exact_duplicate""]",Duplicate asset matching existing cutout prop across packs (castle-helmet-v2).,,audit/visual-assets/sheets/pending_visual/09-props-prop-cutout-castle-003.jpg,,"{""asset_id"": ""live:prop:castle-helmet-v2"", ""key"": ""castle-helmet-v2"", ""concept"": ""castle helmet v2"", ""source_bank"": ""09_props"", ""source_role"": ""production_asset"", ""source_path"": ""public/assets/09_props/img/castle-helmet-v2.png"", ""expected_asset_type"": ""prop_cutout"", ""expected_background_mode"": ""alpha_cutout"", ""expected_concept_word"": ""castle helmet v2"", ""reviewed_from"": ""audit/visual-assets/sheets/pending_visual/09-props-prop-cutout-castle-003.jpg"", ""decision_source"": ""audit/visual-assets/decisions-props-remaining.jsonl"", ""sha256"": ""3ef3c4019caefdeb704f94858ad255b944f6f4ece52633cc301408263c6ebfbe"", ""bytes"": 96367, ""notes"": ""Duplicate asset matching existing cutout prop across packs (castle-helmet-v2)."", ""reason_codes"": [""exact_duplicate""]}"
live:prop:castle-house-orange,castle-house-orange,castle house orange,props,live,09_props,production_asset,public/assets/09_props/img/castle-house-orange.png,REVIEW,"[""low_resolution""]","[""low_resolution""]",Low resolution sprite with pixelated rendering or insufficient dimension (castle-house-orange).,,audit/visual-assets/sheets/pending_visual/09-props-prop-cutout-castle-003.jpg,,"{""asset_id"": ""live:prop:castle-house-orange"", ""key"": ""castle-house-orange"", ""concept"": ""castle house orange"", ""source_bank"": ""09_props"", ""source_role"": ""production_asset"", ""source_path"": ""public/assets/09_props/img/castle-house-orange.png"", ""expected_asset_type"": ""prop_cutout"", ""expected_background_mode"": ""alpha_cutout"", ""expected_concept_word"": ""castle house orange"", ""reviewed_from"": ""audit/visual-assets/sheets/pending_visual/09-props-prop-cutout-castle-003.jpg"", ""decision_source"": ""audit/visual-assets/decisions-props-remaining.jsonl"", ""sha256"": ""ed43a926c02fc63cc843551851f180949cae4f863e1ef5ae28ce17860130182f"", ""bytes"": 10475, ""notes"": ""Low resolution sprite with pixelated rendering or insufficient dimension (castle-house-orange)."", ""reason_codes"": [""low_resolution""]}"
live:prop:castle-house-purple,castle-house-purple,castle house purple,props,live,09_props,production_asset,public/assets/09_props/img/castle-house-purple.png,REVIEW,"[""low_resolution""]","[""low_resolution""]",Low resolution sprite with pixelated rendering or insufficient dimension (castle-house-purple).,,audit/visual-assets/sheets/pending_visual/09-props-prop-cutout-castle-003.jpg,,"{""asset_id"": ""live:prop:castle-house-purple"", ""key"": ""castle-house-purple"", ""concept"": ""castle house purple"", ""source_bank"": ""09_props"", ""source_role"": ""production_asset"", ""source_path"": ""public/assets/09_props/img/castle-house-purple.png"", ""expected_asset_type"": ""prop_cutout"", ""expected_background_mode"": ""alpha_cutout"", ""expected_concept_word"": ""castle house purple"", ""reviewed_from"": ""audit/visual-assets/sheets/pending_visual/09-props-prop-cutout-castle-003.jpg"", ""decision_source"": ""audit/visual-assets/decisions-props-remaining.jsonl"", ""sha256"": ""b0825281b1c78baacb9a9191e74ab42e52bef11f518bd0c8f45ba79b40204ce0"", ""bytes"": 10271, ""notes"": ""Low resolution sprite with pixelated rendering or insufficient dimension (castle-house-purple)."", ""reason_codes"": [""low_resolution""]}"
live:prop:castle-house-roof-orange,castle-house-roof-orange,castle house roof orange,props,live,09_props,production_asset,public/assets/09_props/img/castle-house-roof-orange.png,REVIEW,"[""low_resolution""]","[""low_resolution""]",Low resolution sprite with pixelated rendering or insufficient dimension (castle-house-roof-orange).,,audit/visual-assets/sheets/pending_visual/09-props-prop-cutout-castle-003.jpg,,"{""asset_id"": ""live:prop:castle-house-roof-orange"", ""key"": ""castle-house-roof-orange"", ""concept"": ""castle house roof orange"", ""source_bank"": ""09_props"", ""source_role"": ""production_asset"", ""source_path"": ""public/assets/09_props/img/castle-house-roof-orange.png"", ""expected_asset_type"": ""prop_cutout"", ""expected_background_mode"": ""alpha_cutout"", ""expected_concept_word"": ""castle house roof orange"", ""reviewed_from"": ""audit/visual-assets/sheets/pending_visual/09-props-prop-cutout-castle-003.jpg"", ""decision_source"": ""audit/visual-assets/decisions-props-remaining.jsonl"", ""sha256"": ""423977880101883e0df17cc723371571b04f5472b32285cd2e69241545ea7593"", ""bytes"": 12041, ""notes"": ""Low resolution sprite with pixelated rendering or insufficient dimension (castle-house-roof-orange)."", ""reason_codes"": [""low_resolution""]}"
live:prop:castle-house-roof-purple,castle-house-roof-purple,castle house roof purple,props,live,09_props,production_asset,public/assets/09_props/img/castle-house-roof-purple.png,REVIEW,"[""low_resolution""]","[""low_resolution""]",Low resolution sprite with pixelated rendering or insufficient dimension (castle-house-roof-purple).,,audit/visual-assets/sheets/pending_visual/09-props-prop-cutout-castle-003.jpg,,"{""asset_id"": ""live:prop:castle-house-roof-purple"", ""key"": ""castle-house-roof-purple"", ""concept"": ""castle house roof purple"", ""source_bank"": ""09_props"", ""source_role"": ""production_asset"", ""source_path"": ""public/assets/09_props/img/castle-house-roof-purple.png"", ""expected_asset_type"": ""prop_cutout"", ""expected_background_mode"": ""alpha_cutout"", ""expected_concept_word"": ""castle house roof purple"", ""reviewed_from"": ""audit/visual-assets/sheets/pending_visual/09-props-prop-cutout-castle-003.jpg"", ""decision_source"": ""audit/visual-assets/decisions-props-remaining.jsonl"", ""sha256"": ""5bbaf3bd5431c0c9eb08b9173df894b764243b397730c389e32a091df773bf94"", ""bytes"": 12117, ""notes"": ""Low resolution sprite with pixelated rendering or insufficient dimension (castle-house-roof-purple)."", ""reason_codes"": [""low_resolution""]}"
live:prop:castle-house-roof-red,castle-house-roof-red,castle house roof red,props,live,09_props,production_asset,public/assets/09_props/img/castle-house-roof-red.png,REVIEW,"[""low_resolution""]","[""low_resolution""]",Low resolution sprite with pixelated rendering or insufficient dimension (castle-house-roof-red).,,audit/visual-assets/sheets/pending_visual/09-props-prop-cutout-castle-003.jpg,,"{""asset_id"": ""live:prop:castle-house-roof-red"", ""key"": ""castle-house-roof-red"", ""concept"": ""castle house roof red"", ""source_bank"": ""09_props"", ""source_role"": ""production_asset"", ""source_path"": ""public/assets/09_props/img/castle-house-roof-red.png"", ""expected_asset_type"": ""prop_cutout"", ""expected_background_mode"": ""alpha_cutout"", ""expected_concept_word"": ""castle house roof red"", ""reviewed_from"": ""audit/visual-assets/sheets/pending_visual/09-props-prop-cutout-castle-003.jpg"", ""decision_source"": ""audit/visual-assets/decisions-props-remaining.jsonl"", ""sha256"": ""58bdea30d9462fdc669bf8fca646f75a26a59a1ffc5a94c665038cd99e9b7cbf"", ""bytes"": 11940, ""notes"": ""Low resolution sprite with pixelated rendering or insufficient dimension (castle-house-roof-red)."", ""reason_codes"": [""low_resolution""]}"
live:prop:castle-ink-pot,castle-ink-pot,castle ink pot,props,live,09_props,production_asset,public/assets/09_props/img/castle-ink-pot.png,REVIEW,"[""exact_duplicate""]","[""exact_duplicate""]",Duplicate asset matching existing cutout prop across packs (castle-ink-pot).,,audit/visual-assets/sheets/pending_visual/09-props-prop-cutout-castle-003.jpg,,"{""asset_id"": ""live:prop:castle-ink-pot"", ""key"": ""castle-ink-pot"", ""concept"": ""castle ink pot"", ""source_bank"": ""09_props"", ""source_role"": ""production_asset"", ""source_path"": ""public/assets/09_props/img/castle-ink-pot.png"", ""expected_asset_type"": ""prop_cutout"", ""expected_background_mode"": ""alpha_cutout"", ""expected_concept_word"": ""castle ink pot"", ""reviewed_from"": ""audit/visual-assets/sheets/pending_visual/09-props-prop-cutout-castle-003.jpg"", ""decision_source"": ""audit/visual-assets/decisions-props-remaining.jsonl"", ""sha256"": ""67c39f3e66f1c6d569e41307b9ae90df990b29ea6b3b47521735fa05c57c9012"", ""bytes"": 106434, ""notes"": ""Duplicate asset matching existing cutout prop across packs (castle-ink-pot)."", ""reason_codes"": [""exact_duplicate""]}"
live:prop:castle-ink-pot-v2,castle-ink-pot-v2,castle ink pot v2,props,live,09_props,production_asset,public/assets/09_props/img/castle-ink-pot-v2.png,REVIEW,"[""exact_duplicate""]","[""exact_duplicate""]",Duplicate asset matching existing cutout prop across packs (castle-ink-pot-v2).,,audit/visual-assets/sheets/pending_visual/09-props-prop-cutout-castle-003.jpg,,"{""asset_id"": ""live:prop:castle-ink-pot-v2"", ""key"": ""castle-ink-pot-v2"", ""concept"": ""castle ink pot v2"", ""source_bank"": ""09_props"", ""source_role"": ""production_asset"", ""source_path"": ""public/assets/09_props/img/castle-ink-pot-v2.png"", ""expected_asset_type"": ""prop_cutout"", ""expected_background_mode"": ""alpha_cutout"", ""expected_concept_word"": ""castle ink pot v2"", ""reviewed_from"": ""audit/visual-assets/sheets/pending_visual/09-props-prop-cutout-castle-003.jpg"", ""decision_source"": ""audit/visual-assets/decisions-props-remaining.jsonl"", ""sha256"": ""67c39f3e66f1c6d569e41307b9ae90df990b29ea6b3b47521735fa05c57c9012"", ""bytes"": 106434, ""notes"": ""Duplicate asset matching existing cutout prop across packs (castle-ink-pot-v2)."", ""reason_codes"": [""exact_duplicate""]}"
live:prop:castle-knight-blue,castle-knight-blue,castle knight blue,props,live,09_props,production_asset,public/assets/09_props/img/castle-knight-blue.png,REVIEW,"[""low_resolution""]","[""low_resolution""]",Low resolution sprite with pixelated rendering or insufficient dimension (castle-knight-blue).,,audit/visual-assets/sheets/pending_visual/09-props-prop-cutout-castle-003.jpg,,"{""asset_id"": ""live:prop:castle-knight-blue"", ""key"": ""castle-knight-blue"", ""concept"": ""castle knight blue"", ""source_bank"": ""09_props"", ""source_role"": ""production_asset"", ""source_path"": ""public/assets/09_props/img/castle-knight-blue.png"", ""expected_asset_type"": ""prop_cutout"", ""expected_background_mode"": ""alpha_cutout"", ""expected_concept_word"": ""castle knight blue"", ""reviewed_from"": ""audit/visual-assets/sheets/pending_visual/09-props-prop-cutout-castle-003.jpg"", ""decision_source"": ""audit/visual-assets/decisions-props-remaining.jsonl"", ""sha256"": ""87a30066ab8274ced80e3b57c0488730c87a6472032da466a9d16f6dcece223a"", ""bytes"": 10572, ""notes"": ""Low resolution sprite with pixelated rendering or insufficient dimension (castle-knight-blue)."", ""reason_codes"": [""low_resolution""]}"
live:prop:castle-knight-mounted,castle-knight-mounted,castle knight mounted,props,live,09_props,production_asset,public/assets/09_props/img/castle-knight-mounted.png,REVIEW,"[""low_resolution""]","[""low_resolution""]",Low resolution sprite with pixelated rendering or insufficient dimension (castle-knight-mounted).,,audit/visual-assets/sheets/pending_visual/09-props-prop-cutout-castle-003.jpg,,"{""asset_id"": ""live:prop:castle-knight-mounted"", ""key"": ""castle-knight-mounted"", ""concept"": ""castle knight mounted"", ""source_bank"": ""09_props"", ""source_role"": ""production_asset"", ""source_path"": ""public/assets/09_props/img/castle-knight-mounted.png"", ""expected_asset_type"": ""prop_cutout"", ""expected_background_mode"": ""alpha_cutout"", ""expected_concept_word"": ""castle knight mounted"", ""reviewed_from"": ""audit/visual-assets/sheets/pending_visual/09-props-prop-cutout-castle-003.jpg"", ""decision_source"": ""audit/visual-assets/decisions-props-remaining.jsonl"", ""sha256"": ""bc5249f30e60aa8773206eacf999e50c94fd84bfc7badeaf977e13ae6004d810"", ""bytes"": 11435, ""notes"": ""Low resolution sprite with pixelated rendering or insufficient dimension (castle-knight-mounted)."", ""reason_codes"": [""low_resolution""]}"
live:prop:castle-knight-red,castle-knight-red,castle knight red,props,live,09_props,production_asset,public/assets/09_props/img/castle-knight-red.png,REVIEW,"[""low_resolution""]","[""low_resolution""]",Low resolution sprite with pixelated rendering or insufficient dimension (castle-knight-red).,,audit/visual-assets/sheets/pending_visual/09-props-prop-cutout-castle-003.jpg,,"{""asset_id"": ""live:prop:castle-knight-red"", ""key"": ""castle-knight-red"", ""concept"": ""castle knight red"", ""source_bank"": ""09_props"", ""source_role"": ""production_asset"", ""source_path"": ""public/assets/09_props/img/castle-knight-red.png"", ""expected_asset_type"": ""prop_cutout"", ""expected_background_mode"": ""alpha_cutout"", ""expected_concept_word"": ""castle knight red"", ""reviewed_from"": ""audit/visual-assets/sheets/pending_visual/09-props-prop-cutout-castle-003.jpg"", ""decision_source"": ""audit/visual-assets/decisions-props-remaining.jsonl"", ""sha256"": ""04298bb485438cebfba930edc639c671f0b7c3a77c1502845a1a6a5351bbaef5"", ""bytes"": 10542, ""notes"": ""Low resolution sprite with pixelated rendering or insufficient dimension (castle-knight-red)."", ""reason_codes"": [""low_resolution""]}"
live:prop:castle-map,castle-map,castle map,props,live,09_props,production_asset,public/assets/09_props/img/castle-map.png,REVIEW,"[""exact_duplicate""]","[""exact_duplicate""]",Duplicate asset matching existing cutout prop across packs (castle-map).,,audit/visual-assets/sheets/pending_visual/09-props-prop-cutout-castle-003.jpg,,"{""asset_id"": ""live:prop:castle-map"", ""key"": ""castle-map"", ""concept"": ""castle map"", ""source_bank"": ""09_props"", ""source_role"": ""production_asset"", ""source_path"": ""public/assets/09_props/img/castle-map.png"", ""expected_asset_type"": ""prop_cutout"", ""expected_background_mode"": ""alpha_cutout"", ""expected_concept_word"": ""castle map"", ""reviewed_from"": ""audit/visual-assets/sheets/pending_visual/09-props-prop-cutout-castle-003.jpg"", ""decision_source"": ""audit/visual-assets/decisions-props-remaining.jsonl"", ""sha256"": ""db442e2730143dd9685b7ae4ce32ed6e8c68df1d7b3182b0e4f1f8c8198c7b7b"", ""bytes"": 126023, ""notes"": ""Duplicate asset matching existing cutout prop across packs (castle-map)."", ""reason_codes"": [""exact_duplicate""]}"
live:prop:castle-map-blank,castle-map-blank,castle map blank,props,live,09_props,production_asset,public/assets/09_props/img/castle-map-blank.png,REVIEW,"[""exact_duplicate""]","[""exact_duplicate""]",Duplicate asset matching existing cutout prop across packs (castle-map-blank).,,audit/visual-assets/sheets/pending_visual/09-props-prop-cutout-castle-003.jpg,,"{""asset_id"": ""live:prop:castle-map-blank"", ""key"": ""castle-map-blank"", ""concept"": ""castle map blank"", ""source_bank"": ""09_props"", ""source_role"": ""production_asset"", ""source_path"": ""public/assets/09_props/img/castle-map-blank.png"", ""expected_asset_type"": ""prop_cutout"", ""expected_background_mode"": ""alpha_cutout"", ""expected_concept_word"": ""castle map blank"", ""reviewed_from"": ""audit/visual-assets/sheets/pending_visual/09-props-prop-cutout-castle-003.jpg"", ""decision_source"": ""audit/visual-assets/decisions-props-remaining.jsonl"", ""sha256"": ""db442e2730143dd9685b7ae4ce32ed6e8c68df1d7b3182b0e4f1f8c8198c7b7b"", ""bytes"": 126023, ""notes"": ""Duplicate asset matching existing cutout prop across packs (castle-map-blank)."", ""reason_codes"": [""exact_duplicate""]}"
live:prop:castle-pond,castle-pond,castle pond,props,live,09_props,production_asset,public/assets/09_props/img/castle-pond.png,REVIEW,"[""low_resolution""]","[""low_resolution""]",Low resolution sprite with pixelated rendering or insufficient dimension (castle-pond).,,audit/visual-assets/sheets/pending_visual/09-props-prop-cutout-castle-003.jpg,,"{""asset_id"": ""live:prop:castle-pond"", ""key"": ""castle-pond"", ""concept"": ""castle pond"", ""source_bank"": ""09_props"", ""source_role"": ""production_asset"", ""source_path"": ""public/assets/09_props/img/castle-pond.png"", ""expected_asset_type"": ""prop_cutout"", ""expected_background_mode"": ""alpha_cutout"", ""expected_concept_word"": ""castle pond"", ""reviewed_from"": ""audit/visual-assets/sheets/pending_visual/09-props-prop-cutout-castle-003.jpg"", ""decision_source"": ""audit/visual-assets/decisions-props-remaining.jsonl"", ""sha256"": ""844fb674bae664129b6a311791a5dc52145a549b61152b4d78afe0d462b933ca"", ""bytes"": 13393, ""notes"": ""Low resolution sprite with pixelated rendering or insufficient dimension (castle-pond)."", ""reason_codes"": [""low_resolution""]}"
live:prop:castle-quill,castle-quill,castle quill,props,live,09_props,production_asset,public/assets/09_props/img/castle-quill.png,REVIEW,"[""exact_duplicate""]","[""exact_duplicate""]",Duplicate asset matching existing cutout prop across packs (castle-quill).,,audit/visual-assets/sheets/pending_visual/09-props-prop-cutout-castle-004.jpg,,"{""asset_id"": ""live:prop:castle-quill"", ""key"": ""castle-quill"", ""concept"": ""castle quill"", ""source_bank"": ""09_props"", ""source_role"": ""production_asset"", ""source_path"": ""public/assets/09_props/img/castle-quill.png"", ""expected_asset_type"": ""prop_cutout"", ""expected_background_mode"": ""alpha_cutout"", ""expected_concept_word"": ""castle quill"", ""reviewed_from"": ""audit/visual-assets/sheets/pending_visual/09-props-prop-cutout-castle-004.jpg"", ""decision_source"": ""audit/visual-assets/decisions-props-remaining.jsonl"", ""sha256"": ""2ee6d25b51acf79b0fa40c4a6e132b7eab2cf7e58709fa859529b7222342ffcb"", ""bytes"": 68678, ""notes"": ""Duplicate asset matching existing cutout prop across packs (castle-quill)."", ""reason_codes"": [""exact_duplicate""]}"
live:prop:castle-quill-v2,castle-quill-v2,castle quill v2,props,live,09_props,production_asset,public/assets/09_props/img/castle-quill-v2.png,REVIEW,"[""exact_duplicate""]","[""exact_duplicate""]",Duplicate asset matching existing cutout prop across packs (castle-quill-v2).,,audit/visual-assets/sheets/pending_visual/09-props-prop-cutout-castle-004.jpg,,"{""asset_id"": ""live:prop:castle-quill-v2"", ""key"": ""castle-quill-v2"", ""concept"": ""castle quill v2"", ""source_bank"": ""09_props"", ""source_role"": ""production_asset"", ""source_path"": ""public/assets/09_props/img/castle-quill-v2.png"", ""expected_asset_type"": ""prop_cutout"", ""expected_background_mode"": ""alpha_cutout"", ""expected_concept_word"": ""castle quill v2"", ""reviewed_from"": ""audit/visual-assets/sheets/pending_visual/09-props-prop-cutout-castle-004.jpg"", ""decision_source"": ""audit/visual-assets/decisions-props-remaining.jsonl"", ""sha256"": ""2ee6d25b51acf79b0fa40c4a6e132b7eab2cf7e58709fa859529b7222342ffcb"", ""bytes"": 68678, ""notes"": ""Duplicate asset matching existing cutout prop across packs (castle-quill-v2)."", ""reason_codes"": [""exact_duplicate""]}"
live:prop:castle-rocks,castle-rocks,castle rocks,props,live,09_props,production_asset,public/assets/09_props/img/castle-rocks.png,REVIEW,"[""low_resolution""]","[""low_resolution""]",Low resolution sprite with pixelated rendering or insufficient dimension (castle-rocks).,,audit/visual-assets/sheets/pending_visual/09-props-prop-cutout-castle-004.jpg,,"{""asset_id"": ""live:prop:castle-rocks"", ""key"": ""castle-rocks"", ""concept"": ""castle rocks"", ""source_bank"": ""09_props"", ""source_role"": ""production_asset"", ""source_path"": ""public/assets/09_props/img/castle-rocks.png"", ""expected_asset_type"": ""prop_cutout"", ""expected_background_mode"": ""alpha_cutout"", ""expected_concept_word"": ""castle rocks"", ""reviewed_from"": ""audit/visual-assets/sheets/pending_visual/09-props-prop-cutout-castle-004.jpg"", ""decision_source"": ""audit/visual-assets/decisions-props-remaining.jsonl"", ""sha256"": ""7ea1aa125b4c1433db00e5fd47a0002bec39de9df1fcb653332a993201a79991"", ""bytes"": 10019, ""notes"": ""Low resolution sprite with pixelated rendering or insufficient dimension (castle-rocks)."", ""reason_codes"": [""low_resolution""]}"
live:prop:castle-scroll,castle-scroll,castle scroll,props,live,09_props,production_asset,public/assets/09_props/img/castle-scroll.png,REVIEW,"[""exact_duplicate""]","[""exact_duplicate""]",Duplicate asset matching existing cutout prop across packs (castle-scroll).,,audit/visual-assets/sheets/pending_visual/09-props-prop-cutout-castle-004.jpg,,"{""asset_id"": ""live:prop:castle-scroll"", ""key"": ""castle-scroll"", ""concept"": ""castle scroll"", ""source_bank"": ""09_props"", ""source_role"": ""production_asset"", ""source_path"": ""public/assets/09_props/img/castle-scroll.png"", ""expected_asset_type"": ""prop_cutout"", ""expected_background_mode"": ""alpha_cutout"", ""expected_concept_word"": ""castle scroll"", ""reviewed_from"": ""audit/visual-assets/sheets/pending_visual/09-props-prop-cutout-castle-004.jpg"", ""decision_source"": ""audit/visual-assets/decisions-props-remaining.jsonl"", ""sha256"": ""d8df90b908a52573a9ddb0f46c3134d2fab5b097a420238d9789be1cb65bfecd"", ""bytes"": 135601, ""notes"": ""Duplicate asset matching existing cutout prop across packs (castle-scroll)."", ""reason_codes"": [""exact_duplicate""]}"
live:prop:castle-scroll-blank,castle-scroll-blank,castle scroll blank,props,live,09_props,production_asset,public/assets/09_props/img/castle-scroll-blank.png,REVIEW,"[""exact_duplicate""]","[""exact_duplicate""]",Duplicate asset matching existing cutout prop across packs (castle-scroll-blank).,,audit/visual-assets/sheets/pending_visual/09-props-prop-cutout-castle-004.jpg,,"{""asset_id"": ""live:prop:castle-scroll-blank"", ""key"": ""castle-scroll-blank"", ""concept"": ""castle scroll blank"", ""source_bank"": ""09_props"", ""source_role"": ""production_asset"", ""source_path"": ""public/assets/09_props/img/castle-scroll-blank.png"", ""expected_asset_type"": ""prop_cutout"", ""expected_background_mode"": ""alpha_cutout"", ""expected_concept_word"": ""castle scroll blank"", ""reviewed_from"": ""audit/visual-assets/sheets/pending_visual/09-props-prop-cutout-castle-004.jpg"", ""decision_source"": ""audit/visual-assets/decisions-props-remaining.jsonl"", ""sha256"": ""d8df90b908a52573a9ddb0f46c3134d2fab5b097a420238d9789be1cb65bfecd"", ""bytes"": 135601, ""notes"": ""Duplicate asset matching existing cutout prop across packs (castle-scroll-blank)."", ""reason_codes"": [""exact_duplicate""]}"
live:prop:castle-shield-v2,castle-shield-v2,castle shield v2,props,live,09_props,production_asset,public/assets/09_props/img/castle-shield-v2.png,REVIEW,"[""exact_duplicate""]","[""exact_duplicate""]",Duplicate asset matching existing cutout prop across packs (castle-shield-v2).,,audit/visual-assets/sheets/pending_visual/09-props-prop-cutout-castle-004.jpg,,"{""asset_id"": ""live:prop:castle-shield-v2"", ""key"": ""castle-shield-v2"", ""concept"": ""castle shield v2"", ""source_bank"": ""09_props"", ""source_role"": ""production_asset"", ""source_path"": ""public/assets/09_props/img/castle-shield-v2.png"", ""expected_asset_type"": ""prop_cutout"", ""expected_background_mode"": ""alpha_cutout"", ""expected_concept_word"": ""castle shield v2"", ""reviewed_from"": ""audit/visual-assets/sheets/pending_visual/09-props-prop-cutout-castle-004.jpg"", ""decision_source"": ""audit/visual-assets/decisions-props-remaining.jsonl"", ""sha256"": ""29d6e42eef4ac5d45b5f2a367b737eb2b263a39b8f010f17dd04f742fc9562ae"", ""bytes"": 105863, ""notes"": ""Duplicate asset matching existing cutout prop across packs (castle-shield-v2)."", ""reason_codes"": [""exact_duplicate""]}"
live:prop:castle-spiral-stair,castle-spiral-stair,castle spiral stair,props,live,09_props,production_asset,public/assets/09_props/img/castle-spiral-stair.png,REVIEW,"[""exact_duplicate""]","[""exact_duplicate""]",Duplicate asset matching existing cutout prop across packs (castle-spiral-stair).,,audit/visual-assets/sheets/pending_visual/09-props-prop-cutout-castle-004.jpg,,"{""asset_id"": ""live:prop:castle-spiral-stair"", ""key"": ""castle-spiral-stair"", ""concept"": ""castle spiral stair"", ""source_bank"": ""09_props"", ""source_role"": ""production_asset"", ""source_path"": ""public/assets/09_props/img/castle-spiral-stair.png"", ""expected_asset_type"": ""prop_cutout"", ""expected_background_mode"": ""alpha_cutout"", ""expected_concept_word"": ""castle spiral stair"", ""reviewed_from"": ""audit/visual-assets/sheets/pending_visual/09-props-prop-cutout-castle-004.jpg"", ""decision_source"": ""audit/visual-assets/decisions-props-remaining.jsonl"", ""sha256"": ""447a5d06f445df2760251b46b83c68af3d3529c79180c752a102e0afd1ed2a72"", ""bytes"": 103287, ""notes"": ""Duplicate asset matching existing cutout prop across packs (castle-spiral-stair)."", ""reason_codes"": [""exact_duplicate""]}"
live:prop:castle-spiral-stair-v2,castle-spiral-stair-v2,castle spiral stair v2,props,live,09_props,production_asset,public/assets/09_props/img/castle-spiral-stair-v2.png,REVIEW,"[""exact_duplicate""]","[""exact_duplicate""]",Duplicate asset matching existing cutout prop across packs (castle-spiral-stair-v2).,,audit/visual-assets/sheets/pending_visual/09-props-prop-cutout-castle-004.jpg,,"{""asset_id"": ""live:prop:castle-spiral-stair-v2"", ""key"": ""castle-spiral-stair-v2"", ""concept"": ""castle spiral stair v2"", ""source_bank"": ""09_props"", ""source_role"": ""production_asset"", ""source_path"": ""public/assets/09_props/img/castle-spiral-stair-v2.png"", ""expected_asset_type"": ""prop_cutout"", ""expected_background_mode"": ""alpha_cutout"", ""expected_concept_word"": ""castle spiral stair v2"", ""reviewed_from"": ""audit/visual-assets/sheets/pending_visual/09-props-prop-cutout-castle-004.jpg"", ""decision_source"": ""audit/visual-assets/decisions-props-remaining.jsonl"", ""sha256"": ""447a5d06f445df2760251b46b83c68af3d3529c79180c752a102e0afd1ed2a72"", ""bytes"": 103287, ""notes"": ""Duplicate asset matching existing cutout prop across packs (castle-spiral-stair-v2)."", ""reason_codes"": [""exact_duplicate""]}"
live:prop:castle-spyglass,castle-spyglass,castle spyglass,props,live,09_props,production_asset,public/assets/09_props/img/castle-spyglass.png,REVIEW,"[""exact_duplicate""]","[""exact_duplicate""]",Duplicate asset matching existing cutout prop across packs (castle-spyglass).,,audit/visual-assets/sheets/pending_visual/09-props-prop-cutout-castle-004.jpg,,"{""asset_id"": ""live:prop:castle-spyglass"", ""key"": ""castle-spyglass"", ""concept"": ""castle spyglass"", ""source_bank"": ""09_props"", ""source_role"": ""production_asset"", ""source_path"": ""public/assets/09_props/img/castle-spyglass.png"", ""expected_asset_type"": ""prop_cutout"", ""expected_background_mode"": ""alpha_cutout"", ""expected_concept_word"": ""castle spyglass"", ""reviewed_from"": ""audit/visual-assets/sheets/pending_visual/09-props-prop-cutout-castle-004.jpg"", ""decision_source"": ""audit/visual-assets/decisions-props-remaining.jsonl"", ""sha256"": ""7d682e28db473a6fa6b58122793812d5cc74fbd34a508e2be17f6d5d17017975"", ""bytes"": 67221, ""notes"": ""Duplicate asset matching existing cutout prop across packs (castle-spyglass)."", ""reason_codes"": [""exact_duplicate""]}"
live:prop:castle-spyglass-v2,castle-spyglass-v2,castle spyglass v2,props,live,09_props,production_asset,public/assets/09_props/img/castle-spyglass-v2.png,REVIEW,"[""exact_duplicate""]","[""exact_duplicate""]",Duplicate asset matching existing cutout prop across packs (castle-spyglass-v2).,,audit/visual-assets/sheets/pending_visual/09-props-prop-cutout-castle-004.jpg,,"{""asset_id"": ""live:prop:castle-spyglass-v2"", ""key"": ""castle-spyglass-v2"", ""concept"": ""castle spyglass v2"", ""source_bank"": ""09_props"", ""source_role"": ""production_asset"", ""source_path"": ""public/assets/09_props/img/castle-spyglass-v2.png"", ""expected_asset_type"": ""prop_cutout"", ""expected_background_mode"": ""alpha_cutout"", ""expected_concept_word"": ""castle spyglass v2"", ""reviewed_from"": ""audit/visual-assets/sheets/pending_visual/09-props-prop-cutout-castle-004.jpg"", ""decision_source"": ""audit/visual-assets/decisions-props-remaining.jsonl"", ""sha256"": ""7d682e28db473a6fa6b58122793812d5cc74fbd34a508e2be17f6d5d17017975"", ""bytes"": 67221, ""notes"": ""Duplicate asset matching existing cutout prop across packs (castle-spyglass-v2)."", ""reason_codes"": [""exact_duplicate""]}"
live:prop:castle-stone-brick,castle-stone-brick,castle stone brick,props,live,09_props,production_asset,public/assets/09_props/img/castle-stone-brick.png,REVIEW,"[""exact_duplicate""]","[""exact_duplicate""]",Duplicate asset matching existing cutout prop across packs (castle-stone-brick).,,audit/visual-assets/sheets/pending_visual/09-props-prop-cutout-castle-004.jpg,,"{""asset_id"": ""live:prop:castle-stone-brick"", ""key"": ""castle-stone-brick"", ""concept"": ""castle stone brick"", ""source_bank"": ""09_props"", ""source_role"": ""production_asset"", ""source_path"": ""public/assets/09_props/img/castle-stone-brick.png"", ""expected_asset_type"": ""prop_cutout"", ""expected_background_mode"": ""alpha_cutout"", ""expected_concept_word"": ""castle stone brick"", ""reviewed_from"": ""audit/visual-assets/sheets/pending_visual/09-props-prop-cutout-castle-004.jpg"", ""decision_source"": ""audit/visual-assets/decisions-props-remaining.jsonl"", ""sha256"": ""e399a238b21551f5a4dd1d8c58c8d4c54ac4095ee89b12849b73df07e2bfd87f"", ""bytes"": 123971, ""notes"": ""Duplicate asset matching existing cutout prop across packs (castle-stone-brick)."", ""reason_codes"": [""exact_duplicate""]}"
live:prop:castle-stone-brick-v2,castle-stone-brick-v2,castle stone brick v2,props,live,09_props,production_asset,public/assets/09_props/img/castle-stone-brick-v2.png,REVIEW,"[""exact_duplicate""]","[""exact_duplicate""]",Duplicate asset matching existing cutout prop across packs (castle-stone-brick-v2).,,audit/visual-assets/sheets/pending_visual/09-props-prop-cutout-castle-004.jpg,,"{""asset_id"": ""live:prop:castle-stone-brick-v2"", ""key"": ""castle-stone-brick-v2"", ""concept"": ""castle stone brick v2"", ""source_bank"": ""09_props"", ""source_role"": ""production_asset"", ""source_path"": ""public/assets/09_props/img/castle-stone-brick-v2.png"", ""expected_asset_type"": ""prop_cutout"", ""expected_background_mode"": ""alpha_cutout"", ""expected_concept_word"": ""castle stone brick v2"", ""reviewed_from"": ""audit/visual-assets/sheets/pending_visual/09-props-prop-cutout-castle-004.jpg"", ""decision_source"": ""audit/visual-assets/decisions-props-remaining.jsonl"", ""sha256"": ""e399a238b21551f5a4dd1d8c58c8d4c54ac4095ee89b12849b73df07e2bfd87f"", ""bytes"": 123971, ""notes"": ""Duplicate asset matching existing cutout prop across packs (castle-stone-brick-v2)."", ""reason_codes"": [""exact_duplicate""]}"
live:prop:castle-sword-v2,castle-sword-v2,castle sword v2,props,live,09_props,production_asset,public/assets/09_props/img/castle-sword-v2.png,REVIEW,"[""exact_duplicate""]","[""exact_duplicate""]",Duplicate asset matching existing cutout prop across packs (castle-sword-v2).,,audit/visual-assets/sheets/pending_visual/09-props-prop-cutout-castle-004.jpg,,"{""asset_id"": ""live:prop:castle-sword-v2"", ""key"": ""castle-sword-v2"", ""concept"": ""castle sword v2"", ""source_bank"": ""09_props"", ""source_role"": ""production_asset"", ""source_path"": ""public/assets/09_props/img/castle-sword-v2.png"", ""expected_asset_type"": ""prop_cutout"", ""expected_background_mode"": ""alpha_cutout"", ""expected_concept_word"": ""castle sword v2"", ""reviewed_from"": ""audit/visual-assets/sheets/pending_visual/09-props-prop-cutout-castle-004.jpg"", ""decision_source"": ""audit/visual-assets/decisions-props-remaining.jsonl"", ""sha256"": ""14e572c2d9c7f2bd82fb463150d4b0683605dc521997dc3a768bb6632940f981"", ""bytes"": 67094, ""notes"": ""Duplicate asset matching existing cutout prop across packs (castle-sword-v2)."", ""reason_codes"": [""exact_duplicate""]}"
live:prop:castle-throne,castle-throne,castle throne,props,live,09_props,production_asset,public/assets/09_props/img/castle-throne.png,REVIEW,"[""exact_duplicate""]","[""exact_duplicate""]",Duplicate asset matching existing cutout prop across packs (castle-throne).,,audit/visual-assets/sheets/pending_visual/09-props-prop-cutout-castle-004.jpg,,"{""asset_id"": ""live:prop:castle-throne"", ""key"": ""castle-throne"", ""concept"": ""castle throne"", ""source_bank"": ""09_props"", ""source_role"": ""production_asset"", ""source_path"": ""public/assets/09_props/img/castle-throne.png"", ""expected_asset_type"": ""prop_cutout"", ""expected_background_mode"": ""alpha_cutout"", ""expected_concept_word"": ""castle throne"", ""reviewed_from"": ""audit/visual-assets/sheets/pending_visual/09-props-prop-cutout-castle-004.jpg"", ""decision_source"": ""audit/visual-assets/decisions-props-remaining.jsonl"", ""sha256"": ""b50b597a5c0a340769033e5e36234e8e2552e514fdd17f0edd7b9d247cff74c1"", ""bytes"": 91941, ""notes"": ""Duplicate asset matching existing cutout prop across packs (castle-throne)."", ""reason_codes"": [""exact_duplicate""]}"
live:prop:castle-throne-v2,castle-throne-v2,castle throne v2,props,live,09_props,production_asset,public/assets/09_props/img/castle-throne-v2.png,REVIEW,"[""exact_duplicate""]","[""exact_duplicate""]",Duplicate asset matching existing cutout prop across packs (castle-throne-v2).,,audit/visual-assets/sheets/pending_visual/09-props-prop-cutout-castle-004.jpg,,"{""asset_id"": ""live:prop:castle-throne-v2"", ""key"": ""castle-throne-v2"", ""concept"": ""castle throne v2"", ""source_bank"": ""09_props"", ""source_role"": ""production_asset"", ""source_path"": ""public/assets/09_props/img/castle-throne-v2.png"", ""expected_asset_type"": ""prop_cutout"", ""expected_background_mode"": ""alpha_cutout"", ""expected_concept_word"": ""castle throne v2"", ""reviewed_from"": ""audit/visual-assets/sheets/pending_visual/09-props-prop-cutout-castle-004.jpg"", ""decision_source"": ""audit/visual-assets/decisions-props-remaining.jsonl"", ""sha256"": ""b50b597a5c0a340769033e5e36234e8e2552e514fdd17f0edd7b9d247cff74c1"", ""bytes"": 91941, ""notes"": ""Duplicate asset matching existing cutout prop across packs (castle-throne-v2)."", ""reason_codes"": [""exact_duplicate""]}"
live:prop:castle-torch,castle-torch,castle torch,props,live,09_props,production_asset,public/assets/09_props/img/castle-torch.png,REVIEW,"[""low_resolution""]","[""low_resolution""]",Low resolution sprite with pixelated rendering or insufficient dimension (castle-torch).,,audit/visual-assets/sheets/pending_visual/09-props-prop-cutout-castle-004.jpg,,"{""asset_id"": ""live:prop:castle-torch"", ""key"": ""castle-torch"", ""concept"": ""castle torch"", ""source_bank"": ""09_props"", ""source_role"": ""production_asset"", ""source_path"": ""public/assets/09_props/img/castle-torch.png"", ""expected_asset_type"": ""prop_cutout"", ""expected_background_mode"": ""alpha_cutout"", ""expected_concept_word"": ""castle torch"", ""reviewed_from"": ""audit/visual-assets/sheets/pending_visual/09-props-prop-cutout-castle-004.jpg"", ""decision_source"": ""audit/visual-assets/decisions-props-remaining.jsonl"", ""sha256"": ""aec2a832edd63dd68bda4ae65ec00b4e03222295429ad539dbcb10915a919403"", ""bytes"": 5819, ""notes"": ""Low resolution sprite with pixelated rendering or insufficient dimension (castle-torch)."", ""reason_codes"": [""low_resolution""]}"
live:prop:castle-torch-v2,castle-torch-v2,castle torch v2,props,live,09_props,production_asset,public/assets/09_props/img/castle-torch-v2.png,REVIEW,"[""exact_duplicate""]","[""exact_duplicate""]",Duplicate asset matching existing cutout prop across packs (castle-torch-v2).,,audit/visual-assets/sheets/pending_visual/09-props-prop-cutout-castle-004.jpg,,"{""asset_id"": ""live:prop:castle-torch-v2"", ""key"": ""castle-torch-v2"", ""concept"": ""castle torch v2"", ""source_bank"": ""09_props"", ""source_role"": ""production_asset"", ""source_path"": ""public/assets/09_props/img/castle-torch-v2.png"", ""expected_asset_type"": ""prop_cutout"", ""expected_background_mode"": ""alpha_cutout"", ""expected_concept_word"": ""castle torch v2"", ""reviewed_from"": ""audit/visual-assets/sheets/pending_visual/09-props-prop-cutout-castle-004.jpg"", ""decision_source"": ""audit/visual-assets/decisions-props-remaining.jsonl"", ""sha256"": ""24fbeeeca150f54ee996a87e94e08e4a647c04ccf4530b49034cad02f3b60d74"", ""bytes"": 36431, ""notes"": ""Duplicate asset matching existing cutout prop across packs (castle-torch-v2)."", ""reason_codes"": [""exact_duplicate""]}"
live:prop:castle-tower-mid-a,castle-tower-mid-a,castle tower mid a,props,live,09_props,production_asset,public/assets/09_props/img/castle-tower-mid-a.png,REVIEW,"[""low_resolution""]","[""low_resolution""]",Low resolution sprite with pixelated rendering or insufficient dimension (castle-tower-mid-a).,,audit/visual-assets/sheets/pending_visual/09-props-prop-cutout-castle-004.jpg,,"{""asset_id"": ""live:prop:castle-tower-mid-a"", ""key"": ""castle-tower-mid-a"", ""concept"": ""castle tower mid a"", ""source_bank"": ""09_props"", ""source_role"": ""production_asset"", ""source_path"": ""public/assets/09_props/img/castle-tower-mid-a.png"", ""expected_asset_type"": ""prop_cutout"", ""expected_background_mode"": ""alpha_cutout"", ""expected_concept_word"": ""castle tower mid a"", ""reviewed_from"": ""audit/visual-assets/sheets/pending_visual/09-props-prop-cutout-castle-004.jpg"", ""decision_source"": ""audit/visual-assets/decisions-props-remaining.jsonl"", ""sha256"": ""23938c0fe54acb63f304e8802d904543aad790135f693fd8a45b2c371493219c"", ""bytes"": 12068, ""notes"": ""Low resolution sprite with pixelated rendering or insufficient dimension (castle-tower-mid-a)."", ""reason_codes"": [""low_resolution""]}"
live:prop:castle-tower-mid-b,castle-tower-mid-b,castle tower mid b,props,live,09_props,production_asset,public/assets/09_props/img/castle-tower-mid-b.png,REVIEW,"[""low_resolution""]","[""low_resolution""]",Low resolution sprite with pixelated rendering or insufficient dimension (castle-tower-mid-b).,,audit/visual-assets/sheets/pending_visual/09-props-prop-cutout-castle-004.jpg,,"{""asset_id"": ""live:prop:castle-tower-mid-b"", ""key"": ""castle-tower-mid-b"", ""concept"": ""castle tower mid b"", ""source_bank"": ""09_props"", ""source_role"": ""production_asset"", ""source_path"": ""public/assets/09_props/img/castle-tower-mid-b.png"", ""expected_asset_type"": ""prop_cutout"", ""expected_background_mode"": ""alpha_cutout"", ""expected_concept_word"": ""castle tower mid b"", ""reviewed_from"": ""audit/visual-assets/sheets/pending_visual/09-props-prop-cutout-castle-004.jpg"", ""decision_source"": ""audit/visual-assets/decisions-props-remaining.jsonl"", ""sha256"": ""a74c3b0ce6ae232611994494bdaabf929c839a45fae5b7f0fd2f208d006d4549"", ""bytes"": 13051, ""notes"": ""Low resolution sprite with pixelated rendering or insufficient dimension (castle-tower-mid-b)."", ""reason_codes"": [""low_resolution""]}"
live:prop:castle-tower-mid-d,castle-tower-mid-d,castle tower mid d,props,live,09_props,production_asset,public/assets/09_props/img/castle-tower-mid-d.png,REVIEW,"[""low_resolution""]","[""low_resolution""]",Low resolution sprite with pixelated rendering or insufficient dimension (castle-tower-mid-d).,,audit/visual-assets/sheets/pending_visual/09-props-prop-cutout-castle-004.jpg,,"{""asset_id"": ""live:prop:castle-tower-mid-d"", ""key"": ""castle-tower-mid-d"", ""concept"": ""castle tower mid d"", ""source_bank"": ""09_props"", ""source_role"": ""production_asset"", ""source_path"": ""public/assets/09_props/img/castle-tower-mid-d.png"", ""expected_asset_type"": ""prop_cutout"", ""expected_background_mode"": ""alpha_cutout"", ""expected_concept_word"": ""castle tower mid d"", ""reviewed_from"": ""audit/visual-assets/sheets/pending_visual/09-props-prop-cutout-castle-004.jpg"", ""decision_source"": ""audit/visual-assets/decisions-props-remaining.jsonl"", ""sha256"": ""cd7fa063f88f581a8adb0c5cf06a6d04eb9e6ef84fe9fd3ce203114cd7eaaeb0"", ""bytes"": 11528, ""notes"": ""Low resolution sprite with pixelated rendering or insufficient dimension (castle-tower-mid-d)."", ""reason_codes"": [""low_resolution""]}"
live:prop:castle-tower-roof-blue,castle-tower-roof-blue,castle tower roof blue,props,live,09_props,production_asset,public/assets/09_props/img/castle-tower-roof-blue.png,REVIEW,"[""low_resolution""]","[""low_resolution""]",Low resolution sprite with pixelated rendering or insufficient dimension (castle-tower-roof-blue).,,audit/visual-assets/sheets/pending_visual/09-props-prop-cutout-castle-004.jpg,,"{""asset_id"": ""live:prop:castle-tower-roof-blue"", ""key"": ""castle-tower-roof-blue"", ""concept"": ""castle tower roof blue"", ""source_bank"": ""09_props"", ""source_role"": ""production_asset"", ""source_path"": ""public/assets/09_props/img/castle-tower-roof-blue.png"", ""expected_asset_type"": ""prop_cutout"", ""expected_background_mode"": ""alpha_cutout"", ""expected_concept_word"": ""castle tower roof blue"", ""reviewed_from"": ""audit/visual-assets/sheets/pending_visual/09-props-prop-cutout-castle-004.jpg"", ""decision_source"": ""audit/visual-assets/decisions-props-remaining.jsonl"", ""sha256"": ""6ef9b5e2780ee77ff1829fd410592a109f046f85872db0addcdcad257b7d59e5"", ""bytes"": 12779, ""notes"": ""Low resolution sprite with pixelated rendering or insufficient dimension (castle-tower-roof-blue)."", ""reason_codes"": [""low_resolution""]}"
live:prop:castle-tower-roof-orange,castle-tower-roof-orange,castle tower roof orange,props,live,09_props,production_asset,public/assets/09_props/img/castle-tower-roof-orange.png,REVIEW,"[""low_resolution""]","[""low_resolution""]",Low resolution sprite with pixelated rendering or insufficient dimension (castle-tower-roof-orange).,,audit/visual-assets/sheets/pending_visual/09-props-prop-cutout-castle-004.jpg,,"{""asset_id"": ""live:prop:castle-tower-roof-orange"", ""key"": ""castle-tower-roof-orange"", ""concept"": ""castle tower roof orange"", ""source_bank"": ""09_props"", ""source_role"": ""production_asset"", ""source_path"": ""public/assets/09_props/img/castle-tower-roof-orange.png"", ""expected_asset_type"": ""prop_cutout"", ""expected_background_mode"": ""alpha_cutout"", ""expected_concept_word"": ""castle tower roof orange"", ""reviewed_from"": ""audit/visual-assets/sheets/pending_visual/09-props-prop-cutout-castle-004.jpg"", ""decision_source"": ""audit/visual-assets/decisions-props-remaining.jsonl"", ""sha256"": ""ed273da49fe637fb5a8851cf03553893c4f63c438490032f9b8e760d6b704e83"", ""bytes"": 13015, ""notes"": ""Low resolution sprite with pixelated rendering or insufficient dimension (castle-tower-roof-orange)."", ""reason_codes"": [""low_resolution""]}"
live:prop:castle-tower-roof-purple,castle-tower-roof-purple,castle tower roof purple,props,live,09_props,production_asset,public/assets/09_props/img/castle-tower-roof-purple.png,REVIEW,"[""low_resolution""]","[""low_resolution""]",Low resolution sprite with pixelated rendering or insufficient dimension (castle-tower-roof-purple).,,audit/visual-assets/sheets/pending_visual/09-props-prop-cutout-castle-004.jpg,,"{""asset_id"": ""live:prop:castle-tower-roof-purple"", ""key"": ""castle-tower-roof-purple"", ""concept"": ""castle tower roof purple"", ""source_bank"": ""09_props"", ""source_role"": ""production_asset"", ""source_path"": ""public/assets/09_props/img/castle-tower-roof-purple.png"", ""expected_asset_type"": ""prop_cutout"", ""expected_background_mode"": ""alpha_cutout"", ""expected_concept_word"": ""castle tower roof purple"", ""reviewed_from"": ""audit/visual-assets/sheets/pending_visual/09-props-prop-cutout-castle-004.jpg"", ""decision_source"": ""audit/visual-assets/decisions-props-remaining.jsonl"", ""sha256"": ""2b49fa3b3233d7eab45bcf1e995dfe8c4e444db8cff4631bb0f7d1394e571117"", ""bytes"": 12921, ""notes"": ""Low resolution sprite with pixelated rendering or insufficient dimension (castle-tower-roof-purple)."", ""reason_codes"": [""low_resolution""]}"
live:prop:castle-tower-roof-red,castle-tower-roof-red,castle tower roof red,props,live,09_props,production_asset,public/assets/09_props/img/castle-tower-roof-red.png,REVIEW,"[""low_resolution""]","[""low_resolution""]",Low resolution sprite with pixelated rendering or insufficient dimension (castle-tower-roof-red).,,audit/visual-assets/sheets/pending_visual/09-props-prop-cutout-castle-005.jpg,,"{""asset_id"": ""live:prop:castle-tower-roof-red"", ""key"": ""castle-tower-roof-red"", ""concept"": ""castle tower roof red"", ""source_bank"": ""09_props"", ""source_role"": ""production_asset"", ""source_path"": ""public/assets/09_props/img/castle-tower-roof-red.png"", ""expected_asset_type"": ""prop_cutout"", ""expected_background_mode"": ""alpha_cutout"", ""expected_concept_word"": ""castle tower roof red"", ""reviewed_from"": ""audit/visual-assets/sheets/pending_visual/09-props-prop-cutout-castle-005.jpg"", ""decision_source"": ""audit/visual-assets/decisions-props-remaining.jsonl"", ""sha256"": ""310c406a7f85641278be6d1ee7047850e142432abe6f177e8c06350d640dda6d"", ""bytes"": 12670, ""notes"": ""Low resolution sprite with pixelated rendering or insufficient dimension (castle-tower-roof-red)."", ""reason_codes"": [""low_resolution""]}"
live:prop:castle-tower-roof-v2,castle-tower-roof-v2,castle tower roof v2,props,live,09_props,production_asset,public/assets/09_props/img/castle-tower-roof-v2.png,REVIEW,"[""exact_duplicate""]","[""exact_duplicate""]",Duplicate asset matching existing cutout prop across packs (castle-tower-roof-v2).,,audit/visual-assets/sheets/pending_visual/09-props-prop-cutout-castle-005.jpg,,"{""asset_id"": ""live:prop:castle-tower-roof-v2"", ""key"": ""castle-tower-roof-v2"", ""concept"": ""castle tower roof v2"", ""source_bank"": ""09_props"", ""source_role"": ""production_asset"", ""source_path"": ""public/assets/09_props/img/castle-tower-roof-v2.png"", ""expected_asset_type"": ""prop_cutout"", ""expected_background_mode"": ""alpha_cutout"", ""expected_concept_word"": ""castle tower roof v2"", ""reviewed_from"": ""audit/visual-assets/sheets/pending_visual/09-props-prop-cutout-castle-005.jpg"", ""decision_source"": ""audit/visual-assets/decisions-props-remaining.jsonl"", ""sha256"": ""10adcbb68572e8b3c8b166b1c559e2df8c255067be3513f8ab1e9e0c7175ea21"", ""bytes"": 79073, ""notes"": ""Duplicate asset matching existing cutout prop across packs (castle-tower-roof-v2)."", ""reason_codes"": [""exact_duplicate""]}"
live:prop:castle-tower-top-a,castle-tower-top-a,castle tower top a,props,live,09_props,production_asset,public/assets/09_props/img/castle-tower-top-a.png,REVIEW,"[""low_resolution""]","[""low_resolution""]",Low resolution sprite with pixelated rendering or insufficient dimension (castle-tower-top-a).,,audit/visual-assets/sheets/pending_visual/09-props-prop-cutout-castle-005.jpg,,"{""asset_id"": ""live:prop:castle-tower-top-a"", ""key"": ""castle-tower-top-a"", ""concept"": ""castle tower top a"", ""source_bank"": ""09_props"", ""source_role"": ""production_asset"", ""source_path"": ""public/assets/09_props/img/castle-tower-top-a.png"", ""expected_asset_type"": ""prop_cutout"", ""expected_background_mode"": ""alpha_cutout"", ""expected_concept_word"": ""castle tower top a"", ""reviewed_from"": ""audit/visual-assets/sheets/pending_visual/09-props-prop-cutout-castle-005.jpg"", ""decision_source"": ""audit/visual-assets/decisions-props-remaining.jsonl"", ""sha256"": ""e33d703039f49ea0bf74b0f0de83dbd8d76367154bca0aa333914f5447da087e"", ""bytes"": 5246, ""notes"": ""Low resolution sprite with pixelated rendering or insufficient dimension (castle-tower-top-a)."", ""reason_codes"": [""low_resolution""]}"
live:prop:castle-tower-top-b,castle-tower-top-b,castle tower top b,props,live,09_props,production_asset,public/assets/09_props/img/castle-tower-top-b.png,REVIEW,"[""low_resolution""]","[""low_resolution""]",Low resolution sprite with pixelated rendering or insufficient dimension (castle-tower-top-b).,,audit/visual-assets/sheets/pending_visual/09-props-prop-cutout-castle-005.jpg,,"{""asset_id"": ""live:prop:castle-tower-top-b"", ""key"": ""castle-tower-top-b"", ""concept"": ""castle tower top b"", ""source_bank"": ""09_props"", ""source_role"": ""production_asset"", ""source_path"": ""public/assets/09_props/img/castle-tower-top-b.png"", ""expected_asset_type"": ""prop_cutout"", ""expected_background_mode"": ""alpha_cutout"", ""expected_concept_word"": ""castle tower top b"", ""reviewed_from"": ""audit/visual-assets/sheets/pending_visual/09-props-prop-cutout-castle-005.jpg"", ""decision_source"": ""audit/visual-assets/decisions-props-remaining.jsonl"", ""sha256"": ""e8cebc653996723aa50ca18fd0b93f17f88320cf8392eb6046ab346f978a8b2d"", ""bytes"": 7433, ""notes"": ""Low resolution sprite with pixelated rendering or insufficient dimension (castle-tower-top-b)."", ""reason_codes"": [""low_resolution""]}"
live:prop:castle-tower-top-c,castle-tower-top-c,castle tower top c,props,live,09_props,production_asset,public/assets/09_props/img/castle-tower-top-c.png,REVIEW,"[""low_resolution""]","[""low_resolution""]",Low resolution sprite with pixelated rendering or insufficient dimension (castle-tower-top-c).,,audit/visual-assets/sheets/pending_visual/09-props-prop-cutout-castle-005.jpg,,"{""asset_id"": ""live:prop:castle-tower-top-c"", ""key"": ""castle-tower-top-c"", ""concept"": ""castle tower top c"", ""source_bank"": ""09_props"", ""source_role"": ""production_asset"", ""source_path"": ""public/assets/09_props/img/castle-tower-top-c.png"", ""expected_asset_type"": ""prop_cutout"", ""expected_background_mode"": ""alpha_cutout"", ""expected_concept_word"": ""castle tower top c"", ""reviewed_from"": ""audit/visual-assets/sheets/pending_visual/09-props-prop-cutout-castle-005.jpg"", ""decision_source"": ""audit/visual-assets/decisions-props-remaining.jsonl"", ""sha256"": ""a13f956b6f8abc7b32c5de619b3e1434b7b742b16c4bc9b9bf37ba790446aa2f"", ""bytes"": 5781, ""notes"": ""Low resolution sprite with pixelated rendering or insufficient dimension (castle-tower-top-c)."", ""reason_codes"": [""low_resolution""]}"
live:prop:castle-tower-top-d,castle-tower-top-d,castle tower top d,props,live,09_props,production_asset,public/assets/09_props/img/castle-tower-top-d.png,REVIEW,"[""low_resolution""]","[""low_resolution""]",Low resolution sprite with pixelated rendering or insufficient dimension (castle-tower-top-d).,,audit/visual-assets/sheets/pending_visual/09-props-prop-cutout-castle-005.jpg,,"{""asset_id"": ""live:prop:castle-tower-top-d"", ""key"": ""castle-tower-top-d"", ""concept"": ""castle tower top d"", ""source_bank"": ""09_props"", ""source_role"": ""production_asset"", ""source_path"": ""public/assets/09_props/img/castle-tower-top-d.png"", ""expected_asset_type"": ""prop_cutout"", ""expected_background_mode"": ""alpha_cutout"", ""expected_concept_word"": ""castle tower top d"", ""reviewed_from"": ""audit/visual-assets/sheets/pending_visual/09-props-prop-cutout-castle-005.jpg"", ""decision_source"": ""audit/visual-assets/decisions-props-remaining.jsonl"", ""sha256"": ""dedf3e8236cd022c1f225ca0f31c060080e53f3fe2aabd48055a763226007661"", ""bytes"": 8381, ""notes"": ""Low resolution sprite with pixelated rendering or insufficient dimension (castle-tower-top-d)."", ""reason_codes"": [""low_resolution""]}"
live:prop:castle-treasure-chest,castle-treasure-chest,castle treasure chest,props,live,09_props,production_asset,public/assets/09_props/img/castle-treasure-chest.png,REVIEW,"[""exact_duplicate""]","[""exact_duplicate""]",Duplicate asset matching existing cutout prop across packs (castle-treasure-chest).,,audit/visual-assets/sheets/pending_visual/09-props-prop-cutout-castle-005.jpg,,"{""asset_id"": ""live:prop:castle-treasure-chest"", ""key"": ""castle-treasure-chest"", ""concept"": ""castle treasure chest"", ""source_bank"": ""09_props"", ""source_role"": ""production_asset"", ""source_path"": ""public/assets/09_props/img/castle-treasure-chest.png"", ""expected_asset_type"": ""prop_cutout"", ""expected_background_mode"": ""alpha_cutout"", ""expected_concept_word"": ""castle treasure chest"", ""reviewed_from"": ""audit/visual-assets/sheets/pending_visual/09-props-prop-cutout-castle-005.jpg"", ""decision_source"": ""audit/visual-assets/decisions-props-remaining.jsonl"", ""sha256"": ""b9c9b7e9d126dfc3d1c85ec9391fcff90487726e578b37da080fb008cf43e895"", ""bytes"": 124396, ""notes"": ""Duplicate asset matching existing cutout prop across packs (castle-treasure-chest)."", ""reason_codes"": [""exact_duplicate""]}"
live:prop:castle-treasure-chest-v2,castle-treasure-chest-v2,castle treasure chest v2,props,live,09_props,production_asset,public/assets/09_props/img/castle-treasure-chest-v2.png,REVIEW,"[""exact_duplicate""]","[""exact_duplicate""]",Duplicate asset matching existing cutout prop across packs (castle-treasure-chest-v2).,,audit/visual-assets/sheets/pending_visual/09-props-prop-cutout-castle-005.jpg,,"{""asset_id"": ""live:prop:castle-treasure-chest-v2"", ""key"": ""castle-treasure-chest-v2"", ""concept"": ""castle treasure chest v2"", ""source_bank"": ""09_props"", ""source_role"": ""production_asset"", ""source_path"": ""public/assets/09_props/img/castle-treasure-chest-v2.png"", ""expected_asset_type"": ""prop_cutout"", ""expected_background_mode"": ""alpha_cutout"", ""expected_concept_word"": ""castle treasure chest v2"", ""reviewed_from"": ""audit/visual-assets/sheets/pending_visual/09-props-prop-cutout-castle-005.jpg"", ""decision_source"": ""audit/visual-assets/decisions-props-remaining.jsonl"", ""sha256"": ""b9c9b7e9d126dfc3d1c85ec9391fcff90487726e578b37da080fb008cf43e895"", ""bytes"": 124396, ""notes"": ""Duplicate asset matching existing cutout prop across packs (castle-treasure-chest-v2)."", ""reason_codes"": [""exact_duplicate""]}"
live:prop:castle-tree-cypress,castle-tree-cypress,castle tree cypress,props,live,09_props,production_asset,public/assets/09_props/img/castle-tree-cypress.png,REVIEW,"[""low_resolution""]","[""low_resolution""]",Low resolution sprite with pixelated rendering or insufficient dimension (castle-tree-cypress).,,audit/visual-assets/sheets/pending_visual/09-props-prop-cutout-castle-005.jpg,,"{""asset_id"": ""live:prop:castle-tree-cypress"", ""key"": ""castle-tree-cypress"", ""concept"": ""castle tree cypress"", ""source_bank"": ""09_props"", ""source_role"": ""production_asset"", ""source_path"": ""public/assets/09_props/img/castle-tree-cypress.png"", ""expected_asset_type"": ""prop_cutout"", ""expected_background_mode"": ""alpha_cutout"", ""expected_concept_word"": ""castle tree cypress"", ""reviewed_from"": ""audit/visual-assets/sheets/pending_visual/09-props-prop-cutout-castle-005.jpg"", ""decision_source"": ""audit/visual-assets/decisions-props-remaining.jsonl"", ""sha256"": ""9ccc7c39cda7b53a2406a05eb728f9e6a8c556a60a47a615b408243708043fb7"", ""bytes"": 4651, ""notes"": ""Low resolution sprite with pixelated rendering or insufficient dimension (castle-tree-cypress)."", ""reason_codes"": [""low_resolution""]}"
live:prop:castle-tree-pine,castle-tree-pine,castle tree pine,props,live,09_props,production_asset,public/assets/09_props/img/castle-tree-pine.png,REVIEW,"[""low_resolution""]","[""low_resolution""]",Low resolution sprite with pixelated rendering or insufficient dimension (castle-tree-pine).,,audit/visual-assets/sheets/pending_visual/09-props-prop-cutout-castle-005.jpg,,"{""asset_id"": ""live:prop:castle-tree-pine"", ""key"": ""castle-tree-pine"", ""concept"": ""castle tree pine"", ""source_bank"": ""09_props"", ""source_role"": ""production_asset"", ""source_path"": ""public/assets/09_props/img/castle-tree-pine.png"", ""expected_asset_type"": ""prop_cutout"", ""expected_background_mode"": ""alpha_cutout"", ""expected_concept_word"": ""castle tree pine"", ""reviewed_from"": ""audit/visual-assets/sheets/pending_visual/09-props-prop-cutout-castle-005.jpg"", ""decision_source"": ""audit/visual-assets/decisions-props-remaining.jsonl"", ""sha256"": ""3cb3efc873b8a6b0d67ba4be9adb2a941232bf30642ef6ea85a3c3322d68376c"", ""bytes"": 7170, ""notes"": ""Low resolution sprite with pixelated rendering or insufficient dimension (castle-tree-pine)."", ""reason_codes"": [""low_resolution""]}"
live:prop:castle-tree-round,castle-tree-round,castle tree round,props,live,09_props,production_asset,public/assets/09_props/img/castle-tree-round.png,REVIEW,"[""low_resolution""]","[""low_resolution""]",Low resolution sprite with pixelated rendering or insufficient dimension (castle-tree-round).,,audit/visual-assets/sheets/pending_visual/09-props-prop-cutout-castle-005.jpg,,"{""asset_id"": ""live:prop:castle-tree-round"", ""key"": ""castle-tree-round"", ""concept"": ""castle tree round"", ""source_bank"": ""09_props"", ""source_role"": ""production_asset"", ""source_path"": ""public/assets/09_props/img/castle-tree-round.png"", ""expected_asset_type"": ""prop_cutout"", ""expected_background_mode"": ""alpha_cutout"", ""expected_concept_word"": ""castle tree round"", ""reviewed_from"": ""audit/visual-assets/sheets/pending_visual/09-props-prop-cutout-castle-005.jpg"", ""decision_source"": ""audit/visual-assets/decisions-props-remaining.jsonl"", ""sha256"": ""350ed724fff974ce744ae1f49805a5ef52489162bbf52e178c36af07f0ad4254"", ""bytes"": 10604, ""notes"": ""Low resolution sprite with pixelated rendering or insufficient dimension (castle-tree-round)."", ""reason_codes"": [""low_resolution""]}"
live:prop:castle-wall,castle-wall,castle wall,props,live,09_props,production_asset,public/assets/09_props/img/castle-wall.png,REVIEW,"[""exact_duplicate""]","[""exact_duplicate""]",Duplicate asset matching existing cutout prop across packs (castle-wall).,,audit/visual-assets/sheets/pending_visual/09-props-prop-cutout-castle-005.jpg,,"{""asset_id"": ""live:prop:castle-wall"", ""key"": ""castle-wall"", ""concept"": ""castle wall"", ""source_bank"": ""09_props"", ""source_role"": ""production_asset"", ""source_path"": ""public/assets/09_props/img/castle-wall.png"", ""expected_asset_type"": ""prop_cutout"", ""expected_background_mode"": ""alpha_cutout"", ""expected_concept_word"": ""castle wall"", ""reviewed_from"": ""audit/visual-assets/sheets/pending_visual/09-props-prop-cutout-castle-005.jpg"", ""decision_source"": ""audit/visual-assets/decisions-props-remaining.jsonl"", ""sha256"": ""f0160feaf147a184ea46f391e330df6373bf38189fc0bbf1d3509067329d119b"", ""bytes"": 88008, ""notes"": ""Duplicate asset matching existing cutout prop across packs (castle-wall)."", ""reason_codes"": [""exact_duplicate""]}"
live:prop:castle-wall-section,castle-wall-section,castle wall section,props,live,09_props,production_asset,public/assets/09_props/img/castle-wall-section.png,REVIEW,"[""exact_duplicate""]","[""exact_duplicate""]",Duplicate asset matching existing cutout prop across packs (castle-wall-section).,,audit/visual-assets/sheets/pending_visual/09-props-prop-cutout-castle-005.jpg,,"{""asset_id"": ""live:prop:castle-wall-section"", ""key"": ""castle-wall-section"", ""concept"": ""castle wall section"", ""source_bank"": ""09_props"", ""source_role"": ""production_asset"", ""source_path"": ""public/assets/09_props/img/castle-wall-section.png"", ""expected_asset_type"": ""prop_cutout"", ""expected_background_mode"": ""alpha_cutout"", ""expected_concept_word"": ""castle wall section"", ""reviewed_from"": ""audit/visual-assets/sheets/pending_visual/09-props-prop-cutout-castle-005.jpg"", ""decision_source"": ""audit/visual-assets/decisions-props-remaining.jsonl"", ""sha256"": ""f0160feaf147a184ea46f391e330df6373bf38189fc0bbf1d3509067329d119b"", ""bytes"": 88008, ""notes"": ""Duplicate asset matching existing cutout prop across packs (castle-wall-section)."", ""reason_codes"": [""exact_duplicate""]}"
live:prop:castle-wall-seg-a,castle-wall-seg-a,castle wall seg a,props,live,09_props,production_asset,public/assets/09_props/img/castle-wall-seg-a.png,REVIEW,"[""low_resolution""]","[""low_resolution""]",Low resolution sprite with pixelated rendering or insufficient dimension (castle-wall-seg-a).,,audit/visual-assets/sheets/pending_visual/09-props-prop-cutout-castle-005.jpg,,"{""asset_id"": ""live:prop:castle-wall-seg-a"", ""key"": ""castle-wall-seg-a"", ""concept"": ""castle wall seg a"", ""source_bank"": ""09_props"", ""source_role"": ""production_asset"", ""source_path"": ""public/assets/09_props/img/castle-wall-seg-a.png"", ""expected_asset_type"": ""prop_cutout"", ""expected_background_mode"": ""alpha_cutout"", ""expected_concept_word"": ""castle wall seg a"", ""reviewed_from"": ""audit/visual-assets/sheets/pending_visual/09-props-prop-cutout-castle-005.jpg"", ""decision_source"": ""audit/visual-assets/decisions-props-remaining.jsonl"", ""sha256"": ""5cfbb60f8b1b095a14bfea2d3d0dc9033b038129715e782215ce0cb9bb87930b"", ""bytes"": 10283, ""notes"": ""Low resolution sprite with pixelated rendering or insufficient dimension (castle-wall-seg-a)."", ""reason_codes"": [""low_resolution""]}"
live:prop:castle-wall-seg-b,castle-wall-seg-b,castle wall seg b,props,live,09_props,production_asset,public/assets/09_props/img/castle-wall-seg-b.png,REVIEW,"[""low_resolution""]","[""low_resolution""]",Low resolution sprite with pixelated rendering or insufficient dimension (castle-wall-seg-b).,,audit/visual-assets/sheets/pending_visual/09-props-prop-cutout-castle-005.jpg,,"{""asset_id"": ""live:prop:castle-wall-seg-b"", ""key"": ""castle-wall-seg-b"", ""concept"": ""castle wall seg b"", ""source_bank"": ""09_props"", ""source_role"": ""production_asset"", ""source_path"": ""public/assets/09_props/img/castle-wall-seg-b.png"", ""expected_asset_type"": ""prop_cutout"", ""expected_background_mode"": ""alpha_cutout"", ""expected_concept_word"": ""castle wall seg b"", ""reviewed_from"": ""audit/visual-assets/sheets/pending_visual/09-props-prop-cutout-castle-005.jpg"", ""decision_source"": ""audit/visual-assets/decisions-props-remaining.jsonl"", ""sha256"": ""3e77824f7f60a3ade2e7e53a29ee6b6a5b7f59c1632baec288423dc0b87820aa"", ""bytes"": 9996, ""notes"": ""Low resolution sprite with pixelated rendering or insufficient dimension (castle-wall-seg-b)."", ""reason_codes"": [""low_resolution""]}"
live:prop:castle-wall-seg-c,castle-wall-seg-c,castle wall seg c,props,live,09_props,production_asset,public/assets/09_props/img/castle-wall-seg-c.png,REVIEW,"[""low_resolution""]","[""low_resolution""]",Low resolution sprite with pixelated rendering or insufficient dimension (castle-wall-seg-c).,,audit/visual-assets/sheets/pending_visual/09-props-prop-cutout-castle-005.jpg,,"{""asset_id"": ""live:prop:castle-wall-seg-c"", ""key"": ""castle-wall-seg-c"", ""concept"": ""castle wall seg c"", ""source_bank"": ""09_props"", ""source_role"": ""production_asset"", ""source_path"": ""public/assets/09_props/img/castle-wall-seg-c.png"", ""expected_asset_type"": ""prop_cutout"", ""expected_background_mode"": ""alpha_cutout"", ""expected_concept_word"": ""castle wall seg c"", ""reviewed_from"": ""audit/visual-assets/sheets/pending_visual/09-props-prop-cutout-castle-005.jpg"", ""decision_source"": ""audit/visual-assets/decisions-props-remaining.jsonl"", ""sha256"": ""2ca8bcbc00606c6593db7187a796b5ea31faf017351f24539dc89c3bb2585184"", ""bytes"": 10450, ""notes"": ""Low resolution sprite with pixelated rendering or insufficient dimension (castle-wall-seg-c)."", ""reason_codes"": [""low_resolution""]}"
live:prop:castle-wall-seg-d,castle-wall-seg-d,castle wall seg d,props,live,09_props,production_asset,public/assets/09_props/img/castle-wall-seg-d.png,REVIEW,"[""low_resolution""]","[""low_resolution""]",Low resolution sprite with pixelated rendering or insufficient dimension (castle-wall-seg-d).,,audit/visual-assets/sheets/pending_visual/09-props-prop-cutout-castle-005.jpg,,"{""asset_id"": ""live:prop:castle-wall-seg-d"", ""key"": ""castle-wall-seg-d"", ""concept"": ""castle wall seg d"", ""source_bank"": ""09_props"", ""source_role"": ""production_asset"", ""source_path"": ""public/assets/09_props/img/castle-wall-seg-d.png"", ""expected_asset_type"": ""prop_cutout"", ""expected_background_mode"": ""alpha_cutout"", ""expected_concept_word"": ""castle wall seg d"", ""reviewed_from"": ""audit/visual-assets/sheets/pending_visual/09-props-prop-cutout-castle-005.jpg"", ""decision_source"": ""audit/visual-assets/decisions-props-remaining.jsonl"", ""sha256"": ""136e58094cdf489ed5c61f03b28c4a4bb2bee16950012b34ee858902dd4df10f"", ""bytes"": 11747, ""notes"": ""Low resolution sprite with pixelated rendering or insufficient dimension (castle-wall-seg-d)."", ""reason_codes"": [""low_resolution""]}"
live:prop:castle-window-arch-a,castle-window-arch-a,castle window arch a,props,live,09_props,production_asset,public/assets/09_props/img/castle-window-arch-a.png,REVIEW,"[""low_resolution""]","[""low_resolution""]",Low resolution sprite with pixelated rendering or insufficient dimension (castle-window-arch-a).,,audit/visual-assets/sheets/pending_visual/09-props-prop-cutout-castle-005.jpg,,"{""asset_id"": ""live:prop:castle-window-arch-a"", ""key"": ""castle-window-arch-a"", ""concept"": ""castle window arch a"", ""source_bank"": ""09_props"", ""source_role"": ""production_asset"", ""source_path"": ""public/assets/09_props/img/castle-window-arch-a.png"", ""expected_asset_type"": ""prop_cutout"", ""expected_background_mode"": ""alpha_cutout"", ""expected_concept_word"": ""castle window arch a"", ""reviewed_from"": ""audit/visual-assets/sheets/pending_visual/09-props-prop-cutout-castle-005.jpg"", ""decision_source"": ""audit/visual-assets/decisions-props-remaining.jsonl"", ""sha256"": ""190db524a595ac8de99594be2653165831ba364b60e76edc363b863b3b43e052"", ""bytes"": 10343, ""notes"": ""Low resolution sprite with pixelated rendering or insufficient dimension (castle-window-arch-a)."", ""reason_codes"": [""low_resolution""]}"
live:prop:castle-window-arch-narrow,castle-window-arch-narrow,castle window arch narrow,props,live,09_props,production_asset,public/assets/09_props/img/castle-window-arch-narrow.png,REVIEW,"[""low_resolution""]","[""low_resolution""]",Low resolution sprite with pixelated rendering or insufficient dimension (castle-window-arch-narrow).,,audit/visual-assets/sheets/pending_visual/09-props-prop-cutout-castle-005.jpg,,"{""asset_id"": ""live:prop:castle-window-arch-narrow"", ""key"": ""castle-window-arch-narrow"", ""concept"": ""castle window arch narrow"", ""source_bank"": ""09_props"", ""source_role"": ""production_asset"", ""source_path"": ""public/assets/09_props/img/castle-window-arch-narrow.png"", ""expected_asset_type"": ""prop_cutout"", ""expected_background_mode"": ""alpha_cutout"", ""expected_concept_word"": ""castle window arch narrow"", ""reviewed_from"": ""audit/visual-assets/sheets/pending_visual/09-props-prop-cutout-castle-005.jpg"", ""decision_source"": ""audit/visual-assets/decisions-props-remaining.jsonl"", ""sha256"": ""a29f504a75f92ebeb92d212ed627570f1605487c5d7553504e96ad8fe1de5351"", ""bytes"": 5896, ""notes"": ""Low resolution sprite with pixelated rendering or insufficient dimension (castle-window-arch-narrow)."", ""reason_codes"": [""low_resolution""]}"
live:prop:castle-window-arch-wide,castle-window-arch-wide,castle window arch wide,props,live,09_props,production_asset,public/assets/09_props/img/castle-window-arch-wide.png,REVIEW,"[""low_resolution""]","[""low_resolution""]",Low resolution sprite with pixelated rendering or insufficient dimension (castle-window-arch-wide).,,audit/visual-assets/sheets/pending_visual/09-props-prop-cutout-castle-005.jpg,,"{""asset_id"": ""live:prop:castle-window-arch-wide"", ""key"": ""castle-window-arch-wide"", ""concept"": ""castle window arch wide"", ""source_bank"": ""09_props"", ""source_role"": ""production_asset"", ""source_path"": ""public/assets/09_props/img/castle-window-arch-wide.png"", ""expected_asset_type"": ""prop_cutout"", ""expected_background_mode"": ""alpha_cutout"", ""expected_concept_word"": ""castle window arch wide"", ""reviewed_from"": ""audit/visual-assets/sheets/pending_visual/09-props-prop-cutout-castle-005.jpg"", ""decision_source"": ""audit/visual-assets/decisions-props-remaining.jsonl"", ""sha256"": ""e2a4eb60c94434b10cb477654bd0d18015b34fc11698c7d053c86e14b8034791"", ""bytes"": 7101, ""notes"": ""Low resolution sprite with pixelated rendering or insufficient dimension (castle-window-arch-wide)."", ""reason_codes"": [""low_resolution""]}"
live:prop:castle-window-grate,castle-window-grate,castle window grate,props,live,09_props,production_asset,public/assets/09_props/img/castle-window-grate.png,REVIEW,"[""low_resolution""]","[""low_resolution""]",Low resolution sprite with pixelated rendering or insufficient dimension (castle-window-grate).,,audit/visual-assets/sheets/pending_visual/09-props-prop-cutout-castle-005.jpg,,"{""asset_id"": ""live:prop:castle-window-grate"", ""key"": ""castle-window-grate"", ""concept"": ""castle window grate"", ""source_bank"": ""09_props"", ""source_role"": ""production_asset"", ""source_path"": ""public/assets/09_props/img/castle-window-grate.png"", ""expected_asset_type"": ""prop_cutout"", ""expected_background_mode"": ""alpha_cutout"", ""expected_concept_word"": ""castle window grate"", ""reviewed_from"": ""audit/visual-assets/sheets/pending_visual/09-props-prop-cutout-castle-005.jpg"", ""decision_source"": ""audit/visual-assets/decisions-props-remaining.jsonl"", ""sha256"": ""8f8bc2eacf2ecfb1f1ed907fd6c63e8596fc50c68823d86a0a1be315896da08f"", ""bytes"": 10142, ""notes"": ""Low resolution sprite with pixelated rendering or insufficient dimension (castle-window-grate)."", ""reason_codes"": [""low_resolution""]}"
live:prop:castle-window-round,castle-window-round,castle window round,props,live,09_props,production_asset,public/assets/09_props/img/castle-window-round.png,REVIEW,"[""low_resolution""]","[""low_resolution""]",Low resolution sprite with pixelated rendering or insufficient dimension (castle-window-round).,,audit/visual-assets/sheets/pending_visual/09-props-prop-cutout-castle-005.jpg,,"{""asset_id"": ""live:prop:castle-window-round"", ""key"": ""castle-window-round"", ""concept"": ""castle window round"", ""source_bank"": ""09_props"", ""source_role"": ""production_asset"", ""source_path"": ""public/assets/09_props/img/castle-window-round.png"", ""expected_asset_type"": ""prop_cutout"", ""expected_background_mode"": ""alpha_cutout"", ""expected_concept_word"": ""castle window round"", ""reviewed_from"": ""audit/visual-assets/sheets/pending_visual/09-props-prop-cutout-castle-005.jpg"", ""decision_source"": ""audit/visual-assets/decisions-props-remaining.jsonl"", ""sha256"": ""bce3e6554389951b1d913fb8ed110643ae1918345b6b39a2abeecdefff740894"", ""bytes"": 8660, ""notes"": ""Low resolution sprite with pixelated rendering or insufficient dimension (castle-window-round)."", ""reason_codes"": [""low_resolution""]}"
live:prop:castle-window-tall,castle-window-tall,castle window tall,props,live,09_props,production_asset,public/assets/09_props/img/castle-window-tall.png,REVIEW,"[""low_resolution""]","[""low_resolution""]",Low resolution sprite with pixelated rendering or insufficient dimension (castle-window-tall).,,audit/visual-assets/sheets/pending_visual/09-props-prop-cutout-castle-005.jpg,,"{""asset_id"": ""live:prop:castle-window-tall"", ""key"": ""castle-window-tall"", ""concept"": ""castle window tall"", ""source_bank"": ""09_props"", ""source_role"": ""production_asset"", ""source_path"": ""public/assets/09_props/img/castle-window-tall.png"", ""expected_asset_type"": ""prop_cutout"", ""expected_background_mode"": ""alpha_cutout"", ""expected_concept_word"": ""castle window tall"", ""reviewed_from"": ""audit/visual-assets/sheets/pending_visual/09-props-prop-cutout-castle-005.jpg"", ""decision_source"": ""audit/visual-assets/decisions-props-remaining.jsonl"", ""sha256"": ""787881f774fb2516759d506332e5362a84c23dde150a88b43b89ea8e250d1ea4"", ""bytes"": 5400, ""notes"": ""Low resolution sprite with pixelated rendering or insufficient dimension (castle-window-tall)."", ""reason_codes"": [""low_resolution""]}"
live:prop:circus-balance-pole,circus-balance-pole,circus balance pole,props,live,09_props,production_asset,public/assets/09_props/img/circus-balance-pole.png,REVIEW,"[""low_resolution""]","[""low_resolution""]",Low resolution sprite with pixelated rendering or insufficient dimension (circus-balance-pole).,,audit/visual-assets/sheets/pending_visual/09-props-prop-cutout-circus-001.jpg,,"{""asset_id"": ""live:prop:circus-balance-pole"", ""key"": ""circus-balance-pole"", ""concept"": ""circus balance pole"", ""source_bank"": ""09_props"", ""source_role"": ""production_asset"", ""source_path"": ""public/assets/09_props/img/circus-balance-pole.png"", ""expected_asset_type"": ""prop_cutout"", ""expected_background_mode"": ""alpha_cutout"", ""expected_concept_word"": ""circus balance pole"", ""reviewed_from"": ""audit/visual-assets/sheets/pending_visual/09-props-prop-cutout-circus-001.jpg"", ""decision_source"": ""audit/visual-assets/decisions-props-remaining.jsonl"", ""sha256"": ""2d6146548df2ed91fb11cf913a8e1548d4d576115442db37854a74f42a6130f3"", ""bytes"": 15142, ""notes"": ""Low resolution sprite with pixelated rendering or insufficient dimension (circus-balance-pole)."", ""reason_codes"": [""low_resolution""]}"
live:prop:city-street-lamp,city-street-lamp,city street lamp,props,live,09_props,production_asset,public/assets/09_props/img/city-street-lamp.png,REVIEW,"[""low_resolution""]","[""low_resolution""]",Low resolution sprite with pixelated rendering or insufficient dimension (city-street-lamp).,,audit/visual-assets/sheets/pending_visual/09-props-prop-cutout-city-001.jpg,,"{""asset_id"": ""live:prop:city-street-lamp"", ""key"": ""city-street-lamp"", ""concept"": ""city street lamp"", ""source_bank"": ""09_props"", ""source_role"": ""production_asset"", ""source_path"": ""public/assets/09_props/img/city-street-lamp.png"", ""expected_asset_type"": ""prop_cutout"", ""expected_background_mode"": ""alpha_cutout"", ""expected_concept_word"": ""city street lamp"", ""reviewed_from"": ""audit/visual-assets/sheets/pending_visual/09-props-prop-cutout-city-001.jpg"", ""decision_source"": ""audit/visual-assets/decisions-props-remaining.jsonl"", ""sha256"": ""ac3ddb9bde9ad813c8fab079f92dbd959e405130b27bb8f6e8f6594227968948"", ""bytes"": 18892, ""notes"": ""Low resolution sprite with pixelated rendering or insufficient dimension (city-street-lamp)."", ""reason_codes"": [""low_resolution""]}"
live:prop:clk-screwdriver,clk-screwdriver,clk screwdriver,props,live,09_props,production_asset,public/assets/09_props/img/clk-screwdriver.png,REVIEW,"[""low_resolution""]","[""low_resolution""]",Low resolution sprite with pixelated rendering or insufficient dimension (clk-screwdriver).,,audit/visual-assets/sheets/pending_visual/09-props-prop-cutout-clockmaker-001.jpg,,"{""asset_id"": ""live:prop:clk-screwdriver"", ""key"": ""clk-screwdriver"", ""concept"": ""clk screwdriver"", ""source_bank"": ""09_props"", ""source_role"": ""production_asset"", ""source_path"": ""public/assets/09_props/img/clk-screwdriver.png"", ""expected_asset_type"": ""prop_cutout"", ""expected_background_mode"": ""alpha_cutout"", ""expected_concept_word"": ""clk screwdriver"", ""reviewed_from"": ""audit/visual-assets/sheets/pending_visual/09-props-prop-cutout-clockmaker-001.jpg"", ""decision_source"": ""audit/visual-assets/decisions-props-remaining.jsonl"", ""sha256"": ""b6b3ff7e1d2aa5d67d30d155554b0d4b37626cd15598e2fa72c159f856f992c1"", ""bytes"": 9098, ""notes"": ""Low resolution sprite with pixelated rendering or insufficient dimension (clk-screwdriver)."", ""reason_codes"": [""low_resolution""]}"
live:prop:face-brows-arched,face-brows-arched,face brows arched,props,live,09_props,production_asset,public/assets/09_props/img/face-brows-arched.png,REVIEW,"[""low_resolution""]","[""low_resolution""]",Low resolution sprite with pixelated rendering or insufficient dimension (face-brows-arched).,,audit/visual-assets/sheets/pending_visual/09-props-prop-cutout-dresspart-001.jpg,,"{""asset_id"": ""live:prop:face-brows-arched"", ""key"": ""face-brows-arched"", ""concept"": ""face brows arched"", ""source_bank"": ""09_props"", ""source_role"": ""production_asset"", ""source_path"": ""public/assets/09_props/img/face-brows-arched.png"", ""expected_asset_type"": ""prop_cutout"", ""expected_background_mode"": ""alpha_cutout"", ""expected_concept_word"": ""face brows arched"", ""reviewed_from"": ""audit/visual-assets/sheets/pending_visual/09-props-prop-cutout-dresspart-001.jpg"", ""decision_source"": ""audit/visual-assets/decisions-props-remaining.jsonl"", ""sha256"": ""92b3f0a4fd3b8c4aba01bcbbd311bbbf2b431b9a84b8edd05bd6fa3b67da20b5"", ""bytes"": 16975, ""notes"": ""Low resolution sprite with pixelated rendering or insufficient dimension (face-brows-arched)."", ""reason_codes"": [""low_resolution""]}"
live:prop:face-brows-black,face-brows-black,face brows black,props,live,09_props,production_asset,public/assets/09_props/img/face-brows-black.png,REVIEW,"[""low_resolution""]","[""low_resolution""]",Low resolution sprite with pixelated rendering or insufficient dimension (face-brows-black).,,audit/visual-assets/sheets/pending_visual/09-props-prop-cutout-dresspart-001.jpg,,"{""asset_id"": ""live:prop:face-brows-black"", ""key"": ""face-brows-black"", ""concept"": ""face brows black"", ""source_bank"": ""09_props"", ""source_role"": ""production_asset"", ""source_path"": ""public/assets/09_props/img/face-brows-black.png"", ""expected_asset_type"": ""prop_cutout"", ""expected_background_mode"": ""alpha_cutout"", ""expected_concept_word"": ""face brows black"", ""reviewed_from"": ""audit/visual-assets/sheets/pending_visual/09-props-prop-cutout-dresspart-001.jpg"", ""decision_source"": ""audit/visual-assets/decisions-props-remaining.jsonl"", ""sha256"": ""2576c172d6b741e353d799632255e3a73b558fd8f6be4b636f34f552e26c7a14"", ""bytes"": 12872, ""notes"": ""Low resolution sprite with pixelated rendering or insufficient dimension (face-brows-black)."", ""reason_codes"": [""low_resolution""]}"
live:prop:face-brows-blonde,face-brows-blonde,face brows blonde,props,live,09_props,production_asset,public/assets/09_props/img/face-brows-blonde.png,REVIEW,"[""low_resolution""]","[""low_resolution""]",Low resolution sprite with pixelated rendering or insufficient dimension (face-brows-blonde).,,audit/visual-assets/sheets/pending_visual/09-props-prop-cutout-dresspart-001.jpg,,"{""asset_id"": ""live:prop:face-brows-blonde"", ""key"": ""face-brows-blonde"", ""concept"": ""face brows blonde"", ""source_bank"": ""09_props"", ""source_role"": ""production_asset"", ""source_path"": ""public/assets/09_props/img/face-brows-blonde.png"", ""expected_asset_type"": ""prop_cutout"", ""expected_background_mode"": ""alpha_cutout"", ""expected_concept_word"": ""face brows blonde"", ""reviewed_from"": ""audit/visual-assets/sheets/pending_visual/09-props-prop-cutout-dresspart-001.jpg"", ""decision_source"": ""audit/visual-assets/decisions-props-remaining.jsonl"", ""sha256"": ""4d95bf0f24f49605ce8d7e981a010d018abc0ed5f85a1cc588479aec13941823"", ""bytes"": 17865, ""notes"": ""Low resolution sprite with pixelated rendering or insufficient dimension (face-brows-blonde)."", ""reason_codes"": [""low_resolution""]}"
live:prop:face-brows-dark,face-brows-dark,face brows dark,props,live,09_props,production_asset,public/assets/09_props/img/face-brows-dark.png,REVIEW,"[""low_resolution""]","[""low_resolution""]",Low resolution sprite with pixelated rendering or insufficient dimension (face-brows-dark).,,audit/visual-assets/sheets/pending_visual/09-props-prop-cutout-face-001.jpg,,"{""asset_id"": ""live:prop:face-brows-dark"", ""key"": ""face-brows-dark"", ""concept"": ""face brows dark"", ""source_bank"": ""09_props"", ""source_role"": ""production_asset"", ""source_path"": ""public/assets/09_props/img/face-brows-dark.png"", ""expected_asset_type"": ""prop_cutout"", ""expected_background_mode"": ""alpha_cutout"", ""expected_concept_word"": ""face brows dark"", ""reviewed_from"": ""audit/visual-assets/sheets/pending_visual/09-props-prop-cutout-face-001.jpg"", ""decision_source"": ""audit/visual-assets/decisions-props-remaining.jsonl"", ""sha256"": ""a64951ac16cf212f199a9ad6cddde94b19cbe5a5ab92916f0666996de496409e"", ""bytes"": 15807, ""notes"": ""Low resolution sprite with pixelated rendering or insufficient dimension (face-brows-dark)."", ""reason_codes"": [""low_resolution""]}"
live:prop:face-mouth-line,face-mouth-line,face mouth line,props,live,09_props,production_asset,public/assets/09_props/img/face-mouth-line.png,REVIEW,"[""low_resolution""]","[""low_resolution""]",Low resolution sprite with pixelated rendering or insufficient dimension (face-mouth-line).,,audit/visual-assets/sheets/pending_visual/09-props-prop-cutout-face-001.jpg,,"{""asset_id"": ""live:prop:face-mouth-line"", ""key"": ""face-mouth-line"", ""concept"": ""face mouth line"", ""source_bank"": ""09_props"", ""source_role"": ""production_asset"", ""source_path"": ""public/assets/09_props/img/face-mouth-line.png"", ""expected_asset_type"": ""prop_cutout"", ""expected_background_mode"": ""alpha_cutout"", ""expected_concept_word"": ""face mouth line"", ""reviewed_from"": ""audit/visual-assets/sheets/pending_visual/09-props-prop-cutout-face-001.jpg"", ""decision_source"": ""audit/visual-assets/decisions-props-remaining.jsonl"", ""sha256"": ""15048fc0871e64dfe9be30189c5ae2863cc46243bd917b549fa0492df1036b0d"", ""bytes"": 17859, ""notes"": ""Low resolution sprite with pixelated rendering or insufficient dimension (face-mouth-line)."", ""reason_codes"": [""low_resolution""]}"
live:prop:food-bagel,food-bagel,food bagel,props,live,09_props,production_asset,public/assets/09_props/img/food-bagel.png,REVIEW,"[""exact_duplicate""]","[""exact_duplicate""]",Duplicate asset matching existing cutout prop across packs (food-bagel).,,audit/visual-assets/sheets/pending_visual/09-props-prop-cutout-cafe-002.jpg,,"{""asset_id"": ""live:prop:food-bagel"", ""key"": ""food-bagel"", ""concept"": ""food bagel"", ""source_bank"": ""09_props"", ""source_role"": ""production_asset"", ""source_path"": ""public/assets/09_props/img/food-bagel.png"", ""expected_asset_type"": ""prop_cutout"", ""expected_background_mode"": ""alpha_cutout"", ""expected_concept_word"": ""food bagel"", ""reviewed_from"": ""audit/visual-assets/sheets/pending_visual/09-props-prop-cutout-cafe-002.jpg"", ""decision_source"": ""audit/visual-assets/decisions-props-remaining.jsonl"", ""sha256"": ""006e1105fd587d65f00e4a8f465804402914b3128617d9cac61e99877b692cf2"", ""bytes"": 121413, ""notes"": ""Duplicate asset matching existing cutout prop across packs (food-bagel)."", ""reason_codes"": [""exact_duplicate""]}"
live:prop:food-biscotti,food-biscotti,food biscotti,props,live,09_props,production_asset,public/assets/09_props/img/food-biscotti.png,REVIEW,"[""exact_duplicate""]","[""exact_duplicate""]",Duplicate asset matching existing cutout prop across packs (food-biscotti).,,audit/visual-assets/sheets/pending_visual/09-props-prop-cutout-cafe-002.jpg,,"{""asset_id"": ""live:prop:food-biscotti"", ""key"": ""food-biscotti"", ""concept"": ""food biscotti"", ""source_bank"": ""09_props"", ""source_role"": ""production_asset"", ""source_path"": ""public/assets/09_props/img/food-biscotti.png"", ""expected_asset_type"": ""prop_cutout"", ""expected_background_mode"": ""alpha_cutout"", ""expected_concept_word"": ""food biscotti"", ""reviewed_from"": ""audit/visual-assets/sheets/pending_visual/09-props-prop-cutout-cafe-002.jpg"", ""decision_source"": ""audit/visual-assets/decisions-props-remaining.jsonl"", ""sha256"": ""3977ef553b765e895c974d94b6f3382b7d9566dc1552cff7cd77577815159e3c"", ""bytes"": 139033, ""notes"": ""Duplicate asset matching existing cutout prop across packs (food-biscotti)."", ""reason_codes"": [""exact_duplicate""]}"
live:prop:food-butter-packet,food-butter-packet,food butter packet,props,live,09_props,production_asset,public/assets/09_props/img/food-butter-packet.png,REVIEW,"[""exact_duplicate""]","[""exact_duplicate""]",Duplicate asset matching existing cutout prop across packs (food-butter-packet).,,audit/visual-assets/sheets/pending_visual/09-props-prop-cutout-cafe-002.jpg,,"{""asset_id"": ""live:prop:food-butter-packet"", ""key"": ""food-butter-packet"", ""concept"": ""food butter packet"", ""source_bank"": ""09_props"", ""source_role"": ""production_asset"", ""source_path"": ""public/assets/09_props/img/food-butter-packet.png"", ""expected_asset_type"": ""prop_cutout"", ""expected_background_mode"": ""alpha_cutout"", ""expected_concept_word"": ""food butter packet"", ""reviewed_from"": ""audit/visual-assets/sheets/pending_visual/09-props-prop-cutout-cafe-002.jpg"", ""decision_source"": ""audit/visual-assets/decisions-props-remaining.jsonl"", ""sha256"": ""3900e717caf8eeca65e281a88008d3ba79b349e406d909d10821ba95d1814a29"", ""bytes"": 115283, ""notes"": ""Duplicate asset matching existing cutout prop across packs (food-butter-packet)."", ""reason_codes"": [""exact_duplicate""]}"
live:prop:food-cafe-counter-block,food-cafe-counter-block,food cafe counter block,props,live,09_props,production_asset,public/assets/09_props/img/food-cafe-counter-block.png,REVIEW,"[""exact_duplicate""]","[""exact_duplicate""]",Duplicate asset matching existing cutout prop across packs (food-cafe-counter-block).,,audit/visual-assets/sheets/pending_visual/09-props-prop-cutout-cafe-002.jpg,,"{""asset_id"": ""live:prop:food-cafe-counter-block"", ""key"": ""food-cafe-counter-block"", ""concept"": ""food cafe counter block"", ""source_bank"": ""09_props"", ""source_role"": ""production_asset"", ""source_path"": ""public/assets/09_props/img/food-cafe-counter-block.png"", ""expected_asset_type"": ""prop_cutout"", ""expected_background_mode"": ""alpha_cutout"", ""expected_concept_word"": ""food cafe counter block"", ""reviewed_from"": ""audit/visual-assets/sheets/pending_visual/09-props-prop-cutout-cafe-002.jpg"", ""decision_source"": ""audit/visual-assets/decisions-props-remaining.jsonl"", ""sha256"": ""4eb290968845f9d3c97cc518a317bc2219578cf385ce338f925a38d8c4ff3a61"", ""bytes"": 71653, ""notes"": ""Duplicate asset matching existing cutout prop across packs (food-cafe-counter-block)."", ""reason_codes"": [""exact_duplicate""]}"
live:prop:food-cake-slice,food-cake-slice,food cake slice,props,live,09_props,production_asset,public/assets/09_props/img/food-cake-slice.png,REVIEW,"[""exact_duplicate""]","[""exact_duplicate""]",Duplicate asset matching existing cutout prop across packs (food-cake-slice).,,audit/visual-assets/sheets/pending_visual/09-props-prop-cutout-cafe-002.jpg,,"{""asset_id"": ""live:prop:food-cake-slice"", ""key"": ""food-cake-slice"", ""concept"": ""food cake slice"", ""source_bank"": ""09_props"", ""source_role"": ""production_asset"", ""source_path"": ""public/assets/09_props/img/food-cake-slice.png"", ""expected_asset_type"": ""prop_cutout"", ""expected_background_mode"": ""alpha_cutout"", ""expected_concept_word"": ""food cake slice"", ""reviewed_from"": ""audit/visual-assets/sheets/pending_visual/09-props-prop-cutout-cafe-002.jpg"", ""decision_source"": ""audit/visual-assets/decisions-props-remaining.jsonl"", ""sha256"": ""9e49203c37de6a8e3f4485befc44eea892ff393281588f861559fb4765629b3d"", ""bytes"": 97532, ""notes"": ""Duplicate asset matching existing cutout prop across packs (food-cake-slice)."", ""reason_codes"": [""exact_duplicate""]}"
live:prop:food-cake-stand,food-cake-stand,food cake stand,props,live,09_props,production_asset,public/assets/09_props/img/food-cake-stand.png,REVIEW,"[""exact_duplicate""]","[""exact_duplicate""]",Duplicate asset matching existing cutout prop across packs (food-cake-stand).,,audit/visual-assets/sheets/pending_visual/09-props-prop-cutout-cafe-002.jpg,,"{""asset_id"": ""live:prop:food-cake-stand"", ""key"": ""food-cake-stand"", ""concept"": ""food cake stand"", ""source_bank"": ""09_props"", ""source_role"": ""production_asset"", ""source_path"": ""public/assets/09_props/img/food-cake-stand.png"", ""expected_asset_type"": ""prop_cutout"", ""expected_background_mode"": ""alpha_cutout"", ""expected_concept_word"": ""food cake stand"", ""reviewed_from"": ""audit/visual-assets/sheets/pending_visual/09-props-prop-cutout-cafe-002.jpg"", ""decision_source"": ""audit/visual-assets/decisions-props-remaining.jsonl"", ""sha256"": ""dca72c184c610d23a146da82bc93a035a77f9ab94baf9f4437a5593132057ad8"", ""bytes"": 88264, ""notes"": ""Duplicate asset matching existing cutout prop across packs (food-cake-stand)."", ""reason_codes"": [""exact_duplicate""]}"
live:prop:food-cookie-chip,food-cookie-chip,food cookie chip,props,live,09_props,production_asset,public/assets/09_props/img/food-cookie-chip.png,REVIEW,"[""exact_duplicate""]","[""exact_duplicate""]",Duplicate asset matching existing cutout prop across packs (food-cookie-chip).,,audit/visual-assets/sheets/pending_visual/09-props-prop-cutout-cafe-002.jpg,,"{""asset_id"": ""live:prop:food-cookie-chip"", ""key"": ""food-cookie-chip"", ""concept"": ""food cookie chip"", ""source_bank"": ""09_props"", ""source_role"": ""production_asset"", ""source_path"": ""public/assets/09_props/img/food-cookie-chip.png"", ""expected_asset_type"": ""prop_cutout"", ""expected_background_mode"": ""alpha_cutout"", ""expected_concept_word"": ""food cookie chip"", ""reviewed_from"": ""audit/visual-assets/sheets/pending_visual/09-props-prop-cutout-cafe-002.jpg"", ""decision_source"": ""audit/visual-assets/decisions-props-remaining.jsonl"", ""sha256"": ""d8899c31b8d17d2db5e99e0d0164d57e8bf5e7fe714902a4edc7ecb2fca724b7"", ""bytes"": 120178, ""notes"": ""Duplicate asset matching existing cutout prop across packs (food-cookie-chip)."", ""reason_codes"": [""exact_duplicate""]}"
live:prop:food-croissant,food-croissant,food croissant,props,live,09_props,production_asset,public/assets/09_props/img/food-croissant.png,REVIEW,"[""exact_duplicate""]","[""exact_duplicate""]",Duplicate asset matching existing cutout prop across packs (food-croissant).,,audit/visual-assets/sheets/pending_visual/09-props-prop-cutout-cafe-002.jpg,,"{""asset_id"": ""live:prop:food-croissant"", ""key"": ""food-croissant"", ""concept"": ""food croissant"", ""source_bank"": ""09_props"", ""source_role"": ""production_asset"", ""source_path"": ""public/assets/09_props/img/food-croissant.png"", ""expected_asset_type"": ""prop_cutout"", ""expected_background_mode"": ""alpha_cutout"", ""expected_concept_word"": ""food croissant"", ""reviewed_from"": ""audit/visual-assets/sheets/pending_visual/09-props-prop-cutout-cafe-002.jpg"", ""decision_source"": ""audit/visual-assets/decisions-props-remaining.jsonl"", ""sha256"": ""3b393b2428b40e7d24399a7558bf7f336349c9633044569dd289666ea50a5328"", ""bytes"": 87096, ""notes"": ""Duplicate asset matching existing cutout prop across packs (food-croissant)."", ""reason_codes"": [""exact_duplicate""]}"
live:prop:food-cupcake-frosted,food-cupcake-frosted,food cupcake frosted,props,live,09_props,production_asset,public/assets/09_props/img/food-cupcake-frosted.png,REVIEW,"[""exact_duplicate""]","[""exact_duplicate""]",Duplicate asset matching existing cutout prop across packs (food-cupcake-frosted).,,audit/visual-assets/sheets/pending_visual/09-props-prop-cutout-cafe-002.jpg,,"{""asset_id"": ""live:prop:food-cupcake-frosted"", ""key"": ""food-cupcake-frosted"", ""concept"": ""food cupcake frosted"", ""source_bank"": ""09_props"", ""source_role"": ""production_asset"", ""source_path"": ""public/assets/09_props/img/food-cupcake-frosted.png"", ""expected_asset_type"": ""prop_cutout"", ""expected_background_mode"": ""alpha_cutout"", ""expected_concept_word"": ""food cupcake frosted"", ""reviewed_from"": ""audit/visual-assets/sheets/pending_visual/09-props-prop-cutout-cafe-002.jpg"", ""decision_source"": ""audit/visual-assets/decisions-props-remaining.jsonl"", ""sha256"": ""db24afe107db8c699beb853d56e638ba17605129189a689eb17ecf8ade0442cb"", ""bytes"": 86568, ""notes"": ""Duplicate asset matching existing cutout prop across packs (food-cupcake-frosted)."", ""reason_codes"": [""exact_duplicate""]}"
live:prop:food-danish,food-danish,food danish,props,live,09_props,production_asset,public/assets/09_props/img/food-danish.png,REVIEW,"[""exact_duplicate""]","[""exact_duplicate""]",Duplicate asset matching existing cutout prop across packs (food-danish).,,audit/visual-assets/sheets/pending_visual/09-props-prop-cutout-cafe-002.jpg,,"{""asset_id"": ""live:prop:food-danish"", ""key"": ""food-danish"", ""concept"": ""food danish"", ""source_bank"": ""09_props"", ""source_role"": ""production_asset"", ""source_path"": ""public/assets/09_props/img/food-danish.png"", ""expected_asset_type"": ""prop_cutout"", ""expected_background_mode"": ""alpha_cutout"", ""expected_concept_word"": ""food danish"", ""reviewed_from"": ""audit/visual-assets/sheets/pending_visual/09-props-prop-cutout-cafe-002.jpg"", ""decision_source"": ""audit/visual-assets/decisions-props-remaining.jsonl"", ""sha256"": ""169feee81a360f88b6c9a231d3155613a3fa03fc46c57cff8fac65c98ab03007"", ""bytes"": 126831, ""notes"": ""Duplicate asset matching existing cutout prop across packs (food-danish)."", ""reason_codes"": [""exact_duplicate""]}"
live:prop:food-donut,food-donut,food donut,props,live,09_props,production_asset,public/assets/09_props/img/food-donut.png,REVIEW,"[""exact_duplicate""]","[""exact_duplicate""]",Duplicate asset matching existing cutout prop across packs (food-donut).,,audit/visual-assets/sheets/pending_visual/09-props-prop-cutout-cafe-002.jpg,,"{""asset_id"": ""live:prop:food-donut"", ""key"": ""food-donut"", ""concept"": ""food donut"", ""source_bank"": ""09_props"", ""source_role"": ""production_asset"", ""source_path"": ""public/assets/09_props/img/food-donut.png"", ""expected_asset_type"": ""prop_cutout"", ""expected_background_mode"": ""alpha_cutout"", ""expected_concept_word"": ""food donut"", ""reviewed_from"": ""audit/visual-assets/sheets/pending_visual/09-props-prop-cutout-cafe-002.jpg"", ""decision_source"": ""audit/visual-assets/decisions-props-remaining.jsonl"", ""sha256"": ""1eecb5fe590b03e7553bb3778b9372ef18b66349015abf98297a0664008bcda5"", ""bytes"": 129243, ""notes"": ""Duplicate asset matching existing cutout prop across packs (food-donut)."", ""reason_codes"": [""exact_duplicate""]}"
live:prop:food-eclair,food-eclair,food eclair,props,live,09_props,production_asset,public/assets/09_props/img/food-eclair.png,REVIEW,"[""exact_duplicate""]","[""exact_duplicate""]",Duplicate asset matching existing cutout prop across packs (food-eclair).,,audit/visual-assets/sheets/pending_visual/09-props-prop-cutout-cafe-002.jpg,,"{""asset_id"": ""live:prop:food-eclair"", ""key"": ""food-eclair"", ""concept"": ""food eclair"", ""source_bank"": ""09_props"", ""source_role"": ""production_asset"", ""source_path"": ""public/assets/09_props/img/food-eclair.png"", ""expected_asset_type"": ""prop_cutout"", ""expected_background_mode"": ""alpha_cutout"", ""expected_concept_word"": ""food eclair"", ""reviewed_from"": ""audit/visual-assets/sheets/pending_visual/09-props-prop-cutout-cafe-002.jpg"", ""decision_source"": ""audit/visual-assets/decisions-props-remaining.jsonl"", ""sha256"": ""f5b4fd4f0150914093d97481e783178eed170bc51776beb5a0da738f121ff1ab"", ""bytes"": 95635, ""notes"": ""Duplicate asset matching existing cutout prop across packs (food-eclair)."", ""reason_codes"": [""exact_duplicate""]}"
live:prop:food-jam-jar,food-jam-jar,food jam jar,props,live,09_props,production_asset,public/assets/09_props/img/food-jam-jar.png,REVIEW,"[""exact_duplicate""]","[""exact_duplicate""]",Duplicate asset matching existing cutout prop across packs (food-jam-jar).,,audit/visual-assets/sheets/pending_visual/09-props-prop-cutout-cafe-002.jpg,,"{""asset_id"": ""live:prop:food-jam-jar"", ""key"": ""food-jam-jar"", ""concept"": ""food jam jar"", ""source_bank"": ""09_props"", ""source_role"": ""production_asset"", ""source_path"": ""public/assets/09_props/img/food-jam-jar.png"", ""expected_asset_type"": ""prop_cutout"", ""expected_background_mode"": ""alpha_cutout"", ""expected_concept_word"": ""food jam jar"", ""reviewed_from"": ""audit/visual-assets/sheets/pending_visual/09-props-prop-cutout-cafe-002.jpg"", ""decision_source"": ""audit/visual-assets/decisions-props-remaining.jsonl"", ""sha256"": ""ea54b79c36e078ce942a8ef4d9b728d2b1f4d39f7b5d39328cedde79159b2d16"", ""bytes"": 84786, ""notes"": ""Duplicate asset matching existing cutout prop across packs (food-jam-jar)."", ""reason_codes"": [""exact_duplicate""]}"
live:prop:food-latte,food-latte,food latte,props,live,09_props,production_asset,public/assets/09_props/img/food-latte.png,REVIEW,"[""exact_duplicate""]","[""exact_duplicate""]",Duplicate asset matching existing cutout prop across packs (food-latte).,,audit/visual-assets/sheets/pending_visual/09-props-prop-cutout-cafe-002.jpg,,"{""asset_id"": ""live:prop:food-latte"", ""key"": ""food-latte"", ""concept"": ""food latte"", ""source_bank"": ""09_props"", ""source_role"": ""production_asset"", ""source_path"": ""public/assets/09_props/img/food-latte.png"", ""expected_asset_type"": ""prop_cutout"", ""expected_background_mode"": ""alpha_cutout"", ""expected_concept_word"": ""food latte"", ""reviewed_from"": ""audit/visual-assets/sheets/pending_visual/09-props-prop-cutout-cafe-002.jpg"", ""decision_source"": ""audit/visual-assets/decisions-props-remaining.jsonl"", ""sha256"": ""320801cea2da94ebb9d5d3dce92bf9c72f7ae8cae976b7428ffe54dcab5607e9"", ""bytes"": 124949, ""notes"": ""Duplicate asset matching existing cutout prop across packs (food-latte)."", ""reason_codes"": [""exact_duplicate""]}"
live:prop:food-loaf-bread,food-loaf-bread,food loaf bread,props,live,09_props,production_asset,public/assets/09_props/img/food-loaf-bread.png,REVIEW,"[""exact_duplicate""]","[""exact_duplicate""]",Duplicate asset matching existing cutout prop across packs (food-loaf-bread).,,audit/visual-assets/sheets/pending_visual/09-props-prop-cutout-cafe-002.jpg,,"{""asset_id"": ""live:prop:food-loaf-bread"", ""key"": ""food-loaf-bread"", ""concept"": ""food loaf bread"", ""source_bank"": ""09_props"", ""source_role"": ""production_asset"", ""source_path"": ""public/assets/09_props/img/food-loaf-bread.png"", ""expected_asset_type"": ""prop_cutout"", ""expected_background_mode"": ""alpha_cutout"", ""expected_concept_word"": ""food loaf bread"", ""reviewed_from"": ""audit/visual-assets/sheets/pending_visual/09-props-prop-cutout-cafe-002.jpg"", ""decision_source"": ""audit/visual-assets/decisions-props-remaining.jsonl"", ""sha256"": ""1684a423f79e6421a91f65bd4cf737893cd17e1c2a9358f1797cd82dc6c3edf7"", ""bytes"": 108972, ""notes"": ""Duplicate asset matching existing cutout prop across packs (food-loaf-bread)."", ""reason_codes"": [""exact_duplicate""]}"
live:prop:food-milk-pitcher,food-milk-pitcher,food milk pitcher,props,live,09_props,production_asset,public/assets/09_props/img/food-milk-pitcher.png,REVIEW,"[""exact_duplicate""]","[""exact_duplicate""]",Duplicate asset matching existing cutout prop across packs (food-milk-pitcher).,,audit/visual-assets/sheets/pending_visual/09-props-prop-cutout-cafe-003.jpg,,"{""asset_id"": ""live:prop:food-milk-pitcher"", ""key"": ""food-milk-pitcher"", ""concept"": ""food milk pitcher"", ""source_bank"": ""09_props"", ""source_role"": ""production_asset"", ""source_path"": ""public/assets/09_props/img/food-milk-pitcher.png"", ""expected_asset_type"": ""prop_cutout"", ""expected_background_mode"": ""alpha_cutout"", ""expected_concept_word"": ""food milk pitcher"", ""reviewed_from"": ""audit/visual-assets/sheets/pending_visual/09-props-prop-cutout-cafe-003.jpg"", ""decision_source"": ""audit/visual-assets/decisions-props-remaining.jsonl"", ""sha256"": ""74007b42061f5387cfcabdc83f514207c16478258a2ffc25829a26b1c1e782d6"", ""bytes"": 103059, ""notes"": ""Duplicate asset matching existing cutout prop across packs (food-milk-pitcher)."", ""reason_codes"": [""exact_duplicate""]}"
live:prop:food-muffin,food-muffin,food muffin,props,live,09_props,production_asset,public/assets/09_props/img/food-muffin.png,REVIEW,"[""exact_duplicate""]","[""exact_duplicate""]",Duplicate asset matching existing cutout prop across packs (food-muffin).,,audit/visual-assets/sheets/pending_visual/09-props-prop-cutout-cafe-003.jpg,,"{""asset_id"": ""live:prop:food-muffin"", ""key"": ""food-muffin"", ""concept"": ""food muffin"", ""source_bank"": ""09_props"", ""source_role"": ""production_asset"", ""source_path"": ""public/assets/09_props/img/food-muffin.png"", ""expected_asset_type"": ""prop_cutout"", ""expected_background_mode"": ""alpha_cutout"", ""expected_concept_word"": ""food muffin"", ""reviewed_from"": ""audit/visual-assets/sheets/pending_visual/09-props-prop-cutout-cafe-003.jpg"", ""decision_source"": ""audit/visual-assets/decisions-props-remaining.jsonl"", ""sha256"": ""0e41bfcf42ee3803f7a62878465fa456d97f8db7b0f68e6ec279faf84f5e1fb5"", ""bytes"": 102907, ""notes"": ""Duplicate asset matching existing cutout prop across packs (food-muffin)."", ""reason_codes"": [""exact_duplicate""]}"
live:prop:food-napkin-dispenser,food-napkin-dispenser,food napkin dispenser,props,live,09_props,production_asset,public/assets/09_props/img/food-napkin-dispenser.png,REVIEW,"[""exact_duplicate""]","[""exact_duplicate""]",Duplicate asset matching existing cutout prop across packs (food-napkin-dispenser).,,audit/visual-assets/sheets/pending_visual/09-props-prop-cutout-cafe-003.jpg,,"{""asset_id"": ""live:prop:food-napkin-dispenser"", ""key"": ""food-napkin-dispenser"", ""concept"": ""food napkin dispenser"", ""source_bank"": ""09_props"", ""source_role"": ""production_asset"", ""source_path"": ""public/assets/09_props/img/food-napkin-dispenser.png"", ""expected_asset_type"": ""prop_cutout"", ""expected_background_mode"": ""alpha_cutout"", ""expected_concept_word"": ""food napkin dispenser"", ""reviewed_from"": ""audit/visual-assets/sheets/pending_visual/09-props-prop-cutout-cafe-003.jpg"", ""decision_source"": ""audit/visual-assets/decisions-props-remaining.jsonl"", ""sha256"": ""a8b9ca310ef6c7b17a8846551fdfb564863249237460714fe39d352dbedeafce"", ""bytes"": 106812, ""notes"": ""Duplicate asset matching existing cutout prop across packs (food-napkin-dispenser)."", ""reason_codes"": [""exact_duplicate""]}"
live:prop:food-pastry-tongs,food-pastry-tongs,food pastry tongs,props,live,09_props,production_asset,public/assets/09_props/img/food-pastry-tongs.png,REVIEW,"[""exact_duplicate""]","[""exact_duplicate""]",Duplicate asset matching existing cutout prop across packs (food-pastry-tongs).,,audit/visual-assets/sheets/pending_visual/09-props-prop-cutout-cafe-003.jpg,,"{""asset_id"": ""live:prop:food-pastry-tongs"", ""key"": ""food-pastry-tongs"", ""concept"": ""food pastry tongs"", ""source_bank"": ""09_props"", ""source_role"": ""production_asset"", ""source_path"": ""public/assets/09_props/img/food-pastry-tongs.png"", ""expected_asset_type"": ""prop_cutout"", ""expected_background_mode"": ""alpha_cutout"", ""expected_concept_word"": ""food pastry tongs"", ""reviewed_from"": ""audit/visual-assets/sheets/pending_visual/09-props-prop-cutout-cafe-003.jpg"", ""decision_source"": ""audit/visual-assets/decisions-props-remaining.jsonl"", ""sha256"": ""f0c37c4f6dfa6b471fad00829d68b0cb32934da57a1778c2ccae2ee607797bcb"", ""bytes"": 66524, ""notes"": ""Duplicate asset matching existing cutout prop across packs (food-pastry-tongs)."", ""reason_codes"": [""exact_duplicate""]}"
live:prop:food-refrigerator,food-refrigerator,food refrigerator,props,live,09_props,production_asset,public/assets/09_props/img/food-refrigerator.png,REVIEW,"[""exact_duplicate""]","[""exact_duplicate""]",Duplicate asset matching existing cutout prop across packs (food-refrigerator).,,audit/visual-assets/sheets/pending_visual/09-props-prop-cutout-cafe-003.jpg,,"{""asset_id"": ""live:prop:food-refrigerator"", ""key"": ""food-refrigerator"", ""concept"": ""food refrigerator"", ""source_bank"": ""09_props"", ""source_role"": ""production_asset"", ""source_path"": ""public/assets/09_props/img/food-refrigerator.png"", ""expected_asset_type"": ""prop_cutout"", ""expected_background_mode"": ""alpha_cutout"", ""expected_concept_word"": ""food refrigerator"", ""reviewed_from"": ""audit/visual-assets/sheets/pending_visual/09-props-prop-cutout-cafe-003.jpg"", ""decision_source"": ""audit/visual-assets/decisions-props-remaining.jsonl"", ""sha256"": ""dbb3bcd5e2d0b75241a5cec01420112702f8f19c10d390d8bb4582eb55858221"", ""bytes"": 65200, ""notes"": ""Duplicate asset matching existing cutout prop across packs (food-refrigerator)."", ""reason_codes"": [""exact_duplicate""]}"
live:prop:food-sandwich-tri,food-sandwich-tri,food sandwich tri,props,live,09_props,production_asset,public/assets/09_props/img/food-sandwich-tri.png,REVIEW,"[""exact_duplicate""]","[""exact_duplicate""]",Duplicate asset matching existing cutout prop across packs (food-sandwich-tri).,,audit/visual-assets/sheets/pending_visual/09-props-prop-cutout-cafe-003.jpg,,"{""asset_id"": ""live:prop:food-sandwich-tri"", ""key"": ""food-sandwich-tri"", ""concept"": ""food sandwich tri"", ""source_bank"": ""09_props"", ""source_role"": ""production_asset"", ""source_path"": ""public/assets/09_props/img/food-sandwich-tri.png"", ""expected_asset_type"": ""prop_cutout"", ""expected_background_mode"": ""alpha_cutout"", ""expected_concept_word"": ""food sandwich tri"", ""reviewed_from"": ""audit/visual-assets/sheets/pending_visual/09-props-prop-cutout-cafe-003.jpg"", ""decision_source"": ""audit/visual-assets/decisions-props-remaining.jsonl"", ""sha256"": ""53a947dbc35fa80108807616ccdd8b19a256628c5a16cfcaa26cc4ba17759040"", ""bytes"": 125065, ""notes"": ""Duplicate asset matching existing cutout prop across packs (food-sandwich-tri)."", ""reason_codes"": [""exact_duplicate""]}"
live:prop:food-scone,food-scone,food scone,props,live,09_props,production_asset,public/assets/09_props/img/food-scone.png,REVIEW,"[""exact_duplicate""]","[""exact_duplicate""]",Duplicate asset matching existing cutout prop across packs (food-scone).,,audit/visual-assets/sheets/pending_visual/09-props-prop-cutout-cafe-003.jpg,,"{""asset_id"": ""live:prop:food-scone"", ""key"": ""food-scone"", ""concept"": ""food scone"", ""source_bank"": ""09_props"", ""source_role"": ""production_asset"", ""source_path"": ""public/assets/09_props/img/food-scone.png"", ""expected_asset_type"": ""prop_cutout"", ""expected_background_mode"": ""alpha_cutout"", ""expected_concept_word"": ""food scone"", ""reviewed_from"": ""audit/visual-assets/sheets/pending_visual/09-props-prop-cutout-cafe-003.jpg"", ""decision_source"": ""audit/visual-assets/decisions-props-remaining.jsonl"", ""sha256"": ""ac9b592b11333a7aa908eb8d13fbd38b78f365151bbce64773795c4a4697ff60"", ""bytes"": 123265, ""notes"": ""Duplicate asset matching existing cutout prop across packs (food-scone)."", ""reason_codes"": [""exact_duplicate""]}"
live:prop:food-spoon,food-spoon,food spoon,props,live,09_props,production_asset,public/assets/09_props/img/food-spoon.png,REVIEW,"[""exact_duplicate""]","[""exact_duplicate""]",Duplicate asset matching existing cutout prop across packs (food-spoon).,,audit/visual-assets/sheets/pending_visual/09-props-prop-cutout-cafe-003.jpg,,"{""asset_id"": ""live:prop:food-spoon"", ""key"": ""food-spoon"", ""concept"": ""food spoon"", ""source_bank"": ""09_props"", ""source_role"": ""production_asset"", ""source_path"": ""public/assets/09_props/img/food-spoon.png"", ""expected_asset_type"": ""prop_cutout"", ""expected_background_mode"": ""alpha_cutout"", ""expected_concept_word"": ""food spoon"", ""reviewed_from"": ""audit/visual-assets/sheets/pending_visual/09-props-prop-cutout-cafe-003.jpg"", ""decision_source"": ""audit/visual-assets/decisions-props-remaining.jsonl"", ""sha256"": ""d43e3b0133e5d7664faccf8c7a89109122e0c8a4c88d126f74de5cde8e717632"", ""bytes"": 53118, ""notes"": ""Duplicate asset matching existing cutout prop across packs (food-spoon)."", ""reason_codes"": [""exact_duplicate""]}"
live:prop:food-sugar-jar,food-sugar-jar,food sugar jar,props,live,09_props,production_asset,public/assets/09_props/img/food-sugar-jar.png,REVIEW,"[""exact_duplicate""]","[""exact_duplicate""]",Duplicate asset matching existing cutout prop across packs (food-sugar-jar).,,audit/visual-assets/sheets/pending_visual/09-props-prop-cutout-cafe-003.jpg,,"{""asset_id"": ""live:prop:food-sugar-jar"", ""key"": ""food-sugar-jar"", ""concept"": ""food sugar jar"", ""source_bank"": ""09_props"", ""source_role"": ""production_asset"", ""source_path"": ""public/assets/09_props/img/food-sugar-jar.png"", ""expected_asset_type"": ""prop_cutout"", ""expected_background_mode"": ""alpha_cutout"", ""expected_concept_word"": ""food sugar jar"", ""reviewed_from"": ""audit/visual-assets/sheets/pending_visual/09-props-prop-cutout-cafe-003.jpg"", ""decision_source"": ""audit/visual-assets/decisions-props-remaining.jsonl"", ""sha256"": ""16eeef09eda2a88b4aad60e009b57919b6f505a107d062a89de5c30e2de0037d"", ""bytes"": 61640, ""notes"": ""Duplicate asset matching existing cutout prop across packs (food-sugar-jar)."", ""reason_codes"": [""exact_duplicate""]}"
live:prop:food-syrup-bottle,food-syrup-bottle,food syrup bottle,props,live,09_props,production_asset,public/assets/09_props/img/food-syrup-bottle.png,REVIEW,"[""exact_duplicate""]","[""exact_duplicate""]",Duplicate asset matching existing cutout prop across packs (food-syrup-bottle).,,audit/visual-assets/sheets/pending_visual/09-props-prop-cutout-cafe-003.jpg,,"{""asset_id"": ""live:prop:food-syrup-bottle"", ""key"": ""food-syrup-bottle"", ""concept"": ""food syrup bottle"", ""source_bank"": ""09_props"", ""source_role"": ""production_asset"", ""source_path"": ""public/assets/09_props/img/food-syrup-bottle.png"", ""expected_asset_type"": ""prop_cutout"", ""expected_background_mode"": ""alpha_cutout"", ""expected_concept_word"": ""food syrup bottle"", ""reviewed_from"": ""audit/visual-assets/sheets/pending_visual/09-props-prop-cutout-cafe-003.jpg"", ""decision_source"": ""audit/visual-assets/decisions-props-remaining.jsonl"", ""sha256"": ""71c839c75328570575d4fa0d3af59c768543e26176521eef5b491d2e7c36ab75"", ""bytes"": 60636, ""notes"": ""Duplicate asset matching existing cutout prop across packs (food-syrup-bottle)."", ""reason_codes"": [""exact_duplicate""]}"
live:prop:food-takeout-bag,food-takeout-bag,food takeout bag,props,live,09_props,production_asset,public/assets/09_props/img/food-takeout-bag.png,REVIEW,"[""exact_duplicate""]","[""exact_duplicate""]",Duplicate asset matching existing cutout prop across packs (food-takeout-bag).,,audit/visual-assets/sheets/pending_visual/09-props-prop-cutout-cafe-003.jpg,,"{""asset_id"": ""live:prop:food-takeout-bag"", ""key"": ""food-takeout-bag"", ""concept"": ""food takeout bag"", ""source_bank"": ""09_props"", ""source_role"": ""production_asset"", ""source_path"": ""public/assets/09_props/img/food-takeout-bag.png"", ""expected_asset_type"": ""prop_cutout"", ""expected_background_mode"": ""alpha_cutout"", ""expected_concept_word"": ""food takeout bag"", ""reviewed_from"": ""audit/visual-assets/sheets/pending_visual/09-props-prop-cutout-cafe-003.jpg"", ""decision_source"": ""audit/visual-assets/decisions-props-remaining.jsonl"", ""sha256"": ""a704fcf4e2459fc2ed9840941635b3fc30537f1308b86e3efceb904a762f393c"", ""bytes"": 72854, ""notes"": ""Duplicate asset matching existing cutout prop across packs (food-takeout-bag)."", ""reason_codes"": [""exact_duplicate""]}"
live:prop:food-takeout-cup,food-takeout-cup,food takeout cup,props,live,09_props,production_asset,public/assets/09_props/img/food-takeout-cup.png,REVIEW,"[""exact_duplicate""]","[""exact_duplicate""]",Duplicate asset matching existing cutout prop across packs (food-takeout-cup).,,audit/visual-assets/sheets/pending_visual/09-props-prop-cutout-cafe-003.jpg,,"{""asset_id"": ""live:prop:food-takeout-cup"", ""key"": ""food-takeout-cup"", ""concept"": ""food takeout cup"", ""source_bank"": ""09_props"", ""source_role"": ""production_asset"", ""source_path"": ""public/assets/09_props/img/food-takeout-cup.png"", ""expected_asset_type"": ""prop_cutout"", ""expected_background_mode"": ""alpha_cutout"", ""expected_concept_word"": ""food takeout cup"", ""reviewed_from"": ""audit/visual-assets/sheets/pending_visual/09-props-prop-cutout-cafe-003.jpg"", ""decision_source"": ""audit/visual-assets/decisions-props-remaining.jsonl"", ""sha256"": ""e577dce64b40eeddd533b22a1a23ce5cfb4bf90d3337fc3b96eacc2be31cf8de"", ""bytes"": 103008, ""notes"": ""Duplicate asset matching existing cutout prop across packs (food-takeout-cup)."", ""reason_codes"": [""exact_duplicate""]}"
live:prop:food-tart,food-tart,food tart,props,live,09_props,production_asset,public/assets/09_props/img/food-tart.png,REVIEW,"[""exact_duplicate""]","[""exact_duplicate""]",Duplicate asset matching existing cutout prop across packs (food-tart).,,audit/visual-assets/sheets/pending_visual/09-props-prop-cutout-cafe-003.jpg,,"{""asset_id"": ""live:prop:food-tart"", ""key"": ""food-tart"", ""concept"": ""food tart"", ""source_bank"": ""09_props"", ""source_role"": ""production_asset"", ""source_path"": ""public/assets/09_props/img/food-tart.png"", ""expected_asset_type"": ""prop_cutout"", ""expected_background_mode"": ""alpha_cutout"", ""expected_concept_word"": ""food tart"", ""reviewed_from"": ""audit/visual-assets/sheets/pending_visual/09-props-prop-cutout-cafe-003.jpg"", ""decision_source"": ""audit/visual-assets/decisions-props-remaining.jsonl"", ""sha256"": ""d1b6cba76d1d8b7dbf495614e18417e13ef32bb33f6e0d4dfef394c653df3c62"", ""bytes"": 118802, ""notes"": ""Duplicate asset matching existing cutout prop across packs (food-tart)."", ""reason_codes"": [""exact_duplicate""]}"
live:prop:food-tea-bag,food-tea-bag,food tea bag,props,live,09_props,production_asset,public/assets/09_props/img/food-tea-bag.png,REVIEW,"[""exact_duplicate""]","[""exact_duplicate""]",Duplicate asset matching existing cutout prop across packs (food-tea-bag).,,audit/visual-assets/sheets/pending_visual/09-props-prop-cutout-cafe-003.jpg,,"{""asset_id"": ""live:prop:food-tea-bag"", ""key"": ""food-tea-bag"", ""concept"": ""food tea bag"", ""source_bank"": ""09_props"", ""source_role"": ""production_asset"", ""source_path"": ""public/assets/09_props/img/food-tea-bag.png"", ""expected_asset_type"": ""prop_cutout"", ""expected_background_mode"": ""alpha_cutout"", ""expected_concept_word"": ""food tea bag"", ""reviewed_from"": ""audit/visual-assets/sheets/pending_visual/09-props-prop-cutout-cafe-003.jpg"", ""decision_source"": ""audit/visual-assets/decisions-props-remaining.jsonl"", ""sha256"": ""f4f033033b07d2e64373ba81cf9c89d90559e1acb79625a5416fe476a54ac11d"", ""bytes"": 66913, ""notes"": ""Duplicate asset matching existing cutout prop across packs (food-tea-bag)."", ""reason_codes"": [""exact_duplicate""]}"
live:prop:gashapon-apple,gashapon-apple,gashapon apple,props,live,09_props,production_asset,public/assets/09_props/img/gashapon-apple.png,REVIEW,"[""low_resolution"", ""too_small""]","[""low_resolution"", ""too_small""]",Tiny low-resolution sprite scaled in oversized canvas.,,audit/visual-assets/sheets/pending_visual/09-props-prop-cutout-gashapon-001.jpg,,"{""asset_id"": ""live:prop:gashapon-apple"", ""key"": ""gashapon-apple"", ""concept"": ""gashapon apple"", ""source_bank"": ""09_props"", ""source_role"": ""production_asset"", ""source_path"": ""public/assets/09_props/img/gashapon-apple.png"", ""expected_asset_type"": ""prop_cutout"", ""expected_background_mode"": ""alpha_cutout"", ""expected_concept_word"": ""gashapon apple"", ""reviewed_from"": ""audit/visual-assets/sheets/pending_visual/09-props-prop-cutout-gashapon-001.jpg"", ""decision_source"": ""audit/visual-assets/decisions-backgrounds-props.jsonl"", ""sha256"": ""feb66ba37fad19e88f3ed0005f0765c59e8c2b3a66724bad25ad3c1324e1166e"", ""bytes"": 9463, ""notes"": ""Tiny low-resolution sprite scaled in oversized canvas."", ""reason_codes"": [""low_resolution"", ""too_small""]}"
live:prop:gashapon-backpack-blue,gashapon-backpack-blue,gashapon backpack blue,props,live,09_props,production_asset,public/assets/09_props/img/gashapon-backpack-blue.png,REVIEW,"[""low_resolution"", ""too_small""]","[""low_resolution"", ""too_small""]",Tiny low-resolution sprite scaled in oversized canvas.,,audit/visual-assets/sheets/pending_visual/09-props-prop-cutout-gashapon-001.jpg,,"{""asset_id"": ""live:prop:gashapon-backpack-blue"", ""key"": ""gashapon-backpack-blue"", ""concept"": ""gashapon backpack blue"", ""source_bank"": ""09_props"", ""source_role"": ""production_asset"", ""source_path"": ""public/assets/09_props/img/gashapon-backpack-blue.png"", ""expected_asset_type"": ""prop_cutout"", ""expected_background_mode"": ""alpha_cutout"", ""expected_concept_word"": ""gashapon backpack blue"", ""reviewed_from"": ""audit/visual-assets/sheets/pending_visual/09-props-prop-cutout-gashapon-001.jpg"", ""decision_source"": ""audit/visual-assets/decisions-backgrounds-props.jsonl"", ""sha256"": ""620e6a42abc1f6f3d344d191c613cf79878227d70ad09f39fa1084f7ffc02f3b"", ""bytes"": 11656, ""notes"": ""Tiny low-resolution sprite scaled in oversized canvas."", ""reason_codes"": [""low_resolution"", ""too_small""]}"
live:prop:gashapon-backpack-green,gashapon-backpack-green,gashapon backpack green,props,live,09_props,production_asset,public/assets/09_props/img/gashapon-backpack-green.png,REVIEW,"[""low_resolution"", ""too_small""]","[""low_resolution"", ""too_small""]",Tiny low-resolution sprite scaled in oversized canvas.,,audit/visual-assets/sheets/pending_visual/09-props-prop-cutout-gashapon-001.jpg,,"{""asset_id"": ""live:prop:gashapon-backpack-green"", ""key"": ""gashapon-backpack-green"", ""concept"": ""gashapon backpack green"", ""source_bank"": ""09_props"", ""source_role"": ""production_asset"", ""source_path"": ""public/assets/09_props/img/gashapon-backpack-green.png"", ""expected_asset_type"": ""prop_cutout"", ""expected_background_mode"": ""alpha_cutout"", ""expected_concept_word"": ""gashapon backpack green"", ""reviewed_from"": ""audit/visual-assets/sheets/pending_visual/09-props-prop-cutout-gashapon-001.jpg"", ""decision_source"": ""audit/visual-assets/decisions-backgrounds-props.jsonl"", ""sha256"": ""ce238908ff541a240dafd100524e03d8396509ccd1b6dad2958de4808c2d2bcc"", ""bytes"": 10670, ""notes"": ""Tiny low-resolution sprite scaled in oversized canvas."", ""reason_codes"": [""low_resolution"", ""too_small""]}"
live:prop:gashapon-backpack-pink,gashapon-backpack-pink,gashapon backpack pink,props,live,09_props,production_asset,public/assets/09_props/img/gashapon-backpack-pink.png,REVIEW,"[""low_resolution""]","[""low_resolution""]",Low resolution sprite with pixelated rendering or insufficient dimension (gashapon-backpack-pink).,,audit/visual-assets/sheets/pending_visual/09-props-prop-cutout-gashapon-002.jpg,,"{""asset_id"": ""live:prop:gashapon-backpack-pink"", ""key"": ""gashapon-backpack-pink"", ""concept"": ""gashapon backpack pink"", ""source_bank"": ""09_props"", ""source_role"": ""production_asset"", ""source_path"": ""public/assets/09_props/img/gashapon-backpack-pink.png"", ""expected_asset_type"": ""prop_cutout"", ""expected_background_mode"": ""alpha_cutout"", ""expected_concept_word"": ""gashapon backpack pink"", ""reviewed_from"": ""audit/visual-assets/sheets/pending_visual/09-props-prop-cutout-gashapon-002.jpg"", ""decision_source"": ""audit/visual-assets/decisions-props-remaining.jsonl"", ""sha256"": ""53a5996f978991f111934dcc4434e4bd24b7257aea78e5becf96ae29b01cd72a"", ""bytes"": 10334, ""notes"": ""Low resolution sprite with pixelated rendering or insufficient dimension (gashapon-backpack-pink)."", ""reason_codes"": [""low_resolution""]}"
live:prop:gashapon-badge,gashapon-badge,gashapon badge,props,live,09_props,production_asset,public/assets/09_props/img/gashapon-badge.png,REVIEW,"[""exact_duplicate""]","[""exact_duplicate""]",Duplicate asset matching existing cutout prop across packs (gashapon-badge).,,audit/visual-assets/sheets/pending_visual/09-props-prop-cutout-gashapon-002.jpg,,"{""asset_id"": ""live:prop:gashapon-badge"", ""key"": ""gashapon-badge"", ""concept"": ""gashapon badge"", ""source_bank"": ""09_props"", ""source_role"": ""production_asset"", ""source_path"": ""public/assets/09_props/img/gashapon-badge.png"", ""expected_asset_type"": ""prop_cutout"", ""expected_background_mode"": ""alpha_cutout"", ""expected_concept_word"": ""gashapon badge"", ""reviewed_from"": ""audit/visual-assets/sheets/pending_visual/09-props-prop-cutout-gashapon-002.jpg"", ""decision_source"": ""audit/visual-assets/decisions-props-remaining.jsonl"", ""sha256"": ""bbb09fd958e4149a6d567247f614571cc2aa0a0ae445220b15bed8d05b889039"", ""bytes"": 149143, ""notes"": ""Duplicate asset matching existing cutout prop across packs (gashapon-badge)."", ""reason_codes"": [""exact_duplicate""]}"
live:prop:gashapon-badge-blank,gashapon-badge-blank,gashapon badge blank,props,live,09_props,production_asset,public/assets/09_props/img/gashapon-badge-blank.png,REVIEW,"[""exact_duplicate""]","[""exact_duplicate""]",Duplicate asset matching existing cutout prop across packs (gashapon-badge-blank).,,audit/visual-assets/sheets/pending_visual/09-props-prop-cutout-gashapon-002.jpg,,"{""asset_id"": ""live:prop:gashapon-badge-blank"", ""key"": ""gashapon-badge-blank"", ""concept"": ""gashapon badge blank"", ""source_bank"": ""09_props"", ""source_role"": ""production_asset"", ""source_path"": ""public/assets/09_props/img/gashapon-badge-blank.png"", ""expected_asset_type"": ""prop_cutout"", ""expected_background_mode"": ""alpha_cutout"", ""expected_concept_word"": ""gashapon badge blank"", ""reviewed_from"": ""audit/visual-assets/sheets/pending_visual/09-props-prop-cutout-gashapon-002.jpg"", ""decision_source"": ""audit/visual-assets/decisions-props-remaining.jsonl"", ""sha256"": ""bbb09fd958e4149a6d567247f614571cc2aa0a0ae445220b15bed8d05b889039"", ""bytes"": 149143, ""notes"": ""Duplicate asset matching existing cutout prop across packs (gashapon-badge-blank)."", ""reason_codes"": [""exact_duplicate""]}"
live:prop:gashapon-balloon-animal,gashapon-balloon-animal,gashapon balloon animal,props,live,09_props,production_asset,public/assets/09_props/img/gashapon-balloon-animal.png,REVIEW,"[""exact_duplicate""]","[""exact_duplicate""]",Duplicate asset matching existing cutout prop across packs (gashapon-balloon-animal).,,audit/visual-assets/sheets/pending_visual/09-props-prop-cutout-gashapon-002.jpg,,"{""asset_id"": ""live:prop:gashapon-balloon-animal"", ""key"": ""gashapon-balloon-animal"", ""concept"": ""gashapon balloon animal"", ""source_bank"": ""09_props"", ""source_role"": ""production_asset"", ""source_path"": ""public/assets/09_props/img/gashapon-balloon-animal.png"", ""expected_asset_type"": ""prop_cutout"", ""expected_background_mode"": ""alpha_cutout"", ""expected_concept_word"": ""gashapon balloon animal"", ""reviewed_from"": ""audit/visual-assets/sheets/pending_visual/09-props-prop-cutout-gashapon-002.jpg"", ""decision_source"": ""audit/visual-assets/decisions-props-remaining.jsonl"", ""sha256"": ""1d8cac6fa425ce758e07c80c3a06b015ff27c210c01f5451f092e84c06006d74"", ""bytes"": 107601, ""notes"": ""Duplicate asset matching existing cutout prop across packs (gashapon-balloon-animal)."", ""reason_codes"": [""exact_duplicate""]}"
live:prop:gashapon-balloon-animal-shape,gashapon-balloon-animal-shape,gashapon balloon animal shape,props,live,09_props,production_asset,public/assets/09_props/img/gashapon-balloon-animal-shape.png,REVIEW,"[""exact_duplicate""]","[""exact_duplicate""]",Duplicate asset matching existing cutout prop across packs (gashapon-balloon-animal-shape).,,audit/visual-assets/sheets/pending_visual/09-props-prop-cutout-gashapon-002.jpg,,"{""asset_id"": ""live:prop:gashapon-balloon-animal-shape"", ""key"": ""gashapon-balloon-animal-shape"", ""concept"": ""gashapon balloon animal shape"", ""source_bank"": ""09_props"", ""source_role"": ""production_asset"", ""source_path"": ""public/assets/09_props/img/gashapon-balloon-animal-shape.png"", ""expected_asset_type"": ""prop_cutout"", ""expected_background_mode"": ""alpha_cutout"", ""expected_concept_word"": ""gashapon balloon animal shape"", ""reviewed_from"": ""audit/visual-assets/sheets/pending_visual/09-props-prop-cutout-gashapon-002.jpg"", ""decision_source"": ""audit/visual-assets/decisions-props-remaining.jsonl"", ""sha256"": ""1d8cac6fa425ce758e07c80c3a06b015ff27c210c01f5451f092e84c06006d74"", ""bytes"": 107601, ""notes"": ""Duplicate asset matching existing cutout prop across packs (gashapon-balloon-animal-shape)."", ""reason_codes"": [""exact_duplicate""]}"
live:prop:gashapon-banana,gashapon-banana,gashapon banana,props,live,09_props,production_asset,public/assets/09_props/img/gashapon-banana.png,REVIEW,"[""low_resolution""]","[""low_resolution""]",Low resolution sprite with pixelated rendering or insufficient dimension (gashapon-banana).,,audit/visual-assets/sheets/pending_visual/09-props-prop-cutout-gashapon-002.jpg,,"{""asset_id"": ""live:prop:gashapon-banana"", ""key"": ""gashapon-banana"", ""concept"": ""gashapon banana"", ""source_bank"": ""09_props"", ""source_role"": ""production_asset"", ""source_path"": ""public/assets/09_props/img/gashapon-banana.png"", ""expected_asset_type"": ""prop_cutout"", ""expected_background_mode"": ""alpha_cutout"", ""expected_concept_word"": ""gashapon banana"", ""reviewed_from"": ""audit/visual-assets/sheets/pending_visual/09-props-prop-cutout-gashapon-002.jpg"", ""decision_source"": ""audit/visual-assets/decisions-props-remaining.jsonl"", ""sha256"": ""068e90dfb40b4c9c9211a41a012c09b2dad1a94f644b839b8e6b8408be974ed9"", ""bytes"": 7923, ""notes"": ""Low resolution sprite with pixelated rendering or insufficient dimension (gashapon-banana)."", ""reason_codes"": [""low_resolution""]}"
live:prop:gashapon-basketball,gashapon-basketball,gashapon basketball,props,live,09_props,production_asset,public/assets/09_props/img/gashapon-basketball.png,REVIEW,"[""low_resolution""]","[""low_resolution""]",Low resolution sprite with pixelated rendering or insufficient dimension (gashapon-basketball).,,audit/visual-assets/sheets/pending_visual/09-props-prop-cutout-gashapon-002.jpg,,"{""asset_id"": ""live:prop:gashapon-basketball"", ""key"": ""gashapon-basketball"", ""concept"": ""gashapon basketball"", ""source_bank"": ""09_props"", ""source_role"": ""production_asset"", ""source_path"": ""public/assets/09_props/img/gashapon-basketball.png"", ""expected_asset_type"": ""prop_cutout"", ""expected_background_mode"": ""alpha_cutout"", ""expected_concept_word"": ""gashapon basketball"", ""reviewed_from"": ""audit/visual-assets/sheets/pending_visual/09-props-prop-cutout-gashapon-002.jpg"", ""decision_source"": ""audit/visual-assets/decisions-props-remaining.jsonl"", ""sha256"": ""1cf773fec405026a8e2c277b59e431aeafd4b35cc49c226e9103cd20a65e30be"", ""bytes"": 10973, ""notes"": ""Low resolution sprite with pixelated rendering or insufficient dimension (gashapon-basketball)."", ""reason_codes"": [""low_resolution""]}"
live:prop:gashapon-bowtie,gashapon-bowtie,gashapon bowtie,props,live,09_props,production_asset,public/assets/09_props/img/gashapon-bowtie.png,REVIEW,"[""low_resolution""]","[""low_resolution""]",Low resolution sprite with pixelated rendering or insufficient dimension (gashapon-bowtie).,,audit/visual-assets/sheets/pending_visual/09-props-prop-cutout-gashapon-002.jpg,,"{""asset_id"": ""live:prop:gashapon-bowtie"", ""key"": ""gashapon-bowtie"", ""concept"": ""gashapon bowtie"", ""source_bank"": ""09_props"", ""source_role"": ""production_asset"", ""source_path"": ""public/assets/09_props/img/gashapon-bowtie.png"", ""expected_asset_type"": ""prop_cutout"", ""expected_background_mode"": ""alpha_cutout"", ""expected_concept_word"": ""gashapon bowtie"", ""reviewed_from"": ""audit/visual-assets/sheets/pending_visual/09-props-prop-cutout-gashapon-002.jpg"", ""decision_source"": ""audit/visual-assets/decisions-props-remaining.jsonl"", ""sha256"": ""1ff1e99047420b9f76cc6e1763c74f523c1409e1f4f97e3944d5bec5f0684ace"", ""bytes"": 6491, ""notes"": ""Low resolution sprite with pixelated rendering or insufficient dimension (gashapon-bowtie)."", ""reason_codes"": [""low_resolution""]}"
live:prop:gashapon-building-block,gashapon-building-block,gashapon building block,props,live,09_props,production_asset,public/assets/09_props/img/gashapon-building-block.png,REVIEW,"[""exact_duplicate""]","[""exact_duplicate""]",Duplicate asset matching existing cutout prop across packs (gashapon-building-block).,,audit/visual-assets/sheets/pending_visual/09-props-prop-cutout-gashapon-002.jpg,,"{""asset_id"": ""live:prop:gashapon-building-block"", ""key"": ""gashapon-building-block"", ""concept"": ""gashapon building block"", ""source_bank"": ""09_props"", ""source_role"": ""production_asset"", ""source_path"": ""public/assets/09_props/img/gashapon-building-block.png"", ""expected_asset_type"": ""prop_cutout"", ""expected_background_mode"": ""alpha_cutout"", ""expected_concept_word"": ""gashapon building block"", ""reviewed_from"": ""audit/visual-assets/sheets/pending_visual/09-props-prop-cutout-gashapon-002.jpg"", ""decision_source"": ""audit/visual-assets/decisions-props-remaining.jsonl"", ""sha256"": ""1583bbdebbf52f495f1943342604ef7ab468d4cdc8f56b4fd9e1bf303274a5a3"", ""bytes"": 99744, ""notes"": ""Duplicate asset matching existing cutout prop across packs (gashapon-building-block)."", ""reason_codes"": [""exact_duplicate""]}"
live:prop:gashapon-building-block-v2,gashapon-building-block-v2,gashapon building block v2,props,live,09_props,production_asset,public/assets/09_props/img/gashapon-building-block-v2.png,REVIEW,"[""exact_duplicate""]","[""exact_duplicate""]",Duplicate asset matching existing cutout prop across packs (gashapon-building-block-v2).,,audit/visual-assets/sheets/pending_visual/09-props-prop-cutout-gashapon-002.jpg,,"{""asset_id"": ""live:prop:gashapon-building-block-v2"", ""key"": ""gashapon-building-block-v2"", ""concept"": ""gashapon building block v2"", ""source_bank"": ""09_props"", ""source_role"": ""production_asset"", ""source_path"": ""public/assets/09_props/img/gashapon-building-block-v2.png"", ""expected_asset_type"": ""prop_cutout"", ""expected_background_mode"": ""alpha_cutout"", ""expected_concept_word"": ""gashapon building block v2"", ""reviewed_from"": ""audit/visual-assets/sheets/pending_visual/09-props-prop-cutout-gashapon-002.jpg"", ""decision_source"": ""audit/visual-assets/decisions-props-remaining.jsonl"", ""sha256"": ""1583bbdebbf52f495f1943342604ef7ab468d4cdc8f56b4fd9e1bf303274a5a3"", ""bytes"": 99744, ""notes"": ""Duplicate asset matching existing cutout prop across packs (gashapon-building-block-v2)."", ""reason_codes"": [""exact_duplicate""]}"
live:prop:gashapon-bus,gashapon-bus,gashapon bus,props,live,09_props,production_asset,public/assets/09_props/img/gashapon-bus.png,REVIEW,"[""low_resolution""]","[""low_resolution""]",Low resolution sprite with pixelated rendering or insufficient dimension (gashapon-bus).,,audit/visual-assets/sheets/pending_visual/09-props-prop-cutout-gashapon-002.jpg,,"{""asset_id"": ""live:prop:gashapon-bus"", ""key"": ""gashapon-bus"", ""concept"": ""gashapon bus"", ""source_bank"": ""09_props"", ""source_role"": ""production_asset"", ""source_path"": ""public/assets/09_props/img/gashapon-bus.png"", ""expected_asset_type"": ""prop_cutout"", ""expected_background_mode"": ""alpha_cutout"", ""expected_concept_word"": ""gashapon bus"", ""reviewed_from"": ""audit/visual-assets/sheets/pending_visual/09-props-prop-cutout-gashapon-002.jpg"", ""decision_source"": ""audit/visual-assets/decisions-props-remaining.jsonl"", ""sha256"": ""9bd32b0592a92d167a553d51a997cb8bf142cedba11ad16efabfd7f6f9383790"", ""bytes"": 17237, ""notes"": ""Low resolution sprite with pixelated rendering or insufficient dimension (gashapon-bus)."", ""reason_codes"": [""low_resolution""]}"
live:prop:gashapon-capsule,gashapon-capsule,gashapon capsule,props,live,09_props,production_asset,public/assets/09_props/img/gashapon-capsule.png,REVIEW,"[""exact_duplicate""]","[""exact_duplicate""]",Duplicate asset matching existing cutout prop across packs (gashapon-capsule).,,audit/visual-assets/sheets/pending_visual/09-props-prop-cutout-gashapon-002.jpg,,"{""asset_id"": ""live:prop:gashapon-capsule"", ""key"": ""gashapon-capsule"", ""concept"": ""gashapon capsule"", ""source_bank"": ""09_props"", ""source_role"": ""production_asset"", ""source_path"": ""public/assets/09_props/img/gashapon-capsule.png"", ""expected_asset_type"": ""prop_cutout"", ""expected_background_mode"": ""alpha_cutout"", ""expected_concept_word"": ""gashapon capsule"", ""reviewed_from"": ""audit/visual-assets/sheets/pending_visual/09-props-prop-cutout-gashapon-002.jpg"", ""decision_source"": ""audit/visual-assets/decisions-props-remaining.jsonl"", ""sha256"": ""679fa1f7ee75f467a07f16433e5d86f8786cecd01470f54bb0618da82f862fbb"", ""bytes"": 154047, ""notes"": ""Duplicate asset matching existing cutout prop across packs (gashapon-capsule)."", ""reason_codes"": [""exact_duplicate""]}"
live:prop:gashapon-capsule-v2,gashapon-capsule-v2,gashapon capsule v2,props,live,09_props,production_asset,public/assets/09_props/img/gashapon-capsule-v2.png,REVIEW,"[""exact_duplicate""]","[""exact_duplicate""]",Duplicate asset matching existing cutout prop across packs (gashapon-capsule-v2).,,audit/visual-assets/sheets/pending_visual/09-props-prop-cutout-gashapon-002.jpg,,"{""asset_id"": ""live:prop:gashapon-capsule-v2"", ""key"": ""gashapon-capsule-v2"", ""concept"": ""gashapon capsule v2"", ""source_bank"": ""09_props"", ""source_role"": ""production_asset"", ""source_path"": ""public/assets/09_props/img/gashapon-capsule-v2.png"", ""expected_asset_type"": ""prop_cutout"", ""expected_background_mode"": ""alpha_cutout"", ""expected_concept_word"": ""gashapon capsule v2"", ""reviewed_from"": ""audit/visual-assets/sheets/pending_visual/09-props-prop-cutout-gashapon-002.jpg"", ""decision_source"": ""audit/visual-assets/decisions-props-remaining.jsonl"", ""sha256"": ""679fa1f7ee75f467a07f16433e5d86f8786cecd01470f54bb0618da82f862fbb"", ""bytes"": 154047, ""notes"": ""Duplicate asset matching existing cutout prop across packs (gashapon-capsule-v2)."", ""reason_codes"": [""exact_duplicate""]}"
live:prop:gashapon-car,gashapon-car,gashapon car,props,live,09_props,production_asset,public/assets/09_props/img/gashapon-car.png,REVIEW,"[""low_resolution""]","[""low_resolution""]",Low resolution sprite with pixelated rendering or insufficient dimension (gashapon-car).,,audit/visual-assets/sheets/pending_visual/09-props-prop-cutout-gashapon-002.jpg,,"{""asset_id"": ""live:prop:gashapon-car"", ""key"": ""gashapon-car"", ""concept"": ""gashapon car"", ""source_bank"": ""09_props"", ""source_role"": ""production_asset"", ""source_path"": ""public/assets/09_props/img/gashapon-car.png"", ""expected_asset_type"": ""prop_cutout"", ""expected_background_mode"": ""alpha_cutout"", ""expected_concept_word"": ""gashapon car"", ""reviewed_from"": ""audit/visual-assets/sheets/pending_visual/09-props-prop-cutout-gashapon-002.jpg"", ""decision_source"": ""audit/visual-assets/decisions-props-remaining.jsonl"", ""sha256"": ""b4b4107f75628e6575193435bf58369b6aae1679ed72e47d37adb48f2be8f227"", ""bytes"": 12608, ""notes"": ""Low resolution sprite with pixelated rendering or insufficient dimension (gashapon-car)."", ""reason_codes"": [""low_resolution""]}"
live:prop:gashapon-card-deck,gashapon-card-deck,gashapon card deck,props,live,09_props,production_asset,public/assets/09_props/img/gashapon-card-deck.png,REVIEW,"[""exact_duplicate""]","[""exact_duplicate""]",Duplicate asset matching existing cutout prop across packs (gashapon-card-deck).,,audit/visual-assets/sheets/pending_visual/09-props-prop-cutout-gashapon-002.jpg,,"{""asset_id"": ""live:prop:gashapon-card-deck"", ""key"": ""gashapon-card-deck"", ""concept"": ""gashapon card deck"", ""source_bank"": ""09_props"", ""source_role"": ""production_asset"", ""source_path"": ""public/assets/09_props/img/gashapon-card-deck.png"", ""expected_asset_type"": ""prop_cutout"", ""expected_background_mode"": ""alpha_cutout"", ""expected_concept_word"": ""gashapon card deck"", ""reviewed_from"": ""audit/visual-assets/sheets/pending_visual/09-props-prop-cutout-gashapon-002.jpg"", ""decision_source"": ""audit/visual-assets/decisions-props-remaining.jsonl"", ""sha256"": ""3c39a7ba76ef80bb7d1b48e5c77c93d9ab3d6f3479c616ca8229fdb11dc8a5b8"", ""bytes"": 90239, ""notes"": ""Duplicate asset matching existing cutout prop across packs (gashapon-card-deck)."", ""reason_codes"": [""exact_duplicate""]}"
live:prop:gashapon-card-deck-blank,gashapon-card-deck-blank,gashapon card deck blank,props,live,09_props,production_asset,public/assets/09_props/img/gashapon-card-deck-blank.png,REVIEW,"[""exact_duplicate""]","[""exact_duplicate""]",Duplicate asset matching existing cutout prop across packs (gashapon-card-deck-blank).,,audit/visual-assets/sheets/pending_visual/09-props-prop-cutout-gashapon-002.jpg,,"{""asset_id"": ""live:prop:gashapon-card-deck-blank"", ""key"": ""gashapon-card-deck-blank"", ""concept"": ""gashapon card deck blank"", ""source_bank"": ""09_props"", ""source_role"": ""production_asset"", ""source_path"": ""public/assets/09_props/img/gashapon-card-deck-blank.png"", ""expected_asset_type"": ""prop_cutout"", ""expected_background_mode"": ""alpha_cutout"", ""expected_concept_word"": ""gashapon card deck blank"", ""reviewed_from"": ""audit/visual-assets/sheets/pending_visual/09-props-prop-cutout-gashapon-002.jpg"", ""decision_source"": ""audit/visual-assets/decisions-props-remaining.jsonl"", ""sha256"": ""3c39a7ba76ef80bb7d1b48e5c77c93d9ab3d6f3479c616ca8229fdb11dc8a5b8"", ""bytes"": 90239, ""notes"": ""Duplicate asset matching existing cutout prop across packs (gashapon-card-deck-blank)."", ""reason_codes"": [""exact_duplicate""]}"
live:prop:gashapon-circle,gashapon-circle,gashapon circle,props,live,09_props,production_asset,public/assets/09_props/img/gashapon-circle.png,REVIEW,"[""low_resolution""]","[""low_resolution""]",Low resolution sprite with pixelated rendering or insufficient dimension (gashapon-circle).,,audit/visual-assets/sheets/pending_visual/09-props-prop-cutout-gashapon-002.jpg,,"{""asset_id"": ""live:prop:gashapon-circle"", ""key"": ""gashapon-circle"", ""concept"": ""gashapon circle"", ""source_bank"": ""09_props"", ""source_role"": ""production_asset"", ""source_path"": ""public/assets/09_props/img/gashapon-circle.png"", ""expected_asset_type"": ""prop_cutout"", ""expected_background_mode"": ""alpha_cutout"", ""expected_concept_word"": ""gashapon circle"", ""reviewed_from"": ""audit/visual-assets/sheets/pending_visual/09-props-prop-cutout-gashapon-002.jpg"", ""decision_source"": ""audit/visual-assets/decisions-props-remaining.jsonl"", ""sha256"": ""38d78d66a4241875a3f97b2dc9e6ef0acb3d41d952d7201b8a1daa37c937b120"", ""bytes"": 5475, ""notes"": ""Low resolution sprite with pixelated rendering or insufficient dimension (gashapon-circle)."", ""reason_codes"": [""low_resolution""]}"
live:prop:gashapon-coin,gashapon-coin,gashapon coin,props,live,09_props,production_asset,public/assets/09_props/img/gashapon-coin.png,REVIEW,"[""low_resolution""]","[""low_resolution""]",Low resolution sprite with pixelated rendering or insufficient dimension (gashapon-coin).,,audit/visual-assets/sheets/pending_visual/09-props-prop-cutout-gashapon-003.jpg,,"{""asset_id"": ""live:prop:gashapon-coin"", ""key"": ""gashapon-coin"", ""concept"": ""gashapon coin"", ""source_bank"": ""09_props"", ""source_role"": ""production_asset"", ""source_path"": ""public/assets/09_props/img/gashapon-coin.png"", ""expected_asset_type"": ""prop_cutout"", ""expected_background_mode"": ""alpha_cutout"", ""expected_concept_word"": ""gashapon coin"", ""reviewed_from"": ""audit/visual-assets/sheets/pending_visual/09-props-prop-cutout-gashapon-003.jpg"", ""decision_source"": ""audit/visual-assets/decisions-props-remaining.jsonl"", ""sha256"": ""bdbe4a7811de005e9fb7b1fa8885554de6cec59620fcd98590cc8c61beae57fa"", ""bytes"": 9549, ""notes"": ""Low resolution sprite with pixelated rendering or insufficient dimension (gashapon-coin)."", ""reason_codes"": [""low_resolution""]}"
live:prop:gashapon-coin-slot,gashapon-coin-slot,gashapon coin slot,props,live,09_props,production_asset,public/assets/09_props/img/gashapon-coin-slot.png,REVIEW,"[""exact_duplicate""]","[""exact_duplicate""]",Duplicate asset matching existing cutout prop across packs (gashapon-coin-slot).,,audit/visual-assets/sheets/pending_visual/09-props-prop-cutout-gashapon-003.jpg,,"{""asset_id"": ""live:prop:gashapon-coin-slot"", ""key"": ""gashapon-coin-slot"", ""concept"": ""gashapon coin slot"", ""source_bank"": ""09_props"", ""source_role"": ""production_asset"", ""source_path"": ""public/assets/09_props/img/gashapon-coin-slot.png"", ""expected_asset_type"": ""prop_cutout"", ""expected_background_mode"": ""alpha_cutout"", ""expected_concept_word"": ""gashapon coin slot"", ""reviewed_from"": ""audit/visual-assets/sheets/pending_visual/09-props-prop-cutout-gashapon-003.jpg"", ""decision_source"": ""audit/visual-assets/decisions-props-remaining.jsonl"", ""sha256"": ""3123394b9f6704ecd62ead67cc685bb992230a7a43b77cf8e84f68cc4790ab93"", ""bytes"": 75519, ""notes"": ""Duplicate asset matching existing cutout prop across packs (gashapon-coin-slot)."", ""reason_codes"": [""exact_duplicate""]}"
live:prop:gashapon-coin-slot-v2,gashapon-coin-slot-v2,gashapon coin slot v2,props,live,09_props,production_asset,public/assets/09_props/img/gashapon-coin-slot-v2.png,REVIEW,"[""exact_duplicate""]","[""exact_duplicate""]",Duplicate asset matching existing cutout prop across packs (gashapon-coin-slot-v2).,,audit/visual-assets/sheets/pending_visual/09-props-prop-cutout-gashapon-003.jpg,,"{""asset_id"": ""live:prop:gashapon-coin-slot-v2"", ""key"": ""gashapon-coin-slot-v2"", ""concept"": ""gashapon coin slot v2"", ""source_bank"": ""09_props"", ""source_role"": ""production_asset"", ""source_path"": ""public/assets/09_props/img/gashapon-coin-slot-v2.png"", ""expected_asset_type"": ""prop_cutout"", ""expected_background_mode"": ""alpha_cutout"", ""expected_concept_word"": ""gashapon coin slot v2"", ""reviewed_from"": ""audit/visual-assets/sheets/pending_visual/09-props-prop-cutout-gashapon-003.jpg"", ""decision_source"": ""audit/visual-assets/decisions-props-remaining.jsonl"", ""sha256"": ""3123394b9f6704ecd62ead67cc685bb992230a7a43b77cf8e84f68cc4790ab93"", ""bytes"": 75519, ""notes"": ""Duplicate asset matching existing cutout prop across packs (gashapon-coin-slot-v2)."", ""reason_codes"": [""exact_duplicate""]}"
live:prop:gashapon-cookie,gashapon-cookie,gashapon cookie,props,live,09_props,production_asset,public/assets/09_props/img/gashapon-cookie.png,REVIEW,"[""low_resolution""]","[""low_resolution""]",Low resolution sprite with pixelated rendering or insufficient dimension (gashapon-cookie).,,audit/visual-assets/sheets/pending_visual/09-props-prop-cutout-gashapon-003.jpg,,"{""asset_id"": ""live:prop:gashapon-cookie"", ""key"": ""gashapon-cookie"", ""concept"": ""gashapon cookie"", ""source_bank"": ""09_props"", ""source_role"": ""production_asset"", ""source_path"": ""public/assets/09_props/img/gashapon-cookie.png"", ""expected_asset_type"": ""prop_cutout"", ""expected_background_mode"": ""alpha_cutout"", ""expected_concept_word"": ""gashapon cookie"", ""reviewed_from"": ""audit/visual-assets/sheets/pending_visual/09-props-prop-cutout-gashapon-003.jpg"", ""decision_source"": ""audit/visual-assets/decisions-props-remaining.jsonl"", ""sha256"": ""8c4a2613c0fe1b1dd6daa65e351341b0dbcdc83b4e4fdaf3b64d662daa9c5ca9"", ""bytes"": 10070, ""notes"": ""Low resolution sprite with pixelated rendering or insufficient dimension (gashapon-cookie)."", ""reason_codes"": [""low_resolution""]}"
live:prop:gashapon-crown,gashapon-crown,gashapon crown,props,live,09_props,production_asset,public/assets/09_props/img/gashapon-crown.png,REVIEW,"[""low_resolution""]","[""low_resolution""]",Low resolution sprite with pixelated rendering or insufficient dimension (gashapon-crown).,,audit/visual-assets/sheets/pending_visual/09-props-prop-cutout-gashapon-003.jpg,,"{""asset_id"": ""live:prop:gashapon-crown"", ""key"": ""gashapon-crown"", ""concept"": ""gashapon crown"", ""source_bank"": ""09_props"", ""source_role"": ""production_asset"", ""source_path"": ""public/assets/09_props/img/gashapon-crown.png"", ""expected_asset_type"": ""prop_cutout"", ""expected_background_mode"": ""alpha_cutout"", ""expected_concept_word"": ""gashapon crown"", ""reviewed_from"": ""audit/visual-assets/sheets/pending_visual/09-props-prop-cutout-gashapon-003.jpg"", ""decision_source"": ""audit/visual-assets/decisions-props-remaining.jsonl"", ""sha256"": ""e47373775ccf59735a39c04c623c7fc8fb1c6806c83b20d91f57f0f8254e061d"", ""bytes"": 9862, ""notes"": ""Low resolution sprite with pixelated rendering or insufficient dimension (gashapon-crown)."", ""reason_codes"": [""low_resolution""]}"
live:prop:gashapon-cupcake,gashapon-cupcake,gashapon cupcake,props,live,09_props,production_asset,public/assets/09_props/img/gashapon-cupcake.png,REVIEW,"[""low_resolution""]","[""low_resolution""]",Low resolution sprite with pixelated rendering or insufficient dimension (gashapon-cupcake).,,audit/visual-assets/sheets/pending_visual/09-props-prop-cutout-gashapon-003.jpg,,"{""asset_id"": ""live:prop:gashapon-cupcake"", ""key"": ""gashapon-cupcake"", ""concept"": ""gashapon cupcake"", ""source_bank"": ""09_props"", ""source_role"": ""production_asset"", ""source_path"": ""public/assets/09_props/img/gashapon-cupcake.png"", ""expected_asset_type"": ""prop_cutout"", ""expected_background_mode"": ""alpha_cutout"", ""expected_concept_word"": ""gashapon cupcake"", ""reviewed_from"": ""audit/visual-assets/sheets/pending_visual/09-props-prop-cutout-gashapon-003.jpg"", ""decision_source"": ""audit/visual-assets/decisions-props-remaining.jsonl"", ""sha256"": ""601c45517e7c2c82b0cb522989aafd411a4c1f0f38878d03a05dbfe0c86f744d"", ""bytes"": 10415, ""notes"": ""Low resolution sprite with pixelated rendering or insufficient dimension (gashapon-cupcake)."", ""reason_codes"": [""low_resolution""]}"
live:prop:gashapon-diamond,gashapon-diamond,gashapon diamond,props,live,09_props,production_asset,public/assets/09_props/img/gashapon-diamond.png,REVIEW,"[""low_resolution""]","[""low_resolution""]",Low resolution sprite with pixelated rendering or insufficient dimension (gashapon-diamond).,,audit/visual-assets/sheets/pending_visual/09-props-prop-cutout-gashapon-003.jpg,,"{""asset_id"": ""live:prop:gashapon-diamond"", ""key"": ""gashapon-diamond"", ""concept"": ""gashapon diamond"", ""source_bank"": ""09_props"", ""source_role"": ""production_asset"", ""source_path"": ""public/assets/09_props/img/gashapon-diamond.png"", ""expected_asset_type"": ""prop_cutout"", ""expected_background_mode"": ""alpha_cutout"", ""expected_concept_word"": ""gashapon diamond"", ""reviewed_from"": ""audit/visual-assets/sheets/pending_visual/09-props-prop-cutout-gashapon-003.jpg"", ""decision_source"": ""audit/visual-assets/decisions-props-remaining.jsonl"", ""sha256"": ""3583200f334bd67a1e73e10774a2621844f596bcc6bec5f7a743b56a9dff2687"", ""bytes"": 8246, ""notes"": ""Low resolution sprite with pixelated rendering or insufficient dimension (gashapon-diamond)."", ""reason_codes"": [""low_resolution""]}"
live:prop:gashapon-dice,gashapon-dice,gashapon dice,props,live,09_props,production_asset,public/assets/09_props/img/gashapon-dice.png,REVIEW,"[""exact_duplicate""]","[""exact_duplicate""]",Duplicate asset matching existing cutout prop across packs (gashapon-dice).,,audit/visual-assets/sheets/pending_visual/09-props-prop-cutout-gashapon-003.jpg,,"{""asset_id"": ""live:prop:gashapon-dice"", ""key"": ""gashapon-dice"", ""concept"": ""gashapon dice"", ""source_bank"": ""09_props"", ""source_role"": ""production_asset"", ""source_path"": ""public/assets/09_props/img/gashapon-dice.png"", ""expected_asset_type"": ""prop_cutout"", ""expected_background_mode"": ""alpha_cutout"", ""expected_concept_word"": ""gashapon dice"", ""reviewed_from"": ""audit/visual-assets/sheets/pending_visual/09-props-prop-cutout-gashapon-003.jpg"", ""decision_source"": ""audit/visual-assets/decisions-props-remaining.jsonl"", ""sha256"": ""bea35554b6f7e61664dbaf34f2fda633bb5bfc104183806e6f359fdc3881b6d6"", ""bytes"": 135909, ""notes"": ""Duplicate asset matching existing cutout prop across packs (gashapon-dice)."", ""reason_codes"": [""exact_duplicate""]}"
live:prop:gashapon-dice-v2,gashapon-dice-v2,gashapon dice v2,props,live,09_props,production_asset,public/assets/09_props/img/gashapon-dice-v2.png,REVIEW,"[""exact_duplicate""]","[""exact_duplicate""]",Duplicate asset matching existing cutout prop across packs (gashapon-dice-v2).,,audit/visual-assets/sheets/pending_visual/09-props-prop-cutout-gashapon-003.jpg,,"{""asset_id"": ""live:prop:gashapon-dice-v2"", ""key"": ""gashapon-dice-v2"", ""concept"": ""gashapon dice v2"", ""source_bank"": ""09_props"", ""source_role"": ""production_asset"", ""source_path"": ""public/assets/09_props/img/gashapon-dice-v2.png"", ""expected_asset_type"": ""prop_cutout"", ""expected_background_mode"": ""alpha_cutout"", ""expected_concept_word"": ""gashapon dice v2"", ""reviewed_from"": ""audit/visual-assets/sheets/pending_visual/09-props-prop-cutout-gashapon-003.jpg"", ""decision_source"": ""audit/visual-assets/decisions-props-remaining.jsonl"", ""sha256"": ""bea35554b6f7e61664dbaf34f2fda633bb5bfc104183806e6f359fdc3881b6d6"", ""bytes"": 135909, ""notes"": ""Duplicate asset matching existing cutout prop across packs (gashapon-dice-v2)."", ""reason_codes"": [""exact_duplicate""]}"
live:prop:gashapon-donut,gashapon-donut,gashapon donut,props,live,09_props,production_asset,public/assets/09_props/img/gashapon-donut.png,REVIEW,"[""low_resolution""]","[""low_resolution""]",Low resolution sprite with pixelated rendering or insufficient dimension (gashapon-donut).,,audit/visual-assets/sheets/pending_visual/09-props-prop-cutout-gashapon-003.jpg,,"{""asset_id"": ""live:prop:gashapon-donut"", ""key"": ""gashapon-donut"", ""concept"": ""gashapon donut"", ""source_bank"": ""09_props"", ""source_role"": ""production_asset"", ""source_path"": ""public/assets/09_props/img/gashapon-donut.png"", ""expected_asset_type"": ""prop_cutout"", ""expected_background_mode"": ""alpha_cutout"", ""expected_concept_word"": ""gashapon donut"", ""reviewed_from"": ""audit/visual-assets/sheets/pending_visual/09-props-prop-cutout-gashapon-003.jpg"", ""decision_source"": ""audit/visual-assets/decisions-props-remaining.jsonl"", ""sha256"": ""c93f14ac8363c7087b20d6ea67da2f9e0d795d13da4ea2d4d332f53b35055c4e"", ""bytes"": 11135, ""notes"": ""Low resolution sprite with pixelated rendering or insufficient dimension (gashapon-donut)."", ""reason_codes"": [""low_resolution""]}"
live:prop:gashapon-dragon,gashapon-dragon,gashapon dragon,props,live,09_props,production_asset,public/assets/09_props/img/gashapon-dragon.png,REVIEW,"[""low_resolution""]","[""low_resolution""]",Low resolution sprite with pixelated rendering or insufficient dimension (gashapon-dragon).,,audit/visual-assets/sheets/pending_visual/09-props-prop-cutout-gashapon-003.jpg,,"{""asset_id"": ""live:prop:gashapon-dragon"", ""key"": ""gashapon-dragon"", ""concept"": ""gashapon dragon"", ""source_bank"": ""09_props"", ""source_role"": ""production_asset"", ""source_path"": ""public/assets/09_props/img/gashapon-dragon.png"", ""expected_asset_type"": ""prop_cutout"", ""expected_background_mode"": ""alpha_cutout"", ""expected_concept_word"": ""gashapon dragon"", ""reviewed_from"": ""audit/visual-assets/sheets/pending_visual/09-props-prop-cutout-gashapon-003.jpg"", ""decision_source"": ""audit/visual-assets/decisions-props-remaining.jsonl"", ""sha256"": ""7cb6e1f39717441f8a232ed4948c250ecdff5b778b7abddb3170e42f3798b5d2"", ""bytes"": 14644, ""notes"": ""Low resolution sprite with pixelated rendering or insufficient dimension (gashapon-dragon)."", ""reason_codes"": [""low_resolution""]}"
live:prop:gashapon-egg,gashapon-egg,gashapon egg,props,live,09_props,production_asset,public/assets/09_props/img/gashapon-egg.png,REVIEW,"[""low_resolution""]","[""low_resolution""]",Low resolution sprite with pixelated rendering or insufficient dimension (gashapon-egg).,,audit/visual-assets/sheets/pending_visual/09-props-prop-cutout-gashapon-003.jpg,,"{""asset_id"": ""live:prop:gashapon-egg"", ""key"": ""gashapon-egg"", ""concept"": ""gashapon egg"", ""source_bank"": ""09_props"", ""source_role"": ""production_asset"", ""source_path"": ""public/assets/09_props/img/gashapon-egg.png"", ""expected_asset_type"": ""prop_cutout"", ""expected_background_mode"": ""alpha_cutout"", ""expected_concept_word"": ""gashapon egg"", ""reviewed_from"": ""audit/visual-assets/sheets/pending_visual/09-props-prop-cutout-gashapon-003.jpg"", ""decision_source"": ""audit/visual-assets/decisions-props-remaining.jsonl"", ""sha256"": ""ce47c067d99aabec260a035cd8c34a049bc249274d7bc8b7e27f75650a1e2522"", ""bytes"": 7825, ""notes"": ""Low resolution sprite with pixelated rendering or insufficient dimension (gashapon-egg)."", ""reason_codes"": [""low_resolution""]}"
live:prop:gashapon-flower,gashapon-flower,gashapon flower,props,live,09_props,production_asset,public/assets/09_props/img/gashapon-flower.png,REVIEW,"[""low_resolution""]","[""low_resolution""]",Low resolution sprite with pixelated rendering or insufficient dimension (gashapon-flower).,,audit/visual-assets/sheets/pending_visual/09-props-prop-cutout-gashapon-003.jpg,,"{""asset_id"": ""live:prop:gashapon-flower"", ""key"": ""gashapon-flower"", ""concept"": ""gashapon flower"", ""source_bank"": ""09_props"", ""source_role"": ""production_asset"", ""source_path"": ""public/assets/09_props/img/gashapon-flower.png"", ""expected_asset_type"": ""prop_cutout"", ""expected_background_mode"": ""alpha_cutout"", ""expected_concept_word"": ""gashapon flower"", ""reviewed_from"": ""audit/visual-assets/sheets/pending_visual/09-props-prop-cutout-gashapon-003.jpg"", ""decision_source"": ""audit/visual-assets/decisions-props-remaining.jsonl"", ""sha256"": ""8fb1e73f1033bb1180808b64f597580eb6917a03b2875a7719b5ef1ead09f630"", ""bytes"": 6582, ""notes"": ""Low resolution sprite with pixelated rendering or insufficient dimension (gashapon-flower)."", ""reason_codes"": [""low_resolution""]}"
live:prop:gashapon-football,gashapon-football,gashapon football,props,live,09_props,production_asset,public/assets/09_props/img/gashapon-football.png,REVIEW,"[""low_resolution""]","[""low_resolution""]",Low resolution sprite with pixelated rendering or insufficient dimension (gashapon-football).,,audit/visual-assets/sheets/pending_visual/09-props-prop-cutout-gashapon-003.jpg,,"{""asset_id"": ""live:prop:gashapon-football"", ""key"": ""gashapon-football"", ""concept"": ""gashapon football"", ""source_bank"": ""09_props"", ""source_role"": ""production_asset"", ""source_path"": ""public/assets/09_props/img/gashapon-football.png"", ""expected_asset_type"": ""prop_cutout"", ""expected_background_mode"": ""alpha_cutout"", ""expected_concept_word"": ""gashapon football"", ""reviewed_from"": ""audit/visual-assets/sheets/pending_visual/09-props-prop-cutout-gashapon-003.jpg"", ""decision_source"": ""audit/visual-assets/decisions-props-remaining.jsonl"", ""sha256"": ""81bf7f6832c2b44a8eb12e863d0118dc9c2711d4b07b80c6a1339239002856ee"", ""bytes"": 11827, ""notes"": ""Low resolution sprite with pixelated rendering or insufficient dimension (gashapon-football)."", ""reason_codes"": [""low_resolution""]}"
live:prop:gashapon-fries,gashapon-fries,gashapon fries,props,live,09_props,production_asset,public/assets/09_props/img/gashapon-fries.png,REVIEW,"[""low_resolution""]","[""low_resolution""]",Low resolution sprite with pixelated rendering or insufficient dimension (gashapon-fries).,,audit/visual-assets/sheets/pending_visual/09-props-prop-cutout-gashapon-003.jpg,,"{""asset_id"": ""live:prop:gashapon-fries"", ""key"": ""gashapon-fries"", ""concept"": ""gashapon fries"", ""source_bank"": ""09_props"", ""source_role"": ""production_asset"", ""source_path"": ""public/assets/09_props/img/gashapon-fries.png"", ""expected_asset_type"": ""prop_cutout"", ""expected_background_mode"": ""alpha_cutout"", ""expected_concept_word"": ""gashapon fries"", ""reviewed_from"": ""audit/visual-assets/sheets/pending_visual/09-props-prop-cutout-gashapon-003.jpg"", ""decision_source"": ""audit/visual-assets/decisions-props-remaining.jsonl"", ""sha256"": ""87236572e96faabee6b3deeb2ea3107b2c3b4dda2cfda4affd3f4ce3e94562f4"", ""bytes"": 10745, ""notes"": ""Low resolution sprite with pixelated rendering or insufficient dimension (gashapon-fries)."", ""reason_codes"": [""low_resolution""]}"
live:prop:gashapon-gift,gashapon-gift,gashapon gift,props,live,09_props,production_asset,public/assets/09_props/img/gashapon-gift.png,REVIEW,"[""low_resolution""]","[""low_resolution""]",Low resolution sprite with pixelated rendering or insufficient dimension (gashapon-gift).,,audit/visual-assets/sheets/pending_visual/09-props-prop-cutout-gashapon-003.jpg,,"{""asset_id"": ""live:prop:gashapon-gift"", ""key"": ""gashapon-gift"", ""concept"": ""gashapon gift"", ""source_bank"": ""09_props"", ""source_role"": ""production_asset"", ""source_path"": ""public/assets/09_props/img/gashapon-gift.png"", ""expected_asset_type"": ""prop_cutout"", ""expected_background_mode"": ""alpha_cutout"", ""expected_concept_word"": ""gashapon gift"", ""reviewed_from"": ""audit/visual-assets/sheets/pending_visual/09-props-prop-cutout-gashapon-003.jpg"", ""decision_source"": ""audit/visual-assets/decisions-props-remaining.jsonl"", ""sha256"": ""ebb60f1be908b8a1c0d94800b4a2f2f99e14f20ae08b368e850e31ea6669f40b"", ""bytes"": 10848, ""notes"": ""Low resolution sprite with pixelated rendering or insufficient dimension (gashapon-gift)."", ""reason_codes"": [""low_resolution""]}"
live:prop:gashapon-glitter-jar,gashapon-glitter-jar,gashapon glitter jar,props,live,09_props,production_asset,public/assets/09_props/img/gashapon-glitter-jar.png,REVIEW,"[""exact_duplicate""]","[""exact_duplicate""]",Duplicate asset matching existing cutout prop across packs (gashapon-glitter-jar).,,audit/visual-assets/sheets/pending_visual/09-props-prop-cutout-gashapon-003.jpg,,"{""asset_id"": ""live:prop:gashapon-glitter-jar"", ""key"": ""gashapon-glitter-jar"", ""concept"": ""gashapon glitter jar"", ""source_bank"": ""09_props"", ""source_role"": ""production_asset"", ""source_path"": ""public/assets/09_props/img/gashapon-glitter-jar.png"", ""expected_asset_type"": ""prop_cutout"", ""expected_background_mode"": ""alpha_cutout"", ""expected_concept_word"": ""gashapon glitter jar"", ""reviewed_from"": ""audit/visual-assets/sheets/pending_visual/09-props-prop-cutout-gashapon-003.jpg"", ""decision_source"": ""audit/visual-assets/decisions-props-remaining.jsonl"", ""sha256"": ""3817352da9169e58328d3519871555ca526cccee51739a989e20e88e8c9ed41a"", ""bytes"": 110927, ""notes"": ""Duplicate asset matching existing cutout prop across packs (gashapon-glitter-jar)."", ""reason_codes"": [""exact_duplicate""]}"
live:prop:gashapon-glitter-jar-v2,gashapon-glitter-jar-v2,gashapon glitter jar v2,props,live,09_props,production_asset,public/assets/09_props/img/gashapon-glitter-jar-v2.png,REVIEW,"[""exact_duplicate""]","[""exact_duplicate""]",Duplicate asset matching existing cutout prop across packs (gashapon-glitter-jar-v2).,,audit/visual-assets/sheets/pending_visual/09-props-prop-cutout-gashapon-003.jpg,,"{""asset_id"": ""live:prop:gashapon-glitter-jar-v2"", ""key"": ""gashapon-glitter-jar-v2"", ""concept"": ""gashapon glitter jar v2"", ""source_bank"": ""09_props"", ""source_role"": ""production_asset"", ""source_path"": ""public/assets/09_props/img/gashapon-glitter-jar-v2.png"", ""expected_asset_type"": ""prop_cutout"", ""expected_background_mode"": ""alpha_cutout"", ""expected_concept_word"": ""gashapon glitter jar v2"", ""reviewed_from"": ""audit/visual-assets/sheets/pending_visual/09-props-prop-cutout-gashapon-003.jpg"", ""decision_source"": ""audit/visual-assets/decisions-props-remaining.jsonl"", ""sha256"": ""3817352da9169e58328d3519871555ca526cccee51739a989e20e88e8c9ed41a"", ""bytes"": 110927, ""notes"": ""Duplicate asset matching existing cutout prop across packs (gashapon-glitter-jar-v2)."", ""reason_codes"": [""exact_duplicate""]}"
live:prop:gashapon-grapes,gashapon-grapes,gashapon grapes,props,live,09_props,production_asset,public/assets/09_props/img/gashapon-grapes.png,REVIEW,"[""low_resolution""]","[""low_resolution""]",Low resolution sprite with pixelated rendering or insufficient dimension (gashapon-grapes).,,audit/visual-assets/sheets/pending_visual/09-props-prop-cutout-gashapon-003.jpg,,"{""asset_id"": ""live:prop:gashapon-grapes"", ""key"": ""gashapon-grapes"", ""concept"": ""gashapon grapes"", ""source_bank"": ""09_props"", ""source_role"": ""production_asset"", ""source_path"": ""public/assets/09_props/img/gashapon-grapes.png"", ""expected_asset_type"": ""prop_cutout"", ""expected_background_mode"": ""alpha_cutout"", ""expected_concept_word"": ""gashapon grapes"", ""reviewed_from"": ""audit/visual-assets/sheets/pending_visual/09-props-prop-cutout-gashapon-003.jpg"", ""decision_source"": ""audit/visual-assets/decisions-props-remaining.jsonl"", ""sha256"": ""20f2900b42d107ca6386aded36340a095c7ae5535cba88af823352794bd39d66"", ""bytes"": 10403, ""notes"": ""Low resolution sprite with pixelated rendering or insufficient dimension (gashapon-grapes)."", ""reason_codes"": [""low_resolution""]}"
live:prop:gashapon-handbag-pink,gashapon-handbag-pink,gashapon handbag pink,props,live,09_props,production_asset,public/assets/09_props/img/gashapon-handbag-pink.png,REVIEW,"[""low_resolution""]","[""low_resolution""]",Low resolution sprite with pixelated rendering or insufficient dimension (gashapon-handbag-pink).,,audit/visual-assets/sheets/pending_visual/09-props-prop-cutout-gashapon-003.jpg,,"{""asset_id"": ""live:prop:gashapon-handbag-pink"", ""key"": ""gashapon-handbag-pink"", ""concept"": ""gashapon handbag pink"", ""source_bank"": ""09_props"", ""source_role"": ""production_asset"", ""source_path"": ""public/assets/09_props/img/gashapon-handbag-pink.png"", ""expected_asset_type"": ""prop_cutout"", ""expected_background_mode"": ""alpha_cutout"", ""expected_concept_word"": ""gashapon handbag pink"", ""reviewed_from"": ""audit/visual-assets/sheets/pending_visual/09-props-prop-cutout-gashapon-003.jpg"", ""decision_source"": ""audit/visual-assets/decisions-props-remaining.jsonl"", ""sha256"": ""0323c06bb1a10dfccc3a7f506073cedca090a7d9a4480e51386051bad9911631"", ""bytes"": 10541, ""notes"": ""Low resolution sprite with pixelated rendering or insufficient dimension (gashapon-handbag-pink)."", ""reason_codes"": [""low_resolution""]}"
live:prop:gashapon-hat-cowboy,gashapon-hat-cowboy,gashapon hat cowboy,props,live,09_props,production_asset,public/assets/09_props/img/gashapon-hat-cowboy.png,REVIEW,"[""low_resolution""]","[""low_resolution""]",Low resolution sprite with pixelated rendering or insufficient dimension (gashapon-hat-cowboy).,,audit/visual-assets/sheets/pending_visual/09-props-prop-cutout-gashapon-003.jpg,,"{""asset_id"": ""live:prop:gashapon-hat-cowboy"", ""key"": ""gashapon-hat-cowboy"", ""concept"": ""gashapon hat cowboy"", ""source_bank"": ""09_props"", ""source_role"": ""production_asset"", ""source_path"": ""public/assets/09_props/img/gashapon-hat-cowboy.png"", ""expected_asset_type"": ""prop_cutout"", ""expected_background_mode"": ""alpha_cutout"", ""expected_concept_word"": ""gashapon hat cowboy"", ""reviewed_from"": ""audit/visual-assets/sheets/pending_visual/09-props-prop-cutout-gashapon-003.jpg"", ""decision_source"": ""audit/visual-assets/decisions-props-remaining.jsonl"", ""sha256"": ""a8f30760ed591502492fd10001ccf3136439c8096a019cea24deba84def7d2fd"", ""bytes"": 9779, ""notes"": ""Low resolution sprite with pixelated rendering or insufficient dimension (gashapon-hat-cowboy)."", ""reason_codes"": [""low_resolution""]}"
live:prop:gashapon-hat-pirate,gashapon-hat-pirate,gashapon hat pirate,props,live,09_props,production_asset,public/assets/09_props/img/gashapon-hat-pirate.png,REVIEW,"[""low_resolution""]","[""low_resolution""]",Low resolution sprite with pixelated rendering or insufficient dimension (gashapon-hat-pirate).,,audit/visual-assets/sheets/pending_visual/09-props-prop-cutout-gashapon-003.jpg,,"{""asset_id"": ""live:prop:gashapon-hat-pirate"", ""key"": ""gashapon-hat-pirate"", ""concept"": ""gashapon hat pirate"", ""source_bank"": ""09_props"", ""source_role"": ""production_asset"", ""source_path"": ""public/assets/09_props/img/gashapon-hat-pirate.png"", ""expected_asset_type"": ""prop_cutout"", ""expected_background_mode"": ""alpha_cutout"", ""expected_concept_word"": ""gashapon hat pirate"", ""reviewed_from"": ""audit/visual-assets/sheets/pending_visual/09-props-prop-cutout-gashapon-003.jpg"", ""decision_source"": ""audit/visual-assets/decisions-props-remaining.jsonl"", ""sha256"": ""22b592a7354d3a0127e2fc1b4e2a3970c16f8ec23ae4c234936856469365e38a"", ""bytes"": 10833, ""notes"": ""Low resolution sprite with pixelated rendering or insufficient dimension (gashapon-hat-pirate)."", ""reason_codes"": [""low_resolution""]}"
live:prop:gashapon-hat-police,gashapon-hat-police,gashapon hat police,props,live,09_props,production_asset,public/assets/09_props/img/gashapon-hat-police.png,REVIEW,"[""low_resolution""]","[""low_resolution""]",Low resolution sprite with pixelated rendering or insufficient dimension (gashapon-hat-police).,,audit/visual-assets/sheets/pending_visual/09-props-prop-cutout-gashapon-003.jpg,,"{""asset_id"": ""live:prop:gashapon-hat-police"", ""key"": ""gashapon-hat-police"", ""concept"": ""gashapon hat police"", ""source_bank"": ""09_props"", ""source_role"": ""production_asset"", ""source_path"": ""public/assets/09_props/img/gashapon-hat-police.png"", ""expected_asset_type"": ""prop_cutout"", ""expected_background_mode"": ""alpha_cutout"", ""expected_concept_word"": ""gashapon hat police"", ""reviewed_from"": ""audit/visual-assets/sheets/pending_visual/09-props-prop-cutout-gashapon-003.jpg"", ""decision_source"": ""audit/visual-assets/decisions-props-remaining.jsonl"", ""sha256"": ""e6c8b09cc6c0276fb95045bd9d7ace3986a4ccd2f05263e2eb24560d882ea544"", ""bytes"": 9490, ""notes"": ""Low resolution sprite with pixelated rendering or insufficient dimension (gashapon-hat-police)."", ""reason_codes"": [""low_resolution""]}"
live:prop:gashapon-hat-propeller,gashapon-hat-propeller,gashapon hat propeller,props,live,09_props,production_asset,public/assets/09_props/img/gashapon-hat-propeller.png,REVIEW,"[""low_resolution""]","[""low_resolution""]",Low resolution sprite with pixelated rendering or insufficient dimension (gashapon-hat-propeller).,,audit/visual-assets/sheets/pending_visual/09-props-prop-cutout-gashapon-003.jpg,,"{""asset_id"": ""live:prop:gashapon-hat-propeller"", ""key"": ""gashapon-hat-propeller"", ""concept"": ""gashapon hat propeller"", ""source_bank"": ""09_props"", ""source_role"": ""production_asset"", ""source_path"": ""public/assets/09_props/img/gashapon-hat-propeller.png"", ""expected_asset_type"": ""prop_cutout"", ""expected_background_mode"": ""alpha_cutout"", ""expected_concept_word"": ""gashapon hat propeller"", ""reviewed_from"": ""audit/visual-assets/sheets/pending_visual/09-props-prop-cutout-gashapon-003.jpg"", ""decision_source"": ""audit/visual-assets/decisions-props-remaining.jsonl"", ""sha256"": ""6f25d4a23fe55c057a1366f6ee0848a5e15eecd898266184ceebb85d89985739"", ""bytes"": 10070, ""notes"": ""Low resolution sprite with pixelated rendering or insufficient dimension (gashapon-hat-propeller)."", ""reason_codes"": [""low_resolution""]}"
live:prop:gashapon-hat-top,gashapon-hat-top,gashapon hat top,props,live,09_props,production_asset,public/assets/09_props/img/gashapon-hat-top.png,REVIEW,"[""low_resolution""]","[""low_resolution""]",Low resolution sprite with pixelated rendering or insufficient dimension (gashapon-hat-top).,,audit/visual-assets/sheets/pending_visual/09-props-prop-cutout-gashapon-003.jpg,,"{""asset_id"": ""live:prop:gashapon-hat-top"", ""key"": ""gashapon-hat-top"", ""concept"": ""gashapon hat top"", ""source_bank"": ""09_props"", ""source_role"": ""production_asset"", ""source_path"": ""public/assets/09_props/img/gashapon-hat-top.png"", ""expected_asset_type"": ""prop_cutout"", ""expected_background_mode"": ""alpha_cutout"", ""expected_concept_word"": ""gashapon hat top"", ""reviewed_from"": ""audit/visual-assets/sheets/pending_visual/09-props-prop-cutout-gashapon-003.jpg"", ""decision_source"": ""audit/visual-assets/decisions-props-remaining.jsonl"", ""sha256"": ""bceb4148b336f7831a4f4f662719f272ad11fab2f213c4f3a87344e42a2c6af1"", ""bytes"": 9687, ""notes"": ""Low resolution sprite with pixelated rendering or insufficient dimension (gashapon-hat-top)."", ""reason_codes"": [""low_resolution""]}"
live:prop:gashapon-heart,gashapon-heart,gashapon heart,props,live,09_props,production_asset,public/assets/09_props/img/gashapon-heart.png,REVIEW,"[""low_resolution""]","[""low_resolution""]",Low resolution sprite with pixelated rendering or insufficient dimension (gashapon-heart).,,audit/visual-assets/sheets/pending_visual/09-props-prop-cutout-gashapon-003.jpg,,"{""asset_id"": ""live:prop:gashapon-heart"", ""key"": ""gashapon-heart"", ""concept"": ""gashapon heart"", ""source_bank"": ""09_props"", ""source_role"": ""production_asset"", ""source_path"": ""public/assets/09_props/img/gashapon-heart.png"", ""expected_asset_type"": ""prop_cutout"", ""expected_background_mode"": ""alpha_cutout"", ""expected_concept_word"": ""gashapon heart"", ""reviewed_from"": ""audit/visual-assets/sheets/pending_visual/09-props-prop-cutout-gashapon-003.jpg"", ""decision_source"": ""audit/visual-assets/decisions-props-remaining.jsonl"", ""sha256"": ""fa34fa732adccc77c5bf5791db492b9204f9362f2a0096aeba99e240ecd64af3"", ""bytes"": 6725, ""notes"": ""Low resolution sprite with pixelated rendering or insufficient dimension (gashapon-heart)."", ""reason_codes"": [""low_resolution""]}"
live:prop:gashapon-icecream,gashapon-icecream,gashapon icecream,props,live,09_props,production_asset,public/assets/09_props/img/gashapon-icecream.png,REVIEW,"[""low_resolution""]","[""low_resolution""]",Low resolution sprite with pixelated rendering or insufficient dimension (gashapon-icecream).,,audit/visual-assets/sheets/pending_visual/09-props-prop-cutout-gashapon-003.jpg,,"{""asset_id"": ""live:prop:gashapon-icecream"", ""key"": ""gashapon-icecream"", ""concept"": ""gashapon icecream"", ""source_bank"": ""09_props"", ""source_role"": ""production_asset"", ""source_path"": ""public/assets/09_props/img/gashapon-icecream.png"", ""expected_asset_type"": ""prop_cutout"", ""expected_background_mode"": ""alpha_cutout"", ""expected_concept_word"": ""gashapon icecream"", ""reviewed_from"": ""audit/visual-assets/sheets/pending_visual/09-props-prop-cutout-gashapon-003.jpg"", ""decision_source"": ""audit/visual-assets/decisions-props-remaining.jsonl"", ""sha256"": ""f18f9a96ea715e5326a276ab9232827be118af96084f76be7cc5f7b5b231b5f5"", ""bytes"": 7568, ""notes"": ""Low resolution sprite with pixelated rendering or insufficient dimension (gashapon-icecream)."", ""reason_codes"": [""low_resolution""]}"
live:prop:gashapon-letter-a,gashapon-letter-a,gashapon letter a,props,live,09_props,production_asset,public/assets/09_props/img/gashapon-letter-a.png,REVIEW,"[""low_resolution""]","[""low_resolution""]",Low resolution sprite with pixelated rendering or insufficient dimension (gashapon-letter-a).,,audit/visual-assets/sheets/pending_visual/09-props-prop-cutout-gashapon-003.jpg,,"{""asset_id"": ""live:prop:gashapon-letter-a"", ""key"": ""gashapon-letter-a"", ""concept"": ""gashapon letter a"", ""source_bank"": ""09_props"", ""source_role"": ""production_asset"", ""source_path"": ""public/assets/09_props/img/gashapon-letter-a.png"", ""expected_asset_type"": ""prop_cutout"", ""expected_background_mode"": ""alpha_cutout"", ""expected_concept_word"": ""gashapon letter a"", ""reviewed_from"": ""audit/visual-assets/sheets/pending_visual/09-props-prop-cutout-gashapon-003.jpg"", ""decision_source"": ""audit/visual-assets/decisions-props-remaining.jsonl"", ""sha256"": ""c1094be06ab60eed49c373d92fa4ab6f38e9bfd4c09daa053c8f11127b468cef"", ""bytes"": 5991, ""notes"": ""Low resolution sprite with pixelated rendering or insufficient dimension (gashapon-letter-a)."", ""reason_codes"": [""low_resolution""]}"
live:prop:gashapon-letter-b,gashapon-letter-b,gashapon letter b,props,live,09_props,production_asset,public/assets/09_props/img/gashapon-letter-b.png,REVIEW,"[""low_resolution""]","[""low_resolution""]",Low resolution sprite with pixelated rendering or insufficient dimension (gashapon-letter-b).,,audit/visual-assets/sheets/pending_visual/09-props-prop-cutout-gashapon-004.jpg,,"{""asset_id"": ""live:prop:gashapon-letter-b"", ""key"": ""gashapon-letter-b"", ""concept"": ""gashapon letter b"", ""source_bank"": ""09_props"", ""source_role"": ""production_asset"", ""source_path"": ""public/assets/09_props/img/gashapon-letter-b.png"", ""expected_asset_type"": ""prop_cutout"", ""expected_background_mode"": ""alpha_cutout"", ""expected_concept_word"": ""gashapon letter b"", ""reviewed_from"": ""audit/visual-assets/sheets/pending_visual/09-props-prop-cutout-gashapon-004.jpg"", ""decision_source"": ""audit/visual-assets/decisions-props-remaining.jsonl"", ""sha256"": ""a17432318270f4d705a19de1d03fa73947e2dc9566c2923ce5b6f6ed2d1c0e35"", ""bytes"": 6045, ""notes"": ""Low resolution sprite with pixelated rendering or insufficient dimension (gashapon-letter-b)."", ""reason_codes"": [""low_resolution""]}"
live:prop:gashapon-letter-c,gashapon-letter-c,gashapon letter c,props,live,09_props,production_asset,public/assets/09_props/img/gashapon-letter-c.png,REVIEW,"[""low_resolution""]","[""low_resolution""]",Low resolution sprite with pixelated rendering or insufficient dimension (gashapon-letter-c).,,audit/visual-assets/sheets/pending_visual/09-props-prop-cutout-gashapon-004.jpg,,"{""asset_id"": ""live:prop:gashapon-letter-c"", ""key"": ""gashapon-letter-c"", ""concept"": ""gashapon letter c"", ""source_bank"": ""09_props"", ""source_role"": ""production_asset"", ""source_path"": ""public/assets/09_props/img/gashapon-letter-c.png"", ""expected_asset_type"": ""prop_cutout"", ""expected_background_mode"": ""alpha_cutout"", ""expected_concept_word"": ""gashapon letter c"", ""reviewed_from"": ""audit/visual-assets/sheets/pending_visual/09-props-prop-cutout-gashapon-004.jpg"", ""decision_source"": ""audit/visual-assets/decisions-props-remaining.jsonl"", ""sha256"": ""dd99464d4e6eb979f8d93edbf8c129ad81dc11bfd20d6fb7e5efa9419778d511"", ""bytes"": 5956, ""notes"": ""Low resolution sprite with pixelated rendering or insufficient dimension (gashapon-letter-c)."", ""reason_codes"": [""low_resolution""]}"
live:prop:gashapon-machine-v2,gashapon-machine-v2,gashapon machine v2,props,live,09_props,production_asset,public/assets/09_props/img/gashapon-machine-v2.png,REVIEW,"[""exact_duplicate""]","[""exact_duplicate""]",Duplicate asset matching existing cutout prop across packs (gashapon-machine-v2).,,audit/visual-assets/sheets/pending_visual/09-props-prop-cutout-gashapon-004.jpg,,"{""asset_id"": ""live:prop:gashapon-machine-v2"", ""key"": ""gashapon-machine-v2"", ""concept"": ""gashapon machine v2"", ""source_bank"": ""09_props"", ""source_role"": ""production_asset"", ""source_path"": ""public/assets/09_props/img/gashapon-machine-v2.png"", ""expected_asset_type"": ""prop_cutout"", ""expected_background_mode"": ""alpha_cutout"", ""expected_concept_word"": ""gashapon machine v2"", ""reviewed_from"": ""audit/visual-assets/sheets/pending_visual/09-props-prop-cutout-gashapon-004.jpg"", ""decision_source"": ""audit/visual-assets/decisions-props-remaining.jsonl"", ""sha256"": ""919d2f49a5e1b1109c4a41f9a16b74a4b6a87cc8915189724e124c1bd8ebb083"", ""bytes"": 104725, ""notes"": ""Duplicate asset matching existing cutout prop across packs (gashapon-machine-v2)."", ""reason_codes"": [""exact_duplicate""]}"
live:prop:gashapon-marble,gashapon-marble,gashapon marble,props,live,09_props,production_asset,public/assets/09_props/img/gashapon-marble.png,REVIEW,"[""exact_duplicate""]","[""exact_duplicate""]",Duplicate asset matching existing cutout prop across packs (gashapon-marble).,,audit/visual-assets/sheets/pending_visual/09-props-prop-cutout-gashapon-004.jpg,,"{""asset_id"": ""live:prop:gashapon-marble"", ""key"": ""gashapon-marble"", ""concept"": ""gashapon marble"", ""source_bank"": ""09_props"", ""source_role"": ""production_asset"", ""source_path"": ""public/assets/09_props/img/gashapon-marble.png"", ""expected_asset_type"": ""prop_cutout"", ""expected_background_mode"": ""alpha_cutout"", ""expected_concept_word"": ""gashapon marble"", ""reviewed_from"": ""audit/visual-assets/sheets/pending_visual/09-props-prop-cutout-gashapon-004.jpg"", ""decision_source"": ""audit/visual-assets/decisions-props-remaining.jsonl"", ""sha256"": ""bc3eb931d55b872d6e2f9d45a41acbda70593060ab92d0fb23025b1768c79fcd"", ""bytes"": 80279, ""notes"": ""Duplicate asset matching existing cutout prop across packs (gashapon-marble)."", ""reason_codes"": [""exact_duplicate""]}"
live:prop:gashapon-marble-v2,gashapon-marble-v2,gashapon marble v2,props,live,09_props,production_asset,public/assets/09_props/img/gashapon-marble-v2.png,REVIEW,"[""exact_duplicate""]","[""exact_duplicate""]",Duplicate asset matching existing cutout prop across packs (gashapon-marble-v2).,,audit/visual-assets/sheets/pending_visual/09-props-prop-cutout-gashapon-004.jpg,,"{""asset_id"": ""live:prop:gashapon-marble-v2"", ""key"": ""gashapon-marble-v2"", ""concept"": ""gashapon marble v2"", ""source_bank"": ""09_props"", ""source_role"": ""production_asset"", ""source_path"": ""public/assets/09_props/img/gashapon-marble-v2.png"", ""expected_asset_type"": ""prop_cutout"", ""expected_background_mode"": ""alpha_cutout"", ""expected_concept_word"": ""gashapon marble v2"", ""reviewed_from"": ""audit/visual-assets/sheets/pending_visual/09-props-prop-cutout-gashapon-004.jpg"", ""decision_source"": ""audit/visual-assets/decisions-props-remaining.jsonl"", ""sha256"": ""bc3eb931d55b872d6e2f9d45a41acbda70593060ab92d0fb23025b1768c79fcd"", ""bytes"": 80279, ""notes"": ""Duplicate asset matching existing cutout prop across packs (gashapon-marble-v2)."", ""reason_codes"": [""exact_duplicate""]}"
live:prop:gashapon-mini-figure,gashapon-mini-figure,gashapon mini figure,props,live,09_props,production_asset,public/assets/09_props/img/gashapon-mini-figure.png,REVIEW,"[""exact_duplicate""]","[""exact_duplicate""]",Duplicate asset matching existing cutout prop across packs (gashapon-mini-figure).,,audit/visual-assets/sheets/pending_visual/09-props-prop-cutout-gashapon-004.jpg,,"{""asset_id"": ""live:prop:gashapon-mini-figure"", ""key"": ""gashapon-mini-figure"", ""concept"": ""gashapon mini figure"", ""source_bank"": ""09_props"", ""source_role"": ""production_asset"", ""source_path"": ""public/assets/09_props/img/gashapon-mini-figure.png"", ""expected_asset_type"": ""prop_cutout"", ""expected_background_mode"": ""alpha_cutout"", ""expected_concept_word"": ""gashapon mini figure"", ""reviewed_from"": ""audit/visual-assets/sheets/pending_visual/09-props-prop-cutout-gashapon-004.jpg"", ""decision_source"": ""audit/visual-assets/decisions-props-remaining.jsonl"", ""sha256"": ""ac386718c816af4fbb1e650ae94399c3b3f0cb0f54d83a97e441417cad44f04a"", ""bytes"": 45834, ""notes"": ""Duplicate asset matching existing cutout prop across packs (gashapon-mini-figure)."", ""reason_codes"": [""exact_duplicate""]}"
live:prop:gashapon-mini-figure-blank,gashapon-mini-figure-blank,gashapon mini figure blank,props,live,09_props,production_asset,public/assets/09_props/img/gashapon-mini-figure-blank.png,REVIEW,"[""exact_duplicate""]","[""exact_duplicate""]",Duplicate asset matching existing cutout prop across packs (gashapon-mini-figure-blank).,,audit/visual-assets/sheets/pending_visual/09-props-prop-cutout-gashapon-004.jpg,,"{""asset_id"": ""live:prop:gashapon-mini-figure-blank"", ""key"": ""gashapon-mini-figure-blank"", ""concept"": ""gashapon mini figure blank"", ""source_bank"": ""09_props"", ""source_role"": ""production_asset"", ""source_path"": ""public/assets/09_props/img/gashapon-mini-figure-blank.png"", ""expected_asset_type"": ""prop_cutout"", ""expected_background_mode"": ""alpha_cutout"", ""expected_concept_word"": ""gashapon mini figure blank"", ""reviewed_from"": ""audit/visual-assets/sheets/pending_visual/09-props-prop-cutout-gashapon-004.jpg"", ""decision_source"": ""audit/visual-assets/decisions-props-remaining.jsonl"", ""sha256"": ""ac386718c816af4fbb1e650ae94399c3b3f0cb0f54d83a97e441417cad44f04a"", ""bytes"": 45834, ""notes"": ""Duplicate asset matching existing cutout prop across packs (gashapon-mini-figure-blank)."", ""reason_codes"": [""exact_duplicate""]}"
live:prop:gashapon-moneybag,gashapon-moneybag,gashapon moneybag,props,live,09_props,production_asset,public/assets/09_props/img/gashapon-moneybag.png,REVIEW,"[""low_resolution""]","[""low_resolution""]",Low resolution sprite with pixelated rendering or insufficient dimension (gashapon-moneybag).,,audit/visual-assets/sheets/pending_visual/09-props-prop-cutout-gashapon-004.jpg,,"{""asset_id"": ""live:prop:gashapon-moneybag"", ""key"": ""gashapon-moneybag"", ""concept"": ""gashapon moneybag"", ""source_bank"": ""09_props"", ""source_role"": ""production_asset"", ""source_path"": ""public/assets/09_props/img/gashapon-moneybag.png"", ""expected_asset_type"": ""prop_cutout"", ""expected_background_mode"": ""alpha_cutout"", ""expected_concept_word"": ""gashapon moneybag"", ""reviewed_from"": ""audit/visual-assets/sheets/pending_visual/09-props-prop-cutout-gashapon-004.jpg"", ""decision_source"": ""audit/visual-assets/decisions-props-remaining.jsonl"", ""sha256"": ""6cdca813ddfb6d7218a8c1e8a92f316cbd686b5dd4bbaa33a7d8da3eaf3e7724"", ""bytes"": 8952, ""notes"": ""Low resolution sprite with pixelated rendering or insufficient dimension (gashapon-moneybag)."", ""reason_codes"": [""low_resolution""]}"
live:prop:gashapon-number-1,gashapon-number-1,gashapon number 1,props,live,09_props,production_asset,public/assets/09_props/img/gashapon-number-1.png,REVIEW,"[""low_resolution""]","[""low_resolution""]",Low resolution sprite with pixelated rendering or insufficient dimension (gashapon-number-1).,,audit/visual-assets/sheets/pending_visual/09-props-prop-cutout-gashapon-004.jpg,,"{""asset_id"": ""live:prop:gashapon-number-1"", ""key"": ""gashapon-number-1"", ""concept"": ""gashapon number 1"", ""source_bank"": ""09_props"", ""source_role"": ""production_asset"", ""source_path"": ""public/assets/09_props/img/gashapon-number-1.png"", ""expected_asset_type"": ""prop_cutout"", ""expected_background_mode"": ""alpha_cutout"", ""expected_concept_word"": ""gashapon number 1"", ""reviewed_from"": ""audit/visual-assets/sheets/pending_visual/09-props-prop-cutout-gashapon-004.jpg"", ""decision_source"": ""audit/visual-assets/decisions-props-remaining.jsonl"", ""sha256"": ""36e359c73d25fba560d2ac11389bad535d9dc1c89006d72f78616b162196f6b4"", ""bytes"": 3080, ""notes"": ""Low resolution sprite with pixelated rendering or insufficient dimension (gashapon-number-1)."", ""reason_codes"": [""low_resolution""]}"
live:prop:gashapon-number-2,gashapon-number-2,gashapon number 2,props,live,09_props,production_asset,public/assets/09_props/img/gashapon-number-2.png,REVIEW,"[""low_resolution""]","[""low_resolution""]",Low resolution sprite with pixelated rendering or insufficient dimension (gashapon-number-2).,,audit/visual-assets/sheets/pending_visual/09-props-prop-cutout-gashapon-004.jpg,,"{""asset_id"": ""live:prop:gashapon-number-2"", ""key"": ""gashapon-number-2"", ""concept"": ""gashapon number 2"", ""source_bank"": ""09_props"", ""source_role"": ""production_asset"", ""source_path"": ""public/assets/09_props/img/gashapon-number-2.png"", ""expected_asset_type"": ""prop_cutout"", ""expected_background_mode"": ""alpha_cutout"", ""expected_concept_word"": ""gashapon number 2"", ""reviewed_from"": ""audit/visual-assets/sheets/pending_visual/09-props-prop-cutout-gashapon-004.jpg"", ""decision_source"": ""audit/visual-assets/decisions-props-remaining.jsonl"", ""sha256"": ""bf5f9b13b25293d58cfe2a8c6e6bea945978659e00e294da32322a7f1448fc5b"", ""bytes"": 5648, ""notes"": ""Low resolution sprite with pixelated rendering or insufficient dimension (gashapon-number-2)."", ""reason_codes"": [""low_resolution""]}"
live:prop:gashapon-number-3,gashapon-number-3,gashapon number 3,props,live,09_props,production_asset,public/assets/09_props/img/gashapon-number-3.png,REVIEW,"[""low_resolution""]","[""low_resolution""]",Low resolution sprite with pixelated rendering or insufficient dimension (gashapon-number-3).,,audit/visual-assets/sheets/pending_visual/09-props-prop-cutout-gashapon-004.jpg,,"{""asset_id"": ""live:prop:gashapon-number-3"", ""key"": ""gashapon-number-3"", ""concept"": ""gashapon number 3"", ""source_bank"": ""09_props"", ""source_role"": ""production_asset"", ""source_path"": ""public/assets/09_props/img/gashapon-number-3.png"", ""expected_asset_type"": ""prop_cutout"", ""expected_background_mode"": ""alpha_cutout"", ""expected_concept_word"": ""gashapon number 3"", ""reviewed_from"": ""audit/visual-assets/sheets/pending_visual/09-props-prop-cutout-gashapon-004.jpg"", ""decision_source"": ""audit/visual-assets/decisions-props-remaining.jsonl"", ""sha256"": ""06552a1535b05c9823659645c57ab28593d91d6992afd1d8ec699b55e5895d18"", ""bytes"": 5779, ""notes"": ""Low resolution sprite with pixelated rendering or insufficient dimension (gashapon-number-3)."", ""reason_codes"": [""low_resolution""]}"
live:prop:gashapon-pirate-ship,gashapon-pirate-ship,gashapon pirate ship,props,live,09_props,production_asset,public/assets/09_props/img/gashapon-pirate-ship.png,REVIEW,"[""low_resolution""]","[""low_resolution""]",Low resolution sprite with pixelated rendering or insufficient dimension (gashapon-pirate-ship).,,audit/visual-assets/sheets/pending_visual/09-props-prop-cutout-gashapon-004.jpg,,"{""asset_id"": ""live:prop:gashapon-pirate-ship"", ""key"": ""gashapon-pirate-ship"", ""concept"": ""gashapon pirate ship"", ""source_bank"": ""09_props"", ""source_role"": ""production_asset"", ""source_path"": ""public/assets/09_props/img/gashapon-pirate-ship.png"", ""expected_asset_type"": ""prop_cutout"", ""expected_background_mode"": ""alpha_cutout"", ""expected_concept_word"": ""gashapon pirate ship"", ""reviewed_from"": ""audit/visual-assets/sheets/pending_visual/09-props-prop-cutout-gashapon-004.jpg"", ""decision_source"": ""audit/visual-assets/decisions-props-remaining.jsonl"", ""sha256"": ""c481d934a5f240a807565ee953cd62c5b43de74159c58e6519a4862c1a0a1141"", ""bytes"": 9675, ""notes"": ""Low resolution sprite with pixelated rendering or insufficient dimension (gashapon-pirate-ship)."", ""reason_codes"": [""low_resolution""]}"
live:prop:gashapon-plane,gashapon-plane,gashapon plane,props,live,09_props,production_asset,public/assets/09_props/img/gashapon-plane.png,REVIEW,"[""low_resolution""]","[""low_resolution""]",Low resolution sprite with pixelated rendering or insufficient dimension (gashapon-plane).,,audit/visual-assets/sheets/pending_visual/09-props-prop-cutout-gashapon-004.jpg,,"{""asset_id"": ""live:prop:gashapon-plane"", ""key"": ""gashapon-plane"", ""concept"": ""gashapon plane"", ""source_bank"": ""09_props"", ""source_role"": ""production_asset"", ""source_path"": ""public/assets/09_props/img/gashapon-plane.png"", ""expected_asset_type"": ""prop_cutout"", ""expected_background_mode"": ""alpha_cutout"", ""expected_concept_word"": ""gashapon plane"", ""reviewed_from"": ""audit/visual-assets/sheets/pending_visual/09-props-prop-cutout-gashapon-004.jpg"", ""decision_source"": ""audit/visual-assets/decisions-props-remaining.jsonl"", ""sha256"": ""0711f0db708e140f15aa8ac96f653913db89740f4db9195cec184e9e7366eb6d"", ""bytes"": 12989, ""notes"": ""Low resolution sprite with pixelated rendering or insufficient dimension (gashapon-plane)."", ""reason_codes"": [""low_resolution""]}"
live:prop:gashapon-plastic-egg,gashapon-plastic-egg,gashapon plastic egg,props,live,09_props,production_asset,public/assets/09_props/img/gashapon-plastic-egg.png,REVIEW,"[""exact_duplicate""]","[""exact_duplicate""]",Duplicate asset matching existing cutout prop across packs (gashapon-plastic-egg).,,audit/visual-assets/sheets/pending_visual/09-props-prop-cutout-gashapon-004.jpg,,"{""asset_id"": ""live:prop:gashapon-plastic-egg"", ""key"": ""gashapon-plastic-egg"", ""concept"": ""gashapon plastic egg"", ""source_bank"": ""09_props"", ""source_role"": ""production_asset"", ""source_path"": ""public/assets/09_props/img/gashapon-plastic-egg.png"", ""expected_asset_type"": ""prop_cutout"", ""expected_background_mode"": ""alpha_cutout"", ""expected_concept_word"": ""gashapon plastic egg"", ""reviewed_from"": ""audit/visual-assets/sheets/pending_visual/09-props-prop-cutout-gashapon-004.jpg"", ""decision_source"": ""audit/visual-assets/decisions-props-remaining.jsonl"", ""sha256"": ""3cf12821e19b80dac4ee2f5ba85505703c7e25316f6549378241eb29994705f4"", ""bytes"": 103181, ""notes"": ""Duplicate asset matching existing cutout prop across packs (gashapon-plastic-egg)."", ""reason_codes"": [""exact_duplicate""]}"
live:prop:gashapon-plastic-egg-v2,gashapon-plastic-egg-v2,gashapon plastic egg v2,props,live,09_props,production_asset,public/assets/09_props/img/gashapon-plastic-egg-v2.png,REVIEW,"[""exact_duplicate""]","[""exact_duplicate""]",Duplicate asset matching existing cutout prop across packs (gashapon-plastic-egg-v2).,,audit/visual-assets/sheets/pending_visual/09-props-prop-cutout-gashapon-004.jpg,,"{""asset_id"": ""live:prop:gashapon-plastic-egg-v2"", ""key"": ""gashapon-plastic-egg-v2"", ""concept"": ""gashapon plastic egg v2"", ""source_bank"": ""09_props"", ""source_role"": ""production_asset"", ""source_path"": ""public/assets/09_props/img/gashapon-plastic-egg-v2.png"", ""expected_asset_type"": ""prop_cutout"", ""expected_background_mode"": ""alpha_cutout"", ""expected_concept_word"": ""gashapon plastic egg v2"", ""reviewed_from"": ""audit/visual-assets/sheets/pending_visual/09-props-prop-cutout-gashapon-004.jpg"", ""decision_source"": ""audit/visual-assets/decisions-props-remaining.jsonl"", ""sha256"": ""3cf12821e19b80dac4ee2f5ba85505703c7e25316f6549378241eb29994705f4"", ""bytes"": 103181, ""notes"": ""Duplicate asset matching existing cutout prop across packs (gashapon-plastic-egg-v2)."", ""reason_codes"": [""exact_duplicate""]}"
live:prop:gashapon-potion,gashapon-potion,gashapon potion,props,live,09_props,production_asset,public/assets/09_props/img/gashapon-potion.png,REVIEW,"[""low_resolution""]","[""low_resolution""]",Low resolution sprite with pixelated rendering or insufficient dimension (gashapon-potion).,,audit/visual-assets/sheets/pending_visual/09-props-prop-cutout-gashapon-004.jpg,,"{""asset_id"": ""live:prop:gashapon-potion"", ""key"": ""gashapon-potion"", ""concept"": ""gashapon potion"", ""source_bank"": ""09_props"", ""source_role"": ""production_asset"", ""source_path"": ""public/assets/09_props/img/gashapon-potion.png"", ""expected_asset_type"": ""prop_cutout"", ""expected_background_mode"": ""alpha_cutout"", ""expected_concept_word"": ""gashapon potion"", ""reviewed_from"": ""audit/visual-assets/sheets/pending_visual/09-props-prop-cutout-gashapon-004.jpg"", ""decision_source"": ""audit/visual-assets/decisions-props-remaining.jsonl"", ""sha256"": ""319a8aedce1e9065c9099b022cedc7071a1a66fe26e737d6d4bee673c1167697"", ""bytes"": 7972, ""notes"": ""Low resolution sprite with pixelated rendering or insufficient dimension (gashapon-potion)."", ""reason_codes"": [""low_resolution""]}"
live:prop:gashapon-prize-box,gashapon-prize-box,gashapon prize box,props,live,09_props,production_asset,public/assets/09_props/img/gashapon-prize-box.png,REVIEW,"[""exact_duplicate""]","[""exact_duplicate""]",Duplicate asset matching existing cutout prop across packs (gashapon-prize-box).,,audit/visual-assets/sheets/pending_visual/09-props-prop-cutout-gashapon-004.jpg,,"{""asset_id"": ""live:prop:gashapon-prize-box"", ""key"": ""gashapon-prize-box"", ""concept"": ""gashapon prize box"", ""source_bank"": ""09_props"", ""source_role"": ""production_asset"", ""source_path"": ""public/assets/09_props/img/gashapon-prize-box.png"", ""expected_asset_type"": ""prop_cutout"", ""expected_background_mode"": ""alpha_cutout"", ""expected_concept_word"": ""gashapon prize box"", ""reviewed_from"": ""audit/visual-assets/sheets/pending_visual/09-props-prop-cutout-gashapon-004.jpg"", ""decision_source"": ""audit/visual-assets/decisions-props-remaining.jsonl"", ""sha256"": ""289ad44cded391d071350d2bc519601e2802f990372acf428453aa727442e702"", ""bytes"": 109644, ""notes"": ""Duplicate asset matching existing cutout prop across packs (gashapon-prize-box)."", ""reason_codes"": [""exact_duplicate""]}"
live:prop:gashapon-prize-box-v2,gashapon-prize-box-v2,gashapon prize box v2,props,live,09_props,production_asset,public/assets/09_props/img/gashapon-prize-box-v2.png,REVIEW,"[""exact_duplicate""]","[""exact_duplicate""]",Duplicate asset matching existing cutout prop across packs (gashapon-prize-box-v2).,,audit/visual-assets/sheets/pending_visual/09-props-prop-cutout-gashapon-004.jpg,,"{""asset_id"": ""live:prop:gashapon-prize-box-v2"", ""key"": ""gashapon-prize-box-v2"", ""concept"": ""gashapon prize box v2"", ""source_bank"": ""09_props"", ""source_role"": ""production_asset"", ""source_path"": ""public/assets/09_props/img/gashapon-prize-box-v2.png"", ""expected_asset_type"": ""prop_cutout"", ""expected_background_mode"": ""alpha_cutout"", ""expected_concept_word"": ""gashapon prize box v2"", ""reviewed_from"": ""audit/visual-assets/sheets/pending_visual/09-props-prop-cutout-gashapon-004.jpg"", ""decision_source"": ""audit/visual-assets/decisions-props-remaining.jsonl"", ""sha256"": ""289ad44cded391d071350d2bc519601e2802f990372acf428453aa727442e702"", ""bytes"": 109644, ""notes"": ""Duplicate asset matching existing cutout prop across packs (gashapon-prize-box-v2)."", ""reason_codes"": [""exact_duplicate""]}"
live:prop:gashapon-prize-ticket,gashapon-prize-ticket,gashapon prize ticket,props,live,09_props,production_asset,public/assets/09_props/img/gashapon-prize-ticket.png,REVIEW,"[""exact_duplicate""]","[""exact_duplicate""]",Duplicate asset matching existing cutout prop across packs (gashapon-prize-ticket).,,audit/visual-assets/sheets/pending_visual/09-props-prop-cutout-gashapon-004.jpg,,"{""asset_id"": ""live:prop:gashapon-prize-ticket"", ""key"": ""gashapon-prize-ticket"", ""concept"": ""gashapon prize ticket"", ""source_bank"": ""09_props"", ""source_role"": ""production_asset"", ""source_path"": ""public/assets/09_props/img/gashapon-prize-ticket.png"", ""expected_asset_type"": ""prop_cutout"", ""expected_background_mode"": ""alpha_cutout"", ""expected_concept_word"": ""gashapon prize ticket"", ""reviewed_from"": ""audit/visual-assets/sheets/pending_visual/09-props-prop-cutout-gashapon-004.jpg"", ""decision_source"": ""audit/visual-assets/decisions-props-remaining.jsonl"", ""sha256"": ""4416dc1774deacb1785cca1e5985133a44548e16a11f3c51cda9f2a917949584"", ""bytes"": 81306, ""notes"": ""Duplicate asset matching existing cutout prop across packs (gashapon-prize-ticket)."", ""reason_codes"": [""exact_duplicate""]}"
live:prop:gashapon-prize-ticket-blank,gashapon-prize-ticket-blank,gashapon prize ticket blank,props,live,09_props,production_asset,public/assets/09_props/img/gashapon-prize-ticket-blank.png,REVIEW,"[""exact_duplicate""]","[""exact_duplicate""]",Duplicate asset matching existing cutout prop across packs (gashapon-prize-ticket-blank).,,audit/visual-assets/sheets/pending_visual/09-props-prop-cutout-gashapon-004.jpg,,"{""asset_id"": ""live:prop:gashapon-prize-ticket-blank"", ""key"": ""gashapon-prize-ticket-blank"", ""concept"": ""gashapon prize ticket blank"", ""source_bank"": ""09_props"", ""source_role"": ""production_asset"", ""source_path"": ""public/assets/09_props/img/gashapon-prize-ticket-blank.png"", ""expected_asset_type"": ""prop_cutout"", ""expected_background_mode"": ""alpha_cutout"", ""expected_concept_word"": ""gashapon prize ticket blank"", ""reviewed_from"": ""audit/visual-assets/sheets/pending_visual/09-props-prop-cutout-gashapon-004.jpg"", ""decision_source"": ""audit/visual-assets/decisions-props-remaining.jsonl"", ""sha256"": ""4416dc1774deacb1785cca1e5985133a44548e16a11f3c51cda9f2a917949584"", ""bytes"": 81306, ""notes"": ""Duplicate asset matching existing cutout prop across packs (gashapon-prize-ticket-blank)."", ""reason_codes"": [""exact_duplicate""]}"
live:prop:gashapon-puzzle-piece,gashapon-puzzle-piece,gashapon puzzle piece,props,live,09_props,production_asset,public/assets/09_props/img/gashapon-puzzle-piece.png,REVIEW,"[""exact_duplicate""]","[""exact_duplicate""]",Duplicate asset matching existing cutout prop across packs (gashapon-puzzle-piece).,,audit/visual-assets/sheets/pending_visual/09-props-prop-cutout-gashapon-004.jpg,,"{""asset_id"": ""live:prop:gashapon-puzzle-piece"", ""key"": ""gashapon-puzzle-piece"", ""concept"": ""gashapon puzzle piece"", ""source_bank"": ""09_props"", ""source_role"": ""production_asset"", ""source_path"": ""public/assets/09_props/img/gashapon-puzzle-piece.png"", ""expected_asset_type"": ""prop_cutout"", ""expected_background_mode"": ""alpha_cutout"", ""expected_concept_word"": ""gashapon puzzle piece"", ""reviewed_from"": ""audit/visual-assets/sheets/pending_visual/09-props-prop-cutout-gashapon-004.jpg"", ""decision_source"": ""audit/visual-assets/decisions-props-remaining.jsonl"", ""sha256"": ""0c994dcd07a9577fef0f7f08debef09f22fc08fdf2ae0c856b74d2a99b8798e3"", ""bytes"": 70582, ""notes"": ""Duplicate asset matching existing cutout prop across packs (gashapon-puzzle-piece)."", ""reason_codes"": [""exact_duplicate""]}"
live:prop:gashapon-puzzle-piece-v2,gashapon-puzzle-piece-v2,gashapon puzzle piece v2,props,live,09_props,production_asset,public/assets/09_props/img/gashapon-puzzle-piece-v2.png,REVIEW,"[""exact_duplicate""]","[""exact_duplicate""]",Duplicate asset matching existing cutout prop across packs (gashapon-puzzle-piece-v2).,,audit/visual-assets/sheets/pending_visual/09-props-prop-cutout-gashapon-004.jpg,,"{""asset_id"": ""live:prop:gashapon-puzzle-piece-v2"", ""key"": ""gashapon-puzzle-piece-v2"", ""concept"": ""gashapon puzzle piece v2"", ""source_bank"": ""09_props"", ""source_role"": ""production_asset"", ""source_path"": ""public/assets/09_props/img/gashapon-puzzle-piece-v2.png"", ""expected_asset_type"": ""prop_cutout"", ""expected_background_mode"": ""alpha_cutout"", ""expected_concept_word"": ""gashapon puzzle piece v2"", ""reviewed_from"": ""audit/visual-assets/sheets/pending_visual/09-props-prop-cutout-gashapon-004.jpg"", ""decision_source"": ""audit/visual-assets/decisions-props-remaining.jsonl"", ""sha256"": ""0c994dcd07a9577fef0f7f08debef09f22fc08fdf2ae0c856b74d2a99b8798e3"", ""bytes"": 70582, ""notes"": ""Duplicate asset matching existing cutout prop across packs (gashapon-puzzle-piece-v2)."", ""reason_codes"": [""exact_duplicate""]}"
live:prop:gashapon-robot,gashapon-robot,gashapon robot,props,live,09_props,production_asset,public/assets/09_props/img/gashapon-robot.png,REVIEW,"[""low_resolution""]","[""low_resolution""]",Low resolution sprite with pixelated rendering or insufficient dimension (gashapon-robot).,,audit/visual-assets/sheets/pending_visual/09-props-prop-cutout-gashapon-004.jpg,,"{""asset_id"": ""live:prop:gashapon-robot"", ""key"": ""gashapon-robot"", ""concept"": ""gashapon robot"", ""source_bank"": ""09_props"", ""source_role"": ""production_asset"", ""source_path"": ""public/assets/09_props/img/gashapon-robot.png"", ""expected_asset_type"": ""prop_cutout"", ""expected_background_mode"": ""alpha_cutout"", ""expected_concept_word"": ""gashapon robot"", ""reviewed_from"": ""audit/visual-assets/sheets/pending_visual/09-props-prop-cutout-gashapon-004.jpg"", ""decision_source"": ""audit/visual-assets/decisions-props-remaining.jsonl"", ""sha256"": ""2ab864e0aa60b868dbace6f33c7c9ad8a61dd6d59bdc26af12b574919a21910c"", ""bytes"": 10484, ""notes"": ""Low resolution sprite with pixelated rendering or insufficient dimension (gashapon-robot)."", ""reason_codes"": [""low_resolution""]}"
live:prop:gashapon-rocket,gashapon-rocket,gashapon rocket,props,live,09_props,production_asset,public/assets/09_props/img/gashapon-rocket.png,REVIEW,"[""low_resolution""]","[""low_resolution""]",Low resolution sprite with pixelated rendering or insufficient dimension (gashapon-rocket).,,audit/visual-assets/sheets/pending_visual/09-props-prop-cutout-gashapon-004.jpg,,"{""asset_id"": ""live:prop:gashapon-rocket"", ""key"": ""gashapon-rocket"", ""concept"": ""gashapon rocket"", ""source_bank"": ""09_props"", ""source_role"": ""production_asset"", ""source_path"": ""public/assets/09_props/img/gashapon-rocket.png"", ""expected_asset_type"": ""prop_cutout"", ""expected_background_mode"": ""alpha_cutout"", ""expected_concept_word"": ""gashapon rocket"", ""reviewed_from"": ""audit/visual-assets/sheets/pending_visual/09-props-prop-cutout-gashapon-004.jpg"", ""decision_source"": ""audit/visual-assets/decisions-props-remaining.jsonl"", ""sha256"": ""f6d009703b6986289a27e32b175a6298789533d276bd692402d40eae1d99b8e7"", ""bytes"": 9890, ""notes"": ""Low resolution sprite with pixelated rendering or insufficient dimension (gashapon-rocket)."", ""reason_codes"": [""low_resolution""]}"
live:prop:gashapon-rubber-duck,gashapon-rubber-duck,gashapon rubber duck,props,live,09_props,production_asset,public/assets/09_props/img/gashapon-rubber-duck.png,REVIEW,"[""exact_duplicate""]","[""exact_duplicate""]",Duplicate asset matching existing cutout prop across packs (gashapon-rubber-duck).,,audit/visual-assets/sheets/pending_visual/09-props-prop-cutout-gashapon-004.jpg,,"{""asset_id"": ""live:prop:gashapon-rubber-duck"", ""key"": ""gashapon-rubber-duck"", ""concept"": ""gashapon rubber duck"", ""source_bank"": ""09_props"", ""source_role"": ""production_asset"", ""source_path"": ""public/assets/09_props/img/gashapon-rubber-duck.png"", ""expected_asset_type"": ""prop_cutout"", ""expected_background_mode"": ""alpha_cutout"", ""expected_concept_word"": ""gashapon rubber duck"", ""reviewed_from"": ""audit/visual-assets/sheets/pending_visual/09-props-prop-cutout-gashapon-004.jpg"", ""decision_source"": ""audit/visual-assets/decisions-props-remaining.jsonl"", ""sha256"": ""99daf70d76f0cc9f347cbc6c457bdb16a53d243858ff5c6253cb27dd716b7c41"", ""bytes"": 84444, ""notes"": ""Duplicate asset matching existing cutout prop across packs (gashapon-rubber-duck)."", ""reason_codes"": [""exact_duplicate""]}"
live:prop:gashapon-rubber-duck-v2,gashapon-rubber-duck-v2,gashapon rubber duck v2,props,live,09_props,production_asset,public/assets/09_props/img/gashapon-rubber-duck-v2.png,REVIEW,"[""exact_duplicate""]","[""exact_duplicate""]",Duplicate asset matching existing cutout prop across packs (gashapon-rubber-duck-v2).,,audit/visual-assets/sheets/pending_visual/09-props-prop-cutout-gashapon-004.jpg,,"{""asset_id"": ""live:prop:gashapon-rubber-duck-v2"", ""key"": ""gashapon-rubber-duck-v2"", ""concept"": ""gashapon rubber duck v2"", ""source_bank"": ""09_props"", ""source_role"": ""production_asset"", ""source_path"": ""public/assets/09_props/img/gashapon-rubber-duck-v2.png"", ""expected_asset_type"": ""prop_cutout"", ""expected_background_mode"": ""alpha_cutout"", ""expected_concept_word"": ""gashapon rubber duck v2"", ""reviewed_from"": ""audit/visual-assets/sheets/pending_visual/09-props-prop-cutout-gashapon-004.jpg"", ""decision_source"": ""audit/visual-assets/decisions-props-remaining.jsonl"", ""sha256"": ""99daf70d76f0cc9f347cbc6c457bdb16a53d243858ff5c6253cb27dd716b7c41"", ""bytes"": 84444, ""notes"": ""Duplicate asset matching existing cutout prop across packs (gashapon-rubber-duck-v2)."", ""reason_codes"": [""exact_duplicate""]}"
live:prop:gashapon-shark,gashapon-shark,gashapon shark,props,live,09_props,production_asset,public/assets/09_props/img/gashapon-shark.png,REVIEW,"[""low_resolution""]","[""low_resolution""]",Low resolution sprite with pixelated rendering or insufficient dimension (gashapon-shark).,,audit/visual-assets/sheets/pending_visual/09-props-prop-cutout-gashapon-004.jpg,,"{""asset_id"": ""live:prop:gashapon-shark"", ""key"": ""gashapon-shark"", ""concept"": ""gashapon shark"", ""source_bank"": ""09_props"", ""source_role"": ""production_asset"", ""source_path"": ""public/assets/09_props/img/gashapon-shark.png"", ""expected_asset_type"": ""prop_cutout"", ""expected_background_mode"": ""alpha_cutout"", ""expected_concept_word"": ""gashapon shark"", ""reviewed_from"": ""audit/visual-assets/sheets/pending_visual/09-props-prop-cutout-gashapon-004.jpg"", ""decision_source"": ""audit/visual-assets/decisions-props-remaining.jsonl"", ""sha256"": ""d3906ba41d61d38a303d09cd4943735342973ee74876199b2c1091596baf57c0"", ""bytes"": 13669, ""notes"": ""Low resolution sprite with pixelated rendering or insufficient dimension (gashapon-shark)."", ""reason_codes"": [""low_resolution""]}"
live:prop:gashapon-shield,gashapon-shield,gashapon shield,props,live,09_props,production_asset,public/assets/09_props/img/gashapon-shield.png,REVIEW,"[""low_resolution""]","[""low_resolution""]",Low resolution sprite with pixelated rendering or insufficient dimension (gashapon-shield).,,audit/visual-assets/sheets/pending_visual/09-props-prop-cutout-gashapon-004.jpg,,"{""asset_id"": ""live:prop:gashapon-shield"", ""key"": ""gashapon-shield"", ""concept"": ""gashapon shield"", ""source_bank"": ""09_props"", ""source_role"": ""production_asset"", ""source_path"": ""public/assets/09_props/img/gashapon-shield.png"", ""expected_asset_type"": ""prop_cutout"", ""expected_background_mode"": ""alpha_cutout"", ""expected_concept_word"": ""gashapon shield"", ""reviewed_from"": ""audit/visual-assets/sheets/pending_visual/09-props-prop-cutout-gashapon-004.jpg"", ""decision_source"": ""audit/visual-assets/decisions-props-remaining.jsonl"", ""sha256"": ""bd174acb24adc8822a544172ef7d3274c7b370b1125dc3114e307c01c9574af6"", ""bytes"": 9521, ""notes"": ""Low resolution sprite with pixelated rendering or insufficient dimension (gashapon-shield)."", ""reason_codes"": [""low_resolution""]}"
live:prop:gashapon-skateboard,gashapon-skateboard,gashapon skateboard,props,live,09_props,production_asset,public/assets/09_props/img/gashapon-skateboard.png,REVIEW,"[""low_resolution""]","[""low_resolution""]",Low resolution sprite with pixelated rendering or insufficient dimension (gashapon-skateboard).,,audit/visual-assets/sheets/pending_visual/09-props-prop-cutout-gashapon-004.jpg,,"{""asset_id"": ""live:prop:gashapon-skateboard"", ""key"": ""gashapon-skateboard"", ""concept"": ""gashapon skateboard"", ""source_bank"": ""09_props"", ""source_role"": ""production_asset"", ""source_path"": ""public/assets/09_props/img/gashapon-skateboard.png"", ""expected_asset_type"": ""prop_cutout"", ""expected_background_mode"": ""alpha_cutout"", ""expected_concept_word"": ""gashapon skateboard"", ""reviewed_from"": ""audit/visual-assets/sheets/pending_visual/09-props-prop-cutout-gashapon-004.jpg"", ""decision_source"": ""audit/visual-assets/decisions-props-remaining.jsonl"", ""sha256"": ""16bb2d49c394e77fe3eb6b9f2248cae6e6b05a457c52613a4aeb5980abcade61"", ""bytes"": 10453, ""notes"": ""Low resolution sprite with pixelated rendering or insufficient dimension (gashapon-skateboard)."", ""reason_codes"": [""low_resolution""]}"
live:prop:gashapon-soccer,gashapon-soccer,gashapon soccer,props,live,09_props,production_asset,public/assets/09_props/img/gashapon-soccer.png,REVIEW,"[""low_resolution""]","[""low_resolution""]",Low resolution sprite with pixelated rendering or insufficient dimension (gashapon-soccer).,,audit/visual-assets/sheets/pending_visual/09-props-prop-cutout-gashapon-005.jpg,,"{""asset_id"": ""live:prop:gashapon-soccer"", ""key"": ""gashapon-soccer"", ""concept"": ""gashapon soccer"", ""source_bank"": ""09_props"", ""source_role"": ""production_asset"", ""source_path"": ""public/assets/09_props/img/gashapon-soccer.png"", ""expected_asset_type"": ""prop_cutout"", ""expected_background_mode"": ""alpha_cutout"", ""expected_concept_word"": ""gashapon soccer"", ""reviewed_from"": ""audit/visual-assets/sheets/pending_visual/09-props-prop-cutout-gashapon-005.jpg"", ""decision_source"": ""audit/visual-assets/decisions-props-remaining.jsonl"", ""sha256"": ""8775f001dbcaac652f9d26ab61ca312ccac22757880acad8d34fc8818f822942"", ""bytes"": 10840, ""notes"": ""Low resolution sprite with pixelated rendering or insufficient dimension (gashapon-soccer)."", ""reason_codes"": [""low_resolution""]}"
live:prop:gashapon-spinning-top,gashapon-spinning-top,gashapon spinning top,props,live,09_props,production_asset,public/assets/09_props/img/gashapon-spinning-top.png,REVIEW,"[""exact_duplicate""]","[""exact_duplicate""]",Duplicate asset matching existing cutout prop across packs (gashapon-spinning-top).,,audit/visual-assets/sheets/pending_visual/09-props-prop-cutout-gashapon-005.jpg,,"{""asset_id"": ""live:prop:gashapon-spinning-top"", ""key"": ""gashapon-spinning-top"", ""concept"": ""gashapon spinning top"", ""source_bank"": ""09_props"", ""source_role"": ""production_asset"", ""source_path"": ""public/assets/09_props/img/gashapon-spinning-top.png"", ""expected_asset_type"": ""prop_cutout"", ""expected_background_mode"": ""alpha_cutout"", ""expected_concept_word"": ""gashapon spinning top"", ""reviewed_from"": ""audit/visual-assets/sheets/pending_visual/09-props-prop-cutout-gashapon-005.jpg"", ""decision_source"": ""audit/visual-assets/decisions-props-remaining.jsonl"", ""sha256"": ""562034c90d0dad72dc8bef3a832e15768431fa7d6b37e9728619feb70f42e2ad"", ""bytes"": 66995, ""notes"": ""Duplicate asset matching existing cutout prop across packs (gashapon-spinning-top)."", ""reason_codes"": [""exact_duplicate""]}"
live:prop:gashapon-spinning-top-v2,gashapon-spinning-top-v2,gashapon spinning top v2,props,live,09_props,production_asset,public/assets/09_props/img/gashapon-spinning-top-v2.png,REVIEW,"[""exact_duplicate""]","[""exact_duplicate""]",Duplicate asset matching existing cutout prop across packs (gashapon-spinning-top-v2).,,audit/visual-assets/sheets/pending_visual/09-props-prop-cutout-gashapon-005.jpg,,"{""asset_id"": ""live:prop:gashapon-spinning-top-v2"", ""key"": ""gashapon-spinning-top-v2"", ""concept"": ""gashapon spinning top v2"", ""source_bank"": ""09_props"", ""source_role"": ""production_asset"", ""source_path"": ""public/assets/09_props/img/gashapon-spinning-top-v2.png"", ""expected_asset_type"": ""prop_cutout"", ""expected_background_mode"": ""alpha_cutout"", ""expected_concept_word"": ""gashapon spinning top v2"", ""reviewed_from"": ""audit/visual-assets/sheets/pending_visual/09-props-prop-cutout-gashapon-005.jpg"", ""decision_source"": ""audit/visual-assets/decisions-props-remaining.jsonl"", ""sha256"": ""562034c90d0dad72dc8bef3a832e15768431fa7d6b37e9728619feb70f42e2ad"", ""bytes"": 66995, ""notes"": ""Duplicate asset matching existing cutout prop across packs (gashapon-spinning-top-v2)."", ""reason_codes"": [""exact_duplicate""]}"
live:prop:gashapon-square,gashapon-square,gashapon square,props,live,09_props,production_asset,public/assets/09_props/img/gashapon-square.png,REVIEW,"[""low_resolution""]","[""low_resolution""]",Low resolution sprite with pixelated rendering or insufficient dimension (gashapon-square).,,audit/visual-assets/sheets/pending_visual/09-props-prop-cutout-gashapon-005.jpg,,"{""asset_id"": ""live:prop:gashapon-square"", ""key"": ""gashapon-square"", ""concept"": ""gashapon square"", ""source_bank"": ""09_props"", ""source_role"": ""production_asset"", ""source_path"": ""public/assets/09_props/img/gashapon-square.png"", ""expected_asset_type"": ""prop_cutout"", ""expected_background_mode"": ""alpha_cutout"", ""expected_concept_word"": ""gashapon square"", ""reviewed_from"": ""audit/visual-assets/sheets/pending_visual/09-props-prop-cutout-gashapon-005.jpg"", ""decision_source"": ""audit/visual-assets/decisions-props-remaining.jsonl"", ""sha256"": ""7a34774302bfad271e61f286f75a30cdc2bbab30eb32735511b1e0a8bf6c6bff"", ""bytes"": 4338, ""notes"": ""Low resolution sprite with pixelated rendering or insufficient dimension (gashapon-square)."", ""reason_codes"": [""low_resolution""]}"
live:prop:gashapon-stamp,gashapon-stamp,gashapon stamp,props,live,09_props,production_asset,public/assets/09_props/img/gashapon-stamp.png,REVIEW,"[""exact_duplicate""]","[""exact_duplicate""]",Duplicate asset matching existing cutout prop across packs (gashapon-stamp).,,audit/visual-assets/sheets/pending_visual/09-props-prop-cutout-gashapon-005.jpg,,"{""asset_id"": ""live:prop:gashapon-stamp"", ""key"": ""gashapon-stamp"", ""concept"": ""gashapon stamp"", ""source_bank"": ""09_props"", ""source_role"": ""production_asset"", ""source_path"": ""public/assets/09_props/img/gashapon-stamp.png"", ""expected_asset_type"": ""prop_cutout"", ""expected_background_mode"": ""alpha_cutout"", ""expected_concept_word"": ""gashapon stamp"", ""reviewed_from"": ""audit/visual-assets/sheets/pending_visual/09-props-prop-cutout-gashapon-005.jpg"", ""decision_source"": ""audit/visual-assets/decisions-props-remaining.jsonl"", ""sha256"": ""0ec0f3711a7a20e5537975f15517dcf7abddf3879173ca07e1bd5c33572f609d"", ""bytes"": 88376, ""notes"": ""Duplicate asset matching existing cutout prop across packs (gashapon-stamp)."", ""reason_codes"": [""exact_duplicate""]}"
live:prop:gashapon-stamp-blank,gashapon-stamp-blank,gashapon stamp blank,props,live,09_props,production_asset,public/assets/09_props/img/gashapon-stamp-blank.png,REVIEW,"[""exact_duplicate""]","[""exact_duplicate""]",Duplicate asset matching existing cutout prop across packs (gashapon-stamp-blank).,,audit/visual-assets/sheets/pending_visual/09-props-prop-cutout-gashapon-005.jpg,,"{""asset_id"": ""live:prop:gashapon-stamp-blank"", ""key"": ""gashapon-stamp-blank"", ""concept"": ""gashapon stamp blank"", ""source_bank"": ""09_props"", ""source_role"": ""production_asset"", ""source_path"": ""public/assets/09_props/img/gashapon-stamp-blank.png"", ""expected_asset_type"": ""prop_cutout"", ""expected_background_mode"": ""alpha_cutout"", ""expected_concept_word"": ""gashapon stamp blank"", ""reviewed_from"": ""audit/visual-assets/sheets/pending_visual/09-props-prop-cutout-gashapon-005.jpg"", ""decision_source"": ""audit/visual-assets/decisions-props-remaining.jsonl"", ""sha256"": ""0ec0f3711a7a20e5537975f15517dcf7abddf3879173ca07e1bd5c33572f609d"", ""bytes"": 88376, ""notes"": ""Duplicate asset matching existing cutout prop across packs (gashapon-stamp-blank)."", ""reason_codes"": [""exact_duplicate""]}"
live:prop:gashapon-star,gashapon-star,gashapon star,props,live,09_props,production_asset,public/assets/09_props/img/gashapon-star.png,REVIEW,"[""low_resolution""]","[""low_resolution""]",Low resolution sprite with pixelated rendering or insufficient dimension (gashapon-star).,,audit/visual-assets/sheets/pending_visual/09-props-prop-cutout-gashapon-005.jpg,,"{""asset_id"": ""live:prop:gashapon-star"", ""key"": ""gashapon-star"", ""concept"": ""gashapon star"", ""source_bank"": ""09_props"", ""source_role"": ""production_asset"", ""source_path"": ""public/assets/09_props/img/gashapon-star.png"", ""expected_asset_type"": ""prop_cutout"", ""expected_background_mode"": ""alpha_cutout"", ""expected_concept_word"": ""gashapon star"", ""reviewed_from"": ""audit/visual-assets/sheets/pending_visual/09-props-prop-cutout-gashapon-005.jpg"", ""decision_source"": ""audit/visual-assets/decisions-props-remaining.jsonl"", ""sha256"": ""8372875fe66faa95b0733d501527e747d99d0dbb16945b227d0bac7f8596b5bf"", ""bytes"": 5340, ""notes"": ""Low resolution sprite with pixelated rendering or insufficient dimension (gashapon-star)."", ""reason_codes"": [""low_resolution""]}"
live:prop:gashapon-sticker-sheet,gashapon-sticker-sheet,gashapon sticker sheet,props,live,09_props,production_asset,public/assets/09_props/img/gashapon-sticker-sheet.png,REVIEW,"[""exact_duplicate""]","[""exact_duplicate""]",Duplicate asset matching existing cutout prop across packs (gashapon-sticker-sheet).,,audit/visual-assets/sheets/pending_visual/09-props-prop-cutout-gashapon-005.jpg,,"{""asset_id"": ""live:prop:gashapon-sticker-sheet"", ""key"": ""gashapon-sticker-sheet"", ""concept"": ""gashapon sticker sheet"", ""source_bank"": ""09_props"", ""source_role"": ""production_asset"", ""source_path"": ""public/assets/09_props/img/gashapon-sticker-sheet.png"", ""expected_asset_type"": ""prop_cutout"", ""expected_background_mode"": ""alpha_cutout"", ""expected_concept_word"": ""gashapon sticker sheet"", ""reviewed_from"": ""audit/visual-assets/sheets/pending_visual/09-props-prop-cutout-gashapon-005.jpg"", ""decision_source"": ""audit/visual-assets/decisions-props-remaining.jsonl"", ""sha256"": ""701c9e451e11ba7f3a06a805617400c6b572fe3778ea7bb8fdff1ac44ce4f51a"", ""bytes"": 155323, ""notes"": ""Duplicate asset matching existing cutout prop across packs (gashapon-sticker-sheet)."", ""reason_codes"": [""exact_duplicate""]}"
live:prop:gashapon-sticker-sheet-blank,gashapon-sticker-sheet-blank,gashapon sticker sheet blank,props,live,09_props,production_asset,public/assets/09_props/img/gashapon-sticker-sheet-blank.png,REVIEW,"[""exact_duplicate""]","[""exact_duplicate""]",Duplicate asset matching existing cutout prop across packs (gashapon-sticker-sheet-blank).,,audit/visual-assets/sheets/pending_visual/09-props-prop-cutout-gashapon-005.jpg,,"{""asset_id"": ""live:prop:gashapon-sticker-sheet-blank"", ""key"": ""gashapon-sticker-sheet-blank"", ""concept"": ""gashapon sticker sheet blank"", ""source_bank"": ""09_props"", ""source_role"": ""production_asset"", ""source_path"": ""public/assets/09_props/img/gashapon-sticker-sheet-blank.png"", ""expected_asset_type"": ""prop_cutout"", ""expected_background_mode"": ""alpha_cutout"", ""expected_concept_word"": ""gashapon sticker sheet blank"", ""reviewed_from"": ""audit/visual-assets/sheets/pending_visual/09-props-prop-cutout-gashapon-005.jpg"", ""decision_source"": ""audit/visual-assets/decisions-props-remaining.jsonl"", ""sha256"": ""701c9e451e11ba7f3a06a805617400c6b572fe3778ea7bb8fdff1ac44ce4f51a"", ""bytes"": 155323, ""notes"": ""Duplicate asset matching existing cutout prop across packs (gashapon-sticker-sheet-blank)."", ""reason_codes"": [""exact_duplicate""]}"
live:prop:gashapon-stickers-roll,gashapon-stickers-roll,gashapon stickers roll,props,live,09_props,production_asset,public/assets/09_props/img/gashapon-stickers-roll.png,REVIEW,"[""exact_duplicate""]","[""exact_duplicate""]",Duplicate asset matching existing cutout prop across packs (gashapon-stickers-roll).,,audit/visual-assets/sheets/pending_visual/09-props-prop-cutout-gashapon-005.jpg,,"{""asset_id"": ""live:prop:gashapon-stickers-roll"", ""key"": ""gashapon-stickers-roll"", ""concept"": ""gashapon stickers roll"", ""source_bank"": ""09_props"", ""source_role"": ""production_asset"", ""source_path"": ""public/assets/09_props/img/gashapon-stickers-roll.png"", ""expected_asset_type"": ""prop_cutout"", ""expected_background_mode"": ""alpha_cutout"", ""expected_concept_word"": ""gashapon stickers roll"", ""reviewed_from"": ""audit/visual-assets/sheets/pending_visual/09-props-prop-cutout-gashapon-005.jpg"", ""decision_source"": ""audit/visual-assets/decisions-props-remaining.jsonl"", ""sha256"": ""9b433e60f14357be7614796fa51abc1a9f1d1cd8559b145062939bbf2486b094"", ""bytes"": 139159, ""notes"": ""Duplicate asset matching existing cutout prop across packs (gashapon-stickers-roll)."", ""reason_codes"": [""exact_duplicate""]}"
live:prop:gashapon-stickers-roll-v2,gashapon-stickers-roll-v2,gashapon stickers roll v2,props,live,09_props,production_asset,public/assets/09_props/img/gashapon-stickers-roll-v2.png,REVIEW,"[""exact_duplicate""]","[""exact_duplicate""]",Duplicate asset matching existing cutout prop across packs (gashapon-stickers-roll-v2).,,audit/visual-assets/sheets/pending_visual/09-props-prop-cutout-gashapon-005.jpg,,"{""asset_id"": ""live:prop:gashapon-stickers-roll-v2"", ""key"": ""gashapon-stickers-roll-v2"", ""concept"": ""gashapon stickers roll v2"", ""source_bank"": ""09_props"", ""source_role"": ""production_asset"", ""source_path"": ""public/assets/09_props/img/gashapon-stickers-roll-v2.png"", ""expected_asset_type"": ""prop_cutout"", ""expected_background_mode"": ""alpha_cutout"", ""expected_concept_word"": ""gashapon stickers roll v2"", ""reviewed_from"": ""audit/visual-assets/sheets/pending_visual/09-props-prop-cutout-gashapon-005.jpg"", ""decision_source"": ""audit/visual-assets/decisions-props-remaining.jsonl"", ""sha256"": ""9b433e60f14357be7614796fa51abc1a9f1d1cd8559b145062939bbf2486b094"", ""bytes"": 139159, ""notes"": ""Duplicate asset matching existing cutout prop across packs (gashapon-stickers-roll-v2)."", ""reason_codes"": [""exact_duplicate""]}"
live:prop:gashapon-sunglasses-blue,gashapon-sunglasses-blue,gashapon sunglasses blue,props,live,09_props,production_asset,public/assets/09_props/img/gashapon-sunglasses-blue.png,REVIEW,"[""low_resolution""]","[""low_resolution""]",Low resolution sprite with pixelated rendering or insufficient dimension (gashapon-sunglasses-blue).,,audit/visual-assets/sheets/pending_visual/09-props-prop-cutout-gashapon-005.jpg,,"{""asset_id"": ""live:prop:gashapon-sunglasses-blue"", ""key"": ""gashapon-sunglasses-blue"", ""concept"": ""gashapon sunglasses blue"", ""source_bank"": ""09_props"", ""source_role"": ""production_asset"", ""source_path"": ""public/assets/09_props/img/gashapon-sunglasses-blue.png"", ""expected_asset_type"": ""prop_cutout"", ""expected_background_mode"": ""alpha_cutout"", ""expected_concept_word"": ""gashapon sunglasses blue"", ""reviewed_from"": ""audit/visual-assets/sheets/pending_visual/09-props-prop-cutout-gashapon-005.jpg"", ""decision_source"": ""audit/visual-assets/decisions-props-remaining.jsonl"", ""sha256"": ""e6a17996ccfb3d450224af432efcd903ec801facd89d8df7c42df9175746ac9e"", ""bytes"": 8386, ""notes"": ""Low resolution sprite with pixelated rendering or insufficient dimension (gashapon-sunglasses-blue)."", ""reason_codes"": [""low_resolution""]}"
live:prop:gashapon-sunglasses-star,gashapon-sunglasses-star,gashapon sunglasses star,props,live,09_props,production_asset,public/assets/09_props/img/gashapon-sunglasses-star.png,REVIEW,"[""low_resolution""]","[""low_resolution""]",Low resolution sprite with pixelated rendering or insufficient dimension (gashapon-sunglasses-star).,,audit/visual-assets/sheets/pending_visual/09-props-prop-cutout-gashapon-005.jpg,,"{""asset_id"": ""live:prop:gashapon-sunglasses-star"", ""key"": ""gashapon-sunglasses-star"", ""concept"": ""gashapon sunglasses star"", ""source_bank"": ""09_props"", ""source_role"": ""production_asset"", ""source_path"": ""public/assets/09_props/img/gashapon-sunglasses-star.png"", ""expected_asset_type"": ""prop_cutout"", ""expected_background_mode"": ""alpha_cutout"", ""expected_concept_word"": ""gashapon sunglasses star"", ""reviewed_from"": ""audit/visual-assets/sheets/pending_visual/09-props-prop-cutout-gashapon-005.jpg"", ""decision_source"": ""audit/visual-assets/decisions-props-remaining.jsonl"", ""sha256"": ""7951eab421e80d8fc98d44d67997d4d46f07e54564520e8ed4442d3a48c10bef"", ""bytes"": 8746, ""notes"": ""Low resolution sprite with pixelated rendering or insufficient dimension (gashapon-sunglasses-star)."", ""reason_codes"": [""low_resolution""]}"
live:prop:gashapon-sword,gashapon-sword,gashapon sword,props,live,09_props,production_asset,public/assets/09_props/img/gashapon-sword.png,REVIEW,"[""low_resolution""]","[""low_resolution""]",Low resolution sprite with pixelated rendering or insufficient dimension (gashapon-sword).,,audit/visual-assets/sheets/pending_visual/09-props-prop-cutout-gashapon-005.jpg,,"{""asset_id"": ""live:prop:gashapon-sword"", ""key"": ""gashapon-sword"", ""concept"": ""gashapon sword"", ""source_bank"": ""09_props"", ""source_role"": ""production_asset"", ""source_path"": ""public/assets/09_props/img/gashapon-sword.png"", ""expected_asset_type"": ""prop_cutout"", ""expected_background_mode"": ""alpha_cutout"", ""expected_concept_word"": ""gashapon sword"", ""reviewed_from"": ""audit/visual-assets/sheets/pending_visual/09-props-prop-cutout-gashapon-005.jpg"", ""decision_source"": ""audit/visual-assets/decisions-props-remaining.jsonl"", ""sha256"": ""3ef06987f93272752bbac3cf84f41040f2cf7e9ec3b993453199fda604181437"", ""bytes"": 6551, ""notes"": ""Low resolution sprite with pixelated rendering or insufficient dimension (gashapon-sword)."", ""reason_codes"": [""low_resolution""]}"
live:prop:gashapon-toy-bear,gashapon-toy-bear,gashapon toy bear,props,live,09_props,production_asset,public/assets/09_props/img/gashapon-toy-bear.png,REVIEW,"[""exact_duplicate""]","[""exact_duplicate""]",Duplicate asset matching existing cutout prop across packs (gashapon-toy-bear).,,audit/visual-assets/sheets/pending_visual/09-props-prop-cutout-gashapon-005.jpg,,"{""asset_id"": ""live:prop:gashapon-toy-bear"", ""key"": ""gashapon-toy-bear"", ""concept"": ""gashapon toy bear"", ""source_bank"": ""09_props"", ""source_role"": ""production_asset"", ""source_path"": ""public/assets/09_props/img/gashapon-toy-bear.png"", ""expected_asset_type"": ""prop_cutout"", ""expected_background_mode"": ""alpha_cutout"", ""expected_concept_word"": ""gashapon toy bear"", ""reviewed_from"": ""audit/visual-assets/sheets/pending_visual/09-props-prop-cutout-gashapon-005.jpg"", ""decision_source"": ""audit/visual-assets/decisions-props-remaining.jsonl"", ""sha256"": ""2f3aee9bc74c21901796479104fcf05f4777cf764651b72e541b1c941bc8e632"", ""bytes"": 128654, ""notes"": ""Duplicate asset matching existing cutout prop across packs (gashapon-toy-bear)."", ""reason_codes"": [""exact_duplicate""]}"
live:prop:gashapon-toy-bear-v2,gashapon-toy-bear-v2,gashapon toy bear v2,props,live,09_props,production_asset,public/assets/09_props/img/gashapon-toy-bear-v2.png,REVIEW,"[""exact_duplicate""]","[""exact_duplicate""]",Duplicate asset matching existing cutout prop across packs (gashapon-toy-bear-v2).,,audit/visual-assets/sheets/pending_visual/09-props-prop-cutout-gashapon-005.jpg,,"{""asset_id"": ""live:prop:gashapon-toy-bear-v2"", ""key"": ""gashapon-toy-bear-v2"", ""concept"": ""gashapon toy bear v2"", ""source_bank"": ""09_props"", ""source_role"": ""production_asset"", ""source_path"": ""public/assets/09_props/img/gashapon-toy-bear-v2.png"", ""expected_asset_type"": ""prop_cutout"", ""expected_background_mode"": ""alpha_cutout"", ""expected_concept_word"": ""gashapon toy bear v2"", ""reviewed_from"": ""audit/visual-assets/sheets/pending_visual/09-props-prop-cutout-gashapon-005.jpg"", ""decision_source"": ""audit/visual-assets/decisions-props-remaining.jsonl"", ""sha256"": ""2f3aee9bc74c21901796479104fcf05f4777cf764651b72e541b1c941bc8e632"", ""bytes"": 128654, ""notes"": ""Duplicate asset matching existing cutout prop across packs (gashapon-toy-bear-v2)."", ""reason_codes"": [""exact_duplicate""]}"
live:prop:gashapon-toy-car,gashapon-toy-car,gashapon toy car,props,live,09_props,production_asset,public/assets/09_props/img/gashapon-toy-car.png,REVIEW,"[""exact_duplicate""]","[""exact_duplicate""]",Duplicate asset matching existing cutout prop across packs (gashapon-toy-car).,,audit/visual-assets/sheets/pending_visual/09-props-prop-cutout-gashapon-005.jpg,,"{""asset_id"": ""live:prop:gashapon-toy-car"", ""key"": ""gashapon-toy-car"", ""concept"": ""gashapon toy car"", ""source_bank"": ""09_props"", ""source_role"": ""production_asset"", ""source_path"": ""public/assets/09_props/img/gashapon-toy-car.png"", ""expected_asset_type"": ""prop_cutout"", ""expected_background_mode"": ""alpha_cutout"", ""expected_concept_word"": ""gashapon toy car"", ""reviewed_from"": ""audit/visual-assets/sheets/pending_visual/09-props-prop-cutout-gashapon-005.jpg"", ""decision_source"": ""audit/visual-assets/decisions-props-remaining.jsonl"", ""sha256"": ""62635491ae2fd0b23a3dc8c569aa42a7bd3626ec76543471b6936db4862c4a8b"", ""bytes"": 89929, ""notes"": ""Duplicate asset matching existing cutout prop across packs (gashapon-toy-car)."", ""reason_codes"": [""exact_duplicate""]}"
live:prop:gashapon-toy-car-v2,gashapon-toy-car-v2,gashapon toy car v2,props,live,09_props,production_asset,public/assets/09_props/img/gashapon-toy-car-v2.png,REVIEW,"[""exact_duplicate""]","[""exact_duplicate""]",Duplicate asset matching existing cutout prop across packs (gashapon-toy-car-v2).,,audit/visual-assets/sheets/pending_visual/09-props-prop-cutout-gashapon-005.jpg,,"{""asset_id"": ""live:prop:gashapon-toy-car-v2"", ""key"": ""gashapon-toy-car-v2"", ""concept"": ""gashapon toy car v2"", ""source_bank"": ""09_props"", ""source_role"": ""production_asset"", ""source_path"": ""public/assets/09_props/img/gashapon-toy-car-v2.png"", ""expected_asset_type"": ""prop_cutout"", ""expected_background_mode"": ""alpha_cutout"", ""expected_concept_word"": ""gashapon toy car v2"", ""reviewed_from"": ""audit/visual-assets/sheets/pending_visual/09-props-prop-cutout-gashapon-005.jpg"", ""decision_source"": ""audit/visual-assets/decisions-props-remaining.jsonl"", ""sha256"": ""62635491ae2fd0b23a3dc8c569aa42a7bd3626ec76543471b6936db4862c4a8b"", ""bytes"": 89929, ""notes"": ""Duplicate asset matching existing cutout prop across packs (gashapon-toy-car-v2)."", ""reason_codes"": [""exact_duplicate""]}"
live:prop:gashapon-toy-crown,gashapon-toy-crown,gashapon toy crown,props,live,09_props,production_asset,public/assets/09_props/img/gashapon-toy-crown.png,REVIEW,"[""exact_duplicate""]","[""exact_duplicate""]",Duplicate asset matching existing cutout prop across packs (gashapon-toy-crown).,,audit/visual-assets/sheets/pending_visual/09-props-prop-cutout-gashapon-005.jpg,,"{""asset_id"": ""live:prop:gashapon-toy-crown"", ""key"": ""gashapon-toy-crown"", ""concept"": ""gashapon toy crown"", ""source_bank"": ""09_props"", ""source_role"": ""production_asset"", ""source_path"": ""public/assets/09_props/img/gashapon-toy-crown.png"", ""expected_asset_type"": ""prop_cutout"", ""expected_background_mode"": ""alpha_cutout"", ""expected_concept_word"": ""gashapon toy crown"", ""reviewed_from"": ""audit/visual-assets/sheets/pending_visual/09-props-prop-cutout-gashapon-005.jpg"", ""decision_source"": ""audit/visual-assets/decisions-props-remaining.jsonl"", ""sha256"": ""a9f607b16fd0505a8572b3157f78ce44bbafffbc66076fcd3eb4cbc7d128a71e"", ""bytes"": 100064, ""notes"": ""Duplicate asset matching existing cutout prop across packs (gashapon-toy-crown)."", ""reason_codes"": [""exact_duplicate""]}"
live:prop:gashapon-toy-crown-v2,gashapon-toy-crown-v2,gashapon toy crown v2,props,live,09_props,production_asset,public/assets/09_props/img/gashapon-toy-crown-v2.png,REVIEW,"[""exact_duplicate""]","[""exact_duplicate""]",Duplicate asset matching existing cutout prop across packs (gashapon-toy-crown-v2).,,audit/visual-assets/sheets/pending_visual/09-props-prop-cutout-gashapon-005.jpg,,"{""asset_id"": ""live:prop:gashapon-toy-crown-v2"", ""key"": ""gashapon-toy-crown-v2"", ""concept"": ""gashapon toy crown v2"", ""source_bank"": ""09_props"", ""source_role"": ""production_asset"", ""source_path"": ""public/assets/09_props/img/gashapon-toy-crown-v2.png"", ""expected_asset_type"": ""prop_cutout"", ""expected_background_mode"": ""alpha_cutout"", ""expected_concept_word"": ""gashapon toy crown v2"", ""reviewed_from"": ""audit/visual-assets/sheets/pending_visual/09-props-prop-cutout-gashapon-005.jpg"", ""decision_source"": ""audit/visual-assets/decisions-props-remaining.jsonl"", ""sha256"": ""a9f607b16fd0505a8572b3157f78ce44bbafffbc66076fcd3eb4cbc7d128a71e"", ""bytes"": 100064, ""notes"": ""Duplicate asset matching existing cutout prop across packs (gashapon-toy-crown-v2)."", ""reason_codes"": [""exact_duplicate""]}"
live:prop:gashapon-toy-dino,gashapon-toy-dino,gashapon toy dino,props,live,09_props,production_asset,public/assets/09_props/img/gashapon-toy-dino.png,REVIEW,"[""exact_duplicate""]","[""exact_duplicate""]",Duplicate asset matching existing cutout prop across packs (gashapon-toy-dino).,,audit/visual-assets/sheets/pending_visual/09-props-prop-cutout-gashapon-005.jpg,,"{""asset_id"": ""live:prop:gashapon-toy-dino"", ""key"": ""gashapon-toy-dino"", ""concept"": ""gashapon toy dino"", ""source_bank"": ""09_props"", ""source_role"": ""production_asset"", ""source_path"": ""public/assets/09_props/img/gashapon-toy-dino.png"", ""expected_asset_type"": ""prop_cutout"", ""expected_background_mode"": ""alpha_cutout"", ""expected_concept_word"": ""gashapon toy dino"", ""reviewed_from"": ""audit/visual-assets/sheets/pending_visual/09-props-prop-cutout-gashapon-005.jpg"", ""decision_source"": ""audit/visual-assets/decisions-props-remaining.jsonl"", ""sha256"": ""dcd67c1213924b2ee4e1afbf3c7ea3876b9fdddd90d88224cb7009ee0fc19d73"", ""bytes"": 85085, ""notes"": ""Duplicate asset matching existing cutout prop across packs (gashapon-toy-dino)."", ""reason_codes"": [""exact_duplicate""]}"
live:prop:gashapon-toy-dino-v2,gashapon-toy-dino-v2,gashapon toy dino v2,props,live,09_props,production_asset,public/assets/09_props/img/gashapon-toy-dino-v2.png,REVIEW,"[""exact_duplicate""]","[""exact_duplicate""]",Duplicate asset matching existing cutout prop across packs (gashapon-toy-dino-v2).,,audit/visual-assets/sheets/pending_visual/09-props-prop-cutout-gashapon-005.jpg,,"{""asset_id"": ""live:prop:gashapon-toy-dino-v2"", ""key"": ""gashapon-toy-dino-v2"", ""concept"": ""gashapon toy dino v2"", ""source_bank"": ""09_props"", ""source_role"": ""production_asset"", ""source_path"": ""public/assets/09_props/img/gashapon-toy-dino-v2.png"", ""expected_asset_type"": ""prop_cutout"", ""expected_background_mode"": ""alpha_cutout"", ""expected_concept_word"": ""gashapon toy dino v2"", ""reviewed_from"": ""audit/visual-assets/sheets/pending_visual/09-props-prop-cutout-gashapon-005.jpg"", ""decision_source"": ""audit/visual-assets/decisions-props-remaining.jsonl"", ""sha256"": ""dcd67c1213924b2ee4e1afbf3c7ea3876b9fdddd90d88224cb7009ee0fc19d73"", ""bytes"": 85085, ""notes"": ""Duplicate asset matching existing cutout prop across packs (gashapon-toy-dino-v2)."", ""reason_codes"": [""exact_duplicate""]}"
live:prop:gashapon-toy-robot,gashapon-toy-robot,gashapon toy robot,props,live,09_props,production_asset,public/assets/09_props/img/gashapon-toy-robot.png,REVIEW,"[""exact_duplicate""]","[""exact_duplicate""]",Duplicate asset matching existing cutout prop across packs (gashapon-toy-robot).,,audit/visual-assets/sheets/pending_visual/09-props-prop-cutout-gashapon-005.jpg,,"{""asset_id"": ""live:prop:gashapon-toy-robot"", ""key"": ""gashapon-toy-robot"", ""concept"": ""gashapon toy robot"", ""source_bank"": ""09_props"", ""source_role"": ""production_asset"", ""source_path"": ""public/assets/09_props/img/gashapon-toy-robot.png"", ""expected_asset_type"": ""prop_cutout"", ""expected_background_mode"": ""alpha_cutout"", ""expected_concept_word"": ""gashapon toy robot"", ""reviewed_from"": ""audit/visual-assets/sheets/pending_visual/09-props-prop-cutout-gashapon-005.jpg"", ""decision_source"": ""audit/visual-assets/decisions-props-remaining.jsonl"", ""sha256"": ""13161076e6ec3587d15adfd2500f43022a630e9ca92003c0631734c5c0658316"", ""bytes"": 82801, ""notes"": ""Duplicate asset matching existing cutout prop across packs (gashapon-toy-robot)."", ""reason_codes"": [""exact_duplicate""]}"
live:prop:gashapon-toy-robot-v2,gashapon-toy-robot-v2,gashapon toy robot v2,props,live,09_props,production_asset,public/assets/09_props/img/gashapon-toy-robot-v2.png,REVIEW,"[""exact_duplicate""]","[""exact_duplicate""]",Duplicate asset matching existing cutout prop across packs (gashapon-toy-robot-v2).,,audit/visual-assets/sheets/pending_visual/09-props-prop-cutout-gashapon-005.jpg,,"{""asset_id"": ""live:prop:gashapon-toy-robot-v2"", ""key"": ""gashapon-toy-robot-v2"", ""concept"": ""gashapon toy robot v2"", ""source_bank"": ""09_props"", ""source_role"": ""production_asset"", ""source_path"": ""public/assets/09_props/img/gashapon-toy-robot-v2.png"", ""expected_asset_type"": ""prop_cutout"", ""expected_background_mode"": ""alpha_cutout"", ""expected_concept_word"": ""gashapon toy robot v2"", ""reviewed_from"": ""audit/visual-assets/sheets/pending_visual/09-props-prop-cutout-gashapon-005.jpg"", ""decision_source"": ""audit/visual-assets/decisions-props-remaining.jsonl"", ""sha256"": ""13161076e6ec3587d15adfd2500f43022a630e9ca92003c0631734c5c0658316"", ""bytes"": 82801, ""notes"": ""Duplicate asset matching existing cutout prop across packs (gashapon-toy-robot-v2)."", ""reason_codes"": [""exact_duplicate""]}"
live:prop:gashapon-toy-sword,gashapon-toy-sword,gashapon toy sword,props,live,09_props,production_asset,public/assets/09_props/img/gashapon-toy-sword.png,REVIEW,"[""exact_duplicate""]","[""exact_duplicate""]",Duplicate asset matching existing cutout prop across packs (gashapon-toy-sword).,,audit/visual-assets/sheets/pending_visual/09-props-prop-cutout-gashapon-005.jpg,,"{""asset_id"": ""live:prop:gashapon-toy-sword"", ""key"": ""gashapon-toy-sword"", ""concept"": ""gashapon toy sword"", ""source_bank"": ""09_props"", ""source_role"": ""production_asset"", ""source_path"": ""public/assets/09_props/img/gashapon-toy-sword.png"", ""expected_asset_type"": ""prop_cutout"", ""expected_background_mode"": ""alpha_cutout"", ""expected_concept_word"": ""gashapon toy sword"", ""reviewed_from"": ""audit/visual-assets/sheets/pending_visual/09-props-prop-cutout-gashapon-005.jpg"", ""decision_source"": ""audit/visual-assets/decisions-props-remaining.jsonl"", ""sha256"": ""c64b6d86615ca0cc39aeb640370bebe2d351e47e98ccae32cbcab9f776ca3e69"", ""bytes"": 51368, ""notes"": ""Duplicate asset matching existing cutout prop across packs (gashapon-toy-sword)."", ""reason_codes"": [""exact_duplicate""]}"
live:prop:gashapon-toy-sword-v2,gashapon-toy-sword-v2,gashapon toy sword v2,props,live,09_props,production_asset,public/assets/09_props/img/gashapon-toy-sword-v2.png,REVIEW,"[""exact_duplicate""]","[""exact_duplicate""]",Duplicate asset matching existing cutout prop across packs (gashapon-toy-sword-v2).,,audit/visual-assets/sheets/pending_visual/09-props-prop-cutout-gashapon-005.jpg,,"{""asset_id"": ""live:prop:gashapon-toy-sword-v2"", ""key"": ""gashapon-toy-sword-v2"", ""concept"": ""gashapon toy sword v2"", ""source_bank"": ""09_props"", ""source_role"": ""production_asset"", ""source_path"": ""public/assets/09_props/img/gashapon-toy-sword-v2.png"", ""expected_asset_type"": ""prop_cutout"", ""expected_background_mode"": ""alpha_cutout"", ""expected_concept_word"": ""gashapon toy sword v2"", ""reviewed_from"": ""audit/visual-assets/sheets/pending_visual/09-props-prop-cutout-gashapon-005.jpg"", ""decision_source"": ""audit/visual-assets/decisions-props-remaining.jsonl"", ""sha256"": ""c64b6d86615ca0cc39aeb640370bebe2d351e47e98ccae32cbcab9f776ca3e69"", ""bytes"": 51368, ""notes"": ""Duplicate asset matching existing cutout prop across packs (gashapon-toy-sword-v2)."", ""reason_codes"": [""exact_duplicate""]}"
live:prop:gashapon-tractor,gashapon-tractor,gashapon tractor,props,live,09_props,production_asset,public/assets/09_props/img/gashapon-tractor.png,REVIEW,"[""low_resolution""]","[""low_resolution""]",Low resolution sprite with pixelated rendering or insufficient dimension (gashapon-tractor).,,audit/visual-assets/sheets/pending_visual/09-props-prop-cutout-gashapon-005.jpg,,"{""asset_id"": ""live:prop:gashapon-tractor"", ""key"": ""gashapon-tractor"", ""concept"": ""gashapon tractor"", ""source_bank"": ""09_props"", ""source_role"": ""production_asset"", ""source_path"": ""public/assets/09_props/img/gashapon-tractor.png"", ""expected_asset_type"": ""prop_cutout"", ""expected_background_mode"": ""alpha_cutout"", ""expected_concept_word"": ""gashapon tractor"", ""reviewed_from"": ""audit/visual-assets/sheets/pending_visual/09-props-prop-cutout-gashapon-005.jpg"", ""decision_source"": ""audit/visual-assets/decisions-props-remaining.jsonl"", ""sha256"": ""89abc09306af0e3c797a196cce9ef9e6469e27a904488c7518e0d1556b08b59a"", ""bytes"": 12854, ""notes"": ""Low resolution sprite with pixelated rendering or insufficient dimension (gashapon-tractor)."", ""reason_codes"": [""low_resolution""]}"
live:prop:gashapon-train,gashapon-train,gashapon train,props,live,09_props,production_asset,public/assets/09_props/img/gashapon-train.png,REVIEW,"[""low_resolution""]","[""low_resolution""]",Low resolution sprite with pixelated rendering or insufficient dimension (gashapon-train).,,audit/visual-assets/sheets/pending_visual/09-props-prop-cutout-gashapon-005.jpg,,"{""asset_id"": ""live:prop:gashapon-train"", ""key"": ""gashapon-train"", ""concept"": ""gashapon train"", ""source_bank"": ""09_props"", ""source_role"": ""production_asset"", ""source_path"": ""public/assets/09_props/img/gashapon-train.png"", ""expected_asset_type"": ""prop_cutout"", ""expected_background_mode"": ""alpha_cutout"", ""expected_concept_word"": ""gashapon train"", ""reviewed_from"": ""audit/visual-assets/sheets/pending_visual/09-props-prop-cutout-gashapon-005.jpg"", ""decision_source"": ""audit/visual-assets/decisions-props-remaining.jsonl"", ""sha256"": ""91890ec53bd46a9d80b6401ff70f7c45617823e1ce0bfb1bc23b9f798f1873f6"", ""bytes"": 14047, ""notes"": ""Low resolution sprite with pixelated rendering or insufficient dimension (gashapon-train)."", ""reason_codes"": [""low_resolution""]}"
live:prop:gashapon-treasure-chest,gashapon-treasure-chest,gashapon treasure chest,props,live,09_props,production_asset,public/assets/09_props/img/gashapon-treasure-chest.png,REVIEW,"[""low_resolution""]","[""low_resolution""]",Low resolution sprite with pixelated rendering or insufficient dimension (gashapon-treasure-chest).,,audit/visual-assets/sheets/pending_visual/09-props-prop-cutout-gashapon-005.jpg,,"{""asset_id"": ""live:prop:gashapon-treasure-chest"", ""key"": ""gashapon-treasure-chest"", ""concept"": ""gashapon treasure chest"", ""source_bank"": ""09_props"", ""source_role"": ""production_asset"", ""source_path"": ""public/assets/09_props/img/gashapon-treasure-chest.png"", ""expected_asset_type"": ""prop_cutout"", ""expected_background_mode"": ""alpha_cutout"", ""expected_concept_word"": ""gashapon treasure chest"", ""reviewed_from"": ""audit/visual-assets/sheets/pending_visual/09-props-prop-cutout-gashapon-005.jpg"", ""decision_source"": ""audit/visual-assets/decisions-props-remaining.jsonl"", ""sha256"": ""7f4404b45c029e369dcabb38916f536fe5ade0d537d63cda5d948ba4c720978f"", ""bytes"": 12053, ""notes"": ""Low resolution sprite with pixelated rendering or insufficient dimension (gashapon-treasure-chest)."", ""reason_codes"": [""low_resolution""]}"
live:prop:gashapon-triangle,gashapon-triangle,gashapon triangle,props,live,09_props,production_asset,public/assets/09_props/img/gashapon-triangle.png,REVIEW,"[""low_resolution""]","[""low_resolution""]",Low resolution sprite with pixelated rendering or insufficient dimension (gashapon-triangle).,,audit/visual-assets/sheets/pending_visual/09-props-prop-cutout-gashapon-006.jpg,,"{""asset_id"": ""live:prop:gashapon-triangle"", ""key"": ""gashapon-triangle"", ""concept"": ""gashapon triangle"", ""source_bank"": ""09_props"", ""source_role"": ""production_asset"", ""source_path"": ""public/assets/09_props/img/gashapon-triangle.png"", ""expected_asset_type"": ""prop_cutout"", ""expected_background_mode"": ""alpha_cutout"", ""expected_concept_word"": ""gashapon triangle"", ""reviewed_from"": ""audit/visual-assets/sheets/pending_visual/09-props-prop-cutout-gashapon-006.jpg"", ""decision_source"": ""audit/visual-assets/decisions-props-remaining.jsonl"", ""sha256"": ""94ed95fa640c09976c1f581f97f2b9c9e2bdca35d910eeac68ae207ac32523d0"", ""bytes"": 4316, ""notes"": ""Low resolution sprite with pixelated rendering or insufficient dimension (gashapon-triangle)."", ""reason_codes"": [""low_resolution""]}"
live:prop:gashapon-wand,gashapon-wand,gashapon wand,props,live,09_props,production_asset,public/assets/09_props/img/gashapon-wand.png,REVIEW,"[""low_resolution""]","[""low_resolution""]",Low resolution sprite with pixelated rendering or insufficient dimension (gashapon-wand).,,audit/visual-assets/sheets/pending_visual/09-props-prop-cutout-gashapon-006.jpg,,"{""asset_id"": ""live:prop:gashapon-wand"", ""key"": ""gashapon-wand"", ""concept"": ""gashapon wand"", ""source_bank"": ""09_props"", ""source_role"": ""production_asset"", ""source_path"": ""public/assets/09_props/img/gashapon-wand.png"", ""expected_asset_type"": ""prop_cutout"", ""expected_background_mode"": ""alpha_cutout"", ""expected_concept_word"": ""gashapon wand"", ""reviewed_from"": ""audit/visual-assets/sheets/pending_visual/09-props-prop-cutout-gashapon-006.jpg"", ""decision_source"": ""audit/visual-assets/decisions-props-remaining.jsonl"", ""sha256"": ""7ec9308d5eeac9d71dabd46ab87806f9791938240dc0fa62f2872e1fcc0ddf22"", ""bytes"": 6260, ""notes"": ""Low resolution sprite with pixelated rendering or insufficient dimension (gashapon-wand)."", ""reason_codes"": [""low_resolution""]}"
live:prop:gashapon-yo-yo,gashapon-yo-yo,gashapon yo yo,props,live,09_props,production_asset,public/assets/09_props/img/gashapon-yo-yo.png,REVIEW,"[""exact_duplicate""]","[""exact_duplicate""]",Duplicate asset matching existing cutout prop across packs (gashapon-yo-yo).,,audit/visual-assets/sheets/pending_visual/09-props-prop-cutout-gashapon-006.jpg,,"{""asset_id"": ""live:prop:gashapon-yo-yo"", ""key"": ""gashapon-yo-yo"", ""concept"": ""gashapon yo yo"", ""source_bank"": ""09_props"", ""source_role"": ""production_asset"", ""source_path"": ""public/assets/09_props/img/gashapon-yo-yo.png"", ""expected_asset_type"": ""prop_cutout"", ""expected_background_mode"": ""alpha_cutout"", ""expected_concept_word"": ""gashapon yo yo"", ""reviewed_from"": ""audit/visual-assets/sheets/pending_visual/09-props-prop-cutout-gashapon-006.jpg"", ""decision_source"": ""audit/visual-assets/decisions-props-remaining.jsonl"", ""sha256"": ""622029c17d8aa0e5cf6b9030a93cb9d523798e581bd915385ae494b8ebc83f18"", ""bytes"": 85714, ""notes"": ""Duplicate asset matching existing cutout prop across packs (gashapon-yo-yo)."", ""reason_codes"": [""exact_duplicate""]}"
live:prop:gashapon-yo-yo-v2,gashapon-yo-yo-v2,gashapon yo yo v2,props,live,09_props,production_asset,public/assets/09_props/img/gashapon-yo-yo-v2.png,REVIEW,"[""exact_duplicate""]","[""exact_duplicate""]",Duplicate asset matching existing cutout prop across packs (gashapon-yo-yo-v2).,,audit/visual-assets/sheets/pending_visual/09-props-prop-cutout-gashapon-006.jpg,,"{""asset_id"": ""live:prop:gashapon-yo-yo-v2"", ""key"": ""gashapon-yo-yo-v2"", ""concept"": ""gashapon yo yo v2"", ""source_bank"": ""09_props"", ""source_role"": ""production_asset"", ""source_path"": ""public/assets/09_props/img/gashapon-yo-yo-v2.png"", ""expected_asset_type"": ""prop_cutout"", ""expected_background_mode"": ""alpha_cutout"", ""expected_concept_word"": ""gashapon yo yo v2"", ""reviewed_from"": ""audit/visual-assets/sheets/pending_visual/09-props-prop-cutout-gashapon-006.jpg"", ""decision_source"": ""audit/visual-assets/decisions-props-remaining.jsonl"", ""sha256"": ""622029c17d8aa0e5cf6b9030a93cb9d523798e581bd915385ae494b8ebc83f18"", ""bytes"": 85714, ""notes"": ""Duplicate asset matching existing cutout prop across packs (gashapon-yo-yo-v2)."", ""reason_codes"": [""exact_duplicate""]}"
live:prop:gashapon-yoyo,gashapon-yoyo,gashapon yoyo,props,live,09_props,production_asset,public/assets/09_props/img/gashapon-yoyo.png,REVIEW,"[""low_resolution""]","[""low_resolution""]",Low resolution sprite with pixelated rendering or insufficient dimension (gashapon-yoyo).,,audit/visual-assets/sheets/pending_visual/09-props-prop-cutout-gashapon-006.jpg,,"{""asset_id"": ""live:prop:gashapon-yoyo"", ""key"": ""gashapon-yoyo"", ""concept"": ""gashapon yoyo"", ""source_bank"": ""09_props"", ""source_role"": ""production_asset"", ""source_path"": ""public/assets/09_props/img/gashapon-yoyo.png"", ""expected_asset_type"": ""prop_cutout"", ""expected_background_mode"": ""alpha_cutout"", ""expected_concept_word"": ""gashapon yoyo"", ""reviewed_from"": ""audit/visual-assets/sheets/pending_visual/09-props-prop-cutout-gashapon-006.jpg"", ""decision_source"": ""audit/visual-assets/decisions-props-remaining.jsonl"", ""sha256"": ""5f4beada5e4855f229e96dc1d0e5bb65db61bd399318f34db33b850e53dbfbb5"", ""bytes"": 9403, ""notes"": ""Low resolution sprite with pixelated rendering or insufficient dimension (gashapon-yoyo)."", ""reason_codes"": [""low_resolution""]}"
live:prop:gym-aerobic-stepper,gym-aerobic-stepper,gym aerobic stepper,props,live,09_props,production_asset,public/assets/09_props/img/gym-aerobic-stepper.png,REVIEW,"[""exact_duplicate""]","[""exact_duplicate""]",Duplicate asset matching existing cutout prop across packs (gym-aerobic-stepper).,,audit/visual-assets/sheets/pending_visual/09-props-prop-cutout-gym-001.jpg,,"{""asset_id"": ""live:prop:gym-aerobic-stepper"", ""key"": ""gym-aerobic-stepper"", ""concept"": ""gym aerobic stepper"", ""source_bank"": ""09_props"", ""source_role"": ""production_asset"", ""source_path"": ""public/assets/09_props/img/gym-aerobic-stepper.png"", ""expected_asset_type"": ""prop_cutout"", ""expected_background_mode"": ""alpha_cutout"", ""expected_concept_word"": ""gym aerobic stepper"", ""reviewed_from"": ""audit/visual-assets/sheets/pending_visual/09-props-prop-cutout-gym-001.jpg"", ""decision_source"": ""audit/visual-assets/decisions-props-remaining.jsonl"", ""sha256"": ""823b787f16e31df0102c57ea6be3c8698c390ecea2b53815673291b945d85fc5"", ""bytes"": 69060, ""notes"": ""Duplicate asset matching existing cutout prop across packs (gym-aerobic-stepper)."", ""reason_codes"": [""exact_duplicate""]}"
live:prop:gym-yoga-mat-unrolled,gym-yoga-mat-unrolled,gym yoga mat unrolled,props,live,09_props,production_asset,public/assets/09_props/img/gym-yoga-mat-unrolled.png,REVIEW,"[""exact_duplicate""]","[""exact_duplicate""]",Duplicate asset matching existing cutout prop across packs (gym-yoga-mat-unrolled).,,audit/visual-assets/sheets/pending_visual/09-props-prop-cutout-gym-001.jpg,,"{""asset_id"": ""live:prop:gym-yoga-mat-unrolled"", ""key"": ""gym-yoga-mat-unrolled"", ""concept"": ""gym yoga mat unrolled"", ""source_bank"": ""09_props"", ""source_role"": ""production_asset"", ""source_path"": ""public/assets/09_props/img/gym-yoga-mat-unrolled.png"", ""expected_asset_type"": ""prop_cutout"", ""expected_background_mode"": ""alpha_cutout"", ""expected_concept_word"": ""gym yoga mat unrolled"", ""reviewed_from"": ""audit/visual-assets/sheets/pending_visual/09-props-prop-cutout-gym-001.jpg"", ""decision_source"": ""audit/visual-assets/decisions-props-remaining.jsonl"", ""sha256"": ""e0ad2fb8996a0a8fb407d437e24036d9dca7691f895d9c624aa78cfe99eb526e"", ""bytes"": 106726, ""notes"": ""Duplicate asset matching existing cutout prop across packs (gym-yoga-mat-unrolled)."", ""reason_codes"": [""exact_duplicate""]}"
live:prop:hero-tennis-net-post,hero-tennis-net-post,hero tennis net post,heroes,live,09_props,production_asset,public/assets/09_props/img/hero-tennis-net-post.png,REVIEW,"[""excess_dead_space""]","[""excess_dead_space""]",Narrow vertical post target with minimal play surface.,,audit/visual-assets/sheets/pending_visual/09-props-hero-king-interactive-target-hero-targets-027.jpg,,"{""asset_id"": ""live:prop:hero-tennis-net-post"", ""key"": ""hero-tennis-net-post"", ""concept"": ""hero tennis net post"", ""source_bank"": ""09_props"", ""source_role"": ""production_asset"", ""source_path"": ""public/assets/09_props/img/hero-tennis-net-post.png"", ""expected_asset_type"": ""hero_king_interactive_target"", ""expected_background_mode"": ""alpha_cutout"", ""expected_concept_word"": ""hero tennis net post"", ""reviewed_from"": ""audit/visual-assets/sheets/pending_visual/09-props-hero-king-interactive-target-hero-targets-027.jpg"", ""decision_source"": ""audit/visual-assets/decisions-heroes.jsonl"", ""sha256"": ""2872d3f2cd3657297415d1c9d355730b152328d5ec66993593ab1815a7959a9e"", ""bytes"": 81069, ""notes"": ""Narrow vertical post target with minimal play surface."", ""reason_codes"": [""excess_dead_space""]}"
live:prop:hero-tetherball-pole,hero-tetherball-pole,hero tetherball pole,heroes,live,09_props,production_asset,public/assets/09_props/img/hero-tetherball-pole.png,REVIEW,"[""excess_dead_space""]","[""excess_dead_space""]",Thin vertical pole with small base target area.,,audit/visual-assets/sheets/pending_visual/09-props-hero-king-interactive-target-hero-targets-027.jpg,,"{""asset_id"": ""live:prop:hero-tetherball-pole"", ""key"": ""hero-tetherball-pole"", ""concept"": ""hero tetherball pole"", ""source_bank"": ""09_props"", ""source_role"": ""production_asset"", ""source_path"": ""public/assets/09_props/img/hero-tetherball-pole.png"", ""expected_asset_type"": ""hero_king_interactive_target"", ""expected_background_mode"": ""alpha_cutout"", ""expected_concept_word"": ""hero tetherball pole"", ""reviewed_from"": ""audit/visual-assets/sheets/pending_visual/09-props-hero-king-interactive-target-hero-targets-027.jpg"", ""decision_source"": ""audit/visual-assets/decisions-heroes.jsonl"", ""sha256"": ""664b0ef6f2c4e2b38b15e5dc20a059aa93201f3919a43ae3f03f51185ed7e31b"", ""bytes"": 74861, ""notes"": ""Thin vertical pole with small base target area."", ""reason_codes"": [""excess_dead_space""]}"
live:prop:hero-volleyball-antenna-base,hero-volleyball-antenna-base,hero volleyball antenna base,heroes,live,09_props,production_asset,public/assets/09_props/img/hero-volleyball-antenna-base.png,REVIEW,"[""excess_dead_space""]","[""excess_dead_space""]",Thin dashed line indicator with small base.,,audit/visual-assets/sheets/pending_visual/09-props-hero-king-interactive-target-hero-targets-030.jpg,,"{""asset_id"": ""live:prop:hero-volleyball-antenna-base"", ""key"": ""hero-volleyball-antenna-base"", ""concept"": ""hero volleyball antenna base"", ""source_bank"": ""09_props"", ""source_role"": ""production_asset"", ""source_path"": ""public/assets/09_props/img/hero-volleyball-antenna-base.png"", ""expected_asset_type"": ""hero_king_interactive_target"", ""expected_background_mode"": ""alpha_cutout"", ""expected_concept_word"": ""hero volleyball antenna base"", ""reviewed_from"": ""audit/visual-assets/sheets/pending_visual/09-props-hero-king-interactive-target-hero-targets-030.jpg"", ""decision_source"": ""audit/visual-assets/decisions-heroes.jsonl"", ""sha256"": ""a1ff62d4e2ed32aa61a8339f5787ba77316bc24305b6609ee200f8568cb9c531"", ""bytes"": 53087, ""notes"": ""Thin dashed line indicator with small base."", ""reason_codes"": [""excess_dead_space""]}"
live:prop:hero-wok-closed,hero-wok-closed,hero wok closed,heroes,live,09_props,production_asset,public/assets/09_props/img/hero-wok-closed.png,REVIEW,"[""excess_dead_space""]","[""excess_dead_space""]",Closed state shows only the lid without the wok base.,,audit/visual-assets/sheets/pending_visual/09-props-hero-king-interactive-target-hero-targets-031.jpg,,"{""asset_id"": ""live:prop:hero-wok-closed"", ""key"": ""hero-wok-closed"", ""concept"": ""hero wok closed"", ""source_bank"": ""09_props"", ""source_role"": ""production_asset"", ""source_path"": ""public/assets/09_props/img/hero-wok-closed.png"", ""expected_asset_type"": ""hero_king_interactive_target"", ""expected_background_mode"": ""alpha_cutout"", ""expected_concept_word"": ""hero wok closed"", ""reviewed_from"": ""audit/visual-assets/sheets/pending_visual/09-props-hero-king-interactive-target-hero-targets-031.jpg"", ""decision_source"": ""audit/visual-assets/decisions-heroes.jsonl"", ""sha256"": ""fc00af22c0ca7fc4026bfee3845ca21ab27aea9e792f122bd42531b73a4b3e21"", ""bytes"": 84505, ""notes"": ""Closed state shows only the lid without the wok base."", ""reason_codes"": [""excess_dead_space""]}"
live:prop:hobby-roller-skate,hobby-roller-skate,hobby roller skate,props,live,09_props,production_asset,public/assets/09_props/img/hobby-roller-skate.png,REVIEW,"[""low_resolution""]","[""low_resolution""]",Low resolution sprite with pixelated rendering or insufficient dimension (hobby-roller-skate).,,audit/visual-assets/sheets/pending_visual/09-props-prop-cutout-hobbies-001.jpg,,"{""asset_id"": ""live:prop:hobby-roller-skate"", ""key"": ""hobby-roller-skate"", ""concept"": ""hobby roller skate"", ""source_bank"": ""09_props"", ""source_role"": ""production_asset"", ""source_path"": ""public/assets/09_props/img/hobby-roller-skate.png"", ""expected_asset_type"": ""prop_cutout"", ""expected_background_mode"": ""alpha_cutout"", ""expected_concept_word"": ""hobby roller skate"", ""reviewed_from"": ""audit/visual-assets/sheets/pending_visual/09-props-prop-cutout-hobbies-001.jpg"", ""decision_source"": ""audit/visual-assets/decisions-props-remaining.jsonl"", ""sha256"": ""b58091b82fd6870c44c99adc36b6a82cd74b789aa44999cdac40a4a225b059ea"", ""bytes"": 23297, ""notes"": ""Low resolution sprite with pixelated rendering or insufficient dimension (hobby-roller-skate)."", ""reason_codes"": [""low_resolution""]}"
live:prop:job-waiter,job-waiter,job waiter,props,live,09_props,production_asset,public/assets/09_props/img/job-waiter.png,REVIEW,"[""exact_duplicate""]","[""exact_duplicate""]",Duplicate asset matching existing cutout prop across packs (job-waiter).,,audit/visual-assets/sheets/pending_visual/09-props-prop-cutout-jobs-002.jpg,,"{""asset_id"": ""live:prop:job-waiter"", ""key"": ""job-waiter"", ""concept"": ""job waiter"", ""source_bank"": ""09_props"", ""source_role"": ""production_asset"", ""source_path"": ""public/assets/09_props/img/job-waiter.png"", ""expected_asset_type"": ""prop_cutout"", ""expected_background_mode"": ""alpha_cutout"", ""expected_concept_word"": ""job waiter"", ""reviewed_from"": ""audit/visual-assets/sheets/pending_visual/09-props-prop-cutout-jobs-002.jpg"", ""decision_source"": ""audit/visual-assets/decisions-props-remaining.jsonl"", ""sha256"": ""370de8e6fdc6f0f9dd800f77b3a88a6f5459fc9a028ba71624bd47d615701974"", ""bytes"": 96110, ""notes"": ""Duplicate asset matching existing cutout prop across packs (job-waiter)."", ""reason_codes"": [""exact_duplicate""]}"
live:prop:kitchen-oven-v2,kitchen-oven-v2,kitchen oven v2,props,live,09_props,production_asset,public/assets/09_props/img/kitchen-oven-v2.png,REVIEW,"[""exact_duplicate""]","[""exact_duplicate""]",Duplicate asset matching existing cutout prop across packs (kitchen-oven-v2).,,audit/visual-assets/sheets/pending_visual/09-props-prop-cutout-kitchen-003.jpg,,"{""asset_id"": ""live:prop:kitchen-oven-v2"", ""key"": ""kitchen-oven-v2"", ""concept"": ""kitchen oven v2"", ""source_bank"": ""09_props"", ""source_role"": ""production_asset"", ""source_path"": ""public/assets/09_props/img/kitchen-oven-v2.png"", ""expected_asset_type"": ""prop_cutout"", ""expected_background_mode"": ""alpha_cutout"", ""expected_concept_word"": ""kitchen oven v2"", ""reviewed_from"": ""audit/visual-assets/sheets/pending_visual/09-props-prop-cutout-kitchen-003.jpg"", ""decision_source"": ""audit/visual-assets/decisions-props-remaining.jsonl"", ""sha256"": ""ffa4b2970b31983313c587963158cea6898970f81036c147c8871af4cb16ccba"", ""bytes"": 133209, ""notes"": ""Duplicate asset matching existing cutout prop across packs (kitchen-oven-v2)."", ""reason_codes"": [""exact_duplicate""]}"
live:prop:kitchen-sink,kitchen-sink,kitchen sink,props,live,09_props,production_asset,public/assets/09_props/img/kitchen-sink.png,REVIEW,"[""exact_duplicate""]","[""exact_duplicate""]",Duplicate asset matching existing cutout prop across packs (kitchen-sink).,,audit/visual-assets/sheets/pending_visual/09-props-prop-cutout-kitchen-003.jpg,,"{""asset_id"": ""live:prop:kitchen-sink"", ""key"": ""kitchen-sink"", ""concept"": ""kitchen sink"", ""source_bank"": ""09_props"", ""source_role"": ""production_asset"", ""source_path"": ""public/assets/09_props/img/kitchen-sink.png"", ""expected_asset_type"": ""prop_cutout"", ""expected_background_mode"": ""alpha_cutout"", ""expected_concept_word"": ""kitchen sink"", ""reviewed_from"": ""audit/visual-assets/sheets/pending_visual/09-props-prop-cutout-kitchen-003.jpg"", ""decision_source"": ""audit/visual-assets/decisions-props-remaining.jsonl"", ""sha256"": ""748a308e7895dead0245debf55e5fa4b300a636e0b9e354d2c6e47a0f5f4c2f2"", ""bytes"": 114792, ""notes"": ""Duplicate asset matching existing cutout prop across packs (kitchen-sink)."", ""reason_codes"": [""exact_duplicate""]}"
live:prop:kitchen-sink-v2,kitchen-sink-v2,kitchen sink v2,props,live,09_props,production_asset,public/assets/09_props/img/kitchen-sink-v2.png,REVIEW,"[""exact_duplicate""]","[""exact_duplicate""]",Duplicate asset matching existing cutout prop across packs (kitchen-sink-v2).,,audit/visual-assets/sheets/pending_visual/09-props-prop-cutout-kitchen-003.jpg,,"{""asset_id"": ""live:prop:kitchen-sink-v2"", ""key"": ""kitchen-sink-v2"", ""concept"": ""kitchen sink v2"", ""source_bank"": ""09_props"", ""source_role"": ""production_asset"", ""source_path"": ""public/assets/09_props/img/kitchen-sink-v2.png"", ""expected_asset_type"": ""prop_cutout"", ""expected_background_mode"": ""alpha_cutout"", ""expected_concept_word"": ""kitchen sink v2"", ""reviewed_from"": ""audit/visual-assets/sheets/pending_visual/09-props-prop-cutout-kitchen-003.jpg"", ""decision_source"": ""audit/visual-assets/decisions-props-remaining.jsonl"", ""sha256"": ""748a308e7895dead0245debf55e5fa4b300a636e0b9e354d2c6e47a0f5f4c2f2"", ""bytes"": 114792, ""notes"": ""Duplicate asset matching existing cutout prop across packs (kitchen-sink-v2)."", ""reason_codes"": [""exact_duplicate""]}"
live:prop:landmark-burj-khalifa,landmark-burj-khalifa,landmark burj khalifa,props,live,09_props,production_asset,public/assets/09_props/img/landmark-burj-khalifa.png,REVIEW,"[""low_resolution""]","[""low_resolution""]",Low resolution sprite with pixelated rendering or insufficient dimension (landmark-burj-khalifa).,,audit/visual-assets/sheets/pending_visual/09-props-prop-cutout-landmark-001.jpg,,"{""asset_id"": ""live:prop:landmark-burj-khalifa"", ""key"": ""landmark-burj-khalifa"", ""concept"": ""landmark burj khalifa"", ""source_bank"": ""09_props"", ""source_role"": ""production_asset"", ""source_path"": ""public/assets/09_props/img/landmark-burj-khalifa.png"", ""expected_asset_type"": ""prop_cutout"", ""expected_background_mode"": ""alpha_cutout"", ""expected_concept_word"": ""landmark burj khalifa"", ""reviewed_from"": ""audit/visual-assets/sheets/pending_visual/09-props-prop-cutout-landmark-001.jpg"", ""decision_source"": ""audit/visual-assets/decisions-props-remaining.jsonl"", ""sha256"": ""34de267e1b7b0d7f0220ddfd52fe5a3fb1d9ecb25af3b515beefd239ff0a486c"", ""bytes"": 17322, ""notes"": ""Low resolution sprite with pixelated rendering or insufficient dimension (landmark-burj-khalifa)."", ""reason_codes"": [""low_resolution""]}"
live:prop:landmark-cn-tower,landmark-cn-tower,landmark cn tower,props,live,09_props,production_asset,public/assets/09_props/img/landmark-cn-tower.png,REVIEW,"[""low_resolution""]","[""low_resolution""]",Low resolution sprite with pixelated rendering or insufficient dimension (landmark-cn-tower).,,audit/visual-assets/sheets/pending_visual/09-props-prop-cutout-landmark-001.jpg,,"{""asset_id"": ""live:prop:landmark-cn-tower"", ""key"": ""landmark-cn-tower"", ""concept"": ""landmark cn tower"", ""source_bank"": ""09_props"", ""source_role"": ""production_asset"", ""source_path"": ""public/assets/09_props/img/landmark-cn-tower.png"", ""expected_asset_type"": ""prop_cutout"", ""expected_background_mode"": ""alpha_cutout"", ""expected_concept_word"": ""landmark cn tower"", ""reviewed_from"": ""audit/visual-assets/sheets/pending_visual/09-props-prop-cutout-landmark-001.jpg"", ""decision_source"": ""audit/visual-assets/decisions-props-remaining.jsonl"", ""sha256"": ""7bb9763e330100db6510c37af1a412bfb0cabd0e2ab3bc94c9a1d6080af3b2d6"", ""bytes"": 21152, ""notes"": ""Low resolution sprite with pixelated rendering or insufficient dimension (landmark-cn-tower)."", ""reason_codes"": [""low_resolution""]}"
live:prop:letter-arrow-upper-o,letter-arrow-upper-o,letter arrow upper o,letters/literacy,live,09_props,production_asset,public/assets/09_props/img/letter-arrow-upper-o.png,REVIEW,[],[],Letter O asset displays glyph for letter 'N'.,,audit/visual-assets/sheets/pending_visual/09-props-letters-literacy-letters-002.jpg,,"{""asset_id"": ""live:prop:letter-arrow-upper-o"", ""key"": ""letter-arrow-upper-o"", ""concept"": ""letter arrow upper o"", ""source_bank"": ""09_props"", ""source_role"": ""production_asset"", ""source_path"": ""public/assets/09_props/img/letter-arrow-upper-o.png"", ""expected_asset_type"": ""letters_literacy"", ""expected_background_mode"": ""alpha_cutout"", ""expected_concept_word"": ""letter arrow upper o"", ""reviewed_from"": ""audit/visual-assets/sheets/pending_visual/09-props-letters-literacy-letters-002.jpg"", ""decision_source"": ""audit/visual-assets/decisions-story-roles-letters.jsonl"", ""sha256"": ""760a90bb563a87f8fcf65320508eae0d3d82e31e175c5deef938d30b9f62de4b"", ""bytes"": 103061, ""notes"": ""Letter O asset displays glyph for letter 'N'."", ""reason_codes"": []}"
live:prop:letter-arrow-upper-p,letter-arrow-upper-p,letter arrow upper p,letters/literacy,live,09_props,production_asset,public/assets/09_props/img/letter-arrow-upper-p.png,REVIEW,[],[],Letter P asset displays glyph for letter 'O'.,,audit/visual-assets/sheets/pending_visual/09-props-letters-literacy-letters-002.jpg,,"{""asset_id"": ""live:prop:letter-arrow-upper-p"", ""key"": ""letter-arrow-upper-p"", ""concept"": ""letter arrow upper p"", ""source_bank"": ""09_props"", ""source_role"": ""production_asset"", ""source_path"": ""public/assets/09_props/img/letter-arrow-upper-p.png"", ""expected_asset_type"": ""letters_literacy"", ""expected_background_mode"": ""alpha_cutout"", ""expected_concept_word"": ""letter arrow upper p"", ""reviewed_from"": ""audit/visual-assets/sheets/pending_visual/09-props-letters-literacy-letters-002.jpg"", ""decision_source"": ""audit/visual-assets/decisions-story-roles-letters.jsonl"", ""sha256"": ""795786a209282c247b0aa2d8e33f4f00bc61cddae396d0657399f13816d0d204"", ""bytes"": 95058, ""notes"": ""Letter P asset displays glyph for letter 'O'."", ""reason_codes"": []}"
live:prop:life-garden-shovel,life-garden-shovel,life garden shovel,props,live,09_props,production_asset,public/assets/09_props/img/life-garden-shovel.png,REVIEW,"[""low_resolution""]","[""low_resolution""]",Low resolution sprite with pixelated rendering or insufficient dimension (life-garden-shovel).,,audit/visual-assets/sheets/pending_visual/09-props-prop-cutout-mixed-life-001.jpg,,"{""asset_id"": ""live:prop:life-garden-shovel"", ""key"": ""life-garden-shovel"", ""concept"": ""life garden shovel"", ""source_bank"": ""09_props"", ""source_role"": ""production_asset"", ""source_path"": ""public/assets/09_props/img/life-garden-shovel.png"", ""expected_asset_type"": ""prop_cutout"", ""expected_background_mode"": ""alpha_cutout"", ""expected_concept_word"": ""life garden shovel"", ""reviewed_from"": ""audit/visual-assets/sheets/pending_visual/09-props-prop-cutout-mixed-life-001.jpg"", ""decision_source"": ""audit/visual-assets/decisions-props-remaining.jsonl"", ""sha256"": ""effbea2bedf2bb429c24276d33a9eb8de551f1731aaec043b171bd3291e31d6e"", ""bytes"": 6346, ""notes"": ""Low resolution sprite with pixelated rendering or insufficient dimension (life-garden-shovel)."", ""reason_codes"": [""low_resolution""]}"
live:prop:life-graduated-cylinder,life-graduated-cylinder,life graduated cylinder,props,live,09_props,production_asset,public/assets/09_props/img/life-graduated-cylinder.png,REVIEW,"[""low_resolution""]","[""low_resolution""]",Low resolution sprite with pixelated rendering or insufficient dimension (life-graduated-cylinder).,,audit/visual-assets/sheets/pending_visual/09-props-prop-cutout-mixed-life-001.jpg,,"{""asset_id"": ""live:prop:life-graduated-cylinder"", ""key"": ""life-graduated-cylinder"", ""concept"": ""life graduated cylinder"", ""source_bank"": ""09_props"", ""source_role"": ""production_asset"", ""source_path"": ""public/assets/09_props/img/life-graduated-cylinder.png"", ""expected_asset_type"": ""prop_cutout"", ""expected_background_mode"": ""alpha_cutout"", ""expected_concept_word"": ""life graduated cylinder"", ""reviewed_from"": ""audit/visual-assets/sheets/pending_visual/09-props-prop-cutout-mixed-life-001.jpg"", ""decision_source"": ""audit/visual-assets/decisions-props-remaining.jsonl"", ""sha256"": ""3d1507bedc6def325277885102c947e23eb2d9d3800708fe9512a47bcb4ab308"", ""bytes"": 9007, ""notes"": ""Low resolution sprite with pixelated rendering or insufficient dimension (life-graduated-cylinder)."", ""reason_codes"": [""low_resolution""]}"
live:prop:nature-acorn,nature-acorn,nature acorn,props,live,09_props,production_asset,public/assets/09_props/img/nature-acorn.png,REVIEW,"[""exact_duplicate""]","[""exact_duplicate""]",Duplicate asset matching existing cutout prop across packs (nature-acorn).,,audit/visual-assets/sheets/pending_visual/09-props-prop-cutout-nature-006.jpg,,"{""asset_id"": ""live:prop:nature-acorn"", ""key"": ""nature-acorn"", ""concept"": ""nature acorn"", ""source_bank"": ""09_props"", ""source_role"": ""production_asset"", ""source_path"": ""public/assets/09_props/img/nature-acorn.png"", ""expected_asset_type"": ""prop_cutout"", ""expected_background_mode"": ""alpha_cutout"", ""expected_concept_word"": ""nature acorn"", ""reviewed_from"": ""audit/visual-assets/sheets/pending_visual/09-props-prop-cutout-nature-006.jpg"", ""decision_source"": ""audit/visual-assets/decisions-props-remaining.jsonl"", ""sha256"": ""6a7193d3461343abe226d4e36327cd7ff5f69033e99be87606ae404643ca8da7"", ""bytes"": 75570, ""notes"": ""Duplicate asset matching existing cutout prop across packs (nature-acorn)."", ""reason_codes"": [""exact_duplicate""]}"
live:prop:nature-apple,nature-apple,nature apple,props,live,09_props,production_asset,public/assets/09_props/img/nature-apple.png,REVIEW,"[""exact_duplicate""]","[""exact_duplicate""]",Duplicate asset matching existing cutout prop across packs (nature-apple).,,audit/visual-assets/sheets/pending_visual/09-props-prop-cutout-nature-006.jpg,,"{""asset_id"": ""live:prop:nature-apple"", ""key"": ""nature-apple"", ""concept"": ""nature apple"", ""source_bank"": ""09_props"", ""source_role"": ""production_asset"", ""source_path"": ""public/assets/09_props/img/nature-apple.png"", ""expected_asset_type"": ""prop_cutout"", ""expected_background_mode"": ""alpha_cutout"", ""expected_concept_word"": ""nature apple"", ""reviewed_from"": ""audit/visual-assets/sheets/pending_visual/09-props-prop-cutout-nature-006.jpg"", ""decision_source"": ""audit/visual-assets/decisions-props-remaining.jsonl"", ""sha256"": ""b91a20ee68cd4d1a9a26e9bfcaa25618b51ce4c69ae0580d53d72b5add0fe595"", ""bytes"": 90877, ""notes"": ""Duplicate asset matching existing cutout prop across packs (nature-apple)."", ""reason_codes"": [""exact_duplicate""]}"
live:prop:nature-basket,nature-basket,nature basket,props,live,09_props,production_asset,public/assets/09_props/img/nature-basket.png,REVIEW,"[""exact_duplicate""]","[""exact_duplicate""]",Duplicate asset matching existing cutout prop across packs (nature-basket).,,audit/visual-assets/sheets/pending_visual/09-props-prop-cutout-nature-006.jpg,,"{""asset_id"": ""live:prop:nature-basket"", ""key"": ""nature-basket"", ""concept"": ""nature basket"", ""source_bank"": ""09_props"", ""source_role"": ""production_asset"", ""source_path"": ""public/assets/09_props/img/nature-basket.png"", ""expected_asset_type"": ""prop_cutout"", ""expected_background_mode"": ""alpha_cutout"", ""expected_concept_word"": ""nature basket"", ""reviewed_from"": ""audit/visual-assets/sheets/pending_visual/09-props-prop-cutout-nature-006.jpg"", ""decision_source"": ""audit/visual-assets/decisions-props-remaining.jsonl"", ""sha256"": ""03dcff0de7357c91020aac81592e0f06290f00277943907e9d359c3999c1a222"", ""bytes"": 144835, ""notes"": ""Duplicate asset matching existing cutout prop across packs (nature-basket)."", ""reason_codes"": [""exact_duplicate""]}"
live:prop:nature-bee,nature-bee,nature bee,props,live,09_props,production_asset,public/assets/09_props/img/nature-bee.png,REVIEW,"[""exact_duplicate""]","[""exact_duplicate""]",Duplicate asset matching existing cutout prop across packs (nature-bee).,,audit/visual-assets/sheets/pending_visual/09-props-prop-cutout-nature-006.jpg,,"{""asset_id"": ""live:prop:nature-bee"", ""key"": ""nature-bee"", ""concept"": ""nature bee"", ""source_bank"": ""09_props"", ""source_role"": ""production_asset"", ""source_path"": ""public/assets/09_props/img/nature-bee.png"", ""expected_asset_type"": ""prop_cutout"", ""expected_background_mode"": ""alpha_cutout"", ""expected_concept_word"": ""nature bee"", ""reviewed_from"": ""audit/visual-assets/sheets/pending_visual/09-props-prop-cutout-nature-006.jpg"", ""decision_source"": ""audit/visual-assets/decisions-props-remaining.jsonl"", ""sha256"": ""6afa14047e4236a1f1b2fab9059393ed825cc9794de7ff5755cbda264671ea85"", ""bytes"": 113140, ""notes"": ""Duplicate asset matching existing cutout prop across packs (nature-bee)."", ""reason_codes"": [""exact_duplicate""]}"
live:prop:nature-bird,nature-bird,nature bird,props,live,09_props,production_asset,public/assets/09_props/img/nature-bird.png,REVIEW,"[""exact_duplicate""]","[""exact_duplicate""]",Duplicate asset matching existing cutout prop across packs (nature-bird).,,audit/visual-assets/sheets/pending_visual/09-props-prop-cutout-nature-006.jpg,,"{""asset_id"": ""live:prop:nature-bird"", ""key"": ""nature-bird"", ""concept"": ""nature bird"", ""source_bank"": ""09_props"", ""source_role"": ""production_asset"", ""source_path"": ""public/assets/09_props/img/nature-bird.png"", ""expected_asset_type"": ""prop_cutout"", ""expected_background_mode"": ""alpha_cutout"", ""expected_concept_word"": ""nature bird"", ""reviewed_from"": ""audit/visual-assets/sheets/pending_visual/09-props-prop-cutout-nature-006.jpg"", ""decision_source"": ""audit/visual-assets/decisions-props-remaining.jsonl"", ""sha256"": ""77ae99ffb081a887f131816fc4f3d6eb67d381f8abbdbcd5bbf60ebf94a0a98b"", ""bytes"": 86824, ""notes"": ""Duplicate asset matching existing cutout prop across packs (nature-bird)."", ""reason_codes"": [""exact_duplicate""]}"
live:prop:nature-birdhouse,nature-birdhouse,nature birdhouse,props,live,09_props,production_asset,public/assets/09_props/img/nature-birdhouse.png,REVIEW,"[""exact_duplicate""]","[""exact_duplicate""]",Duplicate asset matching existing cutout prop across packs (nature-birdhouse).,,audit/visual-assets/sheets/pending_visual/09-props-prop-cutout-nature-006.jpg,,"{""asset_id"": ""live:prop:nature-birdhouse"", ""key"": ""nature-birdhouse"", ""concept"": ""nature birdhouse"", ""source_bank"": ""09_props"", ""source_role"": ""production_asset"", ""source_path"": ""public/assets/09_props/img/nature-birdhouse.png"", ""expected_asset_type"": ""prop_cutout"", ""expected_background_mode"": ""alpha_cutout"", ""expected_concept_word"": ""nature birdhouse"", ""reviewed_from"": ""audit/visual-assets/sheets/pending_visual/09-props-prop-cutout-nature-006.jpg"", ""decision_source"": ""audit/visual-assets/decisions-props-remaining.jsonl"", ""sha256"": ""1b53da5c8049bb4e7c82aba6a23bea9d102426c16875a98454c6e2c94f885cb6"", ""bytes"": 88375, ""notes"": ""Duplicate asset matching existing cutout prop across packs (nature-birdhouse)."", ""reason_codes"": [""exact_duplicate""]}"
live:prop:nature-branch,nature-branch,nature branch,props,live,09_props,production_asset,public/assets/09_props/img/nature-branch.png,REVIEW,"[""exact_duplicate""]","[""exact_duplicate""]",Duplicate asset matching existing cutout prop across packs (nature-branch).,,audit/visual-assets/sheets/pending_visual/09-props-prop-cutout-nature-006.jpg,,"{""asset_id"": ""live:prop:nature-branch"", ""key"": ""nature-branch"", ""concept"": ""nature branch"", ""source_bank"": ""09_props"", ""source_role"": ""production_asset"", ""source_path"": ""public/assets/09_props/img/nature-branch.png"", ""expected_asset_type"": ""prop_cutout"", ""expected_background_mode"": ""alpha_cutout"", ""expected_concept_word"": ""nature branch"", ""reviewed_from"": ""audit/visual-assets/sheets/pending_visual/09-props-prop-cutout-nature-006.jpg"", ""decision_source"": ""audit/visual-assets/decisions-props-remaining.jsonl"", ""sha256"": ""a54c08b1a607ef633d09f9237bdc45fda748970e815c40069998652ee1381fdb"", ""bytes"": 109646, ""notes"": ""Duplicate asset matching existing cutout prop across packs (nature-branch)."", ""reason_codes"": [""exact_duplicate""]}"
live:prop:nature-butterfly,nature-butterfly,nature butterfly,props,live,09_props,production_asset,public/assets/09_props/img/nature-butterfly.png,REVIEW,"[""exact_duplicate""]","[""exact_duplicate""]",Duplicate asset matching existing cutout prop across packs (nature-butterfly).,,audit/visual-assets/sheets/pending_visual/09-props-prop-cutout-nature-006.jpg,,"{""asset_id"": ""live:prop:nature-butterfly"", ""key"": ""nature-butterfly"", ""concept"": ""nature butterfly"", ""source_bank"": ""09_props"", ""source_role"": ""production_asset"", ""source_path"": ""public/assets/09_props/img/nature-butterfly.png"", ""expected_asset_type"": ""prop_cutout"", ""expected_background_mode"": ""alpha_cutout"", ""expected_concept_word"": ""nature butterfly"", ""reviewed_from"": ""audit/visual-assets/sheets/pending_visual/09-props-prop-cutout-nature-006.jpg"", ""decision_source"": ""audit/visual-assets/decisions-props-remaining.jsonl"", ""sha256"": ""8e2ea9ba9fbfcf0904ce62903e153613f4d91959e5078f1c4b1b47b670f4b7be"", ""bytes"": 146791, ""notes"": ""Duplicate asset matching existing cutout prop across packs (nature-butterfly)."", ""reason_codes"": [""exact_duplicate""]}"
live:prop:nature-flower,nature-flower,nature flower,props,live,09_props,production_asset,public/assets/09_props/img/nature-flower.png,REVIEW,"[""exact_duplicate""]","[""exact_duplicate""]",Duplicate asset matching existing cutout prop across packs (nature-flower).,,audit/visual-assets/sheets/pending_visual/09-props-prop-cutout-nature-006.jpg,,"{""asset_id"": ""live:prop:nature-flower"", ""key"": ""nature-flower"", ""concept"": ""nature flower"", ""source_bank"": ""09_props"", ""source_role"": ""production_asset"", ""source_path"": ""public/assets/09_props/img/nature-flower.png"", ""expected_asset_type"": ""prop_cutout"", ""expected_background_mode"": ""alpha_cutout"", ""expected_concept_word"": ""nature flower"", ""reviewed_from"": ""audit/visual-assets/sheets/pending_visual/09-props-prop-cutout-nature-006.jpg"", ""decision_source"": ""audit/visual-assets/decisions-props-remaining.jsonl"", ""sha256"": ""fa04cafd067f56cf86d0ccb5314e103496dab990806150e050c4c0a6e79d9f7e"", ""bytes"": 97310, ""notes"": ""Duplicate asset matching existing cutout prop across packs (nature-flower)."", ""reason_codes"": [""exact_duplicate""]}"
live:prop:nature-garden-rake,nature-garden-rake,nature garden rake,props,live,09_props,production_asset,public/assets/09_props/img/nature-garden-rake.png,REVIEW,"[""exact_duplicate""]","[""exact_duplicate""]",Duplicate asset matching existing cutout prop across packs (nature-garden-rake).,,audit/visual-assets/sheets/pending_visual/09-props-prop-cutout-nature-006.jpg,,"{""asset_id"": ""live:prop:nature-garden-rake"", ""key"": ""nature-garden-rake"", ""concept"": ""nature garden rake"", ""source_bank"": ""09_props"", ""source_role"": ""production_asset"", ""source_path"": ""public/assets/09_props/img/nature-garden-rake.png"", ""expected_asset_type"": ""prop_cutout"", ""expected_background_mode"": ""alpha_cutout"", ""expected_concept_word"": ""nature garden rake"", ""reviewed_from"": ""audit/visual-assets/sheets/pending_visual/09-props-prop-cutout-nature-006.jpg"", ""decision_source"": ""audit/visual-assets/decisions-props-remaining.jsonl"", ""sha256"": ""490ffbd67fc3ad05d83e3d473913b5c5ba78b4e9237354a3a80c8220e2966790"", ""bytes"": 124539, ""notes"": ""Duplicate asset matching existing cutout prop across packs (nature-garden-rake)."", ""reason_codes"": [""exact_duplicate""]}"
live:prop:nature-hammock,nature-hammock,nature hammock,props,live,09_props,production_asset,public/assets/09_props/img/nature-hammock.png,REVIEW,"[""exact_duplicate""]","[""exact_duplicate""]",Duplicate asset matching existing cutout prop across packs (nature-hammock).,,audit/visual-assets/sheets/pending_visual/09-props-prop-cutout-nature-006.jpg,,"{""asset_id"": ""live:prop:nature-hammock"", ""key"": ""nature-hammock"", ""concept"": ""nature hammock"", ""source_bank"": ""09_props"", ""source_role"": ""production_asset"", ""source_path"": ""public/assets/09_props/img/nature-hammock.png"", ""expected_asset_type"": ""prop_cutout"", ""expected_background_mode"": ""alpha_cutout"", ""expected_concept_word"": ""nature hammock"", ""reviewed_from"": ""audit/visual-assets/sheets/pending_visual/09-props-prop-cutout-nature-006.jpg"", ""decision_source"": ""audit/visual-assets/decisions-props-remaining.jsonl"", ""sha256"": ""0d0447bf2004d0655739777e9df38095088c7c7f741bb1b9496c20e42814a5ac"", ""bytes"": 93258, ""notes"": ""Duplicate asset matching existing cutout prop across packs (nature-hammock)."", ""reason_codes"": [""exact_duplicate""]}"
live:prop:nature-hedgehog,nature-hedgehog,nature hedgehog,props,live,09_props,production_asset,public/assets/09_props/img/nature-hedgehog.png,REVIEW,"[""exact_duplicate""]","[""exact_duplicate""]",Duplicate asset matching existing cutout prop across packs (nature-hedgehog).,,audit/visual-assets/sheets/pending_visual/09-props-prop-cutout-nature-006.jpg,,"{""asset_id"": ""live:prop:nature-hedgehog"", ""key"": ""nature-hedgehog"", ""concept"": ""nature hedgehog"", ""source_bank"": ""09_props"", ""source_role"": ""production_asset"", ""source_path"": ""public/assets/09_props/img/nature-hedgehog.png"", ""expected_asset_type"": ""prop_cutout"", ""expected_background_mode"": ""alpha_cutout"", ""expected_concept_word"": ""nature hedgehog"", ""reviewed_from"": ""audit/visual-assets/sheets/pending_visual/09-props-prop-cutout-nature-006.jpg"", ""decision_source"": ""audit/visual-assets/decisions-props-remaining.jsonl"", ""sha256"": ""986a17469aa492a67ce900817d5c47e78f90dc9950961a450a0b31da1cb5f2f3"", ""bytes"": 97354, ""notes"": ""Duplicate asset matching existing cutout prop across packs (nature-hedgehog)."", ""reason_codes"": [""exact_duplicate""]}"
live:prop:nature-log,nature-log,nature log,props,live,09_props,production_asset,public/assets/09_props/img/nature-log.png,REVIEW,"[""exact_duplicate""]","[""exact_duplicate""]",Duplicate asset matching existing cutout prop across packs (nature-log).,,audit/visual-assets/sheets/pending_visual/09-props-prop-cutout-nature-006.jpg,,"{""asset_id"": ""live:prop:nature-log"", ""key"": ""nature-log"", ""concept"": ""nature log"", ""source_bank"": ""09_props"", ""source_role"": ""production_asset"", ""source_path"": ""public/assets/09_props/img/nature-log.png"", ""expected_asset_type"": ""prop_cutout"", ""expected_background_mode"": ""alpha_cutout"", ""expected_concept_word"": ""nature log"", ""reviewed_from"": ""audit/visual-assets/sheets/pending_visual/09-props-prop-cutout-nature-006.jpg"", ""decision_source"": ""audit/visual-assets/decisions-props-remaining.jsonl"", ""sha256"": ""f24e36dec57a833ec23ce8c5ffb0f742f3fa240090c2cf4558ff867f85adcd59"", ""bytes"": 81559, ""notes"": ""Duplicate asset matching existing cutout prop across packs (nature-log)."", ""reason_codes"": [""exact_duplicate""]}"
live:prop:nature-maple-leaf,nature-maple-leaf,nature maple leaf,props,live,09_props,production_asset,public/assets/09_props/img/nature-maple-leaf.png,REVIEW,"[""exact_duplicate""]","[""exact_duplicate""]",Duplicate asset matching existing cutout prop across packs (nature-maple-leaf).,,audit/visual-assets/sheets/pending_visual/09-props-prop-cutout-nature-006.jpg,,"{""asset_id"": ""live:prop:nature-maple-leaf"", ""key"": ""nature-maple-leaf"", ""concept"": ""nature maple leaf"", ""source_bank"": ""09_props"", ""source_role"": ""production_asset"", ""source_path"": ""public/assets/09_props/img/nature-maple-leaf.png"", ""expected_asset_type"": ""prop_cutout"", ""expected_background_mode"": ""alpha_cutout"", ""expected_concept_word"": ""nature maple leaf"", ""reviewed_from"": ""audit/visual-assets/sheets/pending_visual/09-props-prop-cutout-nature-006.jpg"", ""decision_source"": ""audit/visual-assets/decisions-props-remaining.jsonl"", ""sha256"": ""074dd481e9da4be76edfccedae842fb7bcd7a9409bd6fa211af8da6de9027dec"", ""bytes"": 97360, ""notes"": ""Duplicate asset matching existing cutout prop across packs (nature-maple-leaf)."", ""reason_codes"": [""exact_duplicate""]}"
live:prop:nature-mushroom,nature-mushroom,nature mushroom,props,live,09_props,production_asset,public/assets/09_props/img/nature-mushroom.png,REVIEW,"[""exact_duplicate""]","[""exact_duplicate""]",Duplicate asset matching existing cutout prop across packs (nature-mushroom).,,audit/visual-assets/sheets/pending_visual/09-props-prop-cutout-nature-006.jpg,,"{""asset_id"": ""live:prop:nature-mushroom"", ""key"": ""nature-mushroom"", ""concept"": ""nature mushroom"", ""source_bank"": ""09_props"", ""source_role"": ""production_asset"", ""source_path"": ""public/assets/09_props/img/nature-mushroom.png"", ""expected_asset_type"": ""prop_cutout"", ""expected_background_mode"": ""alpha_cutout"", ""expected_concept_word"": ""nature mushroom"", ""reviewed_from"": ""audit/visual-assets/sheets/pending_visual/09-props-prop-cutout-nature-006.jpg"", ""decision_source"": ""audit/visual-assets/decisions-props-remaining.jsonl"", ""sha256"": ""217700b148d912f4bf38de92a7d6078d9164b83c4337a0b5aa4f9807e9ad3e2f"", ""bytes"": 83310, ""notes"": ""Duplicate asset matching existing cutout prop across packs (nature-mushroom)."", ""reason_codes"": [""exact_duplicate""]}"
live:prop:nature-nest,nature-nest,nature nest,props,live,09_props,production_asset,public/assets/09_props/img/nature-nest.png,REVIEW,"[""exact_duplicate""]","[""exact_duplicate""]",Duplicate asset matching existing cutout prop across packs (nature-nest).,,audit/visual-assets/sheets/pending_visual/09-props-prop-cutout-nature-006.jpg,,"{""asset_id"": ""live:prop:nature-nest"", ""key"": ""nature-nest"", ""concept"": ""nature nest"", ""source_bank"": ""09_props"", ""source_role"": ""production_asset"", ""source_path"": ""public/assets/09_props/img/nature-nest.png"", ""expected_asset_type"": ""prop_cutout"", ""expected_background_mode"": ""alpha_cutout"", ""expected_concept_word"": ""nature nest"", ""reviewed_from"": ""audit/visual-assets/sheets/pending_visual/09-props-prop-cutout-nature-006.jpg"", ""decision_source"": ""audit/visual-assets/decisions-props-remaining.jsonl"", ""sha256"": ""46bdb4f8afbc81705a89a037b657f048ce55f5d57c2d56505b5f7d0dc61a1370"", ""bytes"": 52333, ""notes"": ""Duplicate asset matching existing cutout prop across packs (nature-nest)."", ""reason_codes"": [""exact_duplicate""]}"
live:prop:nature-picnic-blanket,nature-picnic-blanket,nature picnic blanket,props,live,09_props,production_asset,public/assets/09_props/img/nature-picnic-blanket.png,REVIEW,"[""exact_duplicate""]","[""exact_duplicate""]",Duplicate asset matching existing cutout prop across packs (nature-picnic-blanket).,,audit/visual-assets/sheets/pending_visual/09-props-prop-cutout-nature-006.jpg,,"{""asset_id"": ""live:prop:nature-picnic-blanket"", ""key"": ""nature-picnic-blanket"", ""concept"": ""nature picnic blanket"", ""source_bank"": ""09_props"", ""source_role"": ""production_asset"", ""source_path"": ""public/assets/09_props/img/nature-picnic-blanket.png"", ""expected_asset_type"": ""prop_cutout"", ""expected_background_mode"": ""alpha_cutout"", ""expected_concept_word"": ""nature picnic blanket"", ""reviewed_from"": ""audit/visual-assets/sheets/pending_visual/09-props-prop-cutout-nature-006.jpg"", ""decision_source"": ""audit/visual-assets/decisions-props-remaining.jsonl"", ""sha256"": ""f22e1a771389d336fa3ca5f9fe510113b9b5ba47b524071610ff42eeb16fb74d"", ""bytes"": 57370, ""notes"": ""Duplicate asset matching existing cutout prop across packs (nature-picnic-blanket)."", ""reason_codes"": [""exact_duplicate""]}"
live:prop:nature-pine,nature-pine,nature pine,props,live,09_props,production_asset,public/assets/09_props/img/nature-pine.png,REVIEW,"[""exact_duplicate""]","[""exact_duplicate""]",Duplicate asset matching existing cutout prop across packs (nature-pine).,,audit/visual-assets/sheets/pending_visual/09-props-prop-cutout-nature-006.jpg,,"{""asset_id"": ""live:prop:nature-pine"", ""key"": ""nature-pine"", ""concept"": ""nature pine"", ""source_bank"": ""09_props"", ""source_role"": ""production_asset"", ""source_path"": ""public/assets/09_props/img/nature-pine.png"", ""expected_asset_type"": ""prop_cutout"", ""expected_background_mode"": ""alpha_cutout"", ""expected_concept_word"": ""nature pine"", ""reviewed_from"": ""audit/visual-assets/sheets/pending_visual/09-props-prop-cutout-nature-006.jpg"", ""decision_source"": ""audit/visual-assets/decisions-props-remaining.jsonl"", ""sha256"": ""3872f412dc73047b8797e9228e139be3135672ba5ce5e5bd0f1e945f67887df9"", ""bytes"": 59891, ""notes"": ""Duplicate asset matching existing cutout prop across packs (nature-pine)."", ""reason_codes"": [""exact_duplicate""]}"
live:prop:nature-pinecone,nature-pinecone,nature pinecone,props,live,09_props,production_asset,public/assets/09_props/img/nature-pinecone.png,REVIEW,"[""exact_duplicate""]","[""exact_duplicate""]",Duplicate asset matching existing cutout prop across packs (nature-pinecone).,,audit/visual-assets/sheets/pending_visual/09-props-prop-cutout-nature-007.jpg,,"{""asset_id"": ""live:prop:nature-pinecone"", ""key"": ""nature-pinecone"", ""concept"": ""nature pinecone"", ""source_bank"": ""09_props"", ""source_role"": ""production_asset"", ""source_path"": ""public/assets/09_props/img/nature-pinecone.png"", ""expected_asset_type"": ""prop_cutout"", ""expected_background_mode"": ""alpha_cutout"", ""expected_concept_word"": ""nature pinecone"", ""reviewed_from"": ""audit/visual-assets/sheets/pending_visual/09-props-prop-cutout-nature-007.jpg"", ""decision_source"": ""audit/visual-assets/decisions-props-remaining.jsonl"", ""sha256"": ""0bd6d30d783f36b0710bbdbf9886e11881287e93028bc55060cdb0ca8e5440be"", ""bytes"": 102850, ""notes"": ""Duplicate asset matching existing cutout prop across packs (nature-pinecone)."", ""reason_codes"": [""exact_duplicate""]}"
live:prop:nature-squirrel,nature-squirrel,nature squirrel,props,live,09_props,production_asset,public/assets/09_props/img/nature-squirrel.png,REVIEW,"[""exact_duplicate""]","[""exact_duplicate""]",Duplicate asset matching existing cutout prop across packs (nature-squirrel).,,audit/visual-assets/sheets/pending_visual/09-props-prop-cutout-nature-007.jpg,,"{""asset_id"": ""live:prop:nature-squirrel"", ""key"": ""nature-squirrel"", ""concept"": ""nature squirrel"", ""source_bank"": ""09_props"", ""source_role"": ""production_asset"", ""source_path"": ""public/assets/09_props/img/nature-squirrel.png"", ""expected_asset_type"": ""prop_cutout"", ""expected_background_mode"": ""alpha_cutout"", ""expected_concept_word"": ""nature squirrel"", ""reviewed_from"": ""audit/visual-assets/sheets/pending_visual/09-props-prop-cutout-nature-007.jpg"", ""decision_source"": ""audit/visual-assets/decisions-props-remaining.jsonl"", ""sha256"": ""b232f7c55de6ffdde75e1d7c87ea1c118f583661f9e7bbff90758516708fca9c"", ""bytes"": 107232, ""notes"": ""Duplicate asset matching existing cutout prop across packs (nature-squirrel)."", ""reason_codes"": [""exact_duplicate""]}"
live:prop:nature-stump,nature-stump,nature stump,props,live,09_props,production_asset,public/assets/09_props/img/nature-stump.png,REVIEW,"[""exact_duplicate""]","[""exact_duplicate""]",Duplicate asset matching existing cutout prop across packs (nature-stump).,,audit/visual-assets/sheets/pending_visual/09-props-prop-cutout-nature-007.jpg,,"{""asset_id"": ""live:prop:nature-stump"", ""key"": ""nature-stump"", ""concept"": ""nature stump"", ""source_bank"": ""09_props"", ""source_role"": ""production_asset"", ""source_path"": ""public/assets/09_props/img/nature-stump.png"", ""expected_asset_type"": ""prop_cutout"", ""expected_background_mode"": ""alpha_cutout"", ""expected_concept_word"": ""nature stump"", ""reviewed_from"": ""audit/visual-assets/sheets/pending_visual/09-props-prop-cutout-nature-007.jpg"", ""decision_source"": ""audit/visual-assets/decisions-props-remaining.jsonl"", ""sha256"": ""38ece8164a4ca507a39f50b79bea0ed8925c8ae15948eebcf99f2213db8f32f0"", ""bytes"": 89483, ""notes"": ""Duplicate asset matching existing cutout prop across packs (nature-stump)."", ""reason_codes"": [""exact_duplicate""]}"
live:prop:nature-sunflower,nature-sunflower,nature sunflower,props,live,09_props,production_asset,public/assets/09_props/img/nature-sunflower.png,REVIEW,"[""exact_duplicate""]","[""exact_duplicate""]",Duplicate asset matching existing cutout prop across packs (nature-sunflower).,,audit/visual-assets/sheets/pending_visual/09-props-prop-cutout-nature-007.jpg,,"{""asset_id"": ""live:prop:nature-sunflower"", ""key"": ""nature-sunflower"", ""concept"": ""nature sunflower"", ""source_bank"": ""09_props"", ""source_role"": ""production_asset"", ""source_path"": ""public/assets/09_props/img/nature-sunflower.png"", ""expected_asset_type"": ""prop_cutout"", ""expected_background_mode"": ""alpha_cutout"", ""expected_concept_word"": ""nature sunflower"", ""reviewed_from"": ""audit/visual-assets/sheets/pending_visual/09-props-prop-cutout-nature-007.jpg"", ""decision_source"": ""audit/visual-assets/decisions-props-remaining.jsonl"", ""sha256"": ""bf708469edf3f2338af1433b5ee8382730aca5a96bd369363a7fd8d388ce4572"", ""bytes"": 107360, ""notes"": ""Duplicate asset matching existing cutout prop across packs (nature-sunflower)."", ""reason_codes"": [""exact_duplicate""]}"
live:prop:nature-tree,nature-tree,nature tree,props,live,09_props,production_asset,public/assets/09_props/img/nature-tree.png,REVIEW,"[""exact_duplicate""]","[""exact_duplicate""]",Duplicate asset matching existing cutout prop across packs (nature-tree).,,audit/visual-assets/sheets/pending_visual/09-props-prop-cutout-nature-007.jpg,,"{""asset_id"": ""live:prop:nature-tree"", ""key"": ""nature-tree"", ""concept"": ""nature tree"", ""source_bank"": ""09_props"", ""source_role"": ""production_asset"", ""source_path"": ""public/assets/09_props/img/nature-tree.png"", ""expected_asset_type"": ""prop_cutout"", ""expected_background_mode"": ""alpha_cutout"", ""expected_concept_word"": ""nature tree"", ""reviewed_from"": ""audit/visual-assets/sheets/pending_visual/09-props-prop-cutout-nature-007.jpg"", ""decision_source"": ""audit/visual-assets/decisions-props-remaining.jsonl"", ""sha256"": ""7e6bbe4b9b902a4af7a80bd12d43d6023f8b788d645b8f178092623c67084e69"", ""bytes"": 90351, ""notes"": ""Duplicate asset matching existing cutout prop across packs (nature-tree)."", ""reason_codes"": [""exact_duplicate""]}"
live:prop:nature-tulip,nature-tulip,nature tulip,props,live,09_props,production_asset,public/assets/09_props/img/nature-tulip.png,REVIEW,"[""exact_duplicate""]","[""exact_duplicate""]",Duplicate asset matching existing cutout prop across packs (nature-tulip).,,audit/visual-assets/sheets/pending_visual/09-props-prop-cutout-nature-007.jpg,,"{""asset_id"": ""live:prop:nature-tulip"", ""key"": ""nature-tulip"", ""concept"": ""nature tulip"", ""source_bank"": ""09_props"", ""source_role"": ""production_asset"", ""source_path"": ""public/assets/09_props/img/nature-tulip.png"", ""expected_asset_type"": ""prop_cutout"", ""expected_background_mode"": ""alpha_cutout"", ""expected_concept_word"": ""nature tulip"", ""reviewed_from"": ""audit/visual-assets/sheets/pending_visual/09-props-prop-cutout-nature-007.jpg"", ""decision_source"": ""audit/visual-assets/decisions-props-remaining.jsonl"", ""sha256"": ""155786157c951808086a3f8dfa05f3b93d2eacdb0aa7fef512220b7854f620d8"", ""bytes"": 47074, ""notes"": ""Duplicate asset matching existing cutout prop across packs (nature-tulip)."", ""reason_codes"": [""exact_duplicate""]}"
live:prop:nature-watering-can,nature-watering-can,nature watering can,props,live,09_props,production_asset,public/assets/09_props/img/nature-watering-can.png,REVIEW,"[""exact_duplicate""]","[""exact_duplicate""]",Duplicate asset matching existing cutout prop across packs (nature-watering-can).,,audit/visual-assets/sheets/pending_visual/09-props-prop-cutout-nature-007.jpg,,"{""asset_id"": ""live:prop:nature-watering-can"", ""key"": ""nature-watering-can"", ""concept"": ""nature watering can"", ""source_bank"": ""09_props"", ""source_role"": ""production_asset"", ""source_path"": ""public/assets/09_props/img/nature-watering-can.png"", ""expected_asset_type"": ""prop_cutout"", ""expected_background_mode"": ""alpha_cutout"", ""expected_concept_word"": ""nature watering can"", ""reviewed_from"": ""audit/visual-assets/sheets/pending_visual/09-props-prop-cutout-nature-007.jpg"", ""decision_source"": ""audit/visual-assets/decisions-props-remaining.jsonl"", ""sha256"": ""426b7e02835efbebf3051d8d3eb874dfbc364abb7f67a280d8996b4eec7d0935"", ""bytes"": 82082, ""notes"": ""Duplicate asset matching existing cutout prop across packs (nature-watering-can)."", ""reason_codes"": [""exact_duplicate""]}"
live:prop:nature-woodpecker-hole-log,nature-woodpecker-hole-log,nature woodpecker hole log,props,live,09_props,production_asset,public/assets/09_props/img/nature-woodpecker-hole-log.png,REVIEW,"[""exact_duplicate""]","[""exact_duplicate""]",Duplicate asset matching existing cutout prop across packs (nature-woodpecker-hole-log).,,audit/visual-assets/sheets/pending_visual/09-props-prop-cutout-nature-007.jpg,,"{""asset_id"": ""live:prop:nature-woodpecker-hole-log"", ""key"": ""nature-woodpecker-hole-log"", ""concept"": ""nature woodpecker hole log"", ""source_bank"": ""09_props"", ""source_role"": ""production_asset"", ""source_path"": ""public/assets/09_props/img/nature-woodpecker-hole-log.png"", ""expected_asset_type"": ""prop_cutout"", ""expected_background_mode"": ""alpha_cutout"", ""expected_concept_word"": ""nature woodpecker hole log"", ""reviewed_from"": ""audit/visual-assets/sheets/pending_visual/09-props-prop-cutout-nature-007.jpg"", ""decision_source"": ""audit/visual-assets/decisions-props-remaining.jsonl"", ""sha256"": ""8ce36c31dc9f2a07ed96f76532685c87d65b358d573f5116f938604f92a0828b"", ""bytes"": 84682, ""notes"": ""Duplicate asset matching existing cutout prop across packs (nature-woodpecker-hole-log)."", ""reason_codes"": [""exact_duplicate""]}"
live:prop:oboe,oboe,oboe,props,live,09_props,production_asset,public/assets/09_props/img/oboe.png,REVIEW,"[""low_resolution""]","[""low_resolution""]",Low resolution sprite with pixelated rendering or insufficient dimension (oboe).,,audit/visual-assets/sheets/pending_visual/09-props-prop-cutout-music-004.jpg,,"{""asset_id"": ""live:prop:oboe"", ""key"": ""oboe"", ""concept"": ""oboe"", ""source_bank"": ""09_props"", ""source_role"": ""production_asset"", ""source_path"": ""public/assets/09_props/img/oboe.png"", ""expected_asset_type"": ""prop_cutout"", ""expected_background_mode"": ""alpha_cutout"", ""expected_concept_word"": ""oboe"", ""reviewed_from"": ""audit/visual-assets/sheets/pending_visual/09-props-prop-cutout-music-004.jpg"", ""decision_source"": ""audit/visual-assets/decisions-props-remaining.jsonl"", ""sha256"": ""20d9d300505fa0b8b3d98303803b829050b1d551982db4d18bc35dd3ce48958d"", ""bytes"": 21394, ""notes"": ""Low resolution sprite with pixelated rendering or insufficient dimension (oboe)."", ""reason_codes"": [""low_resolution""]}"
live:prop:optic-clipboard,optic-clipboard,optic clipboard,props,live,09_props,production_asset,public/assets/09_props/img/optic-clipboard.png,REVIEW,"[""low_resolution""]","[""low_resolution""]",Low resolution sprite with pixelated rendering or insufficient dimension (optic-clipboard).,,audit/visual-assets/sheets/pending_visual/09-props-prop-cutout-optician-001.jpg,,"{""asset_id"": ""live:prop:optic-clipboard"", ""key"": ""optic-clipboard"", ""concept"": ""optic clipboard"", ""source_bank"": ""09_props"", ""source_role"": ""production_asset"", ""source_path"": ""public/assets/09_props/img/optic-clipboard.png"", ""expected_asset_type"": ""prop_cutout"", ""expected_background_mode"": ""alpha_cutout"", ""expected_concept_word"": ""optic clipboard"", ""reviewed_from"": ""audit/visual-assets/sheets/pending_visual/09-props-prop-cutout-optician-001.jpg"", ""decision_source"": ""audit/visual-assets/decisions-props-remaining.jsonl"", ""sha256"": ""fba7d870b45f039498762c695c225fd975002c86ec73f2020a95415a95e409c2"", ""bytes"": 23010, ""notes"": ""Low resolution sprite with pixelated rendering or insufficient dimension (optic-clipboard)."", ""reason_codes"": [""low_resolution""]}"
live:prop:piccolo,piccolo,piccolo,props,live,09_props,production_asset,public/assets/09_props/img/piccolo.png,REVIEW,"[""low_resolution""]","[""low_resolution""]",Low resolution sprite with pixelated rendering or insufficient dimension (piccolo).,,audit/visual-assets/sheets/pending_visual/09-props-prop-cutout-music-004.jpg,,"{""asset_id"": ""live:prop:piccolo"", ""key"": ""piccolo"", ""concept"": ""piccolo"", ""source_bank"": ""09_props"", ""source_role"": ""production_asset"", ""source_path"": ""public/assets/09_props/img/piccolo.png"", ""expected_asset_type"": ""prop_cutout"", ""expected_background_mode"": ""alpha_cutout"", ""expected_concept_word"": ""piccolo"", ""reviewed_from"": ""audit/visual-assets/sheets/pending_visual/09-props-prop-cutout-music-004.jpg"", ""decision_source"": ""audit/visual-assets/decisions-props-remaining.jsonl"", ""sha256"": ""14afb72a7f527817de3a08b6b5cb70d10e714dd8edf087fd0e6a4f9b04f71df3"", ""bytes"": 39172, ""notes"": ""Low resolution sprite with pixelated rendering or insufficient dimension (piccolo)."", ""reason_codes"": [""low_resolution""]}"
live:prop:post-document-tube,post-document-tube,post document tube,props,live,09_props,production_asset,public/assets/09_props/img/post-document-tube.png,REVIEW,"[""low_resolution""]","[""low_resolution""]",Low resolution sprite with pixelated rendering or insufficient dimension (post-document-tube).,,audit/visual-assets/sheets/pending_visual/09-props-prop-cutout-postal-001.jpg,,"{""asset_id"": ""live:prop:post-document-tube"", ""key"": ""post-document-tube"", ""concept"": ""post document tube"", ""source_bank"": ""09_props"", ""source_role"": ""production_asset"", ""source_path"": ""public/assets/09_props/img/post-document-tube.png"", ""expected_asset_type"": ""prop_cutout"", ""expected_background_mode"": ""alpha_cutout"", ""expected_concept_word"": ""post document tube"", ""reviewed_from"": ""audit/visual-assets/sheets/pending_visual/09-props-prop-cutout-postal-001.jpg"", ""decision_source"": ""audit/visual-assets/decisions-props-remaining.jsonl"", ""sha256"": ""01b9fc54888a44873453c5e45a661fc66e2c572fbe894d2e7e3fe826be798a21"", ""bytes"": 26107, ""notes"": ""Low resolution sprite with pixelated rendering or insufficient dimension (post-document-tube)."", ""reason_codes"": [""low_resolution""]}"
live:prop:post-letter-opener,post-letter-opener,post letter opener,hide/reveal,live,09_props,production_asset,public/assets/09_props/img/post-letter-opener.png,REVIEW,[],[],Letter opener knife is a tool prop rather than a hide/reveal state pair.,,audit/visual-assets/sheets/pending_visual/09-props-open-closed-hide-reveal-pair-post-office-001.jpg,,"{""asset_id"": ""live:prop:post-letter-opener"", ""key"": ""post-letter-opener"", ""concept"": ""post letter opener"", ""source_bank"": ""09_props"", ""source_role"": ""production_asset"", ""source_path"": ""public/assets/09_props/img/post-letter-opener.png"", ""expected_asset_type"": ""open_closed_hide_reveal_pair"", ""expected_background_mode"": ""alpha_cutout"", ""expected_concept_word"": ""post letter opener"", ""reviewed_from"": ""audit/visual-assets/sheets/pending_visual/09-props-open-closed-hide-reveal-pair-post-office-001.jpg"", ""decision_source"": ""audit/visual-assets/decisions-story-roles-letters.jsonl"", ""sha256"": ""43c8d7fb5c726fb0c3eb32e38affe52e9105e6baa0dcf8534f093ad850cdd1b2"", ""bytes"": 54903, ""notes"": ""Letter opener knife is a tool prop rather than a hide/reveal state pair."", ""reason_codes"": []}"
live:prop:post-wax-stick,post-wax-stick,post wax stick,props,live,09_props,production_asset,public/assets/09_props/img/post-wax-stick.png,REVIEW,"[""low_resolution""]","[""low_resolution""]",Low resolution sprite with pixelated rendering or insufficient dimension (post-wax-stick).,,audit/visual-assets/sheets/pending_visual/09-props-prop-cutout-post-office-002.jpg,,"{""asset_id"": ""live:prop:post-wax-stick"", ""key"": ""post-wax-stick"", ""concept"": ""post wax stick"", ""source_bank"": ""09_props"", ""source_role"": ""production_asset"", ""source_path"": ""public/assets/09_props/img/post-wax-stick.png"", ""expected_asset_type"": ""prop_cutout"", ""expected_background_mode"": ""alpha_cutout"", ""expected_concept_word"": ""post wax stick"", ""reviewed_from"": ""audit/visual-assets/sheets/pending_visual/09-props-prop-cutout-post-office-002.jpg"", ""decision_source"": ""audit/visual-assets/decisions-props-remaining.jsonl"", ""sha256"": ""9f94090ac0b6ce9d499b52d4ddfb37b288a1a02bb5786775d4b760095b7b6e67"", ""bytes"": 18794, ""notes"": ""Low resolution sprite with pixelated rendering or insufficient dimension (post-wax-stick)."", ""reason_codes"": [""low_resolution""]}"
live:prop:school-binder,school-binder,school binder,props,live,09_props,production_asset,public/assets/09_props/img/school-binder.png,REVIEW,"[""exact_duplicate""]","[""exact_duplicate""]",Duplicate asset matching existing cutout prop across packs (school-binder).,,audit/visual-assets/sheets/pending_visual/09-props-prop-cutout-school-002.jpg,,"{""asset_id"": ""live:prop:school-binder"", ""key"": ""school-binder"", ""concept"": ""school binder"", ""source_bank"": ""09_props"", ""source_role"": ""production_asset"", ""source_path"": ""public/assets/09_props/img/school-binder.png"", ""expected_asset_type"": ""prop_cutout"", ""expected_background_mode"": ""alpha_cutout"", ""expected_concept_word"": ""school binder"", ""reviewed_from"": ""audit/visual-assets/sheets/pending_visual/09-props-prop-cutout-school-002.jpg"", ""decision_source"": ""audit/visual-assets/decisions-props-remaining.jsonl"", ""sha256"": ""87eb7a8d54784656c1bb287d53d7a06ad16f8c603f6b758e7f973edcce569f16"", ""bytes"": 123100, ""notes"": ""Duplicate asset matching existing cutout prop across packs (school-binder)."", ""reason_codes"": [""exact_duplicate""]}"
live:prop:school-calculator-blank,school-calculator-blank,school calculator blank,props,live,09_props,production_asset,public/assets/09_props/img/school-calculator-blank.png,REVIEW,"[""exact_duplicate""]","[""exact_duplicate""]",Duplicate asset matching existing cutout prop across packs (school-calculator-blank).,,audit/visual-assets/sheets/pending_visual/09-props-prop-cutout-school-002.jpg,,"{""asset_id"": ""live:prop:school-calculator-blank"", ""key"": ""school-calculator-blank"", ""concept"": ""school calculator blank"", ""source_bank"": ""09_props"", ""source_role"": ""production_asset"", ""source_path"": ""public/assets/09_props/img/school-calculator-blank.png"", ""expected_asset_type"": ""prop_cutout"", ""expected_background_mode"": ""alpha_cutout"", ""expected_concept_word"": ""school calculator blank"", ""reviewed_from"": ""audit/visual-assets/sheets/pending_visual/09-props-prop-cutout-school-002.jpg"", ""decision_source"": ""audit/visual-assets/decisions-props-remaining.jsonl"", ""sha256"": ""ec403eaad1ce92bbaf1f7cf11744e5c0726be4c23bbe24d96088249d42d2aaf7"", ""bytes"": 103137, ""notes"": ""Duplicate asset matching existing cutout prop across packs (school-calculator-blank)."", ""reason_codes"": [""exact_duplicate""]}"
live:prop:school-chalk,school-chalk,school chalk,props,live,09_props,production_asset,public/assets/09_props/img/school-chalk.png,REVIEW,"[""exact_duplicate""]","[""exact_duplicate""]",Duplicate asset matching existing cutout prop across packs (school-chalk).,,audit/visual-assets/sheets/pending_visual/09-props-prop-cutout-school-002.jpg,,"{""asset_id"": ""live:prop:school-chalk"", ""key"": ""school-chalk"", ""concept"": ""school chalk"", ""source_bank"": ""09_props"", ""source_role"": ""production_asset"", ""source_path"": ""public/assets/09_props/img/school-chalk.png"", ""expected_asset_type"": ""prop_cutout"", ""expected_background_mode"": ""alpha_cutout"", ""expected_concept_word"": ""school chalk"", ""reviewed_from"": ""audit/visual-assets/sheets/pending_visual/09-props-prop-cutout-school-002.jpg"", ""decision_source"": ""audit/visual-assets/decisions-props-remaining.jsonl"", ""sha256"": ""0454a400eb97cb915054e001bf518f4d901829228493be31e1985597ddc5865f"", ""bytes"": 58715, ""notes"": ""Duplicate asset matching existing cutout prop across packs (school-chalk)."", ""reason_codes"": [""exact_duplicate""]}"
live:prop:school-chalkboard-eraser,school-chalkboard-eraser,school chalkboard eraser,props,live,09_props,production_asset,public/assets/09_props/img/school-chalkboard-eraser.png,REVIEW,"[""exact_duplicate""]","[""exact_duplicate""]",Duplicate asset matching existing cutout prop across packs (school-chalkboard-eraser).,,audit/visual-assets/sheets/pending_visual/09-props-prop-cutout-school-002.jpg,,"{""asset_id"": ""live:prop:school-chalkboard-eraser"", ""key"": ""school-chalkboard-eraser"", ""concept"": ""school chalkboard eraser"", ""source_bank"": ""09_props"", ""source_role"": ""production_asset"", ""source_path"": ""public/assets/09_props/img/school-chalkboard-eraser.png"", ""expected_asset_type"": ""prop_cutout"", ""expected_background_mode"": ""alpha_cutout"", ""expected_concept_word"": ""school chalkboard eraser"", ""reviewed_from"": ""audit/visual-assets/sheets/pending_visual/09-props-prop-cutout-school-002.jpg"", ""decision_source"": ""audit/visual-assets/decisions-props-remaining.jsonl"", ""sha256"": ""879069fa4e78ba49806db6feef5a27a38afd88147bbe37f6f416006229b22229"", ""bytes"": 77058, ""notes"": ""Duplicate asset matching existing cutout prop across packs (school-chalkboard-eraser)."", ""reason_codes"": [""exact_duplicate""]}"
live:prop:school-clipboard,school-clipboard,school clipboard,props,live,09_props,production_asset,public/assets/09_props/img/school-clipboard.png,REVIEW,"[""exact_duplicate""]","[""exact_duplicate""]",Duplicate asset matching existing cutout prop across packs (school-clipboard).,,audit/visual-assets/sheets/pending_visual/09-props-prop-cutout-school-002.jpg,,"{""asset_id"": ""live:prop:school-clipboard"", ""key"": ""school-clipboard"", ""concept"": ""school clipboard"", ""source_bank"": ""09_props"", ""source_role"": ""production_asset"", ""source_path"": ""public/assets/09_props/img/school-clipboard.png"", ""expected_asset_type"": ""prop_cutout"", ""expected_background_mode"": ""alpha_cutout"", ""expected_concept_word"": ""school clipboard"", ""reviewed_from"": ""audit/visual-assets/sheets/pending_visual/09-props-prop-cutout-school-002.jpg"", ""decision_source"": ""audit/visual-assets/decisions-props-remaining.jsonl"", ""sha256"": ""95b19a7e8a678315fb3ad98a048afa66e3222a23a36f2596622d5afd5af85be5"", ""bytes"": 95291, ""notes"": ""Duplicate asset matching existing cutout prop across packs (school-clipboard)."", ""reason_codes"": [""exact_duplicate""]}"
live:prop:school-desk-bell,school-desk-bell,school desk bell,props,live,09_props,production_asset,public/assets/09_props/img/school-desk-bell.png,REVIEW,"[""exact_duplicate""]","[""exact_duplicate""]",Duplicate asset matching existing cutout prop across packs (school-desk-bell).,,audit/visual-assets/sheets/pending_visual/09-props-prop-cutout-school-002.jpg,,"{""asset_id"": ""live:prop:school-desk-bell"", ""key"": ""school-desk-bell"", ""concept"": ""school desk bell"", ""source_bank"": ""09_props"", ""source_role"": ""production_asset"", ""source_path"": ""public/assets/09_props/img/school-desk-bell.png"", ""expected_asset_type"": ""prop_cutout"", ""expected_background_mode"": ""alpha_cutout"", ""expected_concept_word"": ""school desk bell"", ""reviewed_from"": ""audit/visual-assets/sheets/pending_visual/09-props-prop-cutout-school-002.jpg"", ""decision_source"": ""audit/visual-assets/decisions-props-remaining.jsonl"", ""sha256"": ""d76d1b6bd2669068625649e637409000e9bd0394c5f6da7b494d15735a72329d"", ""bytes"": 100570, ""notes"": ""Duplicate asset matching existing cutout prop across packs (school-desk-bell)."", ""reason_codes"": [""exact_duplicate""]}"
live:prop:school-desk-organizer,school-desk-organizer,school desk organizer,props,live,09_props,production_asset,public/assets/09_props/img/school-desk-organizer.png,REVIEW,"[""exact_duplicate""]","[""exact_duplicate""]",Duplicate asset matching existing cutout prop across packs (school-desk-organizer).,,audit/visual-assets/sheets/pending_visual/09-props-prop-cutout-school-003.jpg,,"{""asset_id"": ""live:prop:school-desk-organizer"", ""key"": ""school-desk-organizer"", ""concept"": ""school desk organizer"", ""source_bank"": ""09_props"", ""source_role"": ""production_asset"", ""source_path"": ""public/assets/09_props/img/school-desk-organizer.png"", ""expected_asset_type"": ""prop_cutout"", ""expected_background_mode"": ""alpha_cutout"", ""expected_concept_word"": ""school desk organizer"", ""reviewed_from"": ""audit/visual-assets/sheets/pending_visual/09-props-prop-cutout-school-003.jpg"", ""decision_source"": ""audit/visual-assets/decisions-props-remaining.jsonl"", ""sha256"": ""ece1537c5e94b9169bbde5b8f957ee005ae995ccfee85f1db8deb9ee4c6ed906"", ""bytes"": 103499, ""notes"": ""Duplicate asset matching existing cutout prop across packs (school-desk-organizer)."", ""reason_codes"": [""exact_duplicate""]}"
live:prop:school-eraser,school-eraser,school eraser,props,live,09_props,production_asset,public/assets/09_props/img/school-eraser.png,REVIEW,"[""exact_duplicate""]","[""exact_duplicate""]",Duplicate asset matching existing cutout prop across packs (school-eraser).,,audit/visual-assets/sheets/pending_visual/09-props-prop-cutout-school-003.jpg,,"{""asset_id"": ""live:prop:school-eraser"", ""key"": ""school-eraser"", ""concept"": ""school eraser"", ""source_bank"": ""09_props"", ""source_role"": ""production_asset"", ""source_path"": ""public/assets/09_props/img/school-eraser.png"", ""expected_asset_type"": ""prop_cutout"", ""expected_background_mode"": ""alpha_cutout"", ""expected_concept_word"": ""school eraser"", ""reviewed_from"": ""audit/visual-assets/sheets/pending_visual/09-props-prop-cutout-school-003.jpg"", ""decision_source"": ""audit/visual-assets/decisions-props-remaining.jsonl"", ""sha256"": ""eb825801a796ed878ce5a16be30f9e668b7ed1f06dbe758c8785a91a1f5612c4"", ""bytes"": 91931, ""notes"": ""Duplicate asset matching existing cutout prop across packs (school-eraser)."", ""reason_codes"": [""exact_duplicate""]}"
live:prop:school-flashcards-blank,school-flashcards-blank,school flashcards blank,props,live,09_props,production_asset,public/assets/09_props/img/school-flashcards-blank.png,REVIEW,"[""exact_duplicate""]","[""exact_duplicate""]",Duplicate asset matching existing cutout prop across packs (school-flashcards-blank).,,audit/visual-assets/sheets/pending_visual/09-props-prop-cutout-school-003.jpg,,"{""asset_id"": ""live:prop:school-flashcards-blank"", ""key"": ""school-flashcards-blank"", ""concept"": ""school flashcards blank"", ""source_bank"": ""09_props"", ""source_role"": ""production_asset"", ""source_path"": ""public/assets/09_props/img/school-flashcards-blank.png"", ""expected_asset_type"": ""prop_cutout"", ""expected_background_mode"": ""alpha_cutout"", ""expected_concept_word"": ""school flashcards blank"", ""reviewed_from"": ""audit/visual-assets/sheets/pending_visual/09-props-prop-cutout-school-003.jpg"", ""decision_source"": ""audit/visual-assets/decisions-props-remaining.jsonl"", ""sha256"": ""55283b68fd81fff38510ff0d8036df7d80a7812b3205a299ef1b593d07e67207"", ""bytes"": 89901, ""notes"": ""Duplicate asset matching existing cutout prop across packs (school-flashcards-blank)."", ""reason_codes"": [""exact_duplicate""]}"
live:prop:school-glue-stick,school-glue-stick,school glue stick,props,live,09_props,production_asset,public/assets/09_props/img/school-glue-stick.png,REVIEW,"[""exact_duplicate""]","[""exact_duplicate""]",Duplicate asset matching existing cutout prop across packs (school-glue-stick).,,audit/visual-assets/sheets/pending_visual/09-props-prop-cutout-school-003.jpg,,"{""asset_id"": ""live:prop:school-glue-stick"", ""key"": ""school-glue-stick"", ""concept"": ""school glue stick"", ""source_bank"": ""09_props"", ""source_role"": ""production_asset"", ""source_path"": ""public/assets/09_props/img/school-glue-stick.png"", ""expected_asset_type"": ""prop_cutout"", ""expected_background_mode"": ""alpha_cutout"", ""expected_concept_word"": ""school glue stick"", ""reviewed_from"": ""audit/visual-assets/sheets/pending_visual/09-props-prop-cutout-school-003.jpg"", ""decision_source"": ""audit/visual-assets/decisions-props-remaining.jsonl"", ""sha256"": ""69c5a5570e4f3fab42914726ad0a4fe13351e7e23e6c69cd47d2456e842e8eac"", ""bytes"": 36732, ""notes"": ""Duplicate asset matching existing cutout prop across packs (school-glue-stick)."", ""reason_codes"": [""exact_duplicate""]}"
live:prop:school-highlighter,school-highlighter,school highlighter,props,live,09_props,production_asset,public/assets/09_props/img/school-highlighter.png,REVIEW,"[""exact_duplicate""]","[""exact_duplicate""]",Duplicate asset matching existing cutout prop across packs (school-highlighter).,,audit/visual-assets/sheets/pending_visual/09-props-prop-cutout-school-003.jpg,,"{""asset_id"": ""live:prop:school-highlighter"", ""key"": ""school-highlighter"", ""concept"": ""school highlighter"", ""source_bank"": ""09_props"", ""source_role"": ""production_asset"", ""source_path"": ""public/assets/09_props/img/school-highlighter.png"", ""expected_asset_type"": ""prop_cutout"", ""expected_background_mode"": ""alpha_cutout"", ""expected_concept_word"": ""school highlighter"", ""reviewed_from"": ""audit/visual-assets/sheets/pending_visual/09-props-prop-cutout-school-003.jpg"", ""decision_source"": ""audit/visual-assets/decisions-props-remaining.jsonl"", ""sha256"": ""9079b37843b8176f60d9c197f38cb111cb42e96ee4521b73fa21c297e9db7375"", ""bytes"": 87011, ""notes"": ""Duplicate asset matching existing cutout prop across packs (school-highlighter)."", ""reason_codes"": [""exact_duplicate""]}"
live:prop:school-notebook,school-notebook,school notebook,props,live,09_props,production_asset,public/assets/09_props/img/school-notebook.png,REVIEW,"[""exact_duplicate""]","[""exact_duplicate""]",Duplicate asset matching existing cutout prop across packs (school-notebook).,,audit/visual-assets/sheets/pending_visual/09-props-prop-cutout-school-003.jpg,,"{""asset_id"": ""live:prop:school-notebook"", ""key"": ""school-notebook"", ""concept"": ""school notebook"", ""source_bank"": ""09_props"", ""source_role"": ""production_asset"", ""source_path"": ""public/assets/09_props/img/school-notebook.png"", ""expected_asset_type"": ""prop_cutout"", ""expected_background_mode"": ""alpha_cutout"", ""expected_concept_word"": ""school notebook"", ""reviewed_from"": ""audit/visual-assets/sheets/pending_visual/09-props-prop-cutout-school-003.jpg"", ""decision_source"": ""audit/visual-assets/decisions-props-remaining.jsonl"", ""sha256"": ""a2fd554442c7720355485a5152be2dd235600711c1a86bbc4c20652c0acf797b"", ""bytes"": 123844, ""notes"": ""Duplicate asset matching existing cutout prop across packs (school-notebook)."", ""reason_codes"": [""exact_duplicate""]}"
live:prop:school-paper-clips,school-paper-clips,school paper clips,props,live,09_props,production_asset,public/assets/09_props/img/school-paper-clips.png,REVIEW,"[""exact_duplicate""]","[""exact_duplicate""]",Duplicate asset matching existing cutout prop across packs (school-paper-clips).,,audit/visual-assets/sheets/pending_visual/09-props-prop-cutout-school-003.jpg,,"{""asset_id"": ""live:prop:school-paper-clips"", ""key"": ""school-paper-clips"", ""concept"": ""school paper clips"", ""source_bank"": ""09_props"", ""source_role"": ""production_asset"", ""source_path"": ""public/assets/09_props/img/school-paper-clips.png"", ""expected_asset_type"": ""prop_cutout"", ""expected_background_mode"": ""alpha_cutout"", ""expected_concept_word"": ""school paper clips"", ""reviewed_from"": ""audit/visual-assets/sheets/pending_visual/09-props-prop-cutout-school-003.jpg"", ""decision_source"": ""audit/visual-assets/decisions-props-remaining.jsonl"", ""sha256"": ""82b4b27b749a97fa52c2150b14f2a62098e266a87946c84aec4581a65ae04ff0"", ""bytes"": 96608, ""notes"": ""Duplicate asset matching existing cutout prop across packs (school-paper-clips)."", ""reason_codes"": [""exact_duplicate""]}"
live:prop:school-pen,school-pen,school pen,props,live,09_props,production_asset,public/assets/09_props/img/school-pen.png,REVIEW,"[""exact_duplicate""]","[""exact_duplicate""]",Duplicate asset matching existing cutout prop across packs (school-pen).,,audit/visual-assets/sheets/pending_visual/09-props-prop-cutout-school-003.jpg,,"{""asset_id"": ""live:prop:school-pen"", ""key"": ""school-pen"", ""concept"": ""school pen"", ""source_bank"": ""09_props"", ""source_role"": ""production_asset"", ""source_path"": ""public/assets/09_props/img/school-pen.png"", ""expected_asset_type"": ""prop_cutout"", ""expected_background_mode"": ""alpha_cutout"", ""expected_concept_word"": ""school pen"", ""reviewed_from"": ""audit/visual-assets/sheets/pending_visual/09-props-prop-cutout-school-003.jpg"", ""decision_source"": ""audit/visual-assets/decisions-props-remaining.jsonl"", ""sha256"": ""08e98ced51ea3dff8d32b449830533df0a26f9bb4def7d29e3989727edd49b41"", ""bytes"": 55143, ""notes"": ""Duplicate asset matching existing cutout prop across packs (school-pen)."", ""reason_codes"": [""exact_duplicate""]}"
live:prop:school-pencil,school-pencil,school pencil,props,live,09_props,production_asset,public/assets/09_props/img/school-pencil.png,REVIEW,"[""exact_duplicate""]","[""exact_duplicate""]",Duplicate asset matching existing cutout prop across packs (school-pencil).,,audit/visual-assets/sheets/pending_visual/09-props-prop-cutout-school-003.jpg,,"{""asset_id"": ""live:prop:school-pencil"", ""key"": ""school-pencil"", ""concept"": ""school pencil"", ""source_bank"": ""09_props"", ""source_role"": ""production_asset"", ""source_path"": ""public/assets/09_props/img/school-pencil.png"", ""expected_asset_type"": ""prop_cutout"", ""expected_background_mode"": ""alpha_cutout"", ""expected_concept_word"": ""school pencil"", ""reviewed_from"": ""audit/visual-assets/sheets/pending_visual/09-props-prop-cutout-school-003.jpg"", ""decision_source"": ""audit/visual-assets/decisions-props-remaining.jsonl"", ""sha256"": ""18a446cf03aa81b365ffca1b8c937c9776141bdc6ce11a97c7ccb0a925ec34f8"", ""bytes"": 54133, ""notes"": ""Duplicate asset matching existing cutout prop across packs (school-pencil)."", ""reason_codes"": [""exact_duplicate""]}"
live:prop:school-pencil-case,school-pencil-case,school pencil case,props,live,09_props,production_asset,public/assets/09_props/img/school-pencil-case.png,REVIEW,"[""exact_duplicate""]","[""exact_duplicate""]",Duplicate asset matching existing cutout prop across packs (school-pencil-case).,,audit/visual-assets/sheets/pending_visual/09-props-prop-cutout-school-003.jpg,,"{""asset_id"": ""live:prop:school-pencil-case"", ""key"": ""school-pencil-case"", ""concept"": ""school pencil case"", ""source_bank"": ""09_props"", ""source_role"": ""production_asset"", ""source_path"": ""public/assets/09_props/img/school-pencil-case.png"", ""expected_asset_type"": ""prop_cutout"", ""expected_background_mode"": ""alpha_cutout"", ""expected_concept_word"": ""school pencil case"", ""reviewed_from"": ""audit/visual-assets/sheets/pending_visual/09-props-prop-cutout-school-003.jpg"", ""decision_source"": ""audit/visual-assets/decisions-props-remaining.jsonl"", ""sha256"": ""da12c082f1e134102cd83ee2297d2e6d054a0f3116c914832a890ca481ad3a0f"", ""bytes"": 68335, ""notes"": ""Duplicate asset matching existing cutout prop across packs (school-pencil-case)."", ""reason_codes"": [""exact_duplicate""]}"
live:prop:school-ruler,school-ruler,school ruler,props,live,09_props,production_asset,public/assets/09_props/img/school-ruler.png,REVIEW,"[""exact_duplicate""]","[""exact_duplicate""]",Duplicate asset matching existing cutout prop across packs (school-ruler).,,audit/visual-assets/sheets/pending_visual/09-props-prop-cutout-school-003.jpg,,"{""asset_id"": ""live:prop:school-ruler"", ""key"": ""school-ruler"", ""concept"": ""school ruler"", ""source_bank"": ""09_props"", ""source_role"": ""production_asset"", ""source_path"": ""public/assets/09_props/img/school-ruler.png"", ""expected_asset_type"": ""prop_cutout"", ""expected_background_mode"": ""alpha_cutout"", ""expected_concept_word"": ""school ruler"", ""reviewed_from"": ""audit/visual-assets/sheets/pending_visual/09-props-prop-cutout-school-003.jpg"", ""decision_source"": ""audit/visual-assets/decisions-props-remaining.jsonl"", ""sha256"": ""31f60139afc987ed4c3454d8b77a2da771067e690da9555fa8ff22294827f34b"", ""bytes"": 38978, ""notes"": ""Duplicate asset matching existing cutout prop across packs (school-ruler)."", ""reason_codes"": [""exact_duplicate""]}"
live:prop:school-sharpener,school-sharpener,school sharpener,props,live,09_props,production_asset,public/assets/09_props/img/school-sharpener.png,REVIEW,"[""exact_duplicate""]","[""exact_duplicate""]",Duplicate asset matching existing cutout prop across packs (school-sharpener).,,audit/visual-assets/sheets/pending_visual/09-props-prop-cutout-school-003.jpg,,"{""asset_id"": ""live:prop:school-sharpener"", ""key"": ""school-sharpener"", ""concept"": ""school sharpener"", ""source_bank"": ""09_props"", ""source_role"": ""production_asset"", ""source_path"": ""public/assets/09_props/img/school-sharpener.png"", ""expected_asset_type"": ""prop_cutout"", ""expected_background_mode"": ""alpha_cutout"", ""expected_concept_word"": ""school sharpener"", ""reviewed_from"": ""audit/visual-assets/sheets/pending_visual/09-props-prop-cutout-school-003.jpg"", ""decision_source"": ""audit/visual-assets/decisions-props-remaining.jsonl"", ""sha256"": ""8f772cba3fad5c18b1fe8c8d416dea3517cfa14278adbeaaf04a53e08a9082ba"", ""bytes"": 107142, ""notes"": ""Duplicate asset matching existing cutout prop across packs (school-sharpener)."", ""reason_codes"": [""exact_duplicate""]}"
live:prop:school-stapler,school-stapler,school stapler,props,live,09_props,production_asset,public/assets/09_props/img/school-stapler.png,REVIEW,"[""exact_duplicate""]","[""exact_duplicate""]",Duplicate asset matching existing cutout prop across packs (school-stapler).,,audit/visual-assets/sheets/pending_visual/09-props-prop-cutout-school-003.jpg,,"{""asset_id"": ""live:prop:school-stapler"", ""key"": ""school-stapler"", ""concept"": ""school stapler"", ""source_bank"": ""09_props"", ""source_role"": ""production_asset"", ""source_path"": ""public/assets/09_props/img/school-stapler.png"", ""expected_asset_type"": ""prop_cutout"", ""expected_background_mode"": ""alpha_cutout"", ""expected_concept_word"": ""school stapler"", ""reviewed_from"": ""audit/visual-assets/sheets/pending_visual/09-props-prop-cutout-school-003.jpg"", ""decision_source"": ""audit/visual-assets/decisions-props-remaining.jsonl"", ""sha256"": ""2c227526c01e43b065d3aa566d54548ee672d3a6dafb57a9dd6ca07875554288"", ""bytes"": 72518, ""notes"": ""Duplicate asset matching existing cutout prop across packs (school-stapler)."", ""reason_codes"": [""exact_duplicate""]}"
live:prop:school-sticky-notes,school-sticky-notes,school sticky notes,props,live,09_props,production_asset,public/assets/09_props/img/school-sticky-notes.png,REVIEW,"[""exact_duplicate""]","[""exact_duplicate""]",Duplicate asset matching existing cutout prop across packs (school-sticky-notes).,,audit/visual-assets/sheets/pending_visual/09-props-prop-cutout-school-003.jpg,,"{""asset_id"": ""live:prop:school-sticky-notes"", ""key"": ""school-sticky-notes"", ""concept"": ""school sticky notes"", ""source_bank"": ""09_props"", ""source_role"": ""production_asset"", ""source_path"": ""public/assets/09_props/img/school-sticky-notes.png"", ""expected_asset_type"": ""prop_cutout"", ""expected_background_mode"": ""alpha_cutout"", ""expected_concept_word"": ""school sticky notes"", ""reviewed_from"": ""audit/visual-assets/sheets/pending_visual/09-props-prop-cutout-school-003.jpg"", ""decision_source"": ""audit/visual-assets/decisions-props-remaining.jsonl"", ""sha256"": ""e71448d5bc4c2498020efc819f385e4a5df80fcab14d0f56e41e2419a4c9408b"", ""bytes"": 130443, ""notes"": ""Duplicate asset matching existing cutout prop across packs (school-sticky-notes)."", ""reason_codes"": [""exact_duplicate""]}"
live:prop:school-textbook-blank,school-textbook-blank,school textbook blank,props,live,09_props,production_asset,public/assets/09_props/img/school-textbook-blank.png,REVIEW,"[""exact_duplicate""]","[""exact_duplicate""]",Duplicate asset matching existing cutout prop across packs (school-textbook-blank).,,audit/visual-assets/sheets/pending_visual/09-props-prop-cutout-school-003.jpg,,"{""asset_id"": ""live:prop:school-textbook-blank"", ""key"": ""school-textbook-blank"", ""concept"": ""school textbook blank"", ""source_bank"": ""09_props"", ""source_role"": ""production_asset"", ""source_path"": ""public/assets/09_props/img/school-textbook-blank.png"", ""expected_asset_type"": ""prop_cutout"", ""expected_background_mode"": ""alpha_cutout"", ""expected_concept_word"": ""school textbook blank"", ""reviewed_from"": ""audit/visual-assets/sheets/pending_visual/09-props-prop-cutout-school-003.jpg"", ""decision_source"": ""audit/visual-assets/decisions-props-remaining.jsonl"", ""sha256"": ""651382b785216b1804180bec924a416ef8466f2b23b7bbd0d65a020a7500429a"", ""bytes"": 110702, ""notes"": ""Duplicate asset matching existing cutout prop across packs (school-textbook-blank)."", ""reason_codes"": [""exact_duplicate""]}"
live:prop:school-water-bottle,school-water-bottle,school water bottle,props,live,09_props,production_asset,public/assets/09_props/img/school-water-bottle.png,REVIEW,"[""exact_duplicate""]","[""exact_duplicate""]",Duplicate asset matching existing cutout prop across packs (school-water-bottle).,,audit/visual-assets/sheets/pending_visual/09-props-prop-cutout-school-003.jpg,,"{""asset_id"": ""live:prop:school-water-bottle"", ""key"": ""school-water-bottle"", ""concept"": ""school water bottle"", ""source_bank"": ""09_props"", ""source_role"": ""production_asset"", ""source_path"": ""public/assets/09_props/img/school-water-bottle.png"", ""expected_asset_type"": ""prop_cutout"", ""expected_background_mode"": ""alpha_cutout"", ""expected_concept_word"": ""school water bottle"", ""reviewed_from"": ""audit/visual-assets/sheets/pending_visual/09-props-prop-cutout-school-003.jpg"", ""decision_source"": ""audit/visual-assets/decisions-props-remaining.jsonl"", ""sha256"": ""ceea1f057ae8bac96ff7810214911f5f7d8b875796f9886002e0ba3f4f0ae042"", ""bytes"": 47285, ""notes"": ""Duplicate asset matching existing cutout prop across packs (school-water-bottle)."", ""reason_codes"": [""exact_duplicate""]}"
live:prop:school-whiteboard-marker,school-whiteboard-marker,school whiteboard marker,props,live,09_props,production_asset,public/assets/09_props/img/school-whiteboard-marker.png,REVIEW,"[""exact_duplicate""]","[""exact_duplicate""]",Duplicate asset matching existing cutout prop across packs (school-whiteboard-marker).,,audit/visual-assets/sheets/pending_visual/09-props-prop-cutout-school-003.jpg,,"{""asset_id"": ""live:prop:school-whiteboard-marker"", ""key"": ""school-whiteboard-marker"", ""concept"": ""school whiteboard marker"", ""source_bank"": ""09_props"", ""source_role"": ""production_asset"", ""source_path"": ""public/assets/09_props/img/school-whiteboard-marker.png"", ""expected_asset_type"": ""prop_cutout"", ""expected_background_mode"": ""alpha_cutout"", ""expected_concept_word"": ""school whiteboard marker"", ""reviewed_from"": ""audit/visual-assets/sheets/pending_visual/09-props-prop-cutout-school-003.jpg"", ""decision_source"": ""audit/visual-assets/decisions-props-remaining.jsonl"", ""sha256"": ""e079da807216732e7388115a4feed06b7a0090ac4fad69fd9073ec30ae6b707d"", ""bytes"": 60012, ""notes"": ""Duplicate asset matching existing cutout prop across packs (school-whiteboard-marker)."", ""reason_codes"": [""exact_duplicate""]}"
live:prop:sci-test-tube,sci-test-tube,sci test tube,props,live,09_props,production_asset,public/assets/09_props/img/sci-test-tube.png,REVIEW,"[""low_resolution""]","[""low_resolution""]",Low resolution sprite with pixelated rendering or insufficient dimension (sci-test-tube).,,audit/visual-assets/sheets/pending_visual/09-props-prop-cutout-science-001.jpg,,"{""asset_id"": ""live:prop:sci-test-tube"", ""key"": ""sci-test-tube"", ""concept"": ""sci test tube"", ""source_bank"": ""09_props"", ""source_role"": ""production_asset"", ""source_path"": ""public/assets/09_props/img/sci-test-tube.png"", ""expected_asset_type"": ""prop_cutout"", ""expected_background_mode"": ""alpha_cutout"", ""expected_concept_word"": ""sci test tube"", ""reviewed_from"": ""audit/visual-assets/sheets/pending_visual/09-props-prop-cutout-science-001.jpg"", ""decision_source"": ""audit/visual-assets/decisions-props-remaining.jsonl"", ""sha256"": ""8e4a6d60abbac305683816f1bf6bae6b94cc04b440ee3b965a0ae2e085680d2a"", ""bytes"": 18205, ""notes"": ""Low resolution sprite with pixelated rendering or insufficient dimension (sci-test-tube)."", ""reason_codes"": [""low_resolution""]}"
live:prop:space-alien-green-a,space-alien-green-a,space alien green a,props,live,09_props,production_asset,public/assets/09_props/img/space-alien-green-a.png,REVIEW,"[""low_resolution""]","[""low_resolution""]",Low resolution alien sprite.,,audit/visual-assets/sheets/pending_visual/09-props-prop-cutout-space-002.jpg,,"{""asset_id"": ""live:prop:space-alien-green-a"", ""key"": ""space-alien-green-a"", ""concept"": ""space alien green a"", ""source_bank"": ""09_props"", ""source_role"": ""production_asset"", ""source_path"": ""public/assets/09_props/img/space-alien-green-a.png"", ""expected_asset_type"": ""prop_cutout"", ""expected_background_mode"": ""alpha_cutout"", ""expected_concept_word"": ""space alien green a"", ""reviewed_from"": ""audit/visual-assets/sheets/pending_visual/09-props-prop-cutout-space-002.jpg"", ""decision_source"": ""audit/visual-assets/decisions-backgrounds-props.jsonl"", ""sha256"": ""10d95c719b7f6cb3f3b1d2cd2747c972bf4898e5feb7848ca49e1259b39c85f0"", ""bytes"": 11166, ""notes"": ""Low resolution alien sprite."", ""reason_codes"": [""low_resolution""]}"
live:prop:space-alien-green-b,space-alien-green-b,space alien green b,props,live,09_props,production_asset,public/assets/09_props/img/space-alien-green-b.png,REVIEW,"[""exact_duplicate""]","[""exact_duplicate""]",Exact duplicate astronaut/suit asset.,,audit/visual-assets/sheets/pending_visual/09-props-prop-cutout-space-002.jpg,,"{""asset_id"": ""live:prop:space-alien-green-b"", ""key"": ""space-alien-green-b"", ""concept"": ""space alien green b"", ""source_bank"": ""09_props"", ""source_role"": ""production_asset"", ""source_path"": ""public/assets/09_props/img/space-alien-green-b.png"", ""expected_asset_type"": ""prop_cutout"", ""expected_background_mode"": ""alpha_cutout"", ""expected_concept_word"": ""space alien green b"", ""reviewed_from"": ""audit/visual-assets/sheets/pending_visual/09-props-prop-cutout-space-002.jpg"", ""decision_source"": ""audit/visual-assets/decisions-backgrounds-props.jsonl"", ""sha256"": ""20f5e024abfcb11818adcc96085ac96847182cf713c60534f85ef053ef1dd3b8"", ""bytes"": 11780, ""notes"": ""Exact duplicate astronaut/suit asset."", ""reason_codes"": [""exact_duplicate""]}"
live:prop:space-alien-green-c,space-alien-green-c,space alien green c,props,live,09_props,production_asset,public/assets/09_props/img/space-alien-green-c.png,REVIEW,"[""low_resolution""]","[""low_resolution""]",Low resolution alien sprite.,,audit/visual-assets/sheets/pending_visual/09-props-prop-cutout-space-002.jpg,,"{""asset_id"": ""live:prop:space-alien-green-c"", ""key"": ""space-alien-green-c"", ""concept"": ""space alien green c"", ""source_bank"": ""09_props"", ""source_role"": ""production_asset"", ""source_path"": ""public/assets/09_props/img/space-alien-green-c.png"", ""expected_asset_type"": ""prop_cutout"", ""expected_background_mode"": ""alpha_cutout"", ""expected_concept_word"": ""space alien green c"", ""reviewed_from"": ""audit/visual-assets/sheets/pending_visual/09-props-prop-cutout-space-002.jpg"", ""decision_source"": ""audit/visual-assets/decisions-backgrounds-props.jsonl"", ""sha256"": ""10bca9e11e6516b8d85156b83aee19f0356d15f05a582a9ad21413fd980e0f7a"", ""bytes"": 8405, ""notes"": ""Low resolution alien sprite."", ""reason_codes"": [""low_resolution""]}"
live:prop:space-alien-plush,space-alien-plush,space alien plush,props,live,09_props,production_asset,public/assets/09_props/img/space-alien-plush.png,REVIEW,"[""exact_duplicate""]","[""exact_duplicate""]",Exact duplicate astronaut/suit asset.,,audit/visual-assets/sheets/pending_visual/09-props-prop-cutout-space-002.jpg,,"{""asset_id"": ""live:prop:space-alien-plush"", ""key"": ""space-alien-plush"", ""concept"": ""space alien plush"", ""source_bank"": ""09_props"", ""source_role"": ""production_asset"", ""source_path"": ""public/assets/09_props/img/space-alien-plush.png"", ""expected_asset_type"": ""prop_cutout"", ""expected_background_mode"": ""alpha_cutout"", ""expected_concept_word"": ""space alien plush"", ""reviewed_from"": ""audit/visual-assets/sheets/pending_visual/09-props-prop-cutout-space-002.jpg"", ""decision_source"": ""audit/visual-assets/decisions-backgrounds-props.jsonl"", ""sha256"": ""f911d65cb2fe2b6abf23121189566081bb6d0ae423e2a31afb72fc85d3e33a92"", ""bytes"": 75461, ""notes"": ""Exact duplicate astronaut/suit asset."", ""reason_codes"": [""exact_duplicate""]}"
live:prop:space-alien-plush-v2,space-alien-plush-v2,space alien plush v2,props,live,09_props,production_asset,public/assets/09_props/img/space-alien-plush-v2.png,REVIEW,"[""exact_duplicate""]","[""exact_duplicate""]",Exact duplicate astronaut/suit asset.,,audit/visual-assets/sheets/pending_visual/09-props-prop-cutout-space-002.jpg,,"{""asset_id"": ""live:prop:space-alien-plush-v2"", ""key"": ""space-alien-plush-v2"", ""concept"": ""space alien plush v2"", ""source_bank"": ""09_props"", ""source_role"": ""production_asset"", ""source_path"": ""public/assets/09_props/img/space-alien-plush-v2.png"", ""expected_asset_type"": ""prop_cutout"", ""expected_background_mode"": ""alpha_cutout"", ""expected_concept_word"": ""space alien plush v2"", ""reviewed_from"": ""audit/visual-assets/sheets/pending_visual/09-props-prop-cutout-space-002.jpg"", ""decision_source"": ""audit/visual-assets/decisions-backgrounds-props.jsonl"", ""sha256"": ""f911d65cb2fe2b6abf23121189566081bb6d0ae423e2a31afb72fc85d3e33a92"", ""bytes"": 75461, ""notes"": ""Exact duplicate astronaut/suit asset."", ""reason_codes"": [""exact_duplicate""]}"
live:prop:space-alien-purple,space-alien-purple,space alien purple,props,live,09_props,production_asset,public/assets/09_props/img/space-alien-purple.png,REVIEW,"[""exact_duplicate""]","[""exact_duplicate""]",Exact duplicate astronaut/suit asset.,,audit/visual-assets/sheets/pending_visual/09-props-prop-cutout-space-002.jpg,,"{""asset_id"": ""live:prop:space-alien-purple"", ""key"": ""space-alien-purple"", ""concept"": ""space alien purple"", ""source_bank"": ""09_props"", ""source_role"": ""production_asset"", ""source_path"": ""public/assets/09_props/img/space-alien-purple.png"", ""expected_asset_type"": ""prop_cutout"", ""expected_background_mode"": ""alpha_cutout"", ""expected_concept_word"": ""space alien purple"", ""reviewed_from"": ""audit/visual-assets/sheets/pending_visual/09-props-prop-cutout-space-002.jpg"", ""decision_source"": ""audit/visual-assets/decisions-backgrounds-props.jsonl"", ""sha256"": ""7f93e1ff3cb4181cffafac118d15782e41f7e3e0baeaf75822b227c887495a34"", ""bytes"": 14083, ""notes"": ""Exact duplicate astronaut/suit asset."", ""reason_codes"": [""exact_duplicate""]}"
live:prop:space-antenna-blue,space-antenna-blue,space antenna blue,props,live,09_props,production_asset,public/assets/09_props/img/space-antenna-blue.png,REVIEW,"[""low_resolution""]","[""low_resolution""]","Severe concept mismatch & low res (antenna is chair, asteroid is satellite).",,audit/visual-assets/sheets/pending_visual/09-props-prop-cutout-space-002.jpg,,"{""asset_id"": ""live:prop:space-antenna-blue"", ""key"": ""space-antenna-blue"", ""concept"": ""space antenna blue"", ""source_bank"": ""09_props"", ""source_role"": ""production_asset"", ""source_path"": ""public/assets/09_props/img/space-antenna-blue.png"", ""expected_asset_type"": ""prop_cutout"", ""expected_background_mode"": ""alpha_cutout"", ""expected_concept_word"": ""space antenna blue"", ""reviewed_from"": ""audit/visual-assets/sheets/pending_visual/09-props-prop-cutout-space-002.jpg"", ""decision_source"": ""audit/visual-assets/decisions-backgrounds-props.jsonl"", ""sha256"": ""142b3a460a85244b7217812951eff06327fbb9427145f28baa8993e3562dfd0f"", ""bytes"": 7878, ""notes"": ""Severe concept mismatch & low res (antenna is chair, asteroid is satellite)."", ""reason_codes"": [""low_resolution""]}"
live:prop:space-asteroid,space-asteroid,space asteroid,props,live,09_props,production_asset,public/assets/09_props/img/space-asteroid.png,REVIEW,"[""low_resolution""]","[""low_resolution""]","Severe concept mismatch & low res (antenna is chair, asteroid is satellite).",,audit/visual-assets/sheets/pending_visual/09-props-prop-cutout-space-002.jpg,,"{""asset_id"": ""live:prop:space-asteroid"", ""key"": ""space-asteroid"", ""concept"": ""space asteroid"", ""source_bank"": ""09_props"", ""source_role"": ""production_asset"", ""source_path"": ""public/assets/09_props/img/space-asteroid.png"", ""expected_asset_type"": ""prop_cutout"", ""expected_background_mode"": ""alpha_cutout"", ""expected_concept_word"": ""space asteroid"", ""reviewed_from"": ""audit/visual-assets/sheets/pending_visual/09-props-prop-cutout-space-002.jpg"", ""decision_source"": ""audit/visual-assets/decisions-backgrounds-props.jsonl"", ""sha256"": ""a3ee8a6d436660bf628458469e5b1b97acb6620127f45a34e308db80e74f1ca5"", ""bytes"": 11490, ""notes"": ""Severe concept mismatch & low res (antenna is chair, asteroid is satellite)."", ""reason_codes"": [""low_resolution""]}"
live:prop:space-asteroid-v2,space-asteroid-v2,space asteroid v2,props,live,09_props,production_asset,public/assets/09_props/img/space-asteroid-v2.png,REVIEW,"[""exact_duplicate""]","[""exact_duplicate""]",Exact duplicate astronaut/suit asset.,,audit/visual-assets/sheets/pending_visual/09-props-prop-cutout-space-002.jpg,,"{""asset_id"": ""live:prop:space-asteroid-v2"", ""key"": ""space-asteroid-v2"", ""concept"": ""space asteroid v2"", ""source_bank"": ""09_props"", ""source_role"": ""production_asset"", ""source_path"": ""public/assets/09_props/img/space-asteroid-v2.png"", ""expected_asset_type"": ""prop_cutout"", ""expected_background_mode"": ""alpha_cutout"", ""expected_concept_word"": ""space asteroid v2"", ""reviewed_from"": ""audit/visual-assets/sheets/pending_visual/09-props-prop-cutout-space-002.jpg"", ""decision_source"": ""audit/visual-assets/decisions-backgrounds-props.jsonl"", ""sha256"": ""126411fc1b17987aab66e3dab7a25049a92b99980b9361e6f484dc919c4ce7d7"", ""bytes"": 116152, ""notes"": ""Exact duplicate astronaut/suit asset."", ""reason_codes"": [""exact_duplicate""]}"
live:prop:space-astronaut-gray,space-astronaut-gray,space astronaut gray,props,live,09_props,production_asset,public/assets/09_props/img/space-astronaut-gray.png,REVIEW,"[""exact_duplicate""]","[""exact_duplicate""]",Exact duplicate astronaut/suit asset.,,audit/visual-assets/sheets/pending_visual/09-props-prop-cutout-space-002.jpg,,"{""asset_id"": ""live:prop:space-astronaut-gray"", ""key"": ""space-astronaut-gray"", ""concept"": ""space astronaut gray"", ""source_bank"": ""09_props"", ""source_role"": ""production_asset"", ""source_path"": ""public/assets/09_props/img/space-astronaut-gray.png"", ""expected_asset_type"": ""prop_cutout"", ""expected_background_mode"": ""alpha_cutout"", ""expected_concept_word"": ""space astronaut gray"", ""reviewed_from"": ""audit/visual-assets/sheets/pending_visual/09-props-prop-cutout-space-002.jpg"", ""decision_source"": ""audit/visual-assets/decisions-backgrounds-props.jsonl"", ""sha256"": ""452909704f49ca7bbb0cfa7ad6f54bf26d49b5423e20f62efab66732ff0382d0"", ""bytes"": 127088, ""notes"": ""Exact duplicate astronaut/suit asset."", ""reason_codes"": [""exact_duplicate""]}"
live:prop:space-astronaut-helmet,space-astronaut-helmet,space astronaut helmet,props,live,09_props,production_asset,public/assets/09_props/img/space-astronaut-helmet.png,REVIEW,"[""exact_duplicate""]","[""exact_duplicate""]",Exact duplicate astronaut/suit asset.,,audit/visual-assets/sheets/pending_visual/09-props-prop-cutout-space-002.jpg,,"{""asset_id"": ""live:prop:space-astronaut-helmet"", ""key"": ""space-astronaut-helmet"", ""concept"": ""space astronaut helmet"", ""source_bank"": ""09_props"", ""source_role"": ""production_asset"", ""source_path"": ""public/assets/09_props/img/space-astronaut-helmet.png"", ""expected_asset_type"": ""prop_cutout"", ""expected_background_mode"": ""alpha_cutout"", ""expected_concept_word"": ""space astronaut helmet"", ""reviewed_from"": ""audit/visual-assets/sheets/pending_visual/09-props-prop-cutout-space-002.jpg"", ""decision_source"": ""audit/visual-assets/decisions-backgrounds-props.jsonl"", ""sha256"": ""38a2501071b47a45ac888c5d6f1b2886387e0e0b8d432395f45cdddbc4347f63"", ""bytes"": 112897, ""notes"": ""Exact duplicate astronaut/suit asset."", ""reason_codes"": [""exact_duplicate""]}"
live:prop:space-astronaut-helmet-v2,space-astronaut-helmet-v2,space astronaut helmet v2,props,live,09_props,production_asset,public/assets/09_props/img/space-astronaut-helmet-v2.png,REVIEW,"[""exact_duplicate""]","[""exact_duplicate""]",Exact duplicate astronaut/suit asset.,,audit/visual-assets/sheets/pending_visual/09-props-prop-cutout-space-002.jpg,,"{""asset_id"": ""live:prop:space-astronaut-helmet-v2"", ""key"": ""space-astronaut-helmet-v2"", ""concept"": ""space astronaut helmet v2"", ""source_bank"": ""09_props"", ""source_role"": ""production_asset"", ""source_path"": ""public/assets/09_props/img/space-astronaut-helmet-v2.png"", ""expected_asset_type"": ""prop_cutout"", ""expected_background_mode"": ""alpha_cutout"", ""expected_concept_word"": ""space astronaut helmet v2"", ""reviewed_from"": ""audit/visual-assets/sheets/pending_visual/09-props-prop-cutout-space-002.jpg"", ""decision_source"": ""audit/visual-assets/decisions-backgrounds-props.jsonl"", ""sha256"": ""38a2501071b47a45ac888c5d6f1b2886387e0e0b8d432395f45cdddbc4347f63"", ""bytes"": 112897, ""notes"": ""Exact duplicate astronaut/suit asset."", ""reason_codes"": [""exact_duplicate""]}"
live:prop:space-astronaut-orange,space-astronaut-orange,space astronaut orange,props,live,09_props,production_asset,public/assets/09_props/img/space-astronaut-orange.png,REVIEW,"[""exact_duplicate""]","[""exact_duplicate""]",Exact duplicate astronaut/suit asset.,,audit/visual-assets/sheets/pending_visual/09-props-prop-cutout-space-002.jpg,,"{""asset_id"": ""live:prop:space-astronaut-orange"", ""key"": ""space-astronaut-orange"", ""concept"": ""space astronaut orange"", ""source_bank"": ""09_props"", ""source_role"": ""production_asset"", ""source_path"": ""public/assets/09_props/img/space-astronaut-orange.png"", ""expected_asset_type"": ""prop_cutout"", ""expected_background_mode"": ""alpha_cutout"", ""expected_concept_word"": ""space astronaut orange"", ""reviewed_from"": ""audit/visual-assets/sheets/pending_visual/09-props-prop-cutout-space-002.jpg"", ""decision_source"": ""audit/visual-assets/decisions-backgrounds-props.jsonl"", ""sha256"": ""1fedea66fcfeadde992b5177af59ac33f662ab781b5332a563150e7c1358023b"", ""bytes"": 138313, ""notes"": ""Exact duplicate astronaut/suit asset."", ""reason_codes"": [""exact_duplicate""]}"
live:prop:space-astronaut-orange-a,space-astronaut-orange-a,space astronaut orange a,props,live,09_props,production_asset,public/assets/09_props/img/space-astronaut-orange-a.png,REVIEW,"[""exact_duplicate""]","[""exact_duplicate""]",Exact duplicate astronaut/suit asset.,,audit/visual-assets/sheets/pending_visual/09-props-prop-cutout-space-002.jpg,,"{""asset_id"": ""live:prop:space-astronaut-orange-a"", ""key"": ""space-astronaut-orange-a"", ""concept"": ""space astronaut orange a"", ""source_bank"": ""09_props"", ""source_role"": ""production_asset"", ""source_path"": ""public/assets/09_props/img/space-astronaut-orange-a.png"", ""expected_asset_type"": ""prop_cutout"", ""expected_background_mode"": ""alpha_cutout"", ""expected_concept_word"": ""space astronaut orange a"", ""reviewed_from"": ""audit/visual-assets/sheets/pending_visual/09-props-prop-cutout-space-002.jpg"", ""decision_source"": ""audit/visual-assets/decisions-backgrounds-props.jsonl"", ""sha256"": ""1fedea66fcfeadde992b5177af59ac33f662ab781b5332a563150e7c1358023b"", ""bytes"": 138313, ""notes"": ""Exact duplicate astronaut/suit asset."", ""reason_codes"": [""exact_duplicate""]}"
live:prop:space-astronaut-orange-b,space-astronaut-orange-b,space astronaut orange b,props,live,09_props,production_asset,public/assets/09_props/img/space-astronaut-orange-b.png,REVIEW,"[""exact_duplicate""]","[""exact_duplicate""]",Exact duplicate astronaut/suit asset.,,audit/visual-assets/sheets/pending_visual/09-props-prop-cutout-space-002.jpg,,"{""asset_id"": ""live:prop:space-astronaut-orange-b"", ""key"": ""space-astronaut-orange-b"", ""concept"": ""space astronaut orange b"", ""source_bank"": ""09_props"", ""source_role"": ""production_asset"", ""source_path"": ""public/assets/09_props/img/space-astronaut-orange-b.png"", ""expected_asset_type"": ""prop_cutout"", ""expected_background_mode"": ""alpha_cutout"", ""expected_concept_word"": ""space astronaut orange b"", ""reviewed_from"": ""audit/visual-assets/sheets/pending_visual/09-props-prop-cutout-space-002.jpg"", ""decision_source"": ""audit/visual-assets/decisions-backgrounds-props.jsonl"", ""sha256"": ""1fedea66fcfeadde992b5177af59ac33f662ab781b5332a563150e7c1358023b"", ""bytes"": 138313, ""notes"": ""Exact duplicate astronaut/suit asset."", ""reason_codes"": [""exact_duplicate""]}"
live:prop:space-astronaut-orange-c,space-astronaut-orange-c,space astronaut orange c,props,live,09_props,production_asset,public/assets/09_props/img/space-astronaut-orange-c.png,REVIEW,"[""exact_duplicate""]","[""exact_duplicate""]",Exact duplicate astronaut/suit asset.,,audit/visual-assets/sheets/pending_visual/09-props-prop-cutout-space-002.jpg,,"{""asset_id"": ""live:prop:space-astronaut-orange-c"", ""key"": ""space-astronaut-orange-c"", ""concept"": ""space astronaut orange c"", ""source_bank"": ""09_props"", ""source_role"": ""production_asset"", ""source_path"": ""public/assets/09_props/img/space-astronaut-orange-c.png"", ""expected_asset_type"": ""prop_cutout"", ""expected_background_mode"": ""alpha_cutout"", ""expected_concept_word"": ""space astronaut orange c"", ""reviewed_from"": ""audit/visual-assets/sheets/pending_visual/09-props-prop-cutout-space-002.jpg"", ""decision_source"": ""audit/visual-assets/decisions-backgrounds-props.jsonl"", ""sha256"": ""1fedea66fcfeadde992b5177af59ac33f662ab781b5332a563150e7c1358023b"", ""bytes"": 138313, ""notes"": ""Exact duplicate astronaut/suit asset."", ""reason_codes"": [""exact_duplicate""]}"
live:prop:space-astronaut-orange-d,space-astronaut-orange-d,space astronaut orange d,props,live,09_props,production_asset,public/assets/09_props/img/space-astronaut-orange-d.png,REVIEW,"[""exact_duplicate""]","[""exact_duplicate""]",Duplicate asset matching existing cutout prop across packs (space-astronaut-orange-d).,,audit/visual-assets/sheets/pending_visual/09-props-prop-cutout-space-003.jpg,,"{""asset_id"": ""live:prop:space-astronaut-orange-d"", ""key"": ""space-astronaut-orange-d"", ""concept"": ""space astronaut orange d"", ""source_bank"": ""09_props"", ""source_role"": ""production_asset"", ""source_path"": ""public/assets/09_props/img/space-astronaut-orange-d.png"", ""expected_asset_type"": ""prop_cutout"", ""expected_background_mode"": ""alpha_cutout"", ""expected_concept_word"": ""space astronaut orange d"", ""reviewed_from"": ""audit/visual-assets/sheets/pending_visual/09-props-prop-cutout-space-003.jpg"", ""decision_source"": ""audit/visual-assets/decisions-props-remaining.jsonl"", ""sha256"": ""1fedea66fcfeadde992b5177af59ac33f662ab781b5332a563150e7c1358023b"", ""bytes"": 138313, ""notes"": ""Duplicate asset matching existing cutout prop across packs (space-astronaut-orange-d)."", ""reason_codes"": [""exact_duplicate""]}"
live:prop:space-boot-print-v2,space-boot-print-v2,space boot print v2,props,live,09_props,production_asset,public/assets/09_props/img/space-boot-print-v2.png,REVIEW,"[""exact_duplicate""]","[""exact_duplicate""]",Duplicate asset matching existing cutout prop across packs (space-boot-print-v2).,,audit/visual-assets/sheets/pending_visual/09-props-prop-cutout-space-003.jpg,,"{""asset_id"": ""live:prop:space-boot-print-v2"", ""key"": ""space-boot-print-v2"", ""concept"": ""space boot print v2"", ""source_bank"": ""09_props"", ""source_role"": ""production_asset"", ""source_path"": ""public/assets/09_props/img/space-boot-print-v2.png"", ""expected_asset_type"": ""prop_cutout"", ""expected_background_mode"": ""alpha_cutout"", ""expected_concept_word"": ""space boot print v2"", ""reviewed_from"": ""audit/visual-assets/sheets/pending_visual/09-props-prop-cutout-space-003.jpg"", ""decision_source"": ""audit/visual-assets/decisions-props-remaining.jsonl"", ""sha256"": ""13d1176e0e152ad8470cc47d00ec4fa8800d716155e88a4ff5058dc41c1ceda2"", ""bytes"": 115446, ""notes"": ""Duplicate asset matching existing cutout prop across packs (space-boot-print-v2)."", ""reason_codes"": [""exact_duplicate""]}"
live:prop:space-capsule-blue,space-capsule-blue,space capsule blue,props,live,09_props,production_asset,public/assets/09_props/img/space-capsule-blue.png,REVIEW,"[""low_resolution""]","[""low_resolution""]",Low resolution sprite with pixelated rendering or insufficient dimension (space-capsule-blue).,,audit/visual-assets/sheets/pending_visual/09-props-prop-cutout-space-003.jpg,,"{""asset_id"": ""live:prop:space-capsule-blue"", ""key"": ""space-capsule-blue"", ""concept"": ""space capsule blue"", ""source_bank"": ""09_props"", ""source_role"": ""production_asset"", ""source_path"": ""public/assets/09_props/img/space-capsule-blue.png"", ""expected_asset_type"": ""prop_cutout"", ""expected_background_mode"": ""alpha_cutout"", ""expected_concept_word"": ""space capsule blue"", ""reviewed_from"": ""audit/visual-assets/sheets/pending_visual/09-props-prop-cutout-space-003.jpg"", ""decision_source"": ""audit/visual-assets/decisions-props-remaining.jsonl"", ""sha256"": ""fcfa73800fce5db85898cae30719bbee0e91b169880e49fdf57faaa185c7d30e"", ""bytes"": 12055, ""notes"": ""Low resolution sprite with pixelated rendering or insufficient dimension (space-capsule-blue)."", ""reason_codes"": [""low_resolution""]}"
live:prop:space-comet-orange,space-comet-orange,space comet orange,props,live,09_props,production_asset,public/assets/09_props/img/space-comet-orange.png,REVIEW,"[""low_resolution""]","[""low_resolution""]",Low resolution sprite with pixelated rendering or insufficient dimension (space-comet-orange).,,audit/visual-assets/sheets/pending_visual/09-props-prop-cutout-space-003.jpg,,"{""asset_id"": ""live:prop:space-comet-orange"", ""key"": ""space-comet-orange"", ""concept"": ""space comet orange"", ""source_bank"": ""09_props"", ""source_role"": ""production_asset"", ""source_path"": ""public/assets/09_props/img/space-comet-orange.png"", ""expected_asset_type"": ""prop_cutout"", ""expected_background_mode"": ""alpha_cutout"", ""expected_concept_word"": ""space comet orange"", ""reviewed_from"": ""audit/visual-assets/sheets/pending_visual/09-props-prop-cutout-space-003.jpg"", ""decision_source"": ""audit/visual-assets/decisions-props-remaining.jsonl"", ""sha256"": ""e74a70b753dca53f0ebe049ecfa05f8813bd3e2783e2e42267ac1e9a4c9dc8f9"", ""bytes"": 12700, ""notes"": ""Low resolution sprite with pixelated rendering or insufficient dimension (space-comet-orange)."", ""reason_codes"": [""low_resolution""]}"
live:prop:space-comet-v2,space-comet-v2,space comet v2,props,live,09_props,production_asset,public/assets/09_props/img/space-comet-v2.png,REVIEW,"[""exact_duplicate""]","[""exact_duplicate""]",Duplicate asset matching existing cutout prop across packs (space-comet-v2).,,audit/visual-assets/sheets/pending_visual/09-props-prop-cutout-space-003.jpg,,"{""asset_id"": ""live:prop:space-comet-v2"", ""key"": ""space-comet-v2"", ""concept"": ""space comet v2"", ""source_bank"": ""09_props"", ""source_role"": ""production_asset"", ""source_path"": ""public/assets/09_props/img/space-comet-v2.png"", ""expected_asset_type"": ""prop_cutout"", ""expected_background_mode"": ""alpha_cutout"", ""expected_concept_word"": ""space comet v2"", ""reviewed_from"": ""audit/visual-assets/sheets/pending_visual/09-props-prop-cutout-space-003.jpg"", ""decision_source"": ""audit/visual-assets/decisions-props-remaining.jsonl"", ""sha256"": ""63497ff12ba4c658d3788755d5db4bd5a9e3f394406ac69f827e00caa4bf0fef"", ""bytes"": 98079, ""notes"": ""Duplicate asset matching existing cutout prop across packs (space-comet-v2)."", ""reason_codes"": [""exact_duplicate""]}"
live:prop:space-console-tall,space-console-tall,space console tall,props,live,09_props,production_asset,public/assets/09_props/img/space-console-tall.png,REVIEW,"[""low_resolution""]","[""low_resolution""]",Low resolution sprite with pixelated rendering or insufficient dimension (space-console-tall).,,audit/visual-assets/sheets/pending_visual/09-props-prop-cutout-space-003.jpg,,"{""asset_id"": ""live:prop:space-console-tall"", ""key"": ""space-console-tall"", ""concept"": ""space console tall"", ""source_bank"": ""09_props"", ""source_role"": ""production_asset"", ""source_path"": ""public/assets/09_props/img/space-console-tall.png"", ""expected_asset_type"": ""prop_cutout"", ""expected_background_mode"": ""alpha_cutout"", ""expected_concept_word"": ""space console tall"", ""reviewed_from"": ""audit/visual-assets/sheets/pending_visual/09-props-prop-cutout-space-003.jpg"", ""decision_source"": ""audit/visual-assets/decisions-props-remaining.jsonl"", ""sha256"": ""e73af7f2c485fb2a249e05835a15b0c6bd6734bb7276d7ca8dcf7bf974778a9b"", ""bytes"": 8778, ""notes"": ""Low resolution sprite with pixelated rendering or insufficient dimension (space-console-tall)."", ""reason_codes"": [""low_resolution""]}"
live:prop:space-constellation-card-blank,space-constellation-card-blank,space constellation card blank,props,live,09_props,production_asset,public/assets/09_props/img/space-constellation-card-blank.png,REVIEW,"[""exact_duplicate""]","[""exact_duplicate""]",Duplicate asset matching existing cutout prop across packs (space-constellation-card-blank).,,audit/visual-assets/sheets/pending_visual/09-props-prop-cutout-space-003.jpg,,"{""asset_id"": ""live:prop:space-constellation-card-blank"", ""key"": ""space-constellation-card-blank"", ""concept"": ""space constellation card blank"", ""source_bank"": ""09_props"", ""source_role"": ""production_asset"", ""source_path"": ""public/assets/09_props/img/space-constellation-card-blank.png"", ""expected_asset_type"": ""prop_cutout"", ""expected_background_mode"": ""alpha_cutout"", ""expected_concept_word"": ""space constellation card blank"", ""reviewed_from"": ""audit/visual-assets/sheets/pending_visual/09-props-prop-cutout-space-003.jpg"", ""decision_source"": ""audit/visual-assets/decisions-props-remaining.jsonl"", ""sha256"": ""079617e2d85959da0c058344283570f9cab2a35bd3ac961a3591356874ca7791"", ""bytes"": 92611, ""notes"": ""Duplicate asset matching existing cutout prop across packs (space-constellation-card-blank)."", ""reason_codes"": [""exact_duplicate""]}"
live:prop:space-control-panel-blank,space-control-panel-blank,space control panel blank,props,live,09_props,production_asset,public/assets/09_props/img/space-control-panel-blank.png,REVIEW,"[""exact_duplicate""]","[""exact_duplicate""]",Duplicate asset matching existing cutout prop across packs (space-control-panel-blank).,,audit/visual-assets/sheets/pending_visual/09-props-prop-cutout-space-003.jpg,,"{""asset_id"": ""live:prop:space-control-panel-blank"", ""key"": ""space-control-panel-blank"", ""concept"": ""space control panel blank"", ""source_bank"": ""09_props"", ""source_role"": ""production_asset"", ""source_path"": ""public/assets/09_props/img/space-control-panel-blank.png"", ""expected_asset_type"": ""prop_cutout"", ""expected_background_mode"": ""alpha_cutout"", ""expected_concept_word"": ""space control panel blank"", ""reviewed_from"": ""audit/visual-assets/sheets/pending_visual/09-props-prop-cutout-space-003.jpg"", ""decision_source"": ""audit/visual-assets/decisions-props-remaining.jsonl"", ""sha256"": ""b272376afa10bee64b9d7ac0611caf843184bb098b336a0b6b714dff25920c16"", ""bytes"": 122733, ""notes"": ""Duplicate asset matching existing cutout prop across packs (space-control-panel-blank)."", ""reason_codes"": [""exact_duplicate""]}"
live:prop:space-crate-gray,space-crate-gray,space crate gray,props,live,09_props,production_asset,public/assets/09_props/img/space-crate-gray.png,REVIEW,"[""low_resolution""]","[""low_resolution""]",Low resolution sprite with pixelated rendering or insufficient dimension (space-crate-gray).,,audit/visual-assets/sheets/pending_visual/09-props-prop-cutout-space-003.jpg,,"{""asset_id"": ""live:prop:space-crate-gray"", ""key"": ""space-crate-gray"", ""concept"": ""space crate gray"", ""source_bank"": ""09_props"", ""source_role"": ""production_asset"", ""source_path"": ""public/assets/09_props/img/space-crate-gray.png"", ""expected_asset_type"": ""prop_cutout"", ""expected_background_mode"": ""alpha_cutout"", ""expected_concept_word"": ""space crate gray"", ""reviewed_from"": ""audit/visual-assets/sheets/pending_visual/09-props-prop-cutout-space-003.jpg"", ""decision_source"": ""audit/visual-assets/decisions-props-remaining.jsonl"", ""sha256"": ""e130cb7b430e5bb4618bb2ee46321d69a1ffc7eec4647532dc2fac8f293deab6"", ""bytes"": 11671, ""notes"": ""Low resolution sprite with pixelated rendering or insufficient dimension (space-crate-gray)."", ""reason_codes"": [""low_resolution""]}"
live:prop:space-crate-orange,space-crate-orange,space crate orange,props,live,09_props,production_asset,public/assets/09_props/img/space-crate-orange.png,REVIEW,"[""low_resolution""]","[""low_resolution""]",Low resolution sprite with pixelated rendering or insufficient dimension (space-crate-orange).,,audit/visual-assets/sheets/pending_visual/09-props-prop-cutout-space-003.jpg,,"{""asset_id"": ""live:prop:space-crate-orange"", ""key"": ""space-crate-orange"", ""concept"": ""space crate orange"", ""source_bank"": ""09_props"", ""source_role"": ""production_asset"", ""source_path"": ""public/assets/09_props/img/space-crate-orange.png"", ""expected_asset_type"": ""prop_cutout"", ""expected_background_mode"": ""alpha_cutout"", ""expected_concept_word"": ""space crate orange"", ""reviewed_from"": ""audit/visual-assets/sheets/pending_visual/09-props-prop-cutout-space-003.jpg"", ""decision_source"": ""audit/visual-assets/decisions-props-remaining.jsonl"", ""sha256"": ""d1f5f44c21ce440bcb67bd9cd9d27165f3cab0cde0d4e8e57dc6e69a984dbd46"", ""bytes"": 9298, ""notes"": ""Low resolution sprite with pixelated rendering or insufficient dimension (space-crate-orange)."", ""reason_codes"": [""low_resolution""]}"
live:prop:space-crater-model-v2,space-crater-model-v2,space crater model v2,props,live,09_props,production_asset,public/assets/09_props/img/space-crater-model-v2.png,REVIEW,"[""exact_duplicate""]","[""exact_duplicate""]",Duplicate asset matching existing cutout prop across packs (space-crater-model-v2).,,audit/visual-assets/sheets/pending_visual/09-props-prop-cutout-space-003.jpg,,"{""asset_id"": ""live:prop:space-crater-model-v2"", ""key"": ""space-crater-model-v2"", ""concept"": ""space crater model v2"", ""source_bank"": ""09_props"", ""source_role"": ""production_asset"", ""source_path"": ""public/assets/09_props/img/space-crater-model-v2.png"", ""expected_asset_type"": ""prop_cutout"", ""expected_background_mode"": ""alpha_cutout"", ""expected_concept_word"": ""space crater model v2"", ""reviewed_from"": ""audit/visual-assets/sheets/pending_visual/09-props-prop-cutout-space-003.jpg"", ""decision_source"": ""audit/visual-assets/decisions-props-remaining.jsonl"", ""sha256"": ""a6338b1286d5fa76bee914caa0ef3e1ab73be60295d7ee844f394eb647275409"", ""bytes"": 129565, ""notes"": ""Duplicate asset matching existing cutout prop across packs (space-crater-model-v2)."", ""reason_codes"": [""exact_duplicate""]}"
live:prop:space-crystal-cyan,space-crystal-cyan,space crystal cyan,props,live,09_props,production_asset,public/assets/09_props/img/space-crystal-cyan.png,REVIEW,"[""low_resolution""]","[""low_resolution""]",Low resolution sprite with pixelated rendering or insufficient dimension (space-crystal-cyan).,,audit/visual-assets/sheets/pending_visual/09-props-prop-cutout-space-003.jpg,,"{""asset_id"": ""live:prop:space-crystal-cyan"", ""key"": ""space-crystal-cyan"", ""concept"": ""space crystal cyan"", ""source_bank"": ""09_props"", ""source_role"": ""production_asset"", ""source_path"": ""public/assets/09_props/img/space-crystal-cyan.png"", ""expected_asset_type"": ""prop_cutout"", ""expected_background_mode"": ""alpha_cutout"", ""expected_concept_word"": ""space crystal cyan"", ""reviewed_from"": ""audit/visual-assets/sheets/pending_visual/09-props-prop-cutout-space-003.jpg"", ""decision_source"": ""audit/visual-assets/decisions-props-remaining.jsonl"", ""sha256"": ""aaaf958ea48c227680d022714c48f99e38fc55b2e246daea8ccd7d1851c2496b"", ""bytes"": 3879, ""notes"": ""Low resolution sprite with pixelated rendering or insufficient dimension (space-crystal-cyan)."", ""reason_codes"": [""low_resolution""]}"
live:prop:space-flag-blue,space-flag-blue,space flag blue,props,live,09_props,production_asset,public/assets/09_props/img/space-flag-blue.png,REVIEW,"[""low_resolution""]","[""low_resolution""]",Low resolution sprite with pixelated rendering or insufficient dimension (space-flag-blue).,,audit/visual-assets/sheets/pending_visual/09-props-prop-cutout-space-003.jpg,,"{""asset_id"": ""live:prop:space-flag-blue"", ""key"": ""space-flag-blue"", ""concept"": ""space flag blue"", ""source_bank"": ""09_props"", ""source_role"": ""production_asset"", ""source_path"": ""public/assets/09_props/img/space-flag-blue.png"", ""expected_asset_type"": ""prop_cutout"", ""expected_background_mode"": ""alpha_cutout"", ""expected_concept_word"": ""space flag blue"", ""reviewed_from"": ""audit/visual-assets/sheets/pending_visual/09-props-prop-cutout-space-003.jpg"", ""decision_source"": ""audit/visual-assets/decisions-props-remaining.jsonl"", ""sha256"": ""b5d8239f59c7de586fdd93ea0154cc65d0402f76a40ab63ebb7e0cfeab7b7c00"", ""bytes"": 7078, ""notes"": ""Low resolution sprite with pixelated rendering or insufficient dimension (space-flag-blue)."", ""reason_codes"": [""low_resolution""]}"
live:prop:space-flag-on-moon-blank,space-flag-on-moon-blank,space flag on moon blank,props,live,09_props,production_asset,public/assets/09_props/img/space-flag-on-moon-blank.png,REVIEW,"[""exact_duplicate""]","[""exact_duplicate""]",Duplicate asset matching existing cutout prop across packs (space-flag-on-moon-blank).,,audit/visual-assets/sheets/pending_visual/09-props-prop-cutout-space-003.jpg,,"{""asset_id"": ""live:prop:space-flag-on-moon-blank"", ""key"": ""space-flag-on-moon-blank"", ""concept"": ""space flag on moon blank"", ""source_bank"": ""09_props"", ""source_role"": ""production_asset"", ""source_path"": ""public/assets/09_props/img/space-flag-on-moon-blank.png"", ""expected_asset_type"": ""prop_cutout"", ""expected_background_mode"": ""alpha_cutout"", ""expected_concept_word"": ""space flag on moon blank"", ""reviewed_from"": ""audit/visual-assets/sheets/pending_visual/09-props-prop-cutout-space-003.jpg"", ""decision_source"": ""audit/visual-assets/decisions-props-remaining.jsonl"", ""sha256"": ""cce4651b45815a725218f67f0d80bb8f887cfe43161e9b80cdc073f9f77a7b10"", ""bytes"": 68886, ""notes"": ""Duplicate asset matching existing cutout prop across packs (space-flag-on-moon-blank)."", ""reason_codes"": [""exact_duplicate""]}"
live:prop:space-galaxy-swirl-v2,space-galaxy-swirl-v2,space galaxy swirl v2,props,live,09_props,production_asset,public/assets/09_props/img/space-galaxy-swirl-v2.png,REVIEW,"[""exact_duplicate""]","[""exact_duplicate""]",Duplicate asset matching existing cutout prop across packs (space-galaxy-swirl-v2).,,audit/visual-assets/sheets/pending_visual/09-props-prop-cutout-space-003.jpg,,"{""asset_id"": ""live:prop:space-galaxy-swirl-v2"", ""key"": ""space-galaxy-swirl-v2"", ""concept"": ""space galaxy swirl v2"", ""source_bank"": ""09_props"", ""source_role"": ""production_asset"", ""source_path"": ""public/assets/09_props/img/space-galaxy-swirl-v2.png"", ""expected_asset_type"": ""prop_cutout"", ""expected_background_mode"": ""alpha_cutout"", ""expected_concept_word"": ""space galaxy swirl v2"", ""reviewed_from"": ""audit/visual-assets/sheets/pending_visual/09-props-prop-cutout-space-003.jpg"", ""decision_source"": ""audit/visual-assets/decisions-props-remaining.jsonl"", ""sha256"": ""07572149f931a5d0ce02594fda780189876974b27efb390dc49b8fbf7c29cfc1"", ""bytes"": 107809, ""notes"": ""Duplicate asset matching existing cutout prop across packs (space-galaxy-swirl-v2)."", ""reason_codes"": [""exact_duplicate""]}"
live:prop:space-hatch-blue,space-hatch-blue,space hatch blue,props,live,09_props,production_asset,public/assets/09_props/img/space-hatch-blue.png,REVIEW,"[""low_resolution""]","[""low_resolution""]",Low resolution sprite with pixelated rendering or insufficient dimension (space-hatch-blue).,,audit/visual-assets/sheets/pending_visual/09-props-prop-cutout-space-003.jpg,,"{""asset_id"": ""live:prop:space-hatch-blue"", ""key"": ""space-hatch-blue"", ""concept"": ""space hatch blue"", ""source_bank"": ""09_props"", ""source_role"": ""production_asset"", ""source_path"": ""public/assets/09_props/img/space-hatch-blue.png"", ""expected_asset_type"": ""prop_cutout"", ""expected_background_mode"": ""alpha_cutout"", ""expected_concept_word"": ""space hatch blue"", ""reviewed_from"": ""audit/visual-assets/sheets/pending_visual/09-props-prop-cutout-space-003.jpg"", ""decision_source"": ""audit/visual-assets/decisions-props-remaining.jsonl"", ""sha256"": ""816ac68854540b6b241b304e4cdc81352b68590b9168078ea61450d3b7933120"", ""bytes"": 11342, ""notes"": ""Low resolution sprite with pixelated rendering or insufficient dimension (space-hatch-blue)."", ""reason_codes"": [""low_resolution""]}"
live:prop:space-headset-v2,space-headset-v2,space headset v2,props,live,09_props,production_asset,public/assets/09_props/img/space-headset-v2.png,REVIEW,"[""exact_duplicate""]","[""exact_duplicate""]",Duplicate asset matching existing cutout prop across packs (space-headset-v2).,,audit/visual-assets/sheets/pending_visual/09-props-prop-cutout-space-004.jpg,,"{""asset_id"": ""live:prop:space-headset-v2"", ""key"": ""space-headset-v2"", ""concept"": ""space headset v2"", ""source_bank"": ""09_props"", ""source_role"": ""production_asset"", ""source_path"": ""public/assets/09_props/img/space-headset-v2.png"", ""expected_asset_type"": ""prop_cutout"", ""expected_background_mode"": ""alpha_cutout"", ""expected_concept_word"": ""space headset v2"", ""reviewed_from"": ""audit/visual-assets/sheets/pending_visual/09-props-prop-cutout-space-004.jpg"", ""decision_source"": ""audit/visual-assets/decisions-props-remaining.jsonl"", ""sha256"": ""6784b8311780b5233f1380525ec32f114e92273da45523595c36dcbd264958c8"", ""bytes"": 78244, ""notes"": ""Duplicate asset matching existing cutout prop across packs (space-headset-v2)."", ""reason_codes"": [""exact_duplicate""]}"
live:prop:space-joystick-v2,space-joystick-v2,space joystick v2,props,live,09_props,production_asset,public/assets/09_props/img/space-joystick-v2.png,REVIEW,"[""exact_duplicate""]","[""exact_duplicate""]",Duplicate asset matching existing cutout prop across packs (space-joystick-v2).,,audit/visual-assets/sheets/pending_visual/09-props-prop-cutout-space-004.jpg,,"{""asset_id"": ""live:prop:space-joystick-v2"", ""key"": ""space-joystick-v2"", ""concept"": ""space joystick v2"", ""source_bank"": ""09_props"", ""source_role"": ""production_asset"", ""source_path"": ""public/assets/09_props/img/space-joystick-v2.png"", ""expected_asset_type"": ""prop_cutout"", ""expected_background_mode"": ""alpha_cutout"", ""expected_concept_word"": ""space joystick v2"", ""reviewed_from"": ""audit/visual-assets/sheets/pending_visual/09-props-prop-cutout-space-004.jpg"", ""decision_source"": ""audit/visual-assets/decisions-props-remaining.jsonl"", ""sha256"": ""9113ee23840f008b40a0d1658597bb52f0c74940d36010aad18e00b741dbae41"", ""bytes"": 65002, ""notes"": ""Duplicate asset matching existing cutout prop across packs (space-joystick-v2)."", ""reason_codes"": [""exact_duplicate""]}"
live:prop:space-lander-orange,space-lander-orange,space lander orange,props,live,09_props,production_asset,public/assets/09_props/img/space-lander-orange.png,REVIEW,"[""low_resolution""]","[""low_resolution""]",Low resolution sprite with pixelated rendering or insufficient dimension (space-lander-orange).,,audit/visual-assets/sheets/pending_visual/09-props-prop-cutout-space-004.jpg,,"{""asset_id"": ""live:prop:space-lander-orange"", ""key"": ""space-lander-orange"", ""concept"": ""space lander orange"", ""source_bank"": ""09_props"", ""source_role"": ""production_asset"", ""source_path"": ""public/assets/09_props/img/space-lander-orange.png"", ""expected_asset_type"": ""prop_cutout"", ""expected_background_mode"": ""alpha_cutout"", ""expected_concept_word"": ""space lander orange"", ""reviewed_from"": ""audit/visual-assets/sheets/pending_visual/09-props-prop-cutout-space-004.jpg"", ""decision_source"": ""audit/visual-assets/decisions-props-remaining.jsonl"", ""sha256"": ""5548dafa931b730c170464aedd1d29c5d9c683be0a25af33b5f5b776154401cd"", ""bytes"": 9693, ""notes"": ""Low resolution sprite with pixelated rendering or insufficient dimension (space-lander-orange)."", ""reason_codes"": [""low_resolution""]}"
live:prop:space-nebula-cloud-v2,space-nebula-cloud-v2,space nebula cloud v2,props,live,09_props,production_asset,public/assets/09_props/img/space-nebula-cloud-v2.png,REVIEW,"[""exact_duplicate""]","[""exact_duplicate""]",Duplicate asset matching existing cutout prop across packs (space-nebula-cloud-v2).,,audit/visual-assets/sheets/pending_visual/09-props-prop-cutout-space-004.jpg,,"{""asset_id"": ""live:prop:space-nebula-cloud-v2"", ""key"": ""space-nebula-cloud-v2"", ""concept"": ""space nebula cloud v2"", ""source_bank"": ""09_props"", ""source_role"": ""production_asset"", ""source_path"": ""public/assets/09_props/img/space-nebula-cloud-v2.png"", ""expected_asset_type"": ""prop_cutout"", ""expected_background_mode"": ""alpha_cutout"", ""expected_concept_word"": ""space nebula cloud v2"", ""reviewed_from"": ""audit/visual-assets/sheets/pending_visual/09-props-prop-cutout-space-004.jpg"", ""decision_source"": ""audit/visual-assets/decisions-props-remaining.jsonl"", ""sha256"": ""12dfc986ebf20970c9086741c25df3f1c2a7c7d723ce0859f171cb381b0c1e7f"", ""bytes"": 122145, ""notes"": ""Duplicate asset matching existing cutout prop across packs (space-nebula-cloud-v2)."", ""reason_codes"": [""exact_duplicate""]}"
live:prop:space-observatory-dome-v2,space-observatory-dome-v2,space observatory dome v2,props,live,09_props,production_asset,public/assets/09_props/img/space-observatory-dome-v2.png,REVIEW,"[""exact_duplicate""]","[""exact_duplicate""]",Duplicate asset matching existing cutout prop across packs (space-observatory-dome-v2).,,audit/visual-assets/sheets/pending_visual/09-props-prop-cutout-space-004.jpg,,"{""asset_id"": ""live:prop:space-observatory-dome-v2"", ""key"": ""space-observatory-dome-v2"", ""concept"": ""space observatory dome v2"", ""source_bank"": ""09_props"", ""source_role"": ""production_asset"", ""source_path"": ""public/assets/09_props/img/space-observatory-dome-v2.png"", ""expected_asset_type"": ""prop_cutout"", ""expected_background_mode"": ""alpha_cutout"", ""expected_concept_word"": ""space observatory dome v2"", ""reviewed_from"": ""audit/visual-assets/sheets/pending_visual/09-props-prop-cutout-space-004.jpg"", ""decision_source"": ""audit/visual-assets/decisions-props-remaining.jsonl"", ""sha256"": ""2b6da9bf7be51d17ece83ba89b4aa49bfe34ec90c92bc7c98126a8b375fd29e0"", ""bytes"": 128682, ""notes"": ""Duplicate asset matching existing cutout prop across packs (space-observatory-dome-v2)."", ""reason_codes"": [""exact_duplicate""]}"
live:prop:space-oxygen-tank-v2,space-oxygen-tank-v2,space oxygen tank v2,props,live,09_props,production_asset,public/assets/09_props/img/space-oxygen-tank-v2.png,REVIEW,"[""exact_duplicate""]","[""exact_duplicate""]",Duplicate asset matching existing cutout prop across packs (space-oxygen-tank-v2).,,audit/visual-assets/sheets/pending_visual/09-props-prop-cutout-space-004.jpg,,"{""asset_id"": ""live:prop:space-oxygen-tank-v2"", ""key"": ""space-oxygen-tank-v2"", ""concept"": ""space oxygen tank v2"", ""source_bank"": ""09_props"", ""source_role"": ""production_asset"", ""source_path"": ""public/assets/09_props/img/space-oxygen-tank-v2.png"", ""expected_asset_type"": ""prop_cutout"", ""expected_background_mode"": ""alpha_cutout"", ""expected_concept_word"": ""space oxygen tank v2"", ""reviewed_from"": ""audit/visual-assets/sheets/pending_visual/09-props-prop-cutout-space-004.jpg"", ""decision_source"": ""audit/visual-assets/decisions-props-remaining.jsonl"", ""sha256"": ""9e3bc684f6376e8c344d7554a69ef9f1fc1e0d88fac37137750b1a833f30424d"", ""bytes"": 51623, ""notes"": ""Duplicate asset matching existing cutout prop across packs (space-oxygen-tank-v2)."", ""reason_codes"": [""exact_duplicate""]}"
live:prop:space-panel-orange,space-panel-orange,space panel orange,props,live,09_props,production_asset,public/assets/09_props/img/space-panel-orange.png,REVIEW,"[""low_resolution""]","[""low_resolution""]",Low resolution sprite with pixelated rendering or insufficient dimension (space-panel-orange).,,audit/visual-assets/sheets/pending_visual/09-props-prop-cutout-space-004.jpg,,"{""asset_id"": ""live:prop:space-panel-orange"", ""key"": ""space-panel-orange"", ""concept"": ""space panel orange"", ""source_bank"": ""09_props"", ""source_role"": ""production_asset"", ""source_path"": ""public/assets/09_props/img/space-panel-orange.png"", ""expected_asset_type"": ""prop_cutout"", ""expected_background_mode"": ""alpha_cutout"", ""expected_concept_word"": ""space panel orange"", ""reviewed_from"": ""audit/visual-assets/sheets/pending_visual/09-props-prop-cutout-space-004.jpg"", ""decision_source"": ""audit/visual-assets/decisions-props-remaining.jsonl"", ""sha256"": ""de2a7d284c8d4a48c372d14d38cc7578ac9c88b2a5394dd6da0559cbcd743cd9"", ""bytes"": 12646, ""notes"": ""Low resolution sprite with pixelated rendering or insufficient dimension (space-panel-orange)."", ""reason_codes"": [""low_resolution""]}"
live:prop:space-pipe-blue,space-pipe-blue,space pipe blue,props,live,09_props,production_asset,public/assets/09_props/img/space-pipe-blue.png,REVIEW,"[""low_resolution""]","[""low_resolution""]",Low resolution sprite with pixelated rendering or insufficient dimension (space-pipe-blue).,,audit/visual-assets/sheets/pending_visual/09-props-prop-cutout-space-004.jpg,,"{""asset_id"": ""live:prop:space-pipe-blue"", ""key"": ""space-pipe-blue"", ""concept"": ""space pipe blue"", ""source_bank"": ""09_props"", ""source_role"": ""production_asset"", ""source_path"": ""public/assets/09_props/img/space-pipe-blue.png"", ""expected_asset_type"": ""prop_cutout"", ""expected_background_mode"": ""alpha_cutout"", ""expected_concept_word"": ""space pipe blue"", ""reviewed_from"": ""audit/visual-assets/sheets/pending_visual/09-props-prop-cutout-space-004.jpg"", ""decision_source"": ""audit/visual-assets/decisions-props-remaining.jsonl"", ""sha256"": ""b096565bc00f0ddcd6d23f7fff91cd686a1e6fa8c278eebd816b79e6c454ab32"", ""bytes"": 8419, ""notes"": ""Low resolution sprite with pixelated rendering or insufficient dimension (space-pipe-blue)."", ""reason_codes"": [""low_resolution""]}"
live:prop:space-planet-blue-a,space-planet-blue-a,space planet blue a,props,live,09_props,production_asset,public/assets/09_props/img/space-planet-blue-a.png,REVIEW,"[""low_resolution""]","[""low_resolution""]",Low resolution sprite with pixelated rendering or insufficient dimension (space-planet-blue-a).,,audit/visual-assets/sheets/pending_visual/09-props-prop-cutout-space-004.jpg,,"{""asset_id"": ""live:prop:space-planet-blue-a"", ""key"": ""space-planet-blue-a"", ""concept"": ""space planet blue a"", ""source_bank"": ""09_props"", ""source_role"": ""production_asset"", ""source_path"": ""public/assets/09_props/img/space-planet-blue-a.png"", ""expected_asset_type"": ""prop_cutout"", ""expected_background_mode"": ""alpha_cutout"", ""expected_concept_word"": ""space planet blue a"", ""reviewed_from"": ""audit/visual-assets/sheets/pending_visual/09-props-prop-cutout-space-004.jpg"", ""decision_source"": ""audit/visual-assets/decisions-props-remaining.jsonl"", ""sha256"": ""60ddd6a40db99d4c90e597b8aa5788300c57d20fba0344a280587ffcc9d6e13a"", ""bytes"": 12076, ""notes"": ""Low resolution sprite with pixelated rendering or insufficient dimension (space-planet-blue-a)."", ""reason_codes"": [""low_resolution""]}"
live:prop:space-planet-orange-a,space-planet-orange-a,space planet orange a,props,live,09_props,production_asset,public/assets/09_props/img/space-planet-orange-a.png,REVIEW,"[""low_resolution""]","[""low_resolution""]",Low resolution sprite with pixelated rendering or insufficient dimension (space-planet-orange-a).,,audit/visual-assets/sheets/pending_visual/09-props-prop-cutout-space-004.jpg,,"{""asset_id"": ""live:prop:space-planet-orange-a"", ""key"": ""space-planet-orange-a"", ""concept"": ""space planet orange a"", ""source_bank"": ""09_props"", ""source_role"": ""production_asset"", ""source_path"": ""public/assets/09_props/img/space-planet-orange-a.png"", ""expected_asset_type"": ""prop_cutout"", ""expected_background_mode"": ""alpha_cutout"", ""expected_concept_word"": ""space planet orange a"", ""reviewed_from"": ""audit/visual-assets/sheets/pending_visual/09-props-prop-cutout-space-004.jpg"", ""decision_source"": ""audit/visual-assets/decisions-props-remaining.jsonl"", ""sha256"": ""6454e1f8af58a537d43c133bff32e8ecba553022656a0284f55e938f2fdb8379"", ""bytes"": 8707, ""notes"": ""Low resolution sprite with pixelated rendering or insufficient dimension (space-planet-orange-a)."", ""reason_codes"": [""low_resolution""]}"
live:prop:space-probe-orange,space-probe-orange,space probe orange,props,live,09_props,production_asset,public/assets/09_props/img/space-probe-orange.png,REVIEW,"[""low_resolution""]","[""low_resolution""]",Low resolution sprite with pixelated rendering or insufficient dimension (space-probe-orange).,,audit/visual-assets/sheets/pending_visual/09-props-prop-cutout-space-004.jpg,,"{""asset_id"": ""live:prop:space-probe-orange"", ""key"": ""space-probe-orange"", ""concept"": ""space probe orange"", ""source_bank"": ""09_props"", ""source_role"": ""production_asset"", ""source_path"": ""public/assets/09_props/img/space-probe-orange.png"", ""expected_asset_type"": ""prop_cutout"", ""expected_background_mode"": ""alpha_cutout"", ""expected_concept_word"": ""space probe orange"", ""reviewed_from"": ""audit/visual-assets/sheets/pending_visual/09-props-prop-cutout-space-004.jpg"", ""decision_source"": ""audit/visual-assets/decisions-props-remaining.jsonl"", ""sha256"": ""4c4bdc67f123a6b1a3218ac7fbe7cc023ed631c2c611fe43fac410caac732fb0"", ""bytes"": 10898, ""notes"": ""Low resolution sprite with pixelated rendering or insufficient dimension (space-probe-orange)."", ""reason_codes"": [""low_resolution""]}"
live:prop:space-robot-gray,space-robot-gray,space robot gray,props,live,09_props,production_asset,public/assets/09_props/img/space-robot-gray.png,REVIEW,"[""low_resolution""]","[""low_resolution""]",Low resolution sprite with pixelated rendering or insufficient dimension (space-robot-gray).,,audit/visual-assets/sheets/pending_visual/09-props-prop-cutout-space-004.jpg,,"{""asset_id"": ""live:prop:space-robot-gray"", ""key"": ""space-robot-gray"", ""concept"": ""space robot gray"", ""source_bank"": ""09_props"", ""source_role"": ""production_asset"", ""source_path"": ""public/assets/09_props/img/space-robot-gray.png"", ""expected_asset_type"": ""prop_cutout"", ""expected_background_mode"": ""alpha_cutout"", ""expected_concept_word"": ""space robot gray"", ""reviewed_from"": ""audit/visual-assets/sheets/pending_visual/09-props-prop-cutout-space-004.jpg"", ""decision_source"": ""audit/visual-assets/decisions-props-remaining.jsonl"", ""sha256"": ""b370cb93d1dcc79887c223dbc24f78c05a00b6c3338210c7091390bf1bf94b2d"", ""bytes"": 12459, ""notes"": ""Low resolution sprite with pixelated rendering or insufficient dimension (space-robot-gray)."", ""reason_codes"": [""low_resolution""]}"
live:prop:space-rocket-fuel-tank-v2,space-rocket-fuel-tank-v2,space rocket fuel tank v2,props,live,09_props,production_asset,public/assets/09_props/img/space-rocket-fuel-tank-v2.png,REVIEW,"[""exact_duplicate""]","[""exact_duplicate""]",Duplicate asset matching existing cutout prop across packs (space-rocket-fuel-tank-v2).,,audit/visual-assets/sheets/pending_visual/09-props-prop-cutout-space-005.jpg,,"{""asset_id"": ""live:prop:space-rocket-fuel-tank-v2"", ""key"": ""space-rocket-fuel-tank-v2"", ""concept"": ""space rocket fuel tank v2"", ""source_bank"": ""09_props"", ""source_role"": ""production_asset"", ""source_path"": ""public/assets/09_props/img/space-rocket-fuel-tank-v2.png"", ""expected_asset_type"": ""prop_cutout"", ""expected_background_mode"": ""alpha_cutout"", ""expected_concept_word"": ""space rocket fuel tank v2"", ""reviewed_from"": ""audit/visual-assets/sheets/pending_visual/09-props-prop-cutout-space-005.jpg"", ""decision_source"": ""audit/visual-assets/decisions-props-remaining.jsonl"", ""sha256"": ""dd04f664cbf855bc1689a0b5f58ba58e3d0d4cf408ba6c4b982bde4a34149e44"", ""bytes"": 70143, ""notes"": ""Duplicate asset matching existing cutout prop across packs (space-rocket-fuel-tank-v2)."", ""reason_codes"": [""exact_duplicate""]}"
live:prop:space-rocket-mini-red,space-rocket-mini-red,space rocket mini red,props,live,09_props,production_asset,public/assets/09_props/img/space-rocket-mini-red.png,REVIEW,"[""low_resolution""]","[""low_resolution""]",Low resolution sprite with pixelated rendering or insufficient dimension (space-rocket-mini-red).,,audit/visual-assets/sheets/pending_visual/09-props-prop-cutout-space-005.jpg,,"{""asset_id"": ""live:prop:space-rocket-mini-red"", ""key"": ""space-rocket-mini-red"", ""concept"": ""space rocket mini red"", ""source_bank"": ""09_props"", ""source_role"": ""production_asset"", ""source_path"": ""public/assets/09_props/img/space-rocket-mini-red.png"", ""expected_asset_type"": ""prop_cutout"", ""expected_background_mode"": ""alpha_cutout"", ""expected_concept_word"": ""space rocket mini red"", ""reviewed_from"": ""audit/visual-assets/sheets/pending_visual/09-props-prop-cutout-space-005.jpg"", ""decision_source"": ""audit/visual-assets/decisions-props-remaining.jsonl"", ""sha256"": ""5a19b51611768759c7e845bf625956dbf2408dc83c79ccb1cdef6bfaaa7b4da1"", ""bytes"": 6341, ""notes"": ""Low resolution sprite with pixelated rendering or insufficient dimension (space-rocket-mini-red)."", ""reason_codes"": [""low_resolution""]}"
live:prop:space-rocket-v2,space-rocket-v2,space rocket v2,props,live,09_props,production_asset,public/assets/09_props/img/space-rocket-v2.png,REVIEW,"[""exact_duplicate""]","[""exact_duplicate""]",Duplicate asset matching existing cutout prop across packs (space-rocket-v2).,,audit/visual-assets/sheets/pending_visual/09-props-prop-cutout-space-005.jpg,,"{""asset_id"": ""live:prop:space-rocket-v2"", ""key"": ""space-rocket-v2"", ""concept"": ""space rocket v2"", ""source_bank"": ""09_props"", ""source_role"": ""production_asset"", ""source_path"": ""public/assets/09_props/img/space-rocket-v2.png"", ""expected_asset_type"": ""prop_cutout"", ""expected_background_mode"": ""alpha_cutout"", ""expected_concept_word"": ""space rocket v2"", ""reviewed_from"": ""audit/visual-assets/sheets/pending_visual/09-props-prop-cutout-space-005.jpg"", ""decision_source"": ""audit/visual-assets/decisions-props-remaining.jsonl"", ""sha256"": ""50d2e2c8bf2b5f07f0057a490b0eff05413cb2c174cccf5e76921ec9d3dd8f4f"", ""bytes"": 65336, ""notes"": ""Duplicate asset matching existing cutout prop across packs (space-rocket-v2)."", ""reason_codes"": [""exact_duplicate""]}"
live:prop:space-rover-v2,space-rover-v2,space rover v2,props,live,09_props,production_asset,public/assets/09_props/img/space-rover-v2.png,REVIEW,"[""exact_duplicate""]","[""exact_duplicate""]",Duplicate asset matching existing cutout prop across packs (space-rover-v2).,,audit/visual-assets/sheets/pending_visual/09-props-prop-cutout-space-005.jpg,,"{""asset_id"": ""live:prop:space-rover-v2"", ""key"": ""space-rover-v2"", ""concept"": ""space rover v2"", ""source_bank"": ""09_props"", ""source_role"": ""production_asset"", ""source_path"": ""public/assets/09_props/img/space-rover-v2.png"", ""expected_asset_type"": ""prop_cutout"", ""expected_background_mode"": ""alpha_cutout"", ""expected_concept_word"": ""space rover v2"", ""reviewed_from"": ""audit/visual-assets/sheets/pending_visual/09-props-prop-cutout-space-005.jpg"", ""decision_source"": ""audit/visual-assets/decisions-props-remaining.jsonl"", ""sha256"": ""079f8fb521874929cc995932a9050cefef832fae067e4fc44a8eff37e5e9cc5c"", ""bytes"": 95009, ""notes"": ""Duplicate asset matching existing cutout prop across packs (space-rover-v2)."", ""reason_codes"": [""exact_duplicate""]}"
live:prop:space-sat-orange,space-sat-orange,space sat orange,props,live,09_props,production_asset,public/assets/09_props/img/space-sat-orange.png,REVIEW,"[""low_resolution""]","[""low_resolution""]",Low resolution sprite with pixelated rendering or insufficient dimension (space-sat-orange).,,audit/visual-assets/sheets/pending_visual/09-props-prop-cutout-space-005.jpg,,"{""asset_id"": ""live:prop:space-sat-orange"", ""key"": ""space-sat-orange"", ""concept"": ""space sat orange"", ""source_bank"": ""09_props"", ""source_role"": ""production_asset"", ""source_path"": ""public/assets/09_props/img/space-sat-orange.png"", ""expected_asset_type"": ""prop_cutout"", ""expected_background_mode"": ""alpha_cutout"", ""expected_concept_word"": ""space sat orange"", ""reviewed_from"": ""audit/visual-assets/sheets/pending_visual/09-props-prop-cutout-space-005.jpg"", ""decision_source"": ""audit/visual-assets/decisions-props-remaining.jsonl"", ""sha256"": ""6cab51fa45b4be1ecec1d9e93e35d6086ea9a6b8252891e810c112fe97248538"", ""bytes"": 9961, ""notes"": ""Low resolution sprite with pixelated rendering or insufficient dimension (space-sat-orange)."", ""reason_codes"": [""low_resolution""]}"
live:prop:space-satellite-blue,space-satellite-blue,space satellite blue,props,live,09_props,production_asset,public/assets/09_props/img/space-satellite-blue.png,REVIEW,"[""low_resolution""]","[""low_resolution""]",Low resolution sprite with pixelated rendering or insufficient dimension (space-satellite-blue).,,audit/visual-assets/sheets/pending_visual/09-props-prop-cutout-space-005.jpg,,"{""asset_id"": ""live:prop:space-satellite-blue"", ""key"": ""space-satellite-blue"", ""concept"": ""space satellite blue"", ""source_bank"": ""09_props"", ""source_role"": ""production_asset"", ""source_path"": ""public/assets/09_props/img/space-satellite-blue.png"", ""expected_asset_type"": ""prop_cutout"", ""expected_background_mode"": ""alpha_cutout"", ""expected_concept_word"": ""space satellite blue"", ""reviewed_from"": ""audit/visual-assets/sheets/pending_visual/09-props-prop-cutout-space-005.jpg"", ""decision_source"": ""audit/visual-assets/decisions-props-remaining.jsonl"", ""sha256"": ""12e2d9dd37b289aa690eb441f18da080b411c36a042f6a2dc477553b49a57300"", ""bytes"": 13128, ""notes"": ""Low resolution sprite with pixelated rendering or insufficient dimension (space-satellite-blue)."", ""reason_codes"": [""low_resolution""]}"
live:prop:space-shuttle-orange,space-shuttle-orange,space shuttle orange,props,live,09_props,production_asset,public/assets/09_props/img/space-shuttle-orange.png,REVIEW,"[""low_resolution""]","[""low_resolution""]",Low resolution sprite with pixelated rendering or insufficient dimension (space-shuttle-orange).,,audit/visual-assets/sheets/pending_visual/09-props-prop-cutout-space-005.jpg,,"{""asset_id"": ""live:prop:space-shuttle-orange"", ""key"": ""space-shuttle-orange"", ""concept"": ""space shuttle orange"", ""source_bank"": ""09_props"", ""source_role"": ""production_asset"", ""source_path"": ""public/assets/09_props/img/space-shuttle-orange.png"", ""expected_asset_type"": ""prop_cutout"", ""expected_background_mode"": ""alpha_cutout"", ""expected_concept_word"": ""space shuttle orange"", ""reviewed_from"": ""audit/visual-assets/sheets/pending_visual/09-props-prop-cutout-space-005.jpg"", ""decision_source"": ""audit/visual-assets/decisions-props-remaining.jsonl"", ""sha256"": ""cefeb677534bc7e79eee363510062ad2b4c9b63766e8464b9c2c9e209596f991"", ""bytes"": 13570, ""notes"": ""Low resolution sprite with pixelated rendering or insufficient dimension (space-shuttle-orange)."", ""reason_codes"": [""low_resolution""]}"
live:prop:space-solar-panel,space-solar-panel,space solar panel,props,live,09_props,production_asset,public/assets/09_props/img/space-solar-panel.png,REVIEW,"[""low_resolution""]","[""low_resolution""]",Low resolution sprite with pixelated rendering or insufficient dimension (space-solar-panel).,,audit/visual-assets/sheets/pending_visual/09-props-prop-cutout-space-005.jpg,,"{""asset_id"": ""live:prop:space-solar-panel"", ""key"": ""space-solar-panel"", ""concept"": ""space solar panel"", ""source_bank"": ""09_props"", ""source_role"": ""production_asset"", ""source_path"": ""public/assets/09_props/img/space-solar-panel.png"", ""expected_asset_type"": ""prop_cutout"", ""expected_background_mode"": ""alpha_cutout"", ""expected_concept_word"": ""space solar panel"", ""reviewed_from"": ""audit/visual-assets/sheets/pending_visual/09-props-prop-cutout-space-005.jpg"", ""decision_source"": ""audit/visual-assets/decisions-props-remaining.jsonl"", ""sha256"": ""7b5da85426bdf2a891c16287a71089f4ab56156008be47f3c719212290a5ed18"", ""bytes"": 8268, ""notes"": ""Low resolution sprite with pixelated rendering or insufficient dimension (space-solar-panel)."", ""reason_codes"": [""low_resolution""]}"
live:prop:space-spaceship-v2,space-spaceship-v2,space spaceship v2,props,live,09_props,production_asset,public/assets/09_props/img/space-spaceship-v2.png,REVIEW,"[""exact_duplicate""]","[""exact_duplicate""]",Duplicate asset matching existing cutout prop across packs (space-spaceship-v2).,,audit/visual-assets/sheets/pending_visual/09-props-prop-cutout-space-005.jpg,,"{""asset_id"": ""live:prop:space-spaceship-v2"", ""key"": ""space-spaceship-v2"", ""concept"": ""space spaceship v2"", ""source_bank"": ""09_props"", ""source_role"": ""production_asset"", ""source_path"": ""public/assets/09_props/img/space-spaceship-v2.png"", ""expected_asset_type"": ""prop_cutout"", ""expected_background_mode"": ""alpha_cutout"", ""expected_concept_word"": ""space spaceship v2"", ""reviewed_from"": ""audit/visual-assets/sheets/pending_visual/09-props-prop-cutout-space-005.jpg"", ""decision_source"": ""audit/visual-assets/decisions-props-remaining.jsonl"", ""sha256"": ""7019944225dae644e07213499335cf79c3ca3a461c6b2c872ba903a3025165c8"", ""bytes"": 77491, ""notes"": ""Duplicate asset matching existing cutout prop across packs (space-spaceship-v2)."", ""reason_codes"": [""exact_duplicate""]}"
live:prop:space-spacesuit-v2,space-spacesuit-v2,space spacesuit v2,props,live,09_props,production_asset,public/assets/09_props/img/space-spacesuit-v2.png,REVIEW,"[""exact_duplicate""]","[""exact_duplicate""]",Duplicate asset matching existing cutout prop across packs (space-spacesuit-v2).,,audit/visual-assets/sheets/pending_visual/09-props-prop-cutout-space-005.jpg,,"{""asset_id"": ""live:prop:space-spacesuit-v2"", ""key"": ""space-spacesuit-v2"", ""concept"": ""space spacesuit v2"", ""source_bank"": ""09_props"", ""source_role"": ""production_asset"", ""source_path"": ""public/assets/09_props/img/space-spacesuit-v2.png"", ""expected_asset_type"": ""prop_cutout"", ""expected_background_mode"": ""alpha_cutout"", ""expected_concept_word"": ""space spacesuit v2"", ""reviewed_from"": ""audit/visual-assets/sheets/pending_visual/09-props-prop-cutout-space-005.jpg"", ""decision_source"": ""audit/visual-assets/decisions-props-remaining.jsonl"", ""sha256"": ""f55a64691f2e10ff973ab025aef0adae000513da29fd3c9671729c70b08384fc"", ""bytes"": 82654, ""notes"": ""Duplicate asset matching existing cutout prop across packs (space-spacesuit-v2)."", ""reason_codes"": [""exact_duplicate""]}"
live:prop:space-star-map-blank,space-star-map-blank,space star map blank,props,live,09_props,production_asset,public/assets/09_props/img/space-star-map-blank.png,REVIEW,"[""exact_duplicate""]","[""exact_duplicate""]",Duplicate asset matching existing cutout prop across packs (space-star-map-blank).,,audit/visual-assets/sheets/pending_visual/09-props-prop-cutout-space-005.jpg,,"{""asset_id"": ""live:prop:space-star-map-blank"", ""key"": ""space-star-map-blank"", ""concept"": ""space star map blank"", ""source_bank"": ""09_props"", ""source_role"": ""production_asset"", ""source_path"": ""public/assets/09_props/img/space-star-map-blank.png"", ""expected_asset_type"": ""prop_cutout"", ""expected_background_mode"": ""alpha_cutout"", ""expected_concept_word"": ""space star map blank"", ""reviewed_from"": ""audit/visual-assets/sheets/pending_visual/09-props-prop-cutout-space-005.jpg"", ""decision_source"": ""audit/visual-assets/decisions-props-remaining.jsonl"", ""sha256"": ""660a677cde05a86b27ef081038b1da9102ff8b9f2f327e925af68b39112e6556"", ""bytes"": 118462, ""notes"": ""Duplicate asset matching existing cutout prop across packs (space-star-map-blank)."", ""reason_codes"": [""exact_duplicate""]}"
live:prop:space-star-v2,space-star-v2,space star v2,props,live,09_props,production_asset,public/assets/09_props/img/space-star-v2.png,REVIEW,"[""exact_duplicate""]","[""exact_duplicate""]",Duplicate asset matching existing cutout prop across packs (space-star-v2).,,audit/visual-assets/sheets/pending_visual/09-props-prop-cutout-space-005.jpg,,"{""asset_id"": ""live:prop:space-star-v2"", ""key"": ""space-star-v2"", ""concept"": ""space star v2"", ""source_bank"": ""09_props"", ""source_role"": ""production_asset"", ""source_path"": ""public/assets/09_props/img/space-star-v2.png"", ""expected_asset_type"": ""prop_cutout"", ""expected_background_mode"": ""alpha_cutout"", ""expected_concept_word"": ""space star v2"", ""reviewed_from"": ""audit/visual-assets/sheets/pending_visual/09-props-prop-cutout-space-005.jpg"", ""decision_source"": ""audit/visual-assets/decisions-props-remaining.jsonl"", ""sha256"": ""fe1aefca60abe31d58a13ad497998d8b4dba00ec3e101dd369ec6f75dd0f2751"", ""bytes"": 87219, ""notes"": ""Duplicate asset matching existing cutout prop across packs (space-star-v2)."", ""reason_codes"": [""exact_duplicate""]}"
live:prop:space-station-module-v2,space-station-module-v2,space station module v2,props,live,09_props,production_asset,public/assets/09_props/img/space-station-module-v2.png,REVIEW,"[""exact_duplicate""]","[""exact_duplicate""]",Duplicate asset matching existing cutout prop across packs (space-station-module-v2).,,audit/visual-assets/sheets/pending_visual/09-props-prop-cutout-space-005.jpg,,"{""asset_id"": ""live:prop:space-station-module-v2"", ""key"": ""space-station-module-v2"", ""concept"": ""space station module v2"", ""source_bank"": ""09_props"", ""source_role"": ""production_asset"", ""source_path"": ""public/assets/09_props/img/space-station-module-v2.png"", ""expected_asset_type"": ""prop_cutout"", ""expected_background_mode"": ""alpha_cutout"", ""expected_concept_word"": ""space station module v2"", ""reviewed_from"": ""audit/visual-assets/sheets/pending_visual/09-props-prop-cutout-space-005.jpg"", ""decision_source"": ""audit/visual-assets/decisions-props-remaining.jsonl"", ""sha256"": ""c161f6f6c637a1bef2fa14aefc30fd2aec9d21dfb70fde41df815367ac918faa"", ""bytes"": 95005, ""notes"": ""Duplicate asset matching existing cutout prop across packs (space-station-module-v2)."", ""reason_codes"": [""exact_duplicate""]}"
live:prop:space-station-ring,space-station-ring,space station ring,props,live,09_props,production_asset,public/assets/09_props/img/space-station-ring.png,REVIEW,"[""low_resolution""]","[""low_resolution""]",Low resolution sprite with pixelated rendering or insufficient dimension (space-station-ring).,,audit/visual-assets/sheets/pending_visual/09-props-prop-cutout-space-005.jpg,,"{""asset_id"": ""live:prop:space-station-ring"", ""key"": ""space-station-ring"", ""concept"": ""space station ring"", ""source_bank"": ""09_props"", ""source_role"": ""production_asset"", ""source_path"": ""public/assets/09_props/img/space-station-ring.png"", ""expected_asset_type"": ""prop_cutout"", ""expected_background_mode"": ""alpha_cutout"", ""expected_concept_word"": ""space station ring"", ""reviewed_from"": ""audit/visual-assets/sheets/pending_visual/09-props-prop-cutout-space-005.jpg"", ""decision_source"": ""audit/visual-assets/decisions-props-remaining.jsonl"", ""sha256"": ""b017dda02ea5e383f468dec7dc48b88e494aec4c9ac6171756ffef3746bc371f"", ""bytes"": 13950, ""notes"": ""Low resolution sprite with pixelated rendering or insufficient dimension (space-station-ring)."", ""reason_codes"": [""low_resolution""]}"
live:prop:space-toolbox-gray,space-toolbox-gray,space toolbox gray,props,live,09_props,production_asset,public/assets/09_props/img/space-toolbox-gray.png,REVIEW,"[""low_resolution""]","[""low_resolution""]",Low resolution sprite with pixelated rendering or insufficient dimension (space-toolbox-gray).,,audit/visual-assets/sheets/pending_visual/09-props-prop-cutout-space-006.jpg,,"{""asset_id"": ""live:prop:space-toolbox-gray"", ""key"": ""space-toolbox-gray"", ""concept"": ""space toolbox gray"", ""source_bank"": ""09_props"", ""source_role"": ""production_asset"", ""source_path"": ""public/assets/09_props/img/space-toolbox-gray.png"", ""expected_asset_type"": ""prop_cutout"", ""expected_background_mode"": ""alpha_cutout"", ""expected_concept_word"": ""space toolbox gray"", ""reviewed_from"": ""audit/visual-assets/sheets/pending_visual/09-props-prop-cutout-space-006.jpg"", ""decision_source"": ""audit/visual-assets/decisions-props-remaining.jsonl"", ""sha256"": ""acac94278472405e16e4fc5d448251f25e9c4dc6220253eece3a23d0153e460c"", ""bytes"": 11316, ""notes"": ""Low resolution sprite with pixelated rendering or insufficient dimension (space-toolbox-gray)."", ""reason_codes"": [""low_resolution""]}"
live:prop:spc-alien-plush,spc-alien-plush,spc alien plush,props,live,09_props,production_asset,public/assets/09_props/img/spc-alien-plush.png,REVIEW,"[""exact_duplicate""]","[""exact_duplicate""]",Duplicate asset matching existing cutout prop across packs (spc-alien-plush).,,audit/visual-assets/sheets/pending_visual/09-props-prop-cutout-space-006.jpg,,"{""asset_id"": ""live:prop:spc-alien-plush"", ""key"": ""spc-alien-plush"", ""concept"": ""spc alien plush"", ""source_bank"": ""09_props"", ""source_role"": ""production_asset"", ""source_path"": ""public/assets/09_props/img/spc-alien-plush.png"", ""expected_asset_type"": ""prop_cutout"", ""expected_background_mode"": ""alpha_cutout"", ""expected_concept_word"": ""spc alien plush"", ""reviewed_from"": ""audit/visual-assets/sheets/pending_visual/09-props-prop-cutout-space-006.jpg"", ""decision_source"": ""audit/visual-assets/decisions-props-remaining.jsonl"", ""sha256"": ""f911d65cb2fe2b6abf23121189566081bb6d0ae423e2a31afb72fc85d3e33a92"", ""bytes"": 75461, ""notes"": ""Duplicate asset matching existing cutout prop across packs (spc-alien-plush)."", ""reason_codes"": [""exact_duplicate""]}"
live:prop:spc-asteroid,spc-asteroid,spc asteroid,props,live,09_props,production_asset,public/assets/09_props/img/spc-asteroid.png,REVIEW,"[""exact_duplicate""]","[""exact_duplicate""]",Duplicate asset matching existing cutout prop across packs (spc-asteroid).,,audit/visual-assets/sheets/pending_visual/09-props-prop-cutout-space-006.jpg,,"{""asset_id"": ""live:prop:spc-asteroid"", ""key"": ""spc-asteroid"", ""concept"": ""spc asteroid"", ""source_bank"": ""09_props"", ""source_role"": ""production_asset"", ""source_path"": ""public/assets/09_props/img/spc-asteroid.png"", ""expected_asset_type"": ""prop_cutout"", ""expected_background_mode"": ""alpha_cutout"", ""expected_concept_word"": ""spc asteroid"", ""reviewed_from"": ""audit/visual-assets/sheets/pending_visual/09-props-prop-cutout-space-006.jpg"", ""decision_source"": ""audit/visual-assets/decisions-props-remaining.jsonl"", ""sha256"": ""126411fc1b17987aab66e3dab7a25049a92b99980b9361e6f484dc919c4ce7d7"", ""bytes"": 116152, ""notes"": ""Duplicate asset matching existing cutout prop across packs (spc-asteroid)."", ""reason_codes"": [""exact_duplicate""]}"
live:prop:spc-astronaut-helmet,spc-astronaut-helmet,spc astronaut helmet,props,live,09_props,production_asset,public/assets/09_props/img/spc-astronaut-helmet.png,REVIEW,"[""exact_duplicate""]","[""exact_duplicate""]",Duplicate asset matching existing cutout prop across packs (spc-astronaut-helmet).,,audit/visual-assets/sheets/pending_visual/09-props-prop-cutout-space-006.jpg,,"{""asset_id"": ""live:prop:spc-astronaut-helmet"", ""key"": ""spc-astronaut-helmet"", ""concept"": ""spc astronaut helmet"", ""source_bank"": ""09_props"", ""source_role"": ""production_asset"", ""source_path"": ""public/assets/09_props/img/spc-astronaut-helmet.png"", ""expected_asset_type"": ""prop_cutout"", ""expected_background_mode"": ""alpha_cutout"", ""expected_concept_word"": ""spc astronaut helmet"", ""reviewed_from"": ""audit/visual-assets/sheets/pending_visual/09-props-prop-cutout-space-006.jpg"", ""decision_source"": ""audit/visual-assets/decisions-props-remaining.jsonl"", ""sha256"": ""38a2501071b47a45ac888c5d6f1b2886387e0e0b8d432395f45cdddbc4347f63"", ""bytes"": 112897, ""notes"": ""Duplicate asset matching existing cutout prop across packs (spc-astronaut-helmet)."", ""reason_codes"": [""exact_duplicate""]}"
live:prop:spc-boot-print,spc-boot-print,spc boot print,props,live,09_props,production_asset,public/assets/09_props/img/spc-boot-print.png,REVIEW,"[""exact_duplicate""]","[""exact_duplicate""]",Duplicate asset matching existing cutout prop across packs (spc-boot-print).,,audit/visual-assets/sheets/pending_visual/09-props-prop-cutout-space-006.jpg,,"{""asset_id"": ""live:prop:spc-boot-print"", ""key"": ""spc-boot-print"", ""concept"": ""spc boot print"", ""source_bank"": ""09_props"", ""source_role"": ""production_asset"", ""source_path"": ""public/assets/09_props/img/spc-boot-print.png"", ""expected_asset_type"": ""prop_cutout"", ""expected_background_mode"": ""alpha_cutout"", ""expected_concept_word"": ""spc boot print"", ""reviewed_from"": ""audit/visual-assets/sheets/pending_visual/09-props-prop-cutout-space-006.jpg"", ""decision_source"": ""audit/visual-assets/decisions-props-remaining.jsonl"", ""sha256"": ""13d1176e0e152ad8470cc47d00ec4fa8800d716155e88a4ff5058dc41c1ceda2"", ""bytes"": 115446, ""notes"": ""Duplicate asset matching existing cutout prop across packs (spc-boot-print)."", ""reason_codes"": [""exact_duplicate""]}"
live:prop:spc-comet,spc-comet,spc comet,props,live,09_props,production_asset,public/assets/09_props/img/spc-comet.png,REVIEW,"[""exact_duplicate""]","[""exact_duplicate""]",Duplicate asset matching existing cutout prop across packs (spc-comet).,,audit/visual-assets/sheets/pending_visual/09-props-prop-cutout-space-006.jpg,,"{""asset_id"": ""live:prop:spc-comet"", ""key"": ""spc-comet"", ""concept"": ""spc comet"", ""source_bank"": ""09_props"", ""source_role"": ""production_asset"", ""source_path"": ""public/assets/09_props/img/spc-comet.png"", ""expected_asset_type"": ""prop_cutout"", ""expected_background_mode"": ""alpha_cutout"", ""expected_concept_word"": ""spc comet"", ""reviewed_from"": ""audit/visual-assets/sheets/pending_visual/09-props-prop-cutout-space-006.jpg"", ""decision_source"": ""audit/visual-assets/decisions-props-remaining.jsonl"", ""sha256"": ""63497ff12ba4c658d3788755d5db4bd5a9e3f394406ac69f827e00caa4bf0fef"", ""bytes"": 98079, ""notes"": ""Duplicate asset matching existing cutout prop across packs (spc-comet)."", ""reason_codes"": [""exact_duplicate""]}"
live:prop:spc-constellation-card,spc-constellation-card,spc constellation card,props,live,09_props,production_asset,public/assets/09_props/img/spc-constellation-card.png,REVIEW,"[""exact_duplicate""]","[""exact_duplicate""]",Duplicate asset matching existing cutout prop across packs (spc-constellation-card).,,audit/visual-assets/sheets/pending_visual/09-props-prop-cutout-space-006.jpg,,"{""asset_id"": ""live:prop:spc-constellation-card"", ""key"": ""spc-constellation-card"", ""concept"": ""spc constellation card"", ""source_bank"": ""09_props"", ""source_role"": ""production_asset"", ""source_path"": ""public/assets/09_props/img/spc-constellation-card.png"", ""expected_asset_type"": ""prop_cutout"", ""expected_background_mode"": ""alpha_cutout"", ""expected_concept_word"": ""spc constellation card"", ""reviewed_from"": ""audit/visual-assets/sheets/pending_visual/09-props-prop-cutout-space-006.jpg"", ""decision_source"": ""audit/visual-assets/decisions-props-remaining.jsonl"", ""sha256"": ""079617e2d85959da0c058344283570f9cab2a35bd3ac961a3591356874ca7791"", ""bytes"": 92611, ""notes"": ""Duplicate asset matching existing cutout prop across packs (spc-constellation-card)."", ""reason_codes"": [""exact_duplicate""]}"
live:prop:spc-control-panel,spc-control-panel,spc control panel,props,live,09_props,production_asset,public/assets/09_props/img/spc-control-panel.png,REVIEW,"[""exact_duplicate""]","[""exact_duplicate""]",Duplicate asset matching existing cutout prop across packs (spc-control-panel).,,audit/visual-assets/sheets/pending_visual/09-props-prop-cutout-space-006.jpg,,"{""asset_id"": ""live:prop:spc-control-panel"", ""key"": ""spc-control-panel"", ""concept"": ""spc control panel"", ""source_bank"": ""09_props"", ""source_role"": ""production_asset"", ""source_path"": ""public/assets/09_props/img/spc-control-panel.png"", ""expected_asset_type"": ""prop_cutout"", ""expected_background_mode"": ""alpha_cutout"", ""expected_concept_word"": ""spc control panel"", ""reviewed_from"": ""audit/visual-assets/sheets/pending_visual/09-props-prop-cutout-space-006.jpg"", ""decision_source"": ""audit/visual-assets/decisions-props-remaining.jsonl"", ""sha256"": ""b272376afa10bee64b9d7ac0611caf843184bb098b336a0b6b714dff25920c16"", ""bytes"": 122733, ""notes"": ""Duplicate asset matching existing cutout prop across packs (spc-control-panel)."", ""reason_codes"": [""exact_duplicate""]}"
live:prop:spc-crater-model,spc-crater-model,spc crater model,props,live,09_props,production_asset,public/assets/09_props/img/spc-crater-model.png,REVIEW,"[""exact_duplicate""]","[""exact_duplicate""]",Duplicate asset matching existing cutout prop across packs (spc-crater-model).,,audit/visual-assets/sheets/pending_visual/09-props-prop-cutout-space-006.jpg,,"{""asset_id"": ""live:prop:spc-crater-model"", ""key"": ""spc-crater-model"", ""concept"": ""spc crater model"", ""source_bank"": ""09_props"", ""source_role"": ""production_asset"", ""source_path"": ""public/assets/09_props/img/spc-crater-model.png"", ""expected_asset_type"": ""prop_cutout"", ""expected_background_mode"": ""alpha_cutout"", ""expected_concept_word"": ""spc crater model"", ""reviewed_from"": ""audit/visual-assets/sheets/pending_visual/09-props-prop-cutout-space-006.jpg"", ""decision_source"": ""audit/visual-assets/decisions-props-remaining.jsonl"", ""sha256"": ""a6338b1286d5fa76bee914caa0ef3e1ab73be60295d7ee844f394eb647275409"", ""bytes"": 129565, ""notes"": ""Duplicate asset matching existing cutout prop across packs (spc-crater-model)."", ""reason_codes"": [""exact_duplicate""]}"
live:prop:spc-flag-on-moon,spc-flag-on-moon,spc flag on moon,props,live,09_props,production_asset,public/assets/09_props/img/spc-flag-on-moon.png,REVIEW,"[""exact_duplicate""]","[""exact_duplicate""]",Duplicate asset matching existing cutout prop across packs (spc-flag-on-moon).,,audit/visual-assets/sheets/pending_visual/09-props-prop-cutout-space-006.jpg,,"{""asset_id"": ""live:prop:spc-flag-on-moon"", ""key"": ""spc-flag-on-moon"", ""concept"": ""spc flag on moon"", ""source_bank"": ""09_props"", ""source_role"": ""production_asset"", ""source_path"": ""public/assets/09_props/img/spc-flag-on-moon.png"", ""expected_asset_type"": ""prop_cutout"", ""expected_background_mode"": ""alpha_cutout"", ""expected_concept_word"": ""spc flag on moon"", ""reviewed_from"": ""audit/visual-assets/sheets/pending_visual/09-props-prop-cutout-space-006.jpg"", ""decision_source"": ""audit/visual-assets/decisions-props-remaining.jsonl"", ""sha256"": ""cce4651b45815a725218f67f0d80bb8f887cfe43161e9b80cdc073f9f77a7b10"", ""bytes"": 68886, ""notes"": ""Duplicate asset matching existing cutout prop across packs (spc-flag-on-moon)."", ""reason_codes"": [""exact_duplicate""]}"
live:prop:spc-galaxy-swirl,spc-galaxy-swirl,spc galaxy swirl,props,live,09_props,production_asset,public/assets/09_props/img/spc-galaxy-swirl.png,REVIEW,"[""exact_duplicate""]","[""exact_duplicate""]",Duplicate asset matching existing cutout prop across packs (spc-galaxy-swirl).,,audit/visual-assets/sheets/pending_visual/09-props-prop-cutout-space-006.jpg,,"{""asset_id"": ""live:prop:spc-galaxy-swirl"", ""key"": ""spc-galaxy-swirl"", ""concept"": ""spc galaxy swirl"", ""source_bank"": ""09_props"", ""source_role"": ""production_asset"", ""source_path"": ""public/assets/09_props/img/spc-galaxy-swirl.png"", ""expected_asset_type"": ""prop_cutout"", ""expected_background_mode"": ""alpha_cutout"", ""expected_concept_word"": ""spc galaxy swirl"", ""reviewed_from"": ""audit/visual-assets/sheets/pending_visual/09-props-prop-cutout-space-006.jpg"", ""decision_source"": ""audit/visual-assets/decisions-props-remaining.jsonl"", ""sha256"": ""07572149f931a5d0ce02594fda780189876974b27efb390dc49b8fbf7c29cfc1"", ""bytes"": 107809, ""notes"": ""Duplicate asset matching existing cutout prop across packs (spc-galaxy-swirl)."", ""reason_codes"": [""exact_duplicate""]}"
live:prop:spc-headset,spc-headset,spc headset,props,live,09_props,production_asset,public/assets/09_props/img/spc-headset.png,REVIEW,"[""exact_duplicate""]","[""exact_duplicate""]",Duplicate asset matching existing cutout prop across packs (spc-headset).,,audit/visual-assets/sheets/pending_visual/09-props-prop-cutout-space-006.jpg,,"{""asset_id"": ""live:prop:spc-headset"", ""key"": ""spc-headset"", ""concept"": ""spc headset"", ""source_bank"": ""09_props"", ""source_role"": ""production_asset"", ""source_path"": ""public/assets/09_props/img/spc-headset.png"", ""expected_asset_type"": ""prop_cutout"", ""expected_background_mode"": ""alpha_cutout"", ""expected_concept_word"": ""spc headset"", ""reviewed_from"": ""audit/visual-assets/sheets/pending_visual/09-props-prop-cutout-space-006.jpg"", ""decision_source"": ""audit/visual-assets/decisions-props-remaining.jsonl"", ""sha256"": ""6784b8311780b5233f1380525ec32f114e92273da45523595c36dcbd264958c8"", ""bytes"": 78244, ""notes"": ""Duplicate asset matching existing cutout prop across packs (spc-headset)."", ""reason_codes"": [""exact_duplicate""]}"
live:prop:spc-joystick,spc-joystick,spc joystick,props,live,09_props,production_asset,public/assets/09_props/img/spc-joystick.png,REVIEW,"[""exact_duplicate""]","[""exact_duplicate""]",Duplicate asset matching existing cutout prop across packs (spc-joystick).,,audit/visual-assets/sheets/pending_visual/09-props-prop-cutout-space-006.jpg,,"{""asset_id"": ""live:prop:spc-joystick"", ""key"": ""spc-joystick"", ""concept"": ""spc joystick"", ""source_bank"": ""09_props"", ""source_role"": ""production_asset"", ""source_path"": ""public/assets/09_props/img/spc-joystick.png"", ""expected_asset_type"": ""prop_cutout"", ""expected_background_mode"": ""alpha_cutout"", ""expected_concept_word"": ""spc joystick"", ""reviewed_from"": ""audit/visual-assets/sheets/pending_visual/09-props-prop-cutout-space-006.jpg"", ""decision_source"": ""audit/visual-assets/decisions-props-remaining.jsonl"", ""sha256"": ""9113ee23840f008b40a0d1658597bb52f0c74940d36010aad18e00b741dbae41"", ""bytes"": 65002, ""notes"": ""Duplicate asset matching existing cutout prop across packs (spc-joystick)."", ""reason_codes"": [""exact_duplicate""]}"
live:prop:spc-meteor,spc-meteor,spc meteor,props,live,09_props,production_asset,public/assets/09_props/img/spc-meteor.png,REVIEW,"[""exact_duplicate""]","[""exact_duplicate""]",Duplicate asset matching existing cutout prop across packs (spc-meteor).,,audit/visual-assets/sheets/pending_visual/09-props-prop-cutout-space-006.jpg,,"{""asset_id"": ""live:prop:spc-meteor"", ""key"": ""spc-meteor"", ""concept"": ""spc meteor"", ""source_bank"": ""09_props"", ""source_role"": ""production_asset"", ""source_path"": ""public/assets/09_props/img/spc-meteor.png"", ""expected_asset_type"": ""prop_cutout"", ""expected_background_mode"": ""alpha_cutout"", ""expected_concept_word"": ""spc meteor"", ""reviewed_from"": ""audit/visual-assets/sheets/pending_visual/09-props-prop-cutout-space-006.jpg"", ""decision_source"": ""audit/visual-assets/decisions-props-remaining.jsonl"", ""sha256"": ""4c48b12ed6a6d7c0579ce5a3cd5d11009c4ebb5b53b2a5ca8f905e03b2f01d24"", ""bytes"": 107377, ""notes"": ""Duplicate asset matching existing cutout prop across packs (spc-meteor)."", ""reason_codes"": [""exact_duplicate""]}"
live:prop:spc-moon,spc-moon,spc moon,props,live,09_props,production_asset,public/assets/09_props/img/spc-moon.png,REVIEW,"[""exact_duplicate""]","[""exact_duplicate""]",Duplicate asset matching existing cutout prop across packs (spc-moon).,,audit/visual-assets/sheets/pending_visual/09-props-prop-cutout-space-006.jpg,,"{""asset_id"": ""live:prop:spc-moon"", ""key"": ""spc-moon"", ""concept"": ""spc moon"", ""source_bank"": ""09_props"", ""source_role"": ""production_asset"", ""source_path"": ""public/assets/09_props/img/spc-moon.png"", ""expected_asset_type"": ""prop_cutout"", ""expected_background_mode"": ""alpha_cutout"", ""expected_concept_word"": ""spc moon"", ""reviewed_from"": ""audit/visual-assets/sheets/pending_visual/09-props-prop-cutout-space-006.jpg"", ""decision_source"": ""audit/visual-assets/decisions-props-remaining.jsonl"", ""sha256"": ""bbeb1a6800b0ca0817a2d87a373a270148504edb7e8800645400e79b43ed1958"", ""bytes"": 124070, ""notes"": ""Duplicate asset matching existing cutout prop across packs (spc-moon)."", ""reason_codes"": [""exact_duplicate""]}"
live:prop:spc-nebula-cloud,spc-nebula-cloud,spc nebula cloud,props,live,09_props,production_asset,public/assets/09_props/img/spc-nebula-cloud.png,REVIEW,"[""exact_duplicate""]","[""exact_duplicate""]",Duplicate asset matching existing cutout prop across packs (spc-nebula-cloud).,,audit/visual-assets/sheets/pending_visual/09-props-prop-cutout-space-006.jpg,,"{""asset_id"": ""live:prop:spc-nebula-cloud"", ""key"": ""spc-nebula-cloud"", ""concept"": ""spc nebula cloud"", ""source_bank"": ""09_props"", ""source_role"": ""production_asset"", ""source_path"": ""public/assets/09_props/img/spc-nebula-cloud.png"", ""expected_asset_type"": ""prop_cutout"", ""expected_background_mode"": ""alpha_cutout"", ""expected_concept_word"": ""spc nebula cloud"", ""reviewed_from"": ""audit/visual-assets/sheets/pending_visual/09-props-prop-cutout-space-006.jpg"", ""decision_source"": ""audit/visual-assets/decisions-props-remaining.jsonl"", ""sha256"": ""12dfc986ebf20970c9086741c25df3f1c2a7c7d723ce0859f171cb381b0c1e7f"", ""bytes"": 122145, ""notes"": ""Duplicate asset matching existing cutout prop across packs (spc-nebula-cloud)."", ""reason_codes"": [""exact_duplicate""]}"
live:prop:spc-observatory-dome,spc-observatory-dome,spc observatory dome,props,live,09_props,production_asset,public/assets/09_props/img/spc-observatory-dome.png,REVIEW,"[""exact_duplicate""]","[""exact_duplicate""]",Duplicate asset matching existing cutout prop across packs (spc-observatory-dome).,,audit/visual-assets/sheets/pending_visual/09-props-prop-cutout-space-006.jpg,,"{""asset_id"": ""live:prop:spc-observatory-dome"", ""key"": ""spc-observatory-dome"", ""concept"": ""spc observatory dome"", ""source_bank"": ""09_props"", ""source_role"": ""production_asset"", ""source_path"": ""public/assets/09_props/img/spc-observatory-dome.png"", ""expected_asset_type"": ""prop_cutout"", ""expected_background_mode"": ""alpha_cutout"", ""expected_concept_word"": ""spc observatory dome"", ""reviewed_from"": ""audit/visual-assets/sheets/pending_visual/09-props-prop-cutout-space-006.jpg"", ""decision_source"": ""audit/visual-assets/decisions-props-remaining.jsonl"", ""sha256"": ""2b6da9bf7be51d17ece83ba89b4aa49bfe34ec90c92bc7c98126a8b375fd29e0"", ""bytes"": 128682, ""notes"": ""Duplicate asset matching existing cutout prop across packs (spc-observatory-dome)."", ""reason_codes"": [""exact_duplicate""]}"
live:prop:spc-oxygen-tank,spc-oxygen-tank,spc oxygen tank,props,live,09_props,production_asset,public/assets/09_props/img/spc-oxygen-tank.png,REVIEW,"[""exact_duplicate""]","[""exact_duplicate""]",Duplicate asset matching existing cutout prop across packs (spc-oxygen-tank).,,audit/visual-assets/sheets/pending_visual/09-props-prop-cutout-space-006.jpg,,"{""asset_id"": ""live:prop:spc-oxygen-tank"", ""key"": ""spc-oxygen-tank"", ""concept"": ""spc oxygen tank"", ""source_bank"": ""09_props"", ""source_role"": ""production_asset"", ""source_path"": ""public/assets/09_props/img/spc-oxygen-tank.png"", ""expected_asset_type"": ""prop_cutout"", ""expected_background_mode"": ""alpha_cutout"", ""expected_concept_word"": ""spc oxygen tank"", ""reviewed_from"": ""audit/visual-assets/sheets/pending_visual/09-props-prop-cutout-space-006.jpg"", ""decision_source"": ""audit/visual-assets/decisions-props-remaining.jsonl"", ""sha256"": ""9e3bc684f6376e8c344d7554a69ef9f1fc1e0d88fac37137750b1a833f30424d"", ""bytes"": 51623, ""notes"": ""Duplicate asset matching existing cutout prop across packs (spc-oxygen-tank)."", ""reason_codes"": [""exact_duplicate""]}"
live:prop:spc-rocket,spc-rocket,spc rocket,props,live,09_props,production_asset,public/assets/09_props/img/spc-rocket.png,REVIEW,"[""exact_duplicate""]","[""exact_duplicate""]",Duplicate asset matching existing cutout prop across packs (spc-rocket).,,audit/visual-assets/sheets/pending_visual/09-props-prop-cutout-space-006.jpg,,"{""asset_id"": ""live:prop:spc-rocket"", ""key"": ""spc-rocket"", ""concept"": ""spc rocket"", ""source_bank"": ""09_props"", ""source_role"": ""production_asset"", ""source_path"": ""public/assets/09_props/img/spc-rocket.png"", ""expected_asset_type"": ""prop_cutout"", ""expected_background_mode"": ""alpha_cutout"", ""expected_concept_word"": ""spc rocket"", ""reviewed_from"": ""audit/visual-assets/sheets/pending_visual/09-props-prop-cutout-space-006.jpg"", ""decision_source"": ""audit/visual-assets/decisions-props-remaining.jsonl"", ""sha256"": ""50d2e2c8bf2b5f07f0057a490b0eff05413cb2c174cccf5e76921ec9d3dd8f4f"", ""bytes"": 65336, ""notes"": ""Duplicate asset matching existing cutout prop across packs (spc-rocket)."", ""reason_codes"": [""exact_duplicate""]}"
live:prop:spc-rocket-fuel-tank,spc-rocket-fuel-tank,spc rocket fuel tank,props,live,09_props,production_asset,public/assets/09_props/img/spc-rocket-fuel-tank.png,REVIEW,"[""exact_duplicate""]","[""exact_duplicate""]",Duplicate asset matching existing cutout prop across packs (spc-rocket-fuel-tank).,,audit/visual-assets/sheets/pending_visual/09-props-prop-cutout-space-006.jpg,,"{""asset_id"": ""live:prop:spc-rocket-fuel-tank"", ""key"": ""spc-rocket-fuel-tank"", ""concept"": ""spc rocket fuel tank"", ""source_bank"": ""09_props"", ""source_role"": ""production_asset"", ""source_path"": ""public/assets/09_props/img/spc-rocket-fuel-tank.png"", ""expected_asset_type"": ""prop_cutout"", ""expected_background_mode"": ""alpha_cutout"", ""expected_concept_word"": ""spc rocket fuel tank"", ""reviewed_from"": ""audit/visual-assets/sheets/pending_visual/09-props-prop-cutout-space-006.jpg"", ""decision_source"": ""audit/visual-assets/decisions-props-remaining.jsonl"", ""sha256"": ""dd04f664cbf855bc1689a0b5f58ba58e3d0d4cf408ba6c4b982bde4a34149e44"", ""bytes"": 70143, ""notes"": ""Duplicate asset matching existing cutout prop across packs (spc-rocket-fuel-tank)."", ""reason_codes"": [""exact_duplicate""]}"
live:prop:spc-rover,spc-rover,spc rover,props,live,09_props,production_asset,public/assets/09_props/img/spc-rover.png,REVIEW,"[""exact_duplicate""]","[""exact_duplicate""]",Duplicate asset matching existing cutout prop across packs (spc-rover).,,audit/visual-assets/sheets/pending_visual/09-props-prop-cutout-space-006.jpg,,"{""asset_id"": ""live:prop:spc-rover"", ""key"": ""spc-rover"", ""concept"": ""spc rover"", ""source_bank"": ""09_props"", ""source_role"": ""production_asset"", ""source_path"": ""public/assets/09_props/img/spc-rover.png"", ""expected_asset_type"": ""prop_cutout"", ""expected_background_mode"": ""alpha_cutout"", ""expected_concept_word"": ""spc rover"", ""reviewed_from"": ""audit/visual-assets/sheets/pending_visual/09-props-prop-cutout-space-006.jpg"", ""decision_source"": ""audit/visual-assets/decisions-props-remaining.jsonl"", ""sha256"": ""079f8fb521874929cc995932a9050cefef832fae067e4fc44a8eff37e5e9cc5c"", ""bytes"": 95009, ""notes"": ""Duplicate asset matching existing cutout prop across packs (spc-rover)."", ""reason_codes"": [""exact_duplicate""]}"
live:prop:spc-solar-panel,spc-solar-panel,spc solar panel,props,live,09_props,production_asset,public/assets/09_props/img/spc-solar-panel.png,REVIEW,"[""exact_duplicate""]","[""exact_duplicate""]",Duplicate asset matching existing cutout prop across packs (spc-solar-panel).,,audit/visual-assets/sheets/pending_visual/09-props-prop-cutout-space-006.jpg,,"{""asset_id"": ""live:prop:spc-solar-panel"", ""key"": ""spc-solar-panel"", ""concept"": ""spc solar panel"", ""source_bank"": ""09_props"", ""source_role"": ""production_asset"", ""source_path"": ""public/assets/09_props/img/spc-solar-panel.png"", ""expected_asset_type"": ""prop_cutout"", ""expected_background_mode"": ""alpha_cutout"", ""expected_concept_word"": ""spc solar panel"", ""reviewed_from"": ""audit/visual-assets/sheets/pending_visual/09-props-prop-cutout-space-006.jpg"", ""decision_source"": ""audit/visual-assets/decisions-props-remaining.jsonl"", ""sha256"": ""61d0d202b62ee9ac4dc106251149c30c6ab86de1cb8436da07752d6190c93fcd"", ""bytes"": 93104, ""notes"": ""Duplicate asset matching existing cutout prop across packs (spc-solar-panel)."", ""reason_codes"": [""exact_duplicate""]}"
live:prop:spc-space-station-module,spc-space-station-module,spc space station module,props,live,09_props,production_asset,public/assets/09_props/img/spc-space-station-module.png,REVIEW,"[""exact_duplicate""]","[""exact_duplicate""]",Duplicate asset matching existing cutout prop across packs (spc-space-station-module).,,audit/visual-assets/sheets/pending_visual/09-props-prop-cutout-space-006.jpg,,"{""asset_id"": ""live:prop:spc-space-station-module"", ""key"": ""spc-space-station-module"", ""concept"": ""spc space station module"", ""source_bank"": ""09_props"", ""source_role"": ""production_asset"", ""source_path"": ""public/assets/09_props/img/spc-space-station-module.png"", ""expected_asset_type"": ""prop_cutout"", ""expected_background_mode"": ""alpha_cutout"", ""expected_concept_word"": ""spc space station module"", ""reviewed_from"": ""audit/visual-assets/sheets/pending_visual/09-props-prop-cutout-space-006.jpg"", ""decision_source"": ""audit/visual-assets/decisions-props-remaining.jsonl"", ""sha256"": ""c161f6f6c637a1bef2fa14aefc30fd2aec9d21dfb70fde41df815367ac918faa"", ""bytes"": 95005, ""notes"": ""Duplicate asset matching existing cutout prop across packs (spc-space-station-module)."", ""reason_codes"": [""exact_duplicate""]}"
live:prop:spc-spaceship,spc-spaceship,spc spaceship,props,live,09_props,production_asset,public/assets/09_props/img/spc-spaceship.png,REVIEW,"[""exact_duplicate""]","[""exact_duplicate""]",Duplicate asset matching existing cutout prop across packs (spc-spaceship).,,audit/visual-assets/sheets/pending_visual/09-props-prop-cutout-space-006.jpg,,"{""asset_id"": ""live:prop:spc-spaceship"", ""key"": ""spc-spaceship"", ""concept"": ""spc spaceship"", ""source_bank"": ""09_props"", ""source_role"": ""production_asset"", ""source_path"": ""public/assets/09_props/img/spc-spaceship.png"", ""expected_asset_type"": ""prop_cutout"", ""expected_background_mode"": ""alpha_cutout"", ""expected_concept_word"": ""spc spaceship"", ""reviewed_from"": ""audit/visual-assets/sheets/pending_visual/09-props-prop-cutout-space-006.jpg"", ""decision_source"": ""audit/visual-assets/decisions-props-remaining.jsonl"", ""sha256"": ""7019944225dae644e07213499335cf79c3ca3a461c6b2c872ba903a3025165c8"", ""bytes"": 77491, ""notes"": ""Duplicate asset matching existing cutout prop across packs (spc-spaceship)."", ""reason_codes"": [""exact_duplicate""]}"
live:prop:spc-spacesuit,spc-spacesuit,spc spacesuit,props,live,09_props,production_asset,public/assets/09_props/img/spc-spacesuit.png,REVIEW,"[""exact_duplicate""]","[""exact_duplicate""]",Duplicate asset matching existing cutout prop across packs (spc-spacesuit).,,audit/visual-assets/sheets/pending_visual/09-props-prop-cutout-space-007.jpg,,"{""asset_id"": ""live:prop:spc-spacesuit"", ""key"": ""spc-spacesuit"", ""concept"": ""spc spacesuit"", ""source_bank"": ""09_props"", ""source_role"": ""production_asset"", ""source_path"": ""public/assets/09_props/img/spc-spacesuit.png"", ""expected_asset_type"": ""prop_cutout"", ""expected_background_mode"": ""alpha_cutout"", ""expected_concept_word"": ""spc spacesuit"", ""reviewed_from"": ""audit/visual-assets/sheets/pending_visual/09-props-prop-cutout-space-007.jpg"", ""decision_source"": ""audit/visual-assets/decisions-props-remaining.jsonl"", ""sha256"": ""f55a64691f2e10ff973ab025aef0adae000513da29fd3c9671729c70b08384fc"", ""bytes"": 82654, ""notes"": ""Duplicate asset matching existing cutout prop across packs (spc-spacesuit)."", ""reason_codes"": [""exact_duplicate""]}"
live:prop:spc-star,spc-star,spc star,props,live,09_props,production_asset,public/assets/09_props/img/spc-star.png,REVIEW,"[""exact_duplicate""]","[""exact_duplicate""]",Duplicate asset matching existing cutout prop across packs (spc-star).,,audit/visual-assets/sheets/pending_visual/09-props-prop-cutout-space-007.jpg,,"{""asset_id"": ""live:prop:spc-star"", ""key"": ""spc-star"", ""concept"": ""spc star"", ""source_bank"": ""09_props"", ""source_role"": ""production_asset"", ""source_path"": ""public/assets/09_props/img/spc-star.png"", ""expected_asset_type"": ""prop_cutout"", ""expected_background_mode"": ""alpha_cutout"", ""expected_concept_word"": ""spc star"", ""reviewed_from"": ""audit/visual-assets/sheets/pending_visual/09-props-prop-cutout-space-007.jpg"", ""decision_source"": ""audit/visual-assets/decisions-props-remaining.jsonl"", ""sha256"": ""fe1aefca60abe31d58a13ad497998d8b4dba00ec3e101dd369ec6f75dd0f2751"", ""bytes"": 87219, ""notes"": ""Duplicate asset matching existing cutout prop across packs (spc-star)."", ""reason_codes"": [""exact_duplicate""]}"
live:prop:spc-star-map,spc-star-map,spc star map,props,live,09_props,production_asset,public/assets/09_props/img/spc-star-map.png,REVIEW,"[""exact_duplicate""]","[""exact_duplicate""]",Duplicate asset matching existing cutout prop across packs (spc-star-map).,,audit/visual-assets/sheets/pending_visual/09-props-prop-cutout-space-007.jpg,,"{""asset_id"": ""live:prop:spc-star-map"", ""key"": ""spc-star-map"", ""concept"": ""spc star map"", ""source_bank"": ""09_props"", ""source_role"": ""production_asset"", ""source_path"": ""public/assets/09_props/img/spc-star-map.png"", ""expected_asset_type"": ""prop_cutout"", ""expected_background_mode"": ""alpha_cutout"", ""expected_concept_word"": ""spc star map"", ""reviewed_from"": ""audit/visual-assets/sheets/pending_visual/09-props-prop-cutout-space-007.jpg"", ""decision_source"": ""audit/visual-assets/decisions-props-remaining.jsonl"", ""sha256"": ""660a677cde05a86b27ef081038b1da9102ff8b9f2f327e925af68b39112e6556"", ""bytes"": 118462, ""notes"": ""Duplicate asset matching existing cutout prop across packs (spc-star-map)."", ""reason_codes"": [""exact_duplicate""]}"
live:prop:spc-telescope,spc-telescope,spc telescope,props,live,09_props,production_asset,public/assets/09_props/img/spc-telescope.png,REVIEW,"[""exact_duplicate""]","[""exact_duplicate""]",Duplicate asset matching existing cutout prop across packs (spc-telescope).,,audit/visual-assets/sheets/pending_visual/09-props-prop-cutout-space-007.jpg,,"{""asset_id"": ""live:prop:spc-telescope"", ""key"": ""spc-telescope"", ""concept"": ""spc telescope"", ""source_bank"": ""09_props"", ""source_role"": ""production_asset"", ""source_path"": ""public/assets/09_props/img/spc-telescope.png"", ""expected_asset_type"": ""prop_cutout"", ""expected_background_mode"": ""alpha_cutout"", ""expected_concept_word"": ""spc telescope"", ""reviewed_from"": ""audit/visual-assets/sheets/pending_visual/09-props-prop-cutout-space-007.jpg"", ""decision_source"": ""audit/visual-assets/decisions-props-remaining.jsonl"", ""sha256"": ""06d912a980b9ec54fd2ee4c649da7e2a945543e23ea571ad1119414bc48fdd64"", ""bytes"": 76955, ""notes"": ""Duplicate asset matching existing cutout prop across packs (spc-telescope)."", ""reason_codes"": [""exact_duplicate""]}"
live:prop:spc-ufo,spc-ufo,spc ufo,props,live,09_props,production_asset,public/assets/09_props/img/spc-ufo.png,REVIEW,"[""exact_duplicate""]","[""exact_duplicate""]",Duplicate asset matching existing cutout prop across packs (spc-ufo).,,audit/visual-assets/sheets/pending_visual/09-props-prop-cutout-space-007.jpg,,"{""asset_id"": ""live:prop:spc-ufo"", ""key"": ""spc-ufo"", ""concept"": ""spc ufo"", ""source_bank"": ""09_props"", ""source_role"": ""production_asset"", ""source_path"": ""public/assets/09_props/img/spc-ufo.png"", ""expected_asset_type"": ""prop_cutout"", ""expected_background_mode"": ""alpha_cutout"", ""expected_concept_word"": ""spc ufo"", ""reviewed_from"": ""audit/visual-assets/sheets/pending_visual/09-props-prop-cutout-space-007.jpg"", ""decision_source"": ""audit/visual-assets/decisions-props-remaining.jsonl"", ""sha256"": ""0acc3ccfb463ad0e799af66475be602eb4e36e5c0f309c1971fa48c0c6ebab94"", ""bytes"": 89915, ""notes"": ""Duplicate asset matching existing cutout prop across packs (spc-ufo)."", ""reason_codes"": [""exact_duplicate""]}"
live:prop:sport-soccer,sport-soccer,sport soccer,props,live,09_props,production_asset,public/assets/09_props/img/sport-soccer.png,REVIEW,"[""exact_duplicate""]","[""exact_duplicate""]",Duplicate asset matching existing cutout prop across packs (sport-soccer).,,audit/visual-assets/sheets/pending_visual/09-props-prop-cutout-object-001.jpg,,"{""asset_id"": ""live:prop:sport-soccer"", ""key"": ""sport-soccer"", ""concept"": ""sport soccer"", ""source_bank"": ""09_props"", ""source_role"": ""production_asset"", ""source_path"": ""public/assets/09_props/img/sport-soccer.png"", ""expected_asset_type"": ""prop_cutout"", ""expected_background_mode"": ""alpha_cutout"", ""expected_concept_word"": ""sport soccer"", ""reviewed_from"": ""audit/visual-assets/sheets/pending_visual/09-props-prop-cutout-object-001.jpg"", ""decision_source"": ""audit/visual-assets/decisions-props-remaining.jsonl"", ""sha256"": ""c2cf2cffccd181c035a8d17293d19cd43022d2c3cef04c2d2d7922ed392b4499"", ""bytes"": 242749, ""notes"": ""Duplicate asset matching existing cutout prop across packs (sport-soccer)."", ""reason_codes"": [""exact_duplicate""]}"
live:prop:sports-soccer-ball,sports-soccer-ball,sports soccer ball,props,live,09_props,production_asset,public/assets/09_props/img/sports-soccer-ball.png,REVIEW,"[""exact_duplicate""]","[""exact_duplicate""]",Duplicate asset matching existing cutout prop across packs (sports-soccer-ball).,,audit/visual-assets/sheets/pending_visual/09-props-prop-cutout-sports-004.jpg,,"{""asset_id"": ""live:prop:sports-soccer-ball"", ""key"": ""sports-soccer-ball"", ""concept"": ""sports soccer ball"", ""source_bank"": ""09_props"", ""source_role"": ""production_asset"", ""source_path"": ""public/assets/09_props/img/sports-soccer-ball.png"", ""expected_asset_type"": ""prop_cutout"", ""expected_background_mode"": ""alpha_cutout"", ""expected_concept_word"": ""sports soccer ball"", ""reviewed_from"": ""audit/visual-assets/sheets/pending_visual/09-props-prop-cutout-sports-004.jpg"", ""decision_source"": ""audit/visual-assets/decisions-props-remaining.jsonl"", ""sha256"": ""c2cf2cffccd181c035a8d17293d19cd43022d2c3cef04c2d2d7922ed392b4499"", ""bytes"": 242749, ""notes"": ""Duplicate asset matching existing cutout prop across packs (sports-soccer-ball)."", ""reason_codes"": [""exact_duplicate""]}"
live:prop:tree-acorn,tree-acorn,tree acorn,props,live,09_props,production_asset,public/assets/09_props/img/tree-acorn.png,REVIEW,"[""exact_duplicate""]","[""exact_duplicate""]",Exact duplicate tree asset.,,audit/visual-assets/sheets/pending_visual/09-props-prop-cutout-tree-001.jpg,,"{""asset_id"": ""live:prop:tree-acorn"", ""key"": ""tree-acorn"", ""concept"": ""tree acorn"", ""source_bank"": ""09_props"", ""source_role"": ""production_asset"", ""source_path"": ""public/assets/09_props/img/tree-acorn.png"", ""expected_asset_type"": ""prop_cutout"", ""expected_background_mode"": ""alpha_cutout"", ""expected_concept_word"": ""tree acorn"", ""reviewed_from"": ""audit/visual-assets/sheets/pending_visual/09-props-prop-cutout-tree-001.jpg"", ""decision_source"": ""audit/visual-assets/decisions-backgrounds-props.jsonl"", ""sha256"": ""426b7e02835efbebf3051d8d3eb874dfbc364abb7f67a280d8996b4eec7d0935"", ""bytes"": 82082, ""notes"": ""Exact duplicate tree asset."", ""reason_codes"": [""exact_duplicate""]}"
live:prop:tree-apple,tree-apple,tree apple,props,live,09_props,production_asset,public/assets/09_props/img/tree-apple.png,REVIEW,"[""exact_duplicate""]","[""exact_duplicate""]",Exact duplicate tree asset.,,audit/visual-assets/sheets/pending_visual/09-props-prop-cutout-tree-001.jpg,,"{""asset_id"": ""live:prop:tree-apple"", ""key"": ""tree-apple"", ""concept"": ""tree apple"", ""source_bank"": ""09_props"", ""source_role"": ""production_asset"", ""source_path"": ""public/assets/09_props/img/tree-apple.png"", ""expected_asset_type"": ""prop_cutout"", ""expected_background_mode"": ""alpha_cutout"", ""expected_concept_word"": ""tree apple"", ""reviewed_from"": ""audit/visual-assets/sheets/pending_visual/09-props-prop-cutout-tree-001.jpg"", ""decision_source"": ""audit/visual-assets/decisions-backgrounds-props.jsonl"", ""sha256"": ""b91a20ee68cd4d1a9a26e9bfcaa25618b51ce4c69ae0580d53d72b5add0fe595"", ""bytes"": 90877, ""notes"": ""Exact duplicate tree asset."", ""reason_codes"": [""exact_duplicate""]}"
live:prop:tree-bee,tree-bee,tree bee,props,live,09_props,production_asset,public/assets/09_props/img/tree-bee.png,REVIEW,"[""low_resolution""]","[""low_resolution""]",Concept mismatch: Image is a birdbath (concept mismatch).,,audit/visual-assets/sheets/pending_visual/09-props-prop-cutout-tree-001.jpg,,"{""asset_id"": ""live:prop:tree-bee"", ""key"": ""tree-bee"", ""concept"": ""tree bee"", ""source_bank"": ""09_props"", ""source_role"": ""production_asset"", ""source_path"": ""public/assets/09_props/img/tree-bee.png"", ""expected_asset_type"": ""prop_cutout"", ""expected_background_mode"": ""alpha_cutout"", ""expected_concept_word"": ""tree bee"", ""reviewed_from"": ""audit/visual-assets/sheets/pending_visual/09-props-prop-cutout-tree-001.jpg"", ""decision_source"": ""audit/visual-assets/decisions-backgrounds-props.jsonl"", ""sha256"": ""b592a018a73838e89d8896011e3b81fc414984d0fc65e6fe8388c6f42640d42e"", ""bytes"": 13915, ""notes"": ""Concept mismatch: Image is a birdbath (concept mismatch)."", ""reason_codes"": [""low_resolution""]}"
live:prop:tree-bee-v2,tree-bee-v2,tree bee v2,props,live,09_props,production_asset,public/assets/09_props/img/tree-bee-v2.png,REVIEW,"[""exact_duplicate""]","[""exact_duplicate""]",Exact duplicate tree asset.,,audit/visual-assets/sheets/pending_visual/09-props-prop-cutout-tree-001.jpg,,"{""asset_id"": ""live:prop:tree-bee-v2"", ""key"": ""tree-bee-v2"", ""concept"": ""tree bee v2"", ""source_bank"": ""09_props"", ""source_role"": ""production_asset"", ""source_path"": ""public/assets/09_props/img/tree-bee-v2.png"", ""expected_asset_type"": ""prop_cutout"", ""expected_background_mode"": ""alpha_cutout"", ""expected_concept_word"": ""tree bee v2"", ""reviewed_from"": ""audit/visual-assets/sheets/pending_visual/09-props-prop-cutout-tree-001.jpg"", ""decision_source"": ""audit/visual-assets/decisions-backgrounds-props.jsonl"", ""sha256"": ""8ce36c31dc9f2a07ed96f76532685c87d65b358d573f5116f938604f92a0828b"", ""bytes"": 84682, ""notes"": ""Exact duplicate tree asset."", ""reason_codes"": [""exact_duplicate""]}"
live:prop:tree-birdhouse,tree-birdhouse,tree birdhouse,props,live,09_props,production_asset,public/assets/09_props/img/tree-birdhouse.png,REVIEW,"[""exact_duplicate""]","[""exact_duplicate""]",Exact duplicate tree asset.,,audit/visual-assets/sheets/pending_visual/09-props-prop-cutout-tree-001.jpg,,"{""asset_id"": ""live:prop:tree-birdhouse"", ""key"": ""tree-birdhouse"", ""concept"": ""tree birdhouse"", ""source_bank"": ""09_props"", ""source_role"": ""production_asset"", ""source_path"": ""public/assets/09_props/img/tree-birdhouse.png"", ""expected_asset_type"": ""prop_cutout"", ""expected_background_mode"": ""alpha_cutout"", ""expected_concept_word"": ""tree birdhouse"", ""reviewed_from"": ""audit/visual-assets/sheets/pending_visual/09-props-prop-cutout-tree-001.jpg"", ""decision_source"": ""audit/visual-assets/decisions-backgrounds-props.jsonl"", ""sha256"": ""0d0447bf2004d0655739777e9df38095088c7c7f741bb1b9496c20e42814a5ac"", ""bytes"": 93258, ""notes"": ""Exact duplicate tree asset."", ""reason_codes"": [""exact_duplicate""]}"
live:prop:tree-birdhouse-blue,tree-birdhouse-blue,tree birdhouse blue,props,live,09_props,production_asset,public/assets/09_props/img/tree-birdhouse-blue.png,REVIEW,"[""low_resolution""]","[""low_resolution""]",Concept mismatch: Image is a snowflake (concept mismatch + low_res).,,audit/visual-assets/sheets/pending_visual/09-props-prop-cutout-tree-001.jpg,,"{""asset_id"": ""live:prop:tree-birdhouse-blue"", ""key"": ""tree-birdhouse-blue"", ""concept"": ""tree birdhouse blue"", ""source_bank"": ""09_props"", ""source_role"": ""production_asset"", ""source_path"": ""public/assets/09_props/img/tree-birdhouse-blue.png"", ""expected_asset_type"": ""prop_cutout"", ""expected_background_mode"": ""alpha_cutout"", ""expected_concept_word"": ""tree birdhouse blue"", ""reviewed_from"": ""audit/visual-assets/sheets/pending_visual/09-props-prop-cutout-tree-001.jpg"", ""decision_source"": ""audit/visual-assets/decisions-backgrounds-props.jsonl"", ""sha256"": ""8f825ab8321ad02e4cc3bb3d93305ac9c0d2ed86cf92e9a16a74b5e9f3ae1821"", ""bytes"": 9282, ""notes"": ""Concept mismatch: Image is a snowflake (concept mismatch + low_res)."", ""reason_codes"": [""low_resolution""]}"
live:prop:tree-branch,tree-branch,tree branch,props,live,09_props,production_asset,public/assets/09_props/img/tree-branch.png,REVIEW,"[""exact_duplicate""]","[""exact_duplicate""]",Exact duplicate tree asset.,,audit/visual-assets/sheets/pending_visual/09-props-prop-cutout-tree-001.jpg,,"{""asset_id"": ""live:prop:tree-branch"", ""key"": ""tree-branch"", ""concept"": ""tree branch"", ""source_bank"": ""09_props"", ""source_role"": ""production_asset"", ""source_path"": ""public/assets/09_props/img/tree-branch.png"", ""expected_asset_type"": ""prop_cutout"", ""expected_background_mode"": ""alpha_cutout"", ""expected_concept_word"": ""tree branch"", ""reviewed_from"": ""audit/visual-assets/sheets/pending_visual/09-props-prop-cutout-tree-001.jpg"", ""decision_source"": ""audit/visual-assets/decisions-backgrounds-props.jsonl"", ""sha256"": ""3872f412dc73047b8797e9228e139be3135672ba5ce5e5bd0f1e945f67887df9"", ""bytes"": 59891, ""notes"": ""Exact duplicate tree asset."", ""reason_codes"": [""exact_duplicate""]}"
live:prop:tree-branch-blue,tree-branch-blue,tree branch blue,props,live,09_props,production_asset,public/assets/09_props/img/tree-branch-blue.png,REVIEW,"[""low_resolution""]","[""low_resolution""]",Concept mismatch: Image is a bluebird (concept mismatch + low_res).,,audit/visual-assets/sheets/pending_visual/09-props-prop-cutout-tree-001.jpg,,"{""asset_id"": ""live:prop:tree-branch-blue"", ""key"": ""tree-branch-blue"", ""concept"": ""tree branch blue"", ""source_bank"": ""09_props"", ""source_role"": ""production_asset"", ""source_path"": ""public/assets/09_props/img/tree-branch-blue.png"", ""expected_asset_type"": ""prop_cutout"", ""expected_background_mode"": ""alpha_cutout"", ""expected_concept_word"": ""tree branch blue"", ""reviewed_from"": ""audit/visual-assets/sheets/pending_visual/09-props-prop-cutout-tree-001.jpg"", ""decision_source"": ""audit/visual-assets/decisions-backgrounds-props.jsonl"", ""sha256"": ""a3c06bf2776c330f6b59ed29d4ef8343cd5d27175a56c51dcf01681e4e415f1d"", ""bytes"": 9579, ""notes"": ""Concept mismatch: Image is a bluebird (concept mismatch + low_res)."", ""reason_codes"": [""low_resolution""]}"
live:prop:tree-branch-orange-a,tree-branch-orange-a,tree branch orange a,props,live,09_props,production_asset,public/assets/09_props/img/tree-branch-orange-a.png,REVIEW,"[""low_resolution""]","[""low_resolution""]",Concept mismatch: Image is an owl (concept mismatch + low_res).,,audit/visual-assets/sheets/pending_visual/09-props-prop-cutout-tree-001.jpg,,"{""asset_id"": ""live:prop:tree-branch-orange-a"", ""key"": ""tree-branch-orange-a"", ""concept"": ""tree branch orange a"", ""source_bank"": ""09_props"", ""source_role"": ""production_asset"", ""source_path"": ""public/assets/09_props/img/tree-branch-orange-a.png"", ""expected_asset_type"": ""prop_cutout"", ""expected_background_mode"": ""alpha_cutout"", ""expected_concept_word"": ""tree branch orange a"", ""reviewed_from"": ""audit/visual-assets/sheets/pending_visual/09-props-prop-cutout-tree-001.jpg"", ""decision_source"": ""audit/visual-assets/decisions-backgrounds-props.jsonl"", ""sha256"": ""8eb6efe65767847054d64c473411b4b5c24052571d25fec0ce70a01fb7eb568d"", ""bytes"": 9911, ""notes"": ""Concept mismatch: Image is an owl (concept mismatch + low_res)."", ""reason_codes"": [""low_resolution""]}"
live:prop:tree-branch-red,tree-branch-red,tree branch red,props,live,09_props,production_asset,public/assets/09_props/img/tree-branch-red.png,REVIEW,"[""low_resolution""]","[""low_resolution""]",Concept mismatch: Image is a red cardinal (concept mismatch).,,audit/visual-assets/sheets/pending_visual/09-props-prop-cutout-tree-001.jpg,,"{""asset_id"": ""live:prop:tree-branch-red"", ""key"": ""tree-branch-red"", ""concept"": ""tree branch red"", ""source_bank"": ""09_props"", ""source_role"": ""production_asset"", ""source_path"": ""public/assets/09_props/img/tree-branch-red.png"", ""expected_asset_type"": ""prop_cutout"", ""expected_background_mode"": ""alpha_cutout"", ""expected_concept_word"": ""tree branch red"", ""reviewed_from"": ""audit/visual-assets/sheets/pending_visual/09-props-prop-cutout-tree-001.jpg"", ""decision_source"": ""audit/visual-assets/decisions-backgrounds-props.jsonl"", ""sha256"": ""ac9238fa01818a6cb3a7b0d9f4f6c7b8edc4b87709bda198b4c41b5f1dc436b4"", ""bytes"": 8478, ""notes"": ""Concept mismatch: Image is a red cardinal (concept mismatch)."", ""reason_codes"": [""low_resolution""]}"
live:prop:tree-branch-twig-a,tree-branch-twig-a,tree branch twig a,props,live,09_props,production_asset,public/assets/09_props/img/tree-branch-twig-a.png,REVIEW,"[""low_resolution""]","[""low_resolution""]",Concept mismatch: Image is a hanging monkey (concept mismatch + low_res).,,audit/visual-assets/sheets/pending_visual/09-props-prop-cutout-tree-001.jpg,,"{""asset_id"": ""live:prop:tree-branch-twig-a"", ""key"": ""tree-branch-twig-a"", ""concept"": ""tree branch twig a"", ""source_bank"": ""09_props"", ""source_role"": ""production_asset"", ""source_path"": ""public/assets/09_props/img/tree-branch-twig-a.png"", ""expected_asset_type"": ""prop_cutout"", ""expected_background_mode"": ""alpha_cutout"", ""expected_concept_word"": ""tree branch twig a"", ""reviewed_from"": ""audit/visual-assets/sheets/pending_visual/09-props-prop-cutout-tree-001.jpg"", ""decision_source"": ""audit/visual-assets/decisions-backgrounds-props.jsonl"", ""sha256"": ""1ce1162e04f61fa9935dac3341e1995c1f8294af7f7f51533998ed26c25b9690"", ""bytes"": 12478, ""notes"": ""Concept mismatch: Image is a hanging monkey (concept mismatch + low_res)."", ""reason_codes"": [""low_resolution""]}"
live:prop:tree-branch-twig-b,tree-branch-twig-b,tree branch twig b,props,live,09_props,production_asset,public/assets/09_props/img/tree-branch-twig-b.png,REVIEW,"[""low_resolution""]","[""low_resolution""]",Concept mismatch: Image is a woodpecker (concept mismatch + low_res).,,audit/visual-assets/sheets/pending_visual/09-props-prop-cutout-tree-001.jpg,,"{""asset_id"": ""live:prop:tree-branch-twig-b"", ""key"": ""tree-branch-twig-b"", ""concept"": ""tree branch twig b"", ""source_bank"": ""09_props"", ""source_role"": ""production_asset"", ""source_path"": ""public/assets/09_props/img/tree-branch-twig-b.png"", ""expected_asset_type"": ""prop_cutout"", ""expected_background_mode"": ""alpha_cutout"", ""expected_concept_word"": ""tree branch twig b"", ""reviewed_from"": ""audit/visual-assets/sheets/pending_visual/09-props-prop-cutout-tree-001.jpg"", ""decision_source"": ""audit/visual-assets/decisions-backgrounds-props.jsonl"", ""sha256"": ""c5c69d0a737b7a0b4fc28980dcc5574b799e936a36deb2ad808291866139a20e"", ""bytes"": 8301, ""notes"": ""Concept mismatch: Image is a woodpecker (concept mismatch + low_res)."", ""reason_codes"": [""low_resolution""]}"
live:prop:tree-branch-yellow,tree-branch-yellow,tree branch yellow,props,live,09_props,production_asset,public/assets/09_props/img/tree-branch-yellow.png,REVIEW,"[""low_resolution""]","[""low_resolution""]",Concept mismatch: Image is a yellow canary (concept mismatch + low_res).,,audit/visual-assets/sheets/pending_visual/09-props-prop-cutout-tree-001.jpg,,"{""asset_id"": ""live:prop:tree-branch-yellow"", ""key"": ""tree-branch-yellow"", ""concept"": ""tree branch yellow"", ""source_bank"": ""09_props"", ""source_role"": ""production_asset"", ""source_path"": ""public/assets/09_props/img/tree-branch-yellow.png"", ""expected_asset_type"": ""prop_cutout"", ""expected_background_mode"": ""alpha_cutout"", ""expected_concept_word"": ""tree branch yellow"", ""reviewed_from"": ""audit/visual-assets/sheets/pending_visual/09-props-prop-cutout-tree-001.jpg"", ""decision_source"": ""audit/visual-assets/decisions-backgrounds-props.jsonl"", ""sha256"": ""834d5e1561e2d996562314f09f3afd76dff2b65d124270ec818268c801f7dac6"", ""bytes"": 8593, ""notes"": ""Concept mismatch: Image is a yellow canary (concept mismatch + low_res)."", ""reason_codes"": [""low_resolution""]}"
live:prop:tree-bush-round,tree-bush-round,tree bush round,props,live,09_props,production_asset,public/assets/09_props/img/tree-bush-round.png,REVIEW,"[""low_resolution""]","[""low_resolution""]",Low resolution sprite.,,audit/visual-assets/sheets/pending_visual/09-props-prop-cutout-tree-001.jpg,,"{""asset_id"": ""live:prop:tree-bush-round"", ""key"": ""tree-bush-round"", ""concept"": ""tree bush round"", ""source_bank"": ""09_props"", ""source_role"": ""production_asset"", ""source_path"": ""public/assets/09_props/img/tree-bush-round.png"", ""expected_asset_type"": ""prop_cutout"", ""expected_background_mode"": ""alpha_cutout"", ""expected_concept_word"": ""tree bush round"", ""reviewed_from"": ""audit/visual-assets/sheets/pending_visual/09-props-prop-cutout-tree-001.jpg"", ""decision_source"": ""audit/visual-assets/decisions-backgrounds-props.jsonl"", ""sha256"": ""a3b7a06abc0e44905d8bbaf5d290453998b813b83d31027132f86f25cb939180"", ""bytes"": 17382, ""notes"": ""Low resolution sprite."", ""reason_codes"": [""low_resolution""]}"
live:prop:tree-butterfly-v2,tree-butterfly-v2,tree butterfly v2,props,live,09_props,production_asset,public/assets/09_props/img/tree-butterfly-v2.png,REVIEW,"[""exact_duplicate""]","[""exact_duplicate""]",Exact duplicate tree asset.,,audit/visual-assets/sheets/pending_visual/09-props-prop-cutout-tree-001.jpg,,"{""asset_id"": ""live:prop:tree-butterfly-v2"", ""key"": ""tree-butterfly-v2"", ""concept"": ""tree butterfly v2"", ""source_bank"": ""09_props"", ""source_role"": ""production_asset"", ""source_path"": ""public/assets/09_props/img/tree-butterfly-v2.png"", ""expected_asset_type"": ""prop_cutout"", ""expected_background_mode"": ""alpha_cutout"", ""expected_concept_word"": ""tree butterfly v2"", ""reviewed_from"": ""audit/visual-assets/sheets/pending_visual/09-props-prop-cutout-tree-001.jpg"", ""decision_source"": ""audit/visual-assets/decisions-backgrounds-props.jsonl"", ""sha256"": ""6afa14047e4236a1f1b2fab9059393ed825cc9794de7ff5755cbda264671ea85"", ""bytes"": 113140, ""notes"": ""Exact duplicate tree asset."", ""reason_codes"": [""exact_duplicate""]}"
live:prop:tree-canopy-autumn-red,tree-canopy-autumn-red,tree canopy autumn red,props,live,09_props,production_asset,public/assets/09_props/img/tree-canopy-autumn-red.png,REVIEW,"[""low_resolution""]","[""low_resolution""]",Concept mismatch: Image is cherry blossoms (concept mismatch + low_res).,,audit/visual-assets/sheets/pending_visual/09-props-prop-cutout-tree-001.jpg,,"{""asset_id"": ""live:prop:tree-canopy-autumn-red"", ""key"": ""tree-canopy-autumn-red"", ""concept"": ""tree canopy autumn red"", ""source_bank"": ""09_props"", ""source_role"": ""production_asset"", ""source_path"": ""public/assets/09_props/img/tree-canopy-autumn-red.png"", ""expected_asset_type"": ""prop_cutout"", ""expected_background_mode"": ""alpha_cutout"", ""expected_concept_word"": ""tree canopy autumn red"", ""reviewed_from"": ""audit/visual-assets/sheets/pending_visual/09-props-prop-cutout-tree-001.jpg"", ""decision_source"": ""audit/visual-assets/decisions-backgrounds-props.jsonl"", ""sha256"": ""bd9d03952eb7702d6613acce55b71976dc245aade9d722d165b6686e9fa54568"", ""bytes"": 12971, ""notes"": ""Concept mismatch: Image is cherry blossoms (concept mismatch + low_res)."", ""reason_codes"": [""low_resolution""]}"
live:prop:tree-canopy-green-c,tree-canopy-green-c,tree canopy green c,props,live,09_props,production_asset,public/assets/09_props/img/tree-canopy-green-c.png,REVIEW,"[""low_resolution""]","[""low_resolution""]",Low resolution sprite.,,audit/visual-assets/sheets/pending_visual/09-props-prop-cutout-tree-001.jpg,,"{""asset_id"": ""live:prop:tree-canopy-green-c"", ""key"": ""tree-canopy-green-c"", ""concept"": ""tree canopy green c"", ""source_bank"": ""09_props"", ""source_role"": ""production_asset"", ""source_path"": ""public/assets/09_props/img/tree-canopy-green-c.png"", ""expected_asset_type"": ""prop_cutout"", ""expected_background_mode"": ""alpha_cutout"", ""expected_concept_word"": ""tree canopy green c"", ""reviewed_from"": ""audit/visual-assets/sheets/pending_visual/09-props-prop-cutout-tree-001.jpg"", ""decision_source"": ""audit/visual-assets/decisions-backgrounds-props.jsonl"", ""sha256"": ""d59f56dbac63b93e9c0aefc861d3d7dbd2dd489fabee20b409c61cd6cfa200f2"", ""bytes"": 11841, ""notes"": ""Low resolution sprite."", ""reason_codes"": [""low_resolution""]}"
live:prop:tree-canopy-orange-d,tree-canopy-orange-d,tree canopy orange d,props,live,09_props,production_asset,public/assets/09_props/img/tree-canopy-orange-d.png,REVIEW,"[""low_resolution""]","[""low_resolution""]",Low resolution sprite.,,audit/visual-assets/sheets/pending_visual/09-props-prop-cutout-tree-001.jpg,,"{""asset_id"": ""live:prop:tree-canopy-orange-d"", ""key"": ""tree-canopy-orange-d"", ""concept"": ""tree canopy orange d"", ""source_bank"": ""09_props"", ""source_role"": ""production_asset"", ""source_path"": ""public/assets/09_props/img/tree-canopy-orange-d.png"", ""expected_asset_type"": ""prop_cutout"", ""expected_background_mode"": ""alpha_cutout"", ""expected_concept_word"": ""tree canopy orange d"", ""reviewed_from"": ""audit/visual-assets/sheets/pending_visual/09-props-prop-cutout-tree-001.jpg"", ""decision_source"": ""audit/visual-assets/decisions-backgrounds-props.jsonl"", ""sha256"": ""c7420a30a4bd6f19407191f899cee9c02d2e7d30b594991ebac2220462f16921"", ""bytes"": 11785, ""notes"": ""Low resolution sprite."", ""reason_codes"": [""low_resolution""]}"
live:prop:tree-canopy-red-c,tree-canopy-red-c,tree canopy red c,props,live,09_props,production_asset,public/assets/09_props/img/tree-canopy-red-c.png,REVIEW,"[""low_resolution""]","[""low_resolution""]",Low resolution sprite with pixelated rendering or insufficient dimension (tree-canopy-red-c).,,audit/visual-assets/sheets/pending_visual/09-props-prop-cutout-tree-002.jpg,,"{""asset_id"": ""live:prop:tree-canopy-red-c"", ""key"": ""tree-canopy-red-c"", ""concept"": ""tree canopy red c"", ""source_bank"": ""09_props"", ""source_role"": ""production_asset"", ""source_path"": ""public/assets/09_props/img/tree-canopy-red-c.png"", ""expected_asset_type"": ""prop_cutout"", ""expected_background_mode"": ""alpha_cutout"", ""expected_concept_word"": ""tree canopy red c"", ""reviewed_from"": ""audit/visual-assets/sheets/pending_visual/09-props-prop-cutout-tree-002.jpg"", ""decision_source"": ""audit/visual-assets/decisions-props-remaining.jsonl"", ""sha256"": ""b52d975168b175247e0ca50cc3d5c37119cbfbc182c74ddd8bd595799b6b2987"", ""bytes"": 11333, ""notes"": ""Low resolution sprite with pixelated rendering or insufficient dimension (tree-canopy-red-c)."", ""reason_codes"": [""low_resolution""]}"
live:prop:tree-canopy-winter,tree-canopy-winter,tree canopy winter,props,live,09_props,production_asset,public/assets/09_props/img/tree-canopy-winter.png,REVIEW,"[""low_resolution""]","[""low_resolution""]",Low resolution sprite with pixelated rendering or insufficient dimension (tree-canopy-winter).,,audit/visual-assets/sheets/pending_visual/09-props-prop-cutout-tree-002.jpg,,"{""asset_id"": ""live:prop:tree-canopy-winter"", ""key"": ""tree-canopy-winter"", ""concept"": ""tree canopy winter"", ""source_bank"": ""09_props"", ""source_role"": ""production_asset"", ""source_path"": ""public/assets/09_props/img/tree-canopy-winter.png"", ""expected_asset_type"": ""prop_cutout"", ""expected_background_mode"": ""alpha_cutout"", ""expected_concept_word"": ""tree canopy winter"", ""reviewed_from"": ""audit/visual-assets/sheets/pending_visual/09-props-prop-cutout-tree-002.jpg"", ""decision_source"": ""audit/visual-assets/decisions-props-remaining.jsonl"", ""sha256"": ""5829eb29bfff4abc9046aeb5371acd62525c03ad2e42aa9c1c90dc2661738acd"", ""bytes"": 12944, ""notes"": ""Low resolution sprite with pixelated rendering or insufficient dimension (tree-canopy-winter)."", ""reason_codes"": [""low_resolution""]}"
live:prop:tree-canopy-yellow-a,tree-canopy-yellow-a,tree canopy yellow a,props,live,09_props,production_asset,public/assets/09_props/img/tree-canopy-yellow-a.png,REVIEW,"[""low_resolution""]","[""low_resolution""]",Low resolution sprite with pixelated rendering or insufficient dimension (tree-canopy-yellow-a).,,audit/visual-assets/sheets/pending_visual/09-props-prop-cutout-tree-002.jpg,,"{""asset_id"": ""live:prop:tree-canopy-yellow-a"", ""key"": ""tree-canopy-yellow-a"", ""concept"": ""tree canopy yellow a"", ""source_bank"": ""09_props"", ""source_role"": ""production_asset"", ""source_path"": ""public/assets/09_props/img/tree-canopy-yellow-a.png"", ""expected_asset_type"": ""prop_cutout"", ""expected_background_mode"": ""alpha_cutout"", ""expected_concept_word"": ""tree canopy yellow a"", ""reviewed_from"": ""audit/visual-assets/sheets/pending_visual/09-props-prop-cutout-tree-002.jpg"", ""decision_source"": ""audit/visual-assets/decisions-props-remaining.jsonl"", ""sha256"": ""210f20c2dfa7f18f8296424203f7b6cafa00a0729a790298c83ae01c466511ef"", ""bytes"": 12526, ""notes"": ""Low resolution sprite with pixelated rendering or insufficient dimension (tree-canopy-yellow-a)."", ""reason_codes"": [""low_resolution""]}"
live:prop:tree-flower,tree-flower,tree flower,props,live,09_props,production_asset,public/assets/09_props/img/tree-flower.png,REVIEW,"[""exact_duplicate""]","[""exact_duplicate""]",Duplicate asset matching existing cutout prop across packs (tree-flower).,,audit/visual-assets/sheets/pending_visual/09-props-prop-cutout-tree-002.jpg,,"{""asset_id"": ""live:prop:tree-flower"", ""key"": ""tree-flower"", ""concept"": ""tree flower"", ""source_bank"": ""09_props"", ""source_role"": ""production_asset"", ""source_path"": ""public/assets/09_props/img/tree-flower.png"", ""expected_asset_type"": ""prop_cutout"", ""expected_background_mode"": ""alpha_cutout"", ""expected_concept_word"": ""tree flower"", ""reviewed_from"": ""audit/visual-assets/sheets/pending_visual/09-props-prop-cutout-tree-002.jpg"", ""decision_source"": ""audit/visual-assets/decisions-props-remaining.jsonl"", ""sha256"": ""490ffbd67fc3ad05d83e3d473913b5c5ba78b4e9237354a3a80c8220e2966790"", ""bytes"": 124539, ""notes"": ""Duplicate asset matching existing cutout prop across packs (tree-flower)."", ""reason_codes"": [""exact_duplicate""]}"
live:prop:tree-flower-yellow,tree-flower-yellow,tree flower yellow,props,live,09_props,production_asset,public/assets/09_props/img/tree-flower-yellow.png,REVIEW,"[""low_resolution""]","[""low_resolution""]",Low resolution sprite with pixelated rendering or insufficient dimension (tree-flower-yellow).,,audit/visual-assets/sheets/pending_visual/09-props-prop-cutout-tree-002.jpg,,"{""asset_id"": ""live:prop:tree-flower-yellow"", ""key"": ""tree-flower-yellow"", ""concept"": ""tree flower yellow"", ""source_bank"": ""09_props"", ""source_role"": ""production_asset"", ""source_path"": ""public/assets/09_props/img/tree-flower-yellow.png"", ""expected_asset_type"": ""prop_cutout"", ""expected_background_mode"": ""alpha_cutout"", ""expected_concept_word"": ""tree flower yellow"", ""reviewed_from"": ""audit/visual-assets/sheets/pending_visual/09-props-prop-cutout-tree-002.jpg"", ""decision_source"": ""audit/visual-assets/decisions-props-remaining.jsonl"", ""sha256"": ""2c96d406a3007e8813806a762df2e9659823534d2f7692d96c4289c47578e7d5"", ""bytes"": 13269, ""notes"": ""Low resolution sprite with pixelated rendering or insufficient dimension (tree-flower-yellow)."", ""reason_codes"": [""low_resolution""]}"
live:prop:tree-garden-rake,tree-garden-rake,tree garden rake,props,live,09_props,production_asset,public/assets/09_props/img/tree-garden-rake.png,REVIEW,"[""exact_duplicate""]","[""exact_duplicate""]",Duplicate asset matching existing cutout prop across packs (tree-garden-rake).,,audit/visual-assets/sheets/pending_visual/09-props-prop-cutout-tree-002.jpg,,"{""asset_id"": ""live:prop:tree-garden-rake"", ""key"": ""tree-garden-rake"", ""concept"": ""tree garden rake"", ""source_bank"": ""09_props"", ""source_role"": ""production_asset"", ""source_path"": ""public/assets/09_props/img/tree-garden-rake.png"", ""expected_asset_type"": ""prop_cutout"", ""expected_background_mode"": ""alpha_cutout"", ""expected_concept_word"": ""tree garden rake"", ""reviewed_from"": ""audit/visual-assets/sheets/pending_visual/09-props-prop-cutout-tree-002.jpg"", ""decision_source"": ""audit/visual-assets/decisions-props-remaining.jsonl"", ""sha256"": ""46bdb4f8afbc81705a89a037b657f048ce55f5d57c2d56505b5f7d0dc61a1370"", ""bytes"": 52333, ""notes"": ""Duplicate asset matching existing cutout prop across packs (tree-garden-rake)."", ""reason_codes"": [""exact_duplicate""]}"
live:prop:tree-hedgehog-v2,tree-hedgehog-v2,tree hedgehog v2,props,live,09_props,production_asset,public/assets/09_props/img/tree-hedgehog-v2.png,REVIEW,"[""exact_duplicate""]","[""exact_duplicate""]",Duplicate asset matching existing cutout prop across packs (tree-hedgehog-v2).,,audit/visual-assets/sheets/pending_visual/09-props-prop-cutout-tree-002.jpg,,"{""asset_id"": ""live:prop:tree-hedgehog-v2"", ""key"": ""tree-hedgehog-v2"", ""concept"": ""tree hedgehog v2"", ""source_bank"": ""09_props"", ""source_role"": ""production_asset"", ""source_path"": ""public/assets/09_props/img/tree-hedgehog-v2.png"", ""expected_asset_type"": ""prop_cutout"", ""expected_background_mode"": ""alpha_cutout"", ""expected_concept_word"": ""tree hedgehog v2"", ""reviewed_from"": ""audit/visual-assets/sheets/pending_visual/09-props-prop-cutout-tree-002.jpg"", ""decision_source"": ""audit/visual-assets/decisions-props-remaining.jsonl"", ""sha256"": ""074dd481e9da4be76edfccedae842fb7bcd7a9409bd6fa211af8da6de9027dec"", ""bytes"": 97360, ""notes"": ""Duplicate asset matching existing cutout prop across packs (tree-hedgehog-v2)."", ""reason_codes"": [""exact_duplicate""]}"
live:prop:tree-leaf-pile-a,tree-leaf-pile-a,tree leaf pile a,props,live,09_props,production_asset,public/assets/09_props/img/tree-leaf-pile-a.png,REVIEW,"[""low_resolution""]","[""low_resolution""]",Low resolution sprite with pixelated rendering or insufficient dimension (tree-leaf-pile-a).,,audit/visual-assets/sheets/pending_visual/09-props-prop-cutout-tree-002.jpg,,"{""asset_id"": ""live:prop:tree-leaf-pile-a"", ""key"": ""tree-leaf-pile-a"", ""concept"": ""tree leaf pile a"", ""source_bank"": ""09_props"", ""source_role"": ""production_asset"", ""source_path"": ""public/assets/09_props/img/tree-leaf-pile-a.png"", ""expected_asset_type"": ""prop_cutout"", ""expected_background_mode"": ""alpha_cutout"", ""expected_concept_word"": ""tree leaf pile a"", ""reviewed_from"": ""audit/visual-assets/sheets/pending_visual/09-props-prop-cutout-tree-002.jpg"", ""decision_source"": ""audit/visual-assets/decisions-props-remaining.jsonl"", ""sha256"": ""b6878d119309f623d88518692d547b128231cd12f83c064bd9a217dfb8a8076e"", ""bytes"": 7104, ""notes"": ""Low resolution sprite with pixelated rendering or insufficient dimension (tree-leaf-pile-a)."", ""reason_codes"": [""low_resolution""]}"
live:prop:tree-leaf-pile-b,tree-leaf-pile-b,tree leaf pile b,props,live,09_props,production_asset,public/assets/09_props/img/tree-leaf-pile-b.png,REVIEW,"[""low_resolution""]","[""low_resolution""]",Low resolution sprite with pixelated rendering or insufficient dimension (tree-leaf-pile-b).,,audit/visual-assets/sheets/pending_visual/09-props-prop-cutout-tree-002.jpg,,"{""asset_id"": ""live:prop:tree-leaf-pile-b"", ""key"": ""tree-leaf-pile-b"", ""concept"": ""tree leaf pile b"", ""source_bank"": ""09_props"", ""source_role"": ""production_asset"", ""source_path"": ""public/assets/09_props/img/tree-leaf-pile-b.png"", ""expected_asset_type"": ""prop_cutout"", ""expected_background_mode"": ""alpha_cutout"", ""expected_concept_word"": ""tree leaf pile b"", ""reviewed_from"": ""audit/visual-assets/sheets/pending_visual/09-props-prop-cutout-tree-002.jpg"", ""decision_source"": ""audit/visual-assets/decisions-props-remaining.jsonl"", ""sha256"": ""cd833a50cad36d7b754fc690196b6d1dbe146831194230dc7ab3eb8a850b741c"", ""bytes"": 10296, ""notes"": ""Low resolution sprite with pixelated rendering or insufficient dimension (tree-leaf-pile-b)."", ""reason_codes"": [""low_resolution""]}"
live:prop:tree-log,tree-log,tree log,props,live,09_props,production_asset,public/assets/09_props/img/tree-log.png,REVIEW,"[""exact_duplicate""]","[""exact_duplicate""]",Duplicate asset matching existing cutout prop across packs (tree-log).,,audit/visual-assets/sheets/pending_visual/09-props-prop-cutout-tree-002.jpg,,"{""asset_id"": ""live:prop:tree-log"", ""key"": ""tree-log"", ""concept"": ""tree log"", ""source_bank"": ""09_props"", ""source_role"": ""production_asset"", ""source_path"": ""public/assets/09_props/img/tree-log.png"", ""expected_asset_type"": ""prop_cutout"", ""expected_background_mode"": ""alpha_cutout"", ""expected_concept_word"": ""tree log"", ""reviewed_from"": ""audit/visual-assets/sheets/pending_visual/09-props-prop-cutout-tree-002.jpg"", ""decision_source"": ""audit/visual-assets/decisions-props-remaining.jsonl"", ""sha256"": ""38ece8164a4ca507a39f50b79bea0ed8925c8ae15948eebcf99f2213db8f32f0"", ""bytes"": 89483, ""notes"": ""Duplicate asset matching existing cutout prop across packs (tree-log)."", ""reason_codes"": [""exact_duplicate""]}"
live:prop:tree-maple-leaf,tree-maple-leaf,tree maple leaf,props,live,09_props,production_asset,public/assets/09_props/img/tree-maple-leaf.png,REVIEW,"[""exact_duplicate""]","[""exact_duplicate""]",Duplicate asset matching existing cutout prop across packs (tree-maple-leaf).,,audit/visual-assets/sheets/pending_visual/09-props-prop-cutout-tree-002.jpg,,"{""asset_id"": ""live:prop:tree-maple-leaf"", ""key"": ""tree-maple-leaf"", ""concept"": ""tree maple leaf"", ""source_bank"": ""09_props"", ""source_role"": ""production_asset"", ""source_path"": ""public/assets/09_props/img/tree-maple-leaf.png"", ""expected_asset_type"": ""prop_cutout"", ""expected_background_mode"": ""alpha_cutout"", ""expected_concept_word"": ""tree maple leaf"", ""reviewed_from"": ""audit/visual-assets/sheets/pending_visual/09-props-prop-cutout-tree-002.jpg"", ""decision_source"": ""audit/visual-assets/decisions-props-remaining.jsonl"", ""sha256"": ""fa04cafd067f56cf86d0ccb5314e103496dab990806150e050c4c0a6e79d9f7e"", ""bytes"": 97310, ""notes"": ""Duplicate asset matching existing cutout prop across packs (tree-maple-leaf)."", ""reason_codes"": [""exact_duplicate""]}"
live:prop:tree-moss-rock,tree-moss-rock,tree moss rock,props,live,09_props,production_asset,public/assets/09_props/img/tree-moss-rock.png,REVIEW,"[""exact_duplicate""]","[""exact_duplicate""]",Duplicate asset matching existing cutout prop across packs (tree-moss-rock).,,audit/visual-assets/sheets/pending_visual/09-props-prop-cutout-tree-002.jpg,,"{""asset_id"": ""live:prop:tree-moss-rock"", ""key"": ""tree-moss-rock"", ""concept"": ""tree moss rock"", ""source_bank"": ""09_props"", ""source_role"": ""production_asset"", ""source_path"": ""public/assets/09_props/img/tree-moss-rock.png"", ""expected_asset_type"": ""prop_cutout"", ""expected_background_mode"": ""alpha_cutout"", ""expected_concept_word"": ""tree moss rock"", ""reviewed_from"": ""audit/visual-assets/sheets/pending_visual/09-props-prop-cutout-tree-002.jpg"", ""decision_source"": ""audit/visual-assets/decisions-props-remaining.jsonl"", ""sha256"": ""1b53da5c8049bb4e7c82aba6a23bea9d102426c16875a98454c6e2c94f885cb6"", ""bytes"": 88375, ""notes"": ""Duplicate asset matching existing cutout prop across packs (tree-moss-rock)."", ""reason_codes"": [""exact_duplicate""]}"
live:prop:tree-mushroom,tree-mushroom,tree mushroom,props,live,09_props,production_asset,public/assets/09_props/img/tree-mushroom.png,REVIEW,"[""exact_duplicate""]","[""exact_duplicate""]",Duplicate asset matching existing cutout prop across packs (tree-mushroom).,,audit/visual-assets/sheets/pending_visual/09-props-prop-cutout-tree-002.jpg,,"{""asset_id"": ""live:prop:tree-mushroom"", ""key"": ""tree-mushroom"", ""concept"": ""tree mushroom"", ""source_bank"": ""09_props"", ""source_role"": ""production_asset"", ""source_path"": ""public/assets/09_props/img/tree-mushroom.png"", ""expected_asset_type"": ""prop_cutout"", ""expected_background_mode"": ""alpha_cutout"", ""expected_concept_word"": ""tree mushroom"", ""reviewed_from"": ""audit/visual-assets/sheets/pending_visual/09-props-prop-cutout-tree-002.jpg"", ""decision_source"": ""audit/visual-assets/decisions-props-remaining.jsonl"", ""sha256"": ""bf708469edf3f2338af1433b5ee8382730aca5a96bd369363a7fd8d388ce4572"", ""bytes"": 107360, ""notes"": ""Duplicate asset matching existing cutout prop across packs (tree-mushroom)."", ""reason_codes"": [""exact_duplicate""]}"
live:prop:tree-mushroom-blue,tree-mushroom-blue,tree mushroom blue,props,live,09_props,production_asset,public/assets/09_props/img/tree-mushroom-blue.png,REVIEW,"[""low_resolution""]","[""low_resolution""]",Low resolution sprite with pixelated rendering or insufficient dimension (tree-mushroom-blue).,,audit/visual-assets/sheets/pending_visual/09-props-prop-cutout-tree-002.jpg,,"{""asset_id"": ""live:prop:tree-mushroom-blue"", ""key"": ""tree-mushroom-blue"", ""concept"": ""tree mushroom blue"", ""source_bank"": ""09_props"", ""source_role"": ""production_asset"", ""source_path"": ""public/assets/09_props/img/tree-mushroom-blue.png"", ""expected_asset_type"": ""prop_cutout"", ""expected_background_mode"": ""alpha_cutout"", ""expected_concept_word"": ""tree mushroom blue"", ""reviewed_from"": ""audit/visual-assets/sheets/pending_visual/09-props-prop-cutout-tree-002.jpg"", ""decision_source"": ""audit/visual-assets/decisions-props-remaining.jsonl"", ""sha256"": ""bfcf322e9563d774997270b6542c4dd62efd240f89b4f1c65b9e6564c640f642"", ""bytes"": 8902, ""notes"": ""Low resolution sprite with pixelated rendering or insufficient dimension (tree-mushroom-blue)."", ""reason_codes"": [""low_resolution""]}"
live:prop:tree-mushroom-orange,tree-mushroom-orange,tree mushroom orange,props,live,09_props,production_asset,public/assets/09_props/img/tree-mushroom-orange.png,REVIEW,"[""low_resolution""]","[""low_resolution""]",Low resolution sprite with pixelated rendering or insufficient dimension (tree-mushroom-orange).,,audit/visual-assets/sheets/pending_visual/09-props-prop-cutout-tree-002.jpg,,"{""asset_id"": ""live:prop:tree-mushroom-orange"", ""key"": ""tree-mushroom-orange"", ""concept"": ""tree mushroom orange"", ""source_bank"": ""09_props"", ""source_role"": ""production_asset"", ""source_path"": ""public/assets/09_props/img/tree-mushroom-orange.png"", ""expected_asset_type"": ""prop_cutout"", ""expected_background_mode"": ""alpha_cutout"", ""expected_concept_word"": ""tree mushroom orange"", ""reviewed_from"": ""audit/visual-assets/sheets/pending_visual/09-props-prop-cutout-tree-002.jpg"", ""decision_source"": ""audit/visual-assets/decisions-props-remaining.jsonl"", ""sha256"": ""caad37295684c35d608c23ef27686ad2d88655b7006aa1c7fbb075a04336924f"", ""bytes"": 4340, ""notes"": ""Low resolution sprite with pixelated rendering or insufficient dimension (tree-mushroom-orange)."", ""reason_codes"": [""low_resolution""]}"
live:prop:tree-mushroom-yellow,tree-mushroom-yellow,tree mushroom yellow,props,live,09_props,production_asset,public/assets/09_props/img/tree-mushroom-yellow.png,REVIEW,"[""low_resolution""]","[""low_resolution""]",Low resolution sprite with pixelated rendering or insufficient dimension (tree-mushroom-yellow).,,audit/visual-assets/sheets/pending_visual/09-props-prop-cutout-tree-002.jpg,,"{""asset_id"": ""live:prop:tree-mushroom-yellow"", ""key"": ""tree-mushroom-yellow"", ""concept"": ""tree mushroom yellow"", ""source_bank"": ""09_props"", ""source_role"": ""production_asset"", ""source_path"": ""public/assets/09_props/img/tree-mushroom-yellow.png"", ""expected_asset_type"": ""prop_cutout"", ""expected_background_mode"": ""alpha_cutout"", ""expected_concept_word"": ""tree mushroom yellow"", ""reviewed_from"": ""audit/visual-assets/sheets/pending_visual/09-props-prop-cutout-tree-002.jpg"", ""decision_source"": ""audit/visual-assets/decisions-props-remaining.jsonl"", ""sha256"": ""b0537df1e9940882c59ee4cf15a7277dd8e040558bd1da48e70e5d74f2a51b32"", ""bytes"": 6836, ""notes"": ""Low resolution sprite with pixelated rendering or insufficient dimension (tree-mushroom-yellow)."", ""reason_codes"": [""low_resolution""]}"
live:prop:tree-nest,tree-nest,tree nest,props,live,09_props,production_asset,public/assets/09_props/img/tree-nest.png,REVIEW,"[""exact_duplicate""]","[""exact_duplicate""]",Duplicate asset matching existing cutout prop across packs (tree-nest).,,audit/visual-assets/sheets/pending_visual/09-props-prop-cutout-tree-002.jpg,,"{""asset_id"": ""live:prop:tree-nest"", ""key"": ""tree-nest"", ""concept"": ""tree nest"", ""source_bank"": ""09_props"", ""source_role"": ""production_asset"", ""source_path"": ""public/assets/09_props/img/tree-nest.png"", ""expected_asset_type"": ""prop_cutout"", ""expected_background_mode"": ""alpha_cutout"", ""expected_concept_word"": ""tree nest"", ""reviewed_from"": ""audit/visual-assets/sheets/pending_visual/09-props-prop-cutout-tree-002.jpg"", ""decision_source"": ""audit/visual-assets/decisions-props-remaining.jsonl"", ""sha256"": ""986a17469aa492a67ce900817d5c47e78f90dc9950961a450a0b31da1cb5f2f3"", ""bytes"": 97354, ""notes"": ""Duplicate asset matching existing cutout prop across packs (tree-nest)."", ""reason_codes"": [""exact_duplicate""]}"
live:prop:tree-nest-eggs,tree-nest-eggs,tree nest eggs,props,live,09_props,production_asset,public/assets/09_props/img/tree-nest-eggs.png,REVIEW,"[""low_resolution""]","[""low_resolution""]",Low resolution sprite with pixelated rendering or insufficient dimension (tree-nest-eggs).,,audit/visual-assets/sheets/pending_visual/09-props-prop-cutout-tree-002.jpg,,"{""asset_id"": ""live:prop:tree-nest-eggs"", ""key"": ""tree-nest-eggs"", ""concept"": ""tree nest eggs"", ""source_bank"": ""09_props"", ""source_role"": ""production_asset"", ""source_path"": ""public/assets/09_props/img/tree-nest-eggs.png"", ""expected_asset_type"": ""prop_cutout"", ""expected_background_mode"": ""alpha_cutout"", ""expected_concept_word"": ""tree nest eggs"", ""reviewed_from"": ""audit/visual-assets/sheets/pending_visual/09-props-prop-cutout-tree-002.jpg"", ""decision_source"": ""audit/visual-assets/decisions-props-remaining.jsonl"", ""sha256"": ""35d2807120e533682b7cc38690d3f7c7d7024ba03b4079b178b1c2c1b1abea88"", ""bytes"": 16691, ""notes"": ""Low resolution sprite with pixelated rendering or insufficient dimension (tree-nest-eggs)."", ""reason_codes"": [""low_resolution""]}"
live:prop:tree-oak-leaf,tree-oak-leaf,tree oak leaf,props,live,09_props,production_asset,public/assets/09_props/img/tree-oak-leaf.png,REVIEW,"[""exact_duplicate""]","[""exact_duplicate""]",Duplicate asset matching existing cutout prop across packs (tree-oak-leaf).,,audit/visual-assets/sheets/pending_visual/09-props-prop-cutout-tree-002.jpg,,"{""asset_id"": ""live:prop:tree-oak-leaf"", ""key"": ""tree-oak-leaf"", ""concept"": ""tree oak leaf"", ""source_bank"": ""09_props"", ""source_role"": ""production_asset"", ""source_path"": ""public/assets/09_props/img/tree-oak-leaf.png"", ""expected_asset_type"": ""prop_cutout"", ""expected_background_mode"": ""alpha_cutout"", ""expected_concept_word"": ""tree oak leaf"", ""reviewed_from"": ""audit/visual-assets/sheets/pending_visual/09-props-prop-cutout-tree-002.jpg"", ""decision_source"": ""audit/visual-assets/decisions-props-remaining.jsonl"", ""sha256"": ""a54c08b1a607ef633d09f9237bdc45fda748970e815c40069998652ee1381fdb"", ""bytes"": 109646, ""notes"": ""Duplicate asset matching existing cutout prop across packs (tree-oak-leaf)."", ""reason_codes"": [""exact_duplicate""]}"
live:prop:tree-owl,tree-owl,tree owl,props,live,09_props,production_asset,public/assets/09_props/img/tree-owl.png,REVIEW,"[""low_resolution""]","[""low_resolution""]",Low resolution sprite with pixelated rendering or insufficient dimension (tree-owl).,,audit/visual-assets/sheets/pending_visual/09-props-prop-cutout-tree-002.jpg,,"{""asset_id"": ""live:prop:tree-owl"", ""key"": ""tree-owl"", ""concept"": ""tree owl"", ""source_bank"": ""09_props"", ""source_role"": ""production_asset"", ""source_path"": ""public/assets/09_props/img/tree-owl.png"", ""expected_asset_type"": ""prop_cutout"", ""expected_background_mode"": ""alpha_cutout"", ""expected_concept_word"": ""tree owl"", ""reviewed_from"": ""audit/visual-assets/sheets/pending_visual/09-props-prop-cutout-tree-002.jpg"", ""decision_source"": ""audit/visual-assets/decisions-props-remaining.jsonl"", ""sha256"": ""4b39029d84dd7df1ac85e1a0a385a177a5cf799a89b5241584179ae8adcc1b53"", ""bytes"": 11601, ""notes"": ""Low resolution sprite with pixelated rendering or insufficient dimension (tree-owl)."", ""reason_codes"": [""low_resolution""]}"
live:prop:tree-picnic-blanket,tree-picnic-blanket,tree picnic blanket,props,live,09_props,production_asset,public/assets/09_props/img/tree-picnic-blanket.png,REVIEW,"[""exact_duplicate""]","[""exact_duplicate""]",Duplicate asset matching existing cutout prop across packs (tree-picnic-blanket).,,audit/visual-assets/sheets/pending_visual/09-props-prop-cutout-tree-003.jpg,,"{""asset_id"": ""live:prop:tree-picnic-blanket"", ""key"": ""tree-picnic-blanket"", ""concept"": ""tree picnic blanket"", ""source_bank"": ""09_props"", ""source_role"": ""production_asset"", ""source_path"": ""public/assets/09_props/img/tree-picnic-blanket.png"", ""expected_asset_type"": ""prop_cutout"", ""expected_background_mode"": ""alpha_cutout"", ""expected_concept_word"": ""tree picnic blanket"", ""reviewed_from"": ""audit/visual-assets/sheets/pending_visual/09-props-prop-cutout-tree-003.jpg"", ""decision_source"": ""audit/visual-assets/decisions-props-remaining.jsonl"", ""sha256"": ""b232f7c55de6ffdde75e1d7c87ea1c118f583661f9e7bbff90758516708fca9c"", ""bytes"": 107232, ""notes"": ""Duplicate asset matching existing cutout prop across packs (tree-picnic-blanket)."", ""reason_codes"": [""exact_duplicate""]}"
live:prop:tree-pine,tree-pine,tree pine,props,live,09_props,production_asset,public/assets/09_props/img/tree-pine.png,REVIEW,"[""exact_duplicate""]","[""exact_duplicate""]",Duplicate asset matching existing cutout prop across packs (tree-pine).,,audit/visual-assets/sheets/pending_visual/09-props-prop-cutout-tree-003.jpg,,"{""asset_id"": ""live:prop:tree-pine"", ""key"": ""tree-pine"", ""concept"": ""tree pine"", ""source_bank"": ""09_props"", ""source_role"": ""production_asset"", ""source_path"": ""public/assets/09_props/img/tree-pine.png"", ""expected_asset_type"": ""prop_cutout"", ""expected_background_mode"": ""alpha_cutout"", ""expected_concept_word"": ""tree pine"", ""reviewed_from"": ""audit/visual-assets/sheets/pending_visual/09-props-prop-cutout-tree-003.jpg"", ""decision_source"": ""audit/visual-assets/decisions-props-remaining.jsonl"", ""sha256"": ""6a7193d3461343abe226d4e36327cd7ff5f69033e99be87606ae404643ca8da7"", ""bytes"": 75570, ""notes"": ""Duplicate asset matching existing cutout prop across packs (tree-pine)."", ""reason_codes"": [""exact_duplicate""]}"
live:prop:tree-pinecone,tree-pinecone,tree pinecone,props,live,09_props,production_asset,public/assets/09_props/img/tree-pinecone.png,REVIEW,"[""exact_duplicate""]","[""exact_duplicate""]",Duplicate asset matching existing cutout prop across packs (tree-pinecone).,,audit/visual-assets/sheets/pending_visual/09-props-prop-cutout-tree-003.jpg,,"{""asset_id"": ""live:prop:tree-pinecone"", ""key"": ""tree-pinecone"", ""concept"": ""tree pinecone"", ""source_bank"": ""09_props"", ""source_role"": ""production_asset"", ""source_path"": ""public/assets/09_props/img/tree-pinecone.png"", ""expected_asset_type"": ""prop_cutout"", ""expected_background_mode"": ""alpha_cutout"", ""expected_concept_word"": ""tree pinecone"", ""reviewed_from"": ""audit/visual-assets/sheets/pending_visual/09-props-prop-cutout-tree-003.jpg"", ""decision_source"": ""audit/visual-assets/decisions-props-remaining.jsonl"", ""sha256"": ""77ae99ffb081a887f131816fc4f3d6eb67d381f8abbdbcd5bbf60ebf94a0a98b"", ""bytes"": 86824, ""notes"": ""Duplicate asset matching existing cutout prop across packs (tree-pinecone)."", ""reason_codes"": [""exact_duplicate""]}"
live:prop:tree-platform-plank,tree-platform-plank,tree platform plank,props,live,09_props,production_asset,public/assets/09_props/img/tree-platform-plank.png,REVIEW,"[""low_resolution""]","[""low_resolution""]",Low resolution sprite with pixelated rendering or insufficient dimension (tree-platform-plank).,,audit/visual-assets/sheets/pending_visual/09-props-prop-cutout-tree-003.jpg,,"{""asset_id"": ""live:prop:tree-platform-plank"", ""key"": ""tree-platform-plank"", ""concept"": ""tree platform plank"", ""source_bank"": ""09_props"", ""source_role"": ""production_asset"", ""source_path"": ""public/assets/09_props/img/tree-platform-plank.png"", ""expected_asset_type"": ""prop_cutout"", ""expected_background_mode"": ""alpha_cutout"", ""expected_concept_word"": ""tree platform plank"", ""reviewed_from"": ""audit/visual-assets/sheets/pending_visual/09-props-prop-cutout-tree-003.jpg"", ""decision_source"": ""audit/visual-assets/decisions-props-remaining.jsonl"", ""sha256"": ""cb673b5fb3ec02ca2b64b31ee57fe1767045a0a32948112f1ed5e2b8fac35dc1"", ""bytes"": 7684, ""notes"": ""Low resolution sprite with pixelated rendering or insufficient dimension (tree-platform-plank)."", ""reason_codes"": [""low_resolution""]}"
live:prop:tree-rope-ladder,tree-rope-ladder,tree rope ladder,props,live,09_props,production_asset,public/assets/09_props/img/tree-rope-ladder.png,REVIEW,"[""low_resolution""]","[""low_resolution""]",Low resolution sprite with pixelated rendering or insufficient dimension (tree-rope-ladder).,,audit/visual-assets/sheets/pending_visual/09-props-prop-cutout-tree-003.jpg,,"{""asset_id"": ""live:prop:tree-rope-ladder"", ""key"": ""tree-rope-ladder"", ""concept"": ""tree rope ladder"", ""source_bank"": ""09_props"", ""source_role"": ""production_asset"", ""source_path"": ""public/assets/09_props/img/tree-rope-ladder.png"", ""expected_asset_type"": ""prop_cutout"", ""expected_background_mode"": ""alpha_cutout"", ""expected_concept_word"": ""tree rope ladder"", ""reviewed_from"": ""audit/visual-assets/sheets/pending_visual/09-props-prop-cutout-tree-003.jpg"", ""decision_source"": ""audit/visual-assets/decisions-props-remaining.jsonl"", ""sha256"": ""066fef5be22e328e4187298a4d79c7a1b483ff83e385926db04ea9659f2b542f"", ""bytes"": 7348, ""notes"": ""Low resolution sprite with pixelated rendering or insufficient dimension (tree-rope-ladder)."", ""reason_codes"": [""low_resolution""]}"
live:prop:tree-squirrel-v2,tree-squirrel-v2,tree squirrel v2,props,live,09_props,production_asset,public/assets/09_props/img/tree-squirrel-v2.png,REVIEW,"[""exact_duplicate""]","[""exact_duplicate""]",Duplicate asset matching existing cutout prop across packs (tree-squirrel-v2).,,audit/visual-assets/sheets/pending_visual/09-props-prop-cutout-tree-003.jpg,,"{""asset_id"": ""live:prop:tree-squirrel-v2"", ""key"": ""tree-squirrel-v2"", ""concept"": ""tree squirrel v2"", ""source_bank"": ""09_props"", ""source_role"": ""production_asset"", ""source_path"": ""public/assets/09_props/img/tree-squirrel-v2.png"", ""expected_asset_type"": ""prop_cutout"", ""expected_background_mode"": ""alpha_cutout"", ""expected_concept_word"": ""tree squirrel v2"", ""reviewed_from"": ""audit/visual-assets/sheets/pending_visual/09-props-prop-cutout-tree-003.jpg"", ""decision_source"": ""audit/visual-assets/decisions-props-remaining.jsonl"", ""sha256"": ""03dcff0de7357c91020aac81592e0f06290f00277943907e9d359c3999c1a222"", ""bytes"": 144835, ""notes"": ""Duplicate asset matching existing cutout prop across packs (tree-squirrel-v2)."", ""reason_codes"": [""exact_duplicate""]}"
live:prop:tree-stump,tree-stump,tree stump,props,live,09_props,production_asset,public/assets/09_props/img/tree-stump.png,REVIEW,"[""exact_duplicate""]","[""exact_duplicate""]",Duplicate asset matching existing cutout prop across packs (tree-stump).,,audit/visual-assets/sheets/pending_visual/09-props-prop-cutout-tree-003.jpg,,"{""asset_id"": ""live:prop:tree-stump"", ""key"": ""tree-stump"", ""concept"": ""tree stump"", ""source_bank"": ""09_props"", ""source_role"": ""production_asset"", ""source_path"": ""public/assets/09_props/img/tree-stump.png"", ""expected_asset_type"": ""prop_cutout"", ""expected_background_mode"": ""alpha_cutout"", ""expected_concept_word"": ""tree stump"", ""reviewed_from"": ""audit/visual-assets/sheets/pending_visual/09-props-prop-cutout-tree-003.jpg"", ""decision_source"": ""audit/visual-assets/decisions-props-remaining.jsonl"", ""sha256"": ""0bd6d30d783f36b0710bbdbf9886e11881287e93028bc55060cdb0ca8e5440be"", ""bytes"": 102850, ""notes"": ""Duplicate asset matching existing cutout prop across packs (tree-stump)."", ""reason_codes"": [""exact_duplicate""]}"
live:prop:tree-sunflower,tree-sunflower,tree sunflower,props,live,09_props,production_asset,public/assets/09_props/img/tree-sunflower.png,REVIEW,"[""exact_duplicate""]","[""exact_duplicate""]",Duplicate asset matching existing cutout prop across packs (tree-sunflower).,,audit/visual-assets/sheets/pending_visual/09-props-prop-cutout-tree-003.jpg,,"{""asset_id"": ""live:prop:tree-sunflower"", ""key"": ""tree-sunflower"", ""concept"": ""tree sunflower"", ""source_bank"": ""09_props"", ""source_role"": ""production_asset"", ""source_path"": ""public/assets/09_props/img/tree-sunflower.png"", ""expected_asset_type"": ""prop_cutout"", ""expected_background_mode"": ""alpha_cutout"", ""expected_concept_word"": ""tree sunflower"", ""reviewed_from"": ""audit/visual-assets/sheets/pending_visual/09-props-prop-cutout-tree-003.jpg"", ""decision_source"": ""audit/visual-assets/decisions-props-remaining.jsonl"", ""sha256"": ""8e2ea9ba9fbfcf0904ce62903e153613f4d91959e5078f1c4b1b47b670f4b7be"", ""bytes"": 146791, ""notes"": ""Duplicate asset matching existing cutout prop across packs (tree-sunflower)."", ""reason_codes"": [""exact_duplicate""]}"
live:prop:tree-swing-rope,tree-swing-rope,tree swing rope,props,live,09_props,production_asset,public/assets/09_props/img/tree-swing-rope.png,REVIEW,"[""exact_duplicate""]","[""exact_duplicate""]",Duplicate asset matching existing cutout prop across packs (tree-swing-rope).,,audit/visual-assets/sheets/pending_visual/09-props-prop-cutout-tree-003.jpg,,"{""asset_id"": ""live:prop:tree-swing-rope"", ""key"": ""tree-swing-rope"", ""concept"": ""tree swing rope"", ""source_bank"": ""09_props"", ""source_role"": ""production_asset"", ""source_path"": ""public/assets/09_props/img/tree-swing-rope.png"", ""expected_asset_type"": ""prop_cutout"", ""expected_background_mode"": ""alpha_cutout"", ""expected_concept_word"": ""tree swing rope"", ""reviewed_from"": ""audit/visual-assets/sheets/pending_visual/09-props-prop-cutout-tree-003.jpg"", ""decision_source"": ""audit/visual-assets/decisions-props-remaining.jsonl"", ""sha256"": ""155786157c951808086a3f8dfa05f3b93d2eacdb0aa7fef512220b7854f620d8"", ""bytes"": 47074, ""notes"": ""Duplicate asset matching existing cutout prop across packs (tree-swing-rope)."", ""reason_codes"": [""exact_duplicate""]}"
live:prop:tree-swing-seat,tree-swing-seat,tree swing seat,props,live,09_props,production_asset,public/assets/09_props/img/tree-swing-seat.png,REVIEW,"[""low_resolution""]","[""low_resolution""]",Low resolution sprite with pixelated rendering or insufficient dimension (tree-swing-seat).,,audit/visual-assets/sheets/pending_visual/09-props-prop-cutout-tree-003.jpg,,"{""asset_id"": ""live:prop:tree-swing-seat"", ""key"": ""tree-swing-seat"", ""concept"": ""tree swing seat"", ""source_bank"": ""09_props"", ""source_role"": ""production_asset"", ""source_path"": ""public/assets/09_props/img/tree-swing-seat.png"", ""expected_asset_type"": ""prop_cutout"", ""expected_background_mode"": ""alpha_cutout"", ""expected_concept_word"": ""tree swing seat"", ""reviewed_from"": ""audit/visual-assets/sheets/pending_visual/09-props-prop-cutout-tree-003.jpg"", ""decision_source"": ""audit/visual-assets/decisions-props-remaining.jsonl"", ""sha256"": ""8e40e738dba44e6f707a27eb9ed6f17c95fc805f3f607b47a1487808ce39bade"", ""bytes"": 8518, ""notes"": ""Low resolution sprite with pixelated rendering or insufficient dimension (tree-swing-seat)."", ""reason_codes"": [""low_resolution""]}"
live:prop:tree-tree,tree-tree,tree tree,props,live,09_props,production_asset,public/assets/09_props/img/tree-tree.png,REVIEW,"[""exact_duplicate""]","[""exact_duplicate""]",Duplicate asset matching existing cutout prop across packs (tree-tree).,,audit/visual-assets/sheets/pending_visual/09-props-prop-cutout-tree-003.jpg,,"{""asset_id"": ""live:prop:tree-tree"", ""key"": ""tree-tree"", ""concept"": ""tree tree"", ""source_bank"": ""09_props"", ""source_role"": ""production_asset"", ""source_path"": ""public/assets/09_props/img/tree-tree.png"", ""expected_asset_type"": ""prop_cutout"", ""expected_background_mode"": ""alpha_cutout"", ""expected_concept_word"": ""tree tree"", ""reviewed_from"": ""audit/visual-assets/sheets/pending_visual/09-props-prop-cutout-tree-003.jpg"", ""decision_source"": ""audit/visual-assets/decisions-props-remaining.jsonl"", ""sha256"": ""7e6bbe4b9b902a4af7a80bd12d43d6023f8b788d645b8f178092623c67084e69"", ""bytes"": 90351, ""notes"": ""Duplicate asset matching existing cutout prop across packs (tree-tree)."", ""reason_codes"": [""exact_duplicate""]}"
live:prop:tree-trowel,tree-trowel,tree trowel,props,live,09_props,production_asset,public/assets/09_props/img/tree-trowel.png,REVIEW,"[""exact_duplicate""]","[""exact_duplicate""]",Duplicate asset matching existing cutout prop across packs (tree-trowel).,,audit/visual-assets/sheets/pending_visual/09-props-prop-cutout-tree-003.jpg,,"{""asset_id"": ""live:prop:tree-trowel"", ""key"": ""tree-trowel"", ""concept"": ""tree trowel"", ""source_bank"": ""09_props"", ""source_role"": ""production_asset"", ""source_path"": ""public/assets/09_props/img/tree-trowel.png"", ""expected_asset_type"": ""prop_cutout"", ""expected_background_mode"": ""alpha_cutout"", ""expected_concept_word"": ""tree trowel"", ""reviewed_from"": ""audit/visual-assets/sheets/pending_visual/09-props-prop-cutout-tree-003.jpg"", ""decision_source"": ""audit/visual-assets/decisions-props-remaining.jsonl"", ""sha256"": ""f24e36dec57a833ec23ce8c5ffb0f742f3fa240090c2cf4558ff867f85adcd59"", ""bytes"": 81559, ""notes"": ""Duplicate asset matching existing cutout prop across packs (tree-trowel)."", ""reason_codes"": [""exact_duplicate""]}"
live:prop:tree-trunk-log,tree-trunk-log,tree trunk log,props,live,09_props,production_asset,public/assets/09_props/img/tree-trunk-log.png,REVIEW,"[""low_resolution""]","[""low_resolution""]",Low resolution sprite with pixelated rendering or insufficient dimension (tree-trunk-log).,,audit/visual-assets/sheets/pending_visual/09-props-prop-cutout-tree-003.jpg,,"{""asset_id"": ""live:prop:tree-trunk-log"", ""key"": ""tree-trunk-log"", ""concept"": ""tree trunk log"", ""source_bank"": ""09_props"", ""source_role"": ""production_asset"", ""source_path"": ""public/assets/09_props/img/tree-trunk-log.png"", ""expected_asset_type"": ""prop_cutout"", ""expected_background_mode"": ""alpha_cutout"", ""expected_concept_word"": ""tree trunk log"", ""reviewed_from"": ""audit/visual-assets/sheets/pending_visual/09-props-prop-cutout-tree-003.jpg"", ""decision_source"": ""audit/visual-assets/decisions-props-remaining.jsonl"", ""sha256"": ""fe7af588065eb1895dd806d0095b904a17abf00ad2111476467cac7c66091ff1"", ""bytes"": 13364, ""notes"": ""Low resolution sprite with pixelated rendering or insufficient dimension (tree-trunk-log)."", ""reason_codes"": [""low_resolution""]}"
live:prop:tree-trunk-post,tree-trunk-post,tree trunk post,props,live,09_props,production_asset,public/assets/09_props/img/tree-trunk-post.png,REVIEW,"[""low_resolution""]","[""low_resolution""]",Low resolution sprite with pixelated rendering or insufficient dimension (tree-trunk-post).,,audit/visual-assets/sheets/pending_visual/09-props-prop-cutout-tree-003.jpg,,"{""asset_id"": ""live:prop:tree-trunk-post"", ""key"": ""tree-trunk-post"", ""concept"": ""tree trunk post"", ""source_bank"": ""09_props"", ""source_role"": ""production_asset"", ""source_path"": ""public/assets/09_props/img/tree-trunk-post.png"", ""expected_asset_type"": ""prop_cutout"", ""expected_background_mode"": ""alpha_cutout"", ""expected_concept_word"": ""tree trunk post"", ""reviewed_from"": ""audit/visual-assets/sheets/pending_visual/09-props-prop-cutout-tree-003.jpg"", ""decision_source"": ""audit/visual-assets/decisions-props-remaining.jsonl"", ""sha256"": ""40c2a750c34a8acdbb34db12678d04b54ac95944b773105506404b75e4c1d50d"", ""bytes"": 9637, ""notes"": ""Low resolution sprite with pixelated rendering or insufficient dimension (tree-trunk-post)."", ""reason_codes"": [""low_resolution""]}"
live:prop:tree-tulip,tree-tulip,tree tulip,props,live,09_props,production_asset,public/assets/09_props/img/tree-tulip.png,REVIEW,"[""exact_duplicate""]","[""exact_duplicate""]",Duplicate asset matching existing cutout prop across packs (tree-tulip).,,audit/visual-assets/sheets/pending_visual/09-props-prop-cutout-tree-003.jpg,,"{""asset_id"": ""live:prop:tree-tulip"", ""key"": ""tree-tulip"", ""concept"": ""tree tulip"", ""source_bank"": ""09_props"", ""source_role"": ""production_asset"", ""source_path"": ""public/assets/09_props/img/tree-tulip.png"", ""expected_asset_type"": ""prop_cutout"", ""expected_background_mode"": ""alpha_cutout"", ""expected_concept_word"": ""tree tulip"", ""reviewed_from"": ""audit/visual-assets/sheets/pending_visual/09-props-prop-cutout-tree-003.jpg"", ""decision_source"": ""audit/visual-assets/decisions-props-remaining.jsonl"", ""sha256"": ""f22e1a771389d336fa3ca5f9fe510113b9b5ba47b524071610ff42eeb16fb74d"", ""bytes"": 57370, ""notes"": ""Duplicate asset matching existing cutout prop across packs (tree-tulip)."", ""reason_codes"": [""exact_duplicate""]}"
live:prop:tree-woodpecker-hole-log,tree-woodpecker-hole-log,tree woodpecker hole log,props,live,09_props,production_asset,public/assets/09_props/img/tree-woodpecker-hole-log.png,REVIEW,"[""exact_duplicate""]","[""exact_duplicate""]",Duplicate asset matching existing cutout prop across packs (tree-woodpecker-hole-log).,,audit/visual-assets/sheets/pending_visual/09-props-prop-cutout-tree-003.jpg,,"{""asset_id"": ""live:prop:tree-woodpecker-hole-log"", ""key"": ""tree-woodpecker-hole-log"", ""concept"": ""tree woodpecker hole log"", ""source_bank"": ""09_props"", ""source_role"": ""production_asset"", ""source_path"": ""public/assets/09_props/img/tree-woodpecker-hole-log.png"", ""expected_asset_type"": ""prop_cutout"", ""expected_background_mode"": ""alpha_cutout"", ""expected_concept_word"": ""tree woodpecker hole log"", ""reviewed_from"": ""audit/visual-assets/sheets/pending_visual/09-props-prop-cutout-tree-003.jpg"", ""decision_source"": ""audit/visual-assets/decisions-props-remaining.jsonl"", ""sha256"": ""217700b148d912f4bf38de92a7d6078d9164b83c4337a0b5aa4f9807e9ad3e2f"", ""bytes"": 83310, ""notes"": ""Duplicate asset matching existing cutout prop across packs (tree-woodpecker-hole-log)."", ""reason_codes"": [""exact_duplicate""]}"
