word,pos,CEFR-J level,exact asset exists,already in curated dictionary,already found by open-world discovery
action,noun,A1,no,no,no
activity,noun,A1,no,no,no
actor,noun,A1,no,no,no
address,noun,A1,no,no,no
afternoon,noun,A1,no,no,no
age,noun,A1,no,no,no
airplane,noun,A1,no,no,no
airport,noun,A1,yes,yes,no
album,noun,A1,no,no,no
animal,noun,A1,no,no,no
answer,noun,A1,yes,no,no
apple,noun,A1,yes,no,no
april,noun,A1,no,no,no
apron,noun,A1,yes,yes,yes
arm,noun,A1,yes,no,no
art,noun,A1,yes,no,no
article,noun,A1,no,no,no
august,noun,A1,no,no,no
aunt,noun,A1,yes,yes,no
autumn,noun,A1,no,no,no
baby,noun,A1,yes,yes,no
back,noun,A1,no,no,no
bag,noun,A1,yes,yes,no
ball,noun,A1,yes,yes,no
banana,noun,A1,yes,no,no
band,noun,A1,no,no,no
bank,noun,A1,yes,yes,no
bar,noun,A1,no,no,no
baseball,noun,A1,yes,no,no
basketball,noun,A1,yes,yes,no
bat,noun,A1,yes,no,yes
bath,noun,A1,no,no,no
bathroom,noun,A1,no,no,no
beach,noun,A1,yes,yes,no
bean,noun,A1,yes,no,no
bear,noun,A1,yes,yes,no
bed,noun,A1,yes,yes,no
bedroom,noun,A1,no,no,no
bee,noun,A1,yes,yes,no
beef,noun,A1,no,no,no
bell,noun,A1,yes,no,no
bicycle,noun,A1,yes,no,no
bike,noun,A1,yes,yes,no
bird,noun,A1,yes,yes,no
birth,noun,A1,no,no,no
birthday,noun,A1,yes,yes,no
biscuit,noun,A1,yes,no,no
black,noun,A1,no,no,no
block,noun,A1,yes,no,no
blue,noun,A1,no,no,no
board,noun,A1,yes,no,no
boat,noun,A1,yes,yes,no
body,noun,A1,no,no,no
bone,noun,A1,yes,yes,no
book,noun,A1,yes,yes,no
bookstore,noun,A1,no,no,no
bottle,noun,A1,no,no,no
bottom,noun,A1,no,no,no
bowl,noun,A1,yes,yes,no
box,noun,A1,yes,no,no
boy,noun,A1,no,no,no
boyfriend,noun,A1,no,no,no
brain,noun,A1,yes,no,yes
bread,noun,A1,yes,no,no
breakfast,noun,A1,no,no,no
bridge,noun,A1,yes,yes,no
brother,noun,A1,yes,yes,no
brush,noun,A1,yes,yes,yes
bucket,noun,A1,yes,yes,no
building,noun,A1,yes,yes,no
burger,noun,A1,yes,no,no
bus,noun,A1,yes,yes,no
business,noun,A1,no,no,no
butter,noun,A1,yes,no,no
butterfly,noun,A1,yes,yes,yes
button,noun,A1,yes,yes,yes
bye,noun,A1,no,no,no
cafe,noun,A1,no,no,no
cake,noun,A1,yes,yes,no
call,noun,A1,yes,no,no
camera,noun,A1,yes,yes,no
camp,noun,A1,yes,yes,no
candy,noun,A1,yes,no,no
cap,noun,A1,yes,no,yes
car,noun,A1,yes,yes,no
card,noun,A1,yes,yes,no
care,noun,A1,no,no,no
cartoon,noun,A1,yes,no,no
case,noun,A1,no,no,no
cat,noun,A1,yes,yes,no
catch,noun,A1,yes,no,no
cd,noun,A1,no,no,no
cd player,noun,A1,no,no,no
celebration,noun,A1,no,no,no
chair,noun,A1,yes,no,no
change,noun,A1,no,no,no
character,noun,A1,no,no,no
check,noun,A1,no,no,no
cheese,noun,A1,yes,yes,no
chicken,noun,A1,yes,yes,no
child,noun,A1,no,no,no
chocolate,noun,A1,yes,yes,no
church,noun,A1,yes,yes,no
cinema,noun,A1,yes,no,no
circle,noun,A1,no,yes,no
city,noun,A1,yes,yes,no
class,noun,A1,no,no,no
classmate,noun,A1,no,no,no
classroom,noun,A1,yes,no,no
climb,noun,A1,yes,no,no
clock,noun,A1,yes,yes,no
cloth,noun,A1,yes,yes,no
clothes,noun,A1,yes,no,no
cloud,noun,A1,yes,yes,yes
club,noun,A1,yes,no,no
coach,noun,A1,yes,yes,no
coat,noun,A1,yes,yes,no
code,noun,A1,no,no,no
coffee,noun,A1,yes,yes,no
coke,noun,A1,no,no,no
cold,noun,A1,yes,yes,no
collection,noun,A1,no,no,no
college,noun,A1,no,no,no
color,noun,A1,yes,no,no
computer,noun,A1,yes,yes,no
concert,noun,A1,no,no,no
contest,noun,A1,no,no,no
conversation,noun,A1,no,no,no
cook,noun,A1,yes,yes,no
cookie,noun,A1,yes,yes,no
cop,noun,A1,no,no,no
copy,noun,A1,yes,no,no
corn,noun,A1,yes,yes,no
corner,noun,A1,no,no,no
couch,noun,A1,yes,yes,no
course,noun,A1,no,no,no
cousin,noun,A1,yes,yes,no
cover,noun,A1,yes,yes,no
cow,noun,A1,yes,yes,no
cream,noun,A1,yes,yes,no
credit card,noun,A1,yes,no,no
cry,noun,A1,yes,no,no
culture,noun,A1,no,no,no
cup,noun,A1,yes,yes,no
dad,noun,A1,no,no,no
daddy,noun,A1,no,no,no
dance,noun,A1,yes,no,no
dancing,noun,A1,no,no,no
date,noun,A1,yes,no,no
daughter,noun,A1,no,no,no
day,noun,A1,no,no,no
december,noun,A1,no,no,no
design,noun,A1,no,no,no
desk,noun,A1,yes,yes,no
dictionary,noun,A1,yes,no,no
difference,noun,A1,no,no,no
dig,noun,A1,yes,no,no
dining room,noun,A1,no,no,no
dinner,noun,A1,yes,yes,no
dish,noun,A1,yes,yes,no
doctor,noun,A1,yes,yes,no
dog,noun,A1,yes,yes,no
doll,noun,A1,yes,yes,no
dollar,noun,A1,no,no,no
door,noun,A1,yes,yes,no
drama,noun,A1,yes,no,no
dream,noun,A1,no,no,no
dress,noun,A1,yes,yes,no
drink,noun,A1,yes,no,no
drive,noun,A1,yes,no,no
driver,noun,A1,no,no,no
drum,noun,A1,yes,yes,yes
dvd,noun,A1,no,no,no
ear,noun,A1,yes,no,no
egg,noun,A1,yes,yes,no
email,noun,A1,no,no,no
end,noun,A1,no,no,no
engineer,noun,A1,yes,yes,no
evening,noun,A1,no,no,no
event,noun,A1,no,no,no
example,noun,A1,no,no,no
excuse,noun,A1,no,no,no
eye,noun,A1,yes,no,no
face,noun,A1,yes,no,no
factory,noun,A1,yes,yes,no
fairy,noun,A1,yes,yes,no
family,noun,A1,yes,yes,no
fan,noun,A1,yes,yes,no
farm,noun,A1,yes,yes,no
farmer,noun,A1,yes,yes,no
father,noun,A1,yes,yes,no
favorite,noun,A1,no,no,no
february,noun,A1,no,no,no
feed,noun,A1,yes,no,no
feeling,noun,A1,no,no,no
festival,noun,A1,yes,no,no
fever,noun,A1,no,no,no
field,noun,A1,yes,yes,no
fight,noun,A1,no,no,no
file,noun,A1,yes,no,yes
finish,noun,A1,no,no,no
fire,noun,A1,yes,no,no
fish,noun,A1,yes,yes,no
fishing,noun,A1,yes,yes,no
flag,noun,A1,yes,yes,no
flat,noun,A1,no,no,no
floor,noun,A1,yes,yes,no
flower,noun,A1,yes,no,no
fly,noun,A1,yes,no,no
food,noun,A1,no,no,no
football,noun,A1,yes,no,no
foreigner,noun,A1,no,no,no
form,noun,A1,no,no,no
friday,noun,A1,no,no,no
friend,noun,A1,yes,yes,no
frog,noun,A1,yes,yes,yes
fruit,noun,A1,yes,yes,no
fun,noun,A1,no,no,no
future,noun,A1,no,no,no
game,noun,A1,yes,no,no
garbage,noun,A1,no,no,no
garden,noun,A1,yes,yes,no
ghost,noun,A1,no,no,no
gift,noun,A1,yes,yes,no
girl,noun,A1,no,no,no
girlfriend,noun,A1,no,no,no
glass,noun,A1,yes,yes,no
glasses,noun,A1,yes,yes,no
goal,noun,A1,yes,yes,no
grade,noun,A1,no,no,no
grammar,noun,A1,no,no,no
grandfather,noun,A1,yes,no,no
grandma,noun,A1,yes,yes,no
grandmother,noun,A1,yes,no,no
grandpa,noun,A1,yes,yes,no
grandparent,noun,A1,no,no,no
grape,noun,A1,yes,yes,no
grass,noun,A1,yes,yes,no
gray,noun,A1,no,no,no
ground,noun,A1,no,no,no
group,noun,A1,no,no,no
guest,noun,A1,no,no,no
guitar,noun,A1,yes,yes,no
guy,noun,A1,no,no,no
habit,noun,A1,no,no,no
hair,noun,A1,yes,yes,no
haircut,noun,A1,no,no,no
half,noun,A1,no,no,no
hall,noun,A1,no,no,no
hamburger,noun,A1,yes,no,no
hand,noun,A1,yes,no,no
hat,noun,A1,yes,yes,no
head,noun,A1,yes,no,no
headache,noun,A1,no,no,no
health,noun,A1,no,no,no
heart,noun,A1,yes,no,yes
hello,noun,A1,no,no,no
hill,noun,A1,yes,yes,no
history,noun,A1,no,no,no
hobby,noun,A1,yes,yes,no
hold,noun,A1,yes,no,no
hole,noun,A1,yes,yes,no
holiday,noun,A1,no,no,no
home,noun,A1,yes,yes,no
hometown,noun,A1,no,no,no
homework,noun,A1,yes,no,no
hope,noun,A1,no,no,no
horse,noun,A1,yes,yes,no
hospital,noun,A1,yes,yes,no
hotel,noun,A1,yes,yes,no
hour,noun,A1,no,no,no
house,noun,A1,yes,yes,no
hurry,noun,A1,no,no,no
husband,noun,A1,no,no,no
ice,noun,A1,yes,yes,no
ice cream,noun,A1,yes,yes,no
idea,noun,A1,no,no,no
information,noun,A1,no,no,no
internet,noun,A1,no,no,no
interview,noun,A1,no,no,no
interviewer,noun,A1,no,no,no
island,noun,A1,yes,yes,no
item,noun,A1,no,no,no
jacket,noun,A1,yes,yes,no
january,noun,A1,no,no,no
jeans,noun,A1,yes,no,no
jet,noun,A1,yes,yes,no
jewelry,noun,A1,yes,yes,no
job,noun,A1,no,no,no
juice,noun,A1,yes,yes,no
july,noun,A1,no,no,no
june,noun,A1,no,no,no
key,noun,A1,yes,yes,no
kick,noun,A1,yes,no,no
kid,noun,A1,no,no,no
kind,noun,A1,no,no,no
king,noun,A1,yes,no,no
kiss,noun,A1,no,no,no
kitchen,noun,A1,yes,yes,no
kite,noun,A1,yes,yes,no
knee,noun,A1,yes,yes,no
knife,noun,A1,yes,yes,no
lady,noun,A1,no,no,no
language,noun,A1,no,no,no
last name,noun,A1,no,no,no
leader,noun,A1,no,no,no
leaf,noun,A1,yes,yes,no
leg,noun,A1,yes,no,no
lesson,noun,A1,no,no,no
letter,noun,A1,yes,yes,no
library,noun,A1,yes,yes,no
life,noun,A1,no,no,no
light,noun,A1,no,no,no
lily,noun,A1,yes,yes,no
line,noun,A1,no,no,no
lion,noun,A1,yes,yes,no
list,noun,A1,no,no,no
living room,noun,A1,no,no,no
look,noun,A1,yes,no,no
love,noun,A1,no,no,no
luck,noun,A1,no,no,no
lunch,noun,A1,yes,no,no
machine,noun,A1,no,no,no
magazine,noun,A1,yes,yes,no
mail,noun,A1,yes,no,no
man,noun,A1,no,no,no
map,noun,A1,yes,yes,no
march,noun,A1,yes,no,no
match,noun,A1,yes,yes,no
math,noun,A1,yes,no,no
matter,noun,A1,no,no,no
may,noun,A1,no,no,no
meal,noun,A1,no,no,no
meat,noun,A1,yes,no,no
medicine,noun,A1,yes,yes,no
meeting,noun,A1,yes,no,no
memory,noun,A1,no,no,no
message,noun,A1,no,no,no
milk,noun,A1,yes,yes,no
mind,noun,A1,no,no,no
minute,noun,A1,no,no,no
miss,noun,A1,no,no,no
mobile,noun,A1,yes,no,no
mobile phone,noun,A1,no,no,no
mom,noun,A1,no,no,no
moment,noun,A1,no,no,no
mommy,noun,A1,no,no,no
monday,noun,A1,no,no,no
money,noun,A1,yes,yes,no
monkey,noun,A1,yes,yes,no
month,noun,A1,no,no,no
moon,noun,A1,yes,yes,yes
morning,noun,A1,yes,no,no
mother,noun,A1,yes,yes,no
mountain,noun,A1,yes,yes,no
mouse,noun,A1,yes,yes,no
mouth,noun,A1,yes,yes,no
move,noun,A1,no,no,no
movie,noun,A1,no,no,no
mr,noun,A1,no,no,no
mrs,noun,A1,no,no,no
mum,noun,A1,no,no,no
music,noun,A1,yes,yes,no
musician,noun,A1,no,no,no
name,noun,A1,no,no,no
nationality,noun,A1,no,no,no
neck,noun,A1,no,no,no
neighbor,noun,A1,no,no,no
news,noun,A1,no,no,no
newspaper,noun,A1,yes,yes,no
night,noun,A1,yes,no,no
noise,noun,A1,no,no,no
nose,noun,A1,yes,yes,no
note,noun,A1,no,no,no
notebook,noun,A1,yes,yes,no
november,noun,A1,no,no,no
number,noun,A1,no,no,no
nurse,noun,A1,yes,yes,no
october,noun,A1,no,no,no
office,noun,A1,yes,yes,no
officer,noun,A1,yes,no,no
olympics,noun,A1,no,no,no
opera,noun,A1,no,no,no
orange,noun,A1,yes,yes,no
order,noun,A1,yes,no,no
owner,noun,A1,no,no,no
page,noun,A1,yes,yes,no
paint,noun,A1,yes,yes,no
painting,noun,A1,yes,yes,no
pair,noun,A1,yes,no,no
palace,noun,A1,yes,yes,no
pants,noun,A1,yes,yes,no
paper,noun,A1,yes,yes,no
paragraph,noun,A1,no,no,no
pardon,noun,A1,no,no,no
parent,noun,A1,no,no,no
park,noun,A1,yes,yes,no
partner,noun,A1,no,no,no
party,noun,A1,yes,yes,no
pay,noun,A1,yes,no,no
peace,noun,A1,no,no,no
pen,noun,A1,yes,yes,no
pencil,noun,A1,yes,yes,no
people,noun,A1,no,no,no
period,noun,A1,no,no,no
person,noun,A1,no,no,no
pet,noun,A1,yes,yes,no
phone,noun,A1,yes,yes,no
photo,noun,A1,yes,yes,no
piano,noun,A1,yes,yes,no
picnic,noun,A1,yes,yes,no
picture,noun,A1,yes,yes,no
piece,noun,A1,no,no,no
pig,noun,A1,yes,yes,yes
pizza,noun,A1,yes,yes,no
place,noun,A1,no,no,no
plan,noun,A1,no,no,no
plane,noun,A1,yes,yes,yes
play,noun,A1,no,no,no
player,noun,A1,no,no,no
pleasure,noun,A1,no,no,no
pocket,noun,A1,yes,yes,yes
poem,noun,A1,no,no,no
point,noun,A1,yes,no,no
pollution,noun,A1,yes,yes,no
pool,noun,A1,yes,yes,no
pop,noun,A1,yes,no,no
post,noun,A1,no,no,no
poster,noun,A1,no,no,no
potato,noun,A1,yes,yes,no
practice,noun,A1,yes,no,no
present,noun,A1,yes,yes,no
price,noun,A1,no,no,no
prince,noun,A1,no,no,no
princess,noun,A1,no,no,no
problem,noun,A1,no,no,no
program,noun,A1,no,no,no
purple,noun,A1,no,no,no
quarter,noun,A1,no,no,no
question,noun,A1,yes,no,no
rabbit,noun,A1,yes,yes,no
radio,noun,A1,yes,yes,yes
rain,noun,A1,yes,yes,no
rat,noun,A1,yes,yes,no
reader,noun,A1,no,no,no
reading,noun,A1,no,no,no
reason,noun,A1,no,no,no
reporter,noun,A1,no,no,no
restaurant,noun,A1,yes,yes,no
result,noun,A1,no,no,no
review,noun,A1,no,no,no
ribbon,noun,A1,yes,yes,yes
rice,noun,A1,yes,yes,no
ride,noun,A1,yes,no,no
river,noun,A1,yes,yes,no
role,noun,A1,no,no,no
room,noun,A1,no,no,no
rose,noun,A1,yes,yes,no
row,noun,A1,yes,no,no
rule,noun,A1,no,no,no
ruler,noun,A1,yes,yes,no
run,noun,A1,yes,no,no
sailor,noun,A1,no,no,no
salad,noun,A1,yes,yes,no
sale,noun,A1,no,no,no
sandwich,noun,A1,yes,yes,no
saturday,noun,A1,no,no,no
saw,noun,A1,yes,yes,yes
school,noun,A1,yes,yes,no
science,noun,A1,yes,no,no
scientist,noun,A1,yes,yes,no
sea,noun,A1,no,no,no
seat,noun,A1,yes,yes,no
section,noun,A1,no,no,no
self,noun,A1,no,no,no
sentence,noun,A1,no,no,no
september,noun,A1,no,no,no
shake,noun,A1,yes,no,no
sheep,noun,A1,yes,yes,yes
shelf,noun,A1,yes,yes,no
ship,noun,A1,yes,yes,no
shirt,noun,A1,yes,yes,no
shoe,noun,A1,yes,yes,no
shop,noun,A1,yes,yes,no
shopping,noun,A1,no,no,no
shoulder,noun,A1,yes,no,yes
shower,noun,A1,yes,yes,no
side,noun,A1,no,no,no
sight,noun,A1,no,no,no
sign,noun,A1,yes,yes,no
singer,noun,A1,yes,no,no
sir,noun,A1,no,no,no
sister,noun,A1,yes,yes,no
site,noun,A1,no,no,no
size,noun,A1,no,no,no
skill,noun,A1,no,no,no
skirt,noun,A1,yes,yes,yes
sky,noun,A1,yes,yes,no
smell,noun,A1,yes,no,no
smile,noun,A1,yes,yes,no
smith,noun,A1,no,no,no
smoke,noun,A1,yes,yes,no
smoking,noun,A1,no,no,no
snake,noun,A1,yes,yes,yes
snow,noun,A1,yes,yes,no
soccer,noun,A1,yes,yes,no
sofa,noun,A1,yes,yes,no
son,noun,A1,no,no,no
song,noun,A1,yes,yes,no
soup,noun,A1,yes,yes,no
speech,noun,A1,no,no,no
spell,noun,A1,no,no,no
sport,noun,A1,no,no,no
spot,noun,A1,yes,no,no
spring,noun,A1,yes,yes,no
spy,noun,A1,no,no,no
stage,noun,A1,yes,yes,no
stand,noun,A1,yes,no,no
star,noun,A1,yes,yes,no
start,noun,A1,yes,no,no
station,noun,A1,yes,yes,no
stone,noun,A1,no,no,no
stop,noun,A1,yes,no,no
store,noun,A1,yes,no,no
story,noun,A1,yes,yes,no
street,noun,A1,yes,yes,no
student,noun,A1,yes,yes,no
subject,noun,A1,no,no,no
subway,noun,A1,yes,yes,no
sugar,noun,A1,yes,yes,no
suggestion,noun,A1,no,no,no
sum,noun,A1,no,no,no
summer,noun,A1,no,no,no
sun,noun,A1,yes,yes,no
sunday,noun,A1,no,no,no
sunshine,noun,A1,no,no,no
supermarket,noun,A1,yes,yes,no
surf,noun,A1,yes,no,no
surprise,noun,A1,no,no,no
survey,noun,A1,no,no,no
swim,noun,A1,yes,no,no
swimming,noun,A1,no,no,no
swimming pool,noun,A1,yes,no,no
t-shirt,noun,A1,yes,yes,no
table,noun,A1,yes,yes,no
taxi,noun,A1,yes,yes,no
tea,noun,A1,yes,yes,no
teacher,noun,A1,yes,yes,no
team,noun,A1,yes,yes,no
technology,noun,A1,no,no,no
telephone,noun,A1,yes,yes,no
television,noun,A1,yes,yes,no
temple,noun,A1,no,no,no
tennis,noun,A1,yes,yes,no
test,noun,A1,no,no,no
thanks,noun,A1,no,no,no
theater,noun,A1,yes,no,no
thing,noun,A1,no,no,no
throw,noun,A1,yes,no,no
thursday,noun,A1,no,no,no
ticket,noun,A1,yes,yes,no
tiger,noun,A1,yes,yes,no
time,noun,A1,no,no,no
today,noun,A1,no,no,no
toilet,noun,A1,yes,yes,no
tomato,noun,A1,yes,yes,no
tomorrow,noun,A1,no,no,no
tool,noun,A1,no,no,no
tooth,noun,A1,yes,yes,no
top,noun,A1,no,no,no
topic,noun,A1,no,no,no
touch,noun,A1,yes,no,no
towel,noun,A1,yes,yes,no
tower,noun,A1,yes,yes,no
town,noun,A1,no,no,no
toy,noun,A1,yes,yes,no
train,noun,A1,yes,yes,no
tree,noun,A1,yes,yes,no
trip,noun,A1,yes,no,no
trousers,noun,A1,yes,no,no
truck,noun,A1,yes,yes,no
try,noun,A1,no,no,no
tube,noun,A1,no,no,no
tuesday,noun,A1,no,no,no
turkey,noun,A1,yes,yes,no
turn,noun,A1,yes,no,no
tv,noun,A1,no,no,no
type,noun,A1,yes,no,no
umbrella,noun,A1,yes,yes,yes
uncle,noun,A1,yes,yes,no
underline,noun,A1,yes,no,no
vacation,noun,A1,no,no,no
vase,noun,A1,yes,yes,no
vegetable,noun,A1,yes,yes,no
video,noun,A1,no,no,no
visit,noun,A1,yes,no,no
volleyball,noun,A1,yes,no,no
vote,noun,A1,no,no,no
waiter,noun,A1,yes,no,no
waitress,noun,A1,yes,no,no
wake,noun,A1,yes,no,no
walk,noun,A1,yes,no,no
wall,noun,A1,yes,yes,no
war,noun,A1,no,no,no
wash,noun,A1,yes,no,no
watch,noun,A1,yes,yes,no
water,noun,A1,yes,yes,no
way,noun,A1,no,no,no
weather,noun,A1,no,no,no
wednesday,noun,A1,no,no,no
week,noun,A1,no,no,no
weekend,noun,A1,no,no,no
wheel,noun,A1,yes,yes,no
white,noun,A1,no,no,no
wife,noun,A1,no,no,no
wind,noun,A1,yes,no,no
window,noun,A1,yes,yes,no
winter,noun,A1,yes,yes,no
wish,noun,A1,yes,yes,no
woman,noun,A1,no,no,no
word,noun,A1,no,no,no
work,noun,A1,no,no,no
worker,noun,A1,no,no,no
world,noun,A1,no,no,no
worry,noun,A1,no,no,no
writer,noun,A1,no,no,no
yard,noun,A1,yes,yes,no
year,noun,A1,no,no,no
yellow,noun,A1,no,no,no
yogurt,noun,A1,yes,yes,yes
zoo,noun,A1,yes,yes,no
ability,noun,A2,no,no,no
accident,noun,A2,no,no,no
account,noun,A2,no,no,no
act,noun,A2,yes,no,no
addition,noun,A2,no,no,no
adjective,noun,A2,no,no,no
adult,noun,A2,no,no,no
advantage,noun,A2,no,no,no
adventure,noun,A2,no,no,no
advertisement,noun,A2,no,no,no
advertising,noun,A2,no,no,no
advice,noun,A2,no,no,no
affair,noun,A2,no,no,no
agency,noun,A2,no,no,no
agent,noun,A2,no,no,no
air,noun,A2,no,no,no
aisle,noun,A2,yes,no,yes
alarm,noun,A2,yes,yes,no
alarm clock,noun,A2,yes,yes,no
ambition,noun,A2,no,no,no
amusement,noun,A2,no,no,no
ancestor,noun,A2,no,no,no
angel,noun,A2,no,no,no
ankle,noun,A2,yes,yes,yes
anniversary,noun,A2,no,no,no
apartment,noun,A2,yes,yes,no
appearance,noun,A2,no,no,no
appointment,noun,A2,yes,no,no
architecture,noun,A2,no,no,no
area,noun,A2,no,no,no
argument,noun,A2,no,no,no
armchair,noun,A2,yes,no,no
association,noun,A2,no,no,no
astronaut,noun,A2,yes,yes,no
athlete,noun,A2,no,no,no
atom,noun,A2,no,no,yes
attack,noun,A2,no,no,no
attempt,noun,A2,no,no,no
attention,noun,A2,no,no,no
attitude,noun,A2,no,no,no
audience,noun,A2,no,no,no
author,noun,A2,no,no,no
average,noun,A2,no,no,no
award,noun,A2,no,no,no
background,noun,A2,no,no,no
badminton,noun,A2,no,no,no
balcony,noun,A2,yes,yes,yes
balloon,noun,A2,yes,yes,no
banking,noun,A2,no,no,no
barbecue,noun,A2,no,no,no
barber,noun,A2,no,no,no
bargain,noun,A2,no,no,no
base,noun,A2,no,no,no
basket,noun,A2,yes,no,no
batch,noun,A2,no,no,no
battery,noun,A2,yes,yes,yes
bay,noun,A2,no,no,no
beauty,noun,A2,no,no,no
beer,noun,A2,no,no,no
beginner,noun,A2,no,no,no
beginning,noun,A2,no,no,no
behavior,noun,A2,no,no,no
being,noun,A2,no,no,no
belly,noun,A2,no,no,no
belt,noun,A2,yes,yes,yes
bench,noun,A2,yes,yes,no
bill,noun,A2,no,no,no
bit,noun,A2,no,no,yes
bite,noun,A2,yes,no,no
blackboard,noun,A2,yes,no,no
blanket,noun,A2,yes,yes,no
blood,noun,A2,no,no,no
bloom,noun,A2,no,no,no
blow,noun,A2,yes,no,no
board game,noun,A2,yes,yes,no
bonus,noun,A2,no,no,no
bookcase,noun,A2,no,no,no
bookshelf,noun,A2,yes,no,no
bookshop,noun,A2,no,no,no
boss,noun,A2,no,no,no
bra,noun,A2,no,no,no
brainstorm,noun,A2,no,no,no
brake,noun,A2,yes,yes,no
branch,noun,A2,yes,yes,no
brand,noun,A2,no,no,no
break,noun,A2,yes,no,no
breeze,noun,A2,yes,yes,no
bride,noun,A2,no,no,no
brown,noun,A2,no,no,no
budget,noun,A2,no,no,no
bug,noun,A2,no,no,no
bulb,noun,A2,yes,yes,yes
burn,noun,A2,no,no,no
bus station,noun,A2,no,no,no
bus stop,noun,A2,yes,no,no
bush,noun,A2,yes,yes,no
businessman,noun,A2,no,no,no
businesswoman,noun,A2,no,no,no
cab,noun,A2,no,no,no
cafeteria,noun,A2,yes,no,no
calendar,noun,A2,yes,yes,no
camping,noun,A2,yes,no,no
campus,noun,A2,no,no,no
can,noun,A2,no,no,no
capital,noun,A2,no,no,no
capital letter,noun,A2,no,no,no
captain,noun,A2,yes,yes,no
car park,noun,A2,no,no,no
carrot,noun,A2,yes,yes,no
cash,noun,A2,yes,no,no
cassette,noun,A2,no,no,no
castle,noun,A2,yes,yes,no
cent,noun,A2,no,no,no
center,noun,A2,no,no,no
centimeter,noun,A2,no,no,no
century,noun,A2,no,no,no
cereal,noun,A2,yes,yes,no
chain,noun,A2,yes,yes,no
chairman,noun,A2,no,no,no
challenge,noun,A2,no,no,no
champagne,noun,A2,yes,no,no
championship,noun,A2,no,no,no
chance,noun,A2,no,no,no
chapter,noun,A2,no,no,no
chart,noun,A2,no,no,no
cheek,noun,A2,yes,yes,yes
chef,noun,A2,yes,yes,no
cheque,noun,A2,yes,no,no
chess,noun,A2,yes,yes,no
chest,noun,A2,yes,yes,yes
childhood,noun,A2,no,no,no
chili,noun,A2,yes,no,no
chimpanzee,noun,A2,yes,no,no
chin,noun,A2,yes,no,yes
chirp,noun,A2,yes,no,no
choice,noun,A2,no,no,no
cigarette,noun,A2,no,no,no
citizen,noun,A2,no,no,no
classical music,noun,A2,no,no,no
cleaner,noun,A2,no,no,no
clerk,noun,A2,no,no,no
climbing,noun,A2,no,no,no
clown,noun,A2,yes,yes,no
clue,noun,A2,no,no,no
coast,noun,A2,yes,yes,no
coin,noun,A2,yes,yes,no
cola,noun,A2,no,no,no
column,noun,A2,no,no,no
comb,noun,A2,yes,yes,no
comic,noun,A2,yes,no,no
commitment,noun,A2,no,no,no
committee,noun,A2,no,no,no
communication,noun,A2,no,no,no
company,noun,A2,no,no,no
comparative,noun,A2,no,no,no
competition,noun,A2,no,no,no
complaint,noun,A2,no,no,no
composer,noun,A2,no,no,no
concern,noun,A2,no,no,no
condition,noun,A2,no,no,no
consequence,noun,A2,no,no,no
contact,noun,A2,no,no,no
container,noun,A2,yes,yes,yes
context,noun,A2,no,no,no
continent,noun,A2,no,no,no
contrast,noun,A2,no,no,no
control,noun,A2,no,no,no
convenience,noun,A2,no,no,no
cooker,noun,A2,no,no,no
cooking,noun,A2,no,no,no
cooler,noun,A2,yes,yes,no
cost,noun,A2,no,no,no
country,noun,A2,no,no,no
countryside,noun,A2,no,no,no
couple,noun,A2,no,no,no
court,noun,A2,yes,yes,no
creativity,noun,A2,no,no,no
creature,noun,A2,no,no,no
credit,noun,A2,no,no,no
cricket,noun,A2,yes,yes,no
crime,noun,A2,no,no,no
crisp,noun,A2,no,no,no
cross,noun,A2,yes,no,no
crowd,noun,A2,no,no,no
crown,noun,A2,yes,yes,no
cruise,noun,A2,no,no,no
cupboard,noun,A2,yes,yes,no
curry,noun,A2,yes,no,no
curse,noun,A2,no,no,no
custom,noun,A2,no,no,no
customer,noun,A2,yes,no,no
cycling,noun,A2,yes,no,no
dam,noun,A2,yes,yes,no
dancer,noun,A2,no,no,no
danger,noun,A2,no,no,no
daylight,noun,A2,no,no,no
deal,noun,A2,yes,no,no
death,noun,A2,no,no,no
debate,noun,A2,no,no,no
degree,noun,A2,no,no,no
delay,noun,A2,no,no,no
dentist,noun,A2,yes,yes,no
department store,noun,A2,no,no,no
description,noun,A2,no,no,no
desert,noun,A2,yes,no,no
dessert,noun,A2,yes,yes,no
detail,noun,A2,no,no,no
diamond,noun,A2,yes,yes,no
diary,noun,A2,yes,yes,no
diet,noun,A2,no,no,no
difficulty,noun,A2,no,no,no
digital camera,noun,A2,no,no,no
dinosaur,noun,A2,yes,yes,no
direction,noun,A2,no,no,no
director,noun,A2,no,no,no
disadvantage,noun,A2,no,no,no
disco,noun,A2,no,no,no
discussion,noun,A2,no,no,no
dislike,noun,A2,no,no,no
display,noun,A2,no,no,no
doubt,noun,A2,no,no,no
draw,noun,A2,yes,no,no
drawer,noun,A2,yes,yes,no
drawing,noun,A2,no,no,no
drill,noun,A2,yes,yes,yes
driver's license,noun,A2,no,no,no
drop,noun,A2,yes,no,no
drug,noun,A2,no,no,no
drugstore,noun,A2,no,no,no
duck,noun,A2,yes,yes,no
dust,noun,A2,yes,no,no
earring,noun,A2,yes,yes,no
earth,noun,A2,yes,yes,no
earthquake,noun,A2,no,no,no
east,noun,A2,no,no,no
editor,noun,A2,no,no,no
education,noun,A2,no,no,no
effect,noun,A2,no,no,no
effort,noun,A2,yes,no,no
elephant,noun,A2,yes,yes,no
elevator,noun,A2,yes,yes,no
emergency,noun,A2,no,no,no
ending,noun,A2,no,no,no
entertainment,noun,A2,no,no,no
entrance,noun,A2,yes,no,no
envelope,noun,A2,yes,yes,no
envy,noun,A2,no,no,no
episode,noun,A2,no,no,no
error,noun,A2,no,no,no
escalator,noun,A2,yes,yes,no
escape,noun,A2,no,no,no
essay,noun,A2,no,no,no
euro,noun,A2,no,no,no
evidence,noun,A2,no,no,no
exam,noun,A2,no,no,no
exchange,noun,A2,no,no,no
exercise,noun,A2,no,no,no
exhibition,noun,A2,no,no,no
experience,noun,A2,no,no,no
expert,noun,A2,no,no,no
explanation,noun,A2,no,no,no
express,noun,A2,no,no,no
expression,noun,A2,no,no,no
fact,noun,A2,no,no,no
fare,noun,A2,no,no,no
fashion,noun,A2,no,no,no
fast food,noun,A2,no,no,no
fault,noun,A2,no,no,yes
favor,noun,A2,no,no,no
fear,noun,A2,no,no,no
feather,noun,A2,yes,yes,yes
feature,noun,A2,no,no,no
fee,noun,A2,no,no,no
feel,noun,A2,no,no,no
fence,noun,A2,yes,yes,yes
fiction,noun,A2,no,no,no
fighter,noun,A2,no,no,no
figure,noun,A2,no,no,no
film,noun,A2,yes,no,no
final,noun,A2,no,no,no
first name,noun,A2,no,no,no
fisherman,noun,A2,no,no,no
fix,noun,A2,yes,no,no
flea,noun,A2,no,no,no
flight,noun,A2,no,no,no
float,noun,A2,yes,no,no
flood,noun,A2,no,no,no
flour,noun,A2,yes,yes,yes
fog,noun,A2,yes,yes,yes
folder,noun,A2,yes,yes,yes
fool,noun,A2,no,no,no
footballer,noun,A2,no,no,no
force,noun,A2,no,no,no
forest,noun,A2,yes,no,no
fork,noun,A2,yes,yes,no
fortune,noun,A2,no,no,no
frame,noun,A2,yes,yes,no
freedom,noun,A2,no,no,no
fridge,noun,A2,yes,yes,no
friendship,noun,A2,yes,no,no
front,noun,A2,no,no,no
fry,noun,A2,yes,no,no
furniture,noun,A2,no,no,no
gallery,noun,A2,no,no,no
garage,noun,A2,yes,yes,no
garlic,noun,A2,yes,yes,no
gas,noun,A2,no,no,no
gate,noun,A2,yes,yes,yes
gender,noun,A2,no,no,no
generation,noun,A2,no,no,no
globe,noun,A2,yes,yes,no
glove,noun,A2,yes,yes,yes
gold,noun,A2,no,no,no
golf,noun,A2,yes,no,no
government,noun,A2,no,no,no
grace,noun,A2,no,no,no
gram,noun,A2,no,no,no
grandchild,noun,A2,no,no,no
granddad,noun,A2,no,no,no
granddaughter,noun,A2,no,no,no
grandson,noun,A2,no,no,no
granny,noun,A2,no,no,no
green,noun,A2,no,no,no
grocery store,noun,A2,no,no,no
guard,noun,A2,yes,no,no
guidebook,noun,A2,yes,yes,no
gun,noun,A2,no,no,no
ham,noun,A2,yes,no,no
handbag,noun,A2,yes,yes,no
handle,noun,A2,yes,yes,no
happiness,noun,A2,no,no,no
harmony,noun,A2,yes,no,no
harvest,noun,A2,yes,no,no
headphone,noun,A2,yes,no,no
headteacher,noun,A2,no,no,no
heat,noun,A2,yes,no,no
heating,noun,A2,no,no,no
help,noun,A2,no,no,no
hero,noun,A2,no,no,no
high school,noun,A2,no,no,no
highway,noun,A2,no,no,no
hike,noun,A2,yes,yes,no
hiking,noun,A2,yes,yes,no
hip hop,noun,A2,no,no,no
hockey,noun,A2,yes,yes,no
honey,noun,A2,yes,yes,no
honor,noun,A2,no,no,no
horror,noun,A2,no,no,no
host,noun,A2,yes,no,no
hunter,noun,A2,no,no,no
id,noun,A2,no,no,no
id card,noun,A2,no,no,no
image,noun,A2,no,no,no
imagination,noun,A2,no,no,no
impact,noun,A2,no,no,no
importance,noun,A2,no,no,no
inch,noun,A2,no,no,no
independence,noun,A2,no,no,no
influence,noun,A2,no,no,no
insect,noun,A2,yes,yes,no
inspiration,noun,A2,no,no,no
instrument,noun,A2,no,no,no
intelligence,noun,A2,no,no,no
interest,noun,A2,no,no,no
invention,noun,A2,no,no,no
issue,noun,A2,no,no,no
it,noun,A2,no,no,no
jam,noun,A2,yes,no,no
jelly,noun,A2,yes,yes,no
joke,noun,A2,no,no,no
journey,noun,A2,no,no,no
joy,noun,A2,no,no,no
junk,noun,A2,no,no,no
killer,noun,A2,no,no,no
kilo,noun,A2,no,no,no
kilogram,noun,A2,no,no,no
kilometer,noun,A2,no,no,no
kingdom,noun,A2,no,no,no
kit,noun,A2,no,no,no
knock,noun,A2,yes,no,no
knowledge,noun,A2,no,no,no
labor,noun,A2,no,no,no
lack,noun,A2,no,no,no
lake,noun,A2,yes,yes,no
lamp,noun,A2,yes,yes,no
landscape,noun,A2,no,no,no
lane,noun,A2,no,no,no
law,noun,A2,no,no,no
lawyer,noun,A2,no,no,no
laziness,noun,A2,no,no,no
lead,noun,A2,yes,no,no
learner,noun,A2,no,no,no
leather,noun,A2,yes,yes,no
left,noun,A2,no,no,no
leisure,noun,A2,no,no,no
lemon,noun,A2,yes,yes,no
lemonade,noun,A2,yes,no,no
level,noun,A2,yes,no,yes
liberty,noun,A2,no,no,no
lifestyle,noun,A2,no,no,no
lip,noun,A2,no,no,no
liter,noun,A2,no,no,no
load,noun,A2,yes,no,no
lock,noun,A2,yes,yes,no
lot,noun,A2,no,no,no
lover,noun,A2,no,no,no
lunchtime,noun,A2,no,no,no
magic,noun,A2,no,no,no
main course,noun,A2,no,no,no
make-up,noun,A2,no,no,no
maker,noun,A2,no,no,no
male,noun,A2,no,no,no
mall,noun,A2,yes,yes,no
manager,noun,A2,no,no,no
manner,noun,A2,no,no,no
mark,noun,A2,yes,no,no
market,noun,A2,no,no,no
material,noun,A2,no,no,no
max,noun,A2,no,no,no
meaning,noun,A2,no,no,no
medal,noun,A2,yes,yes,yes
melon,noun,A2,yes,yes,no
member,noun,A2,yes,no,no
mention,noun,A2,no,no,no
menu,noun,A2,yes,yes,no
metal,noun,A2,no,no,no
meter,noun,A2,no,no,no
method,noun,A2,no,no,no
midday,noun,A2,no,no,no
middle,noun,A2,no,no,no
midnight,noun,A2,no,no,no
mineral water,noun,A2,no,no,no
mirror,noun,A2,yes,yes,no
mistake,noun,A2,no,no,no
model,noun,A2,no,no,no
mood,noun,A2,no,no,no
mosque,noun,A2,no,no,no
motorway,noun,A2,yes,no,no
mp3 player,noun,A2,no,no,no
ms,noun,A2,no,no,no
mug,noun,A2,yes,yes,no
murder,noun,A2,no,no,no
museum,noun,A2,yes,yes,no
mushroom,noun,A2,yes,yes,no
mystery,noun,A2,no,no,no
napkin,noun,A2,yes,yes,yes
nation,noun,A2,no,no,no
nature,noun,A2,no,no,no
noon,noun,A2,no,no,no
north,noun,A2,no,no,no
notice,noun,A2,no,no,no
noun,noun,A2,no,no,no
novel,noun,A2,no,no,no
oak,noun,A2,yes,yes,no
occupation,noun,A2,no,no,no
offer,noun,A2,no,no,no
oil,noun,A2,yes,yes,no
olive oil,noun,A2,yes,no,no
omelet,noun,A2,no,no,no
onion,noun,A2,yes,yes,no
opinion,noun,A2,no,no,no
opportunity,noun,A2,no,no,no
orphan,noun,A2,no,no,no
oven,noun,A2,yes,yes,no
pack,noun,A2,yes,no,no
painter,noun,A2,no,no,no
pal,noun,A2,no,no,no
pan,noun,A2,yes,yes,no
panic,noun,A2,no,no,no
part,noun,A2,no,no,no
pass,noun,A2,yes,no,no
passage,noun,A2,no,no,no
passenger,noun,A2,no,no,no
pasta,noun,A2,yes,yes,no
path,noun,A2,yes,yes,no
patient,noun,A2,yes,yes,no
pc,noun,A2,no,no,no
pea,noun,A2,yes,yes,no
pear,noun,A2,yes,yes,no
pence,noun,A2,no,no,no
penfriend,noun,A2,no,no,no
pepper,noun,A2,yes,yes,no
performance,noun,A2,yes,no,no
perfume,noun,A2,yes,yes,no
permission,noun,A2,no,no,no
personality,noun,A2,no,no,no
petrol,noun,A2,yes,no,no
petrol station,noun,A2,no,no,no
photograph,noun,A2,yes,no,no
photographer,noun,A2,no,no,no
photography,noun,A2,yes,yes,no
pile,noun,A2,no,no,no
pilgrim,noun,A2,no,no,no
pill,noun,A2,no,no,no
pilot,noun,A2,yes,yes,yes
pink,noun,A2,no,no,no
pity,noun,A2,no,no,no
planet,noun,A2,yes,yes,yes
plant,noun,A2,yes,yes,no
plate,noun,A2,yes,yes,no
playground,noun,A2,yes,yes,no
plenty,noun,A2,no,no,no
plural,noun,A2,no,no,no
police,noun,A2,yes,yes,no
police officer,noun,A2,no,no,no
police station,noun,A2,no,no,no
policeman,noun,A2,no,no,no
policewoman,noun,A2,no,no,no
population,noun,A2,no,no,no
portrait,noun,A2,no,no,no
position,noun,A2,no,no,no
post office,noun,A2,yes,no,no
power,noun,A2,no,no,no
prediction,noun,A2,no,no,no
pressure,noun,A2,no,no,no
pride,noun,A2,no,no,no
printer,noun,A2,yes,yes,no
pro,noun,A2,no,no,no
product,noun,A2,no,no,no
production,noun,A2,no,no,no
promise,noun,A2,no,no,no
pronunciation,noun,A2,no,no,no
psychologist,noun,A2,no,no,no
public,noun,A2,no,no,no
punctuation,noun,A2,no,no,no
purpose,noun,A2,no,no,no
quality,noun,A2,no,no,no
queen,noun,A2,yes,yes,no
quiz,noun,A2,no,no,no
racket,noun,A2,yes,yes,yes
raincoat,noun,A2,yes,yes,yes
range,noun,A2,no,no,no
rap,noun,A2,yes,no,no
rate,noun,A2,no,no,no
rating,noun,A2,no,no,no
ray,noun,A2,yes,no,yes
receipt,noun,A2,yes,yes,no
receptionist,noun,A2,no,no,no
red,noun,A2,no,no,no
refrigerator,noun,A2,yes,yes,no
release,noun,A2,no,no,no
rent,noun,A2,no,no,no
repair,noun,A2,yes,no,no
reply,noun,A2,no,no,no
report,noun,A2,no,no,no
request,noun,A2,no,no,no
research,noun,A2,no,no,no
response,noun,A2,no,no,no
return,noun,A2,yes,yes,no
reunion,noun,A2,no,no,no
rhythm,noun,A2,yes,no,no
right,noun,A2,no,no,no
ring,noun,A2,yes,yes,no
road,noun,A2,yes,yes,no
robbery,noun,A2,no,no,no
robin,noun,A2,yes,no,no
rock,noun,A2,yes,yes,no
roll,noun,A2,yes,no,no
romance,noun,A2,no,no,no
roof,noun,A2,yes,yes,no
root,noun,A2,no,no,no
rope,noun,A2,yes,yes,no
roundabout,noun,A2,yes,no,no
rugby,noun,A2,no,no,no
rumor,noun,A2,no,no,no
runner,noun,A2,no,no,no
running,noun,A2,no,no,no
rush,noun,A2,no,no,no
sailing,noun,A2,no,no,no
sake,noun,A2,no,no,no
salt,noun,A2,yes,yes,no
sample,noun,A2,no,no,no
sauce,noun,A2,no,no,no
sausage,noun,A2,yes,yes,no
scale,noun,A2,yes,yes,yes
scarf,noun,A2,yes,yes,yes
scene,noun,A2,no,no,no
scenery,noun,A2,yes,yes,no
schedule,noun,A2,yes,no,no
schoolchild,noun,A2,no,no,no
schoolwork,noun,A2,no,no,no
scissors,noun,A2,yes,yes,yes
scream,noun,A2,yes,no,no
screen,noun,A2,no,no,no
screw,noun,A2,yes,yes,yes
script,noun,A2,yes,no,yes
seafood,noun,A2,no,no,no
search,noun,A2,yes,no,no
seaside,noun,A2,no,no,no
second,noun,A2,no,no,no
secret,noun,A2,no,no,no
secretary,noun,A2,no,no,no
seed,noun,A2,yes,yes,no
semester,noun,A2,no,no,no
senior,noun,A2,no,no,no
sense,noun,A2,no,no,no
set,noun,A2,no,no,no
shade,noun,A2,yes,no,no
shadow,noun,A2,no,no,no
shampoo,noun,A2,yes,yes,no
shape,noun,A2,no,no,no
share,noun,A2,yes,no,no
shell,noun,A2,yes,yes,yes
shock,noun,A2,no,no,no
shop assistant,noun,A2,no,no,no
shore,noun,A2,yes,yes,no
short,noun,A2,no,no,no
shot,noun,A2,no,no,no
shout,noun,A2,yes,no,no
show,noun,A2,yes,no,no
sightseeing,noun,A2,no,no,no
silence,noun,A2,no,no,no
silver,noun,A2,no,no,no
singing,noun,A2,no,no,no
singular,noun,A2,no,no,no
sink,noun,A2,yes,yes,no
sitting room,noun,A2,no,no,no
situation,noun,A2,no,no,no
skate,noun,A2,yes,yes,no
skateboarding,noun,A2,no,no,no
skating,noun,A2,no,no,no
ski,noun,A2,yes,yes,no
skiing,noun,A2,no,no,no
slave,noun,A2,no,no,no
slice,noun,A2,yes,no,no
slide,noun,A2,yes,yes,yes
snack,noun,A2,no,no,no
snowboarding,noun,A2,no,no,no
soap,noun,A2,yes,yes,no
society,noun,A2,no,no,no
sock,noun,A2,yes,yes,no
soda,noun,A2,no,no,no
soft drink,noun,A2,no,no,no
software,noun,A2,no,no,no
soldier,noun,A2,yes,no,no
solution,noun,A2,no,no,no
sound,noun,A2,no,no,no
source,noun,A2,no,no,no
south,noun,A2,no,no,no
space,noun,A2,yes,yes,no
spaceship,noun,A2,yes,yes,no
spaghetti,noun,A2,yes,yes,no
speaker,noun,A2,yes,yes,no
speed,noun,A2,no,no,no
spoon,noun,A2,yes,yes,no
sports center,noun,A2,no,no,no
spread,noun,A2,yes,no,no
square,noun,A2,no,no,yes
stadium,noun,A2,yes,yes,no
staff,noun,A2,no,no,no
stair,noun,A2,no,no,no
stamp,noun,A2,yes,yes,no
state,noun,A2,no,no,no
statement,noun,A2,no,no,no
statue,noun,A2,yes,yes,no
steak,noun,A2,yes,yes,no
step,noun,A2,no,no,no
stomach,noun,A2,no,no,no
stomachache,noun,A2,no,no,no
storm,noun,A2,yes,yes,no
stove,noun,A2,yes,yes,no
stranger,noun,A2,no,no,no
strategy,noun,A2,no,no,no
strength,noun,A2,no,no,no
strike,noun,A2,no,no,no
string,noun,A2,yes,yes,no
structure,noun,A2,no,no,no
study,noun,A2,no,no,no
stuff,noun,A2,no,no,no
style,noun,A2,no,no,no
success,noun,A2,no,no,no
suit,noun,A2,no,no,no
suitcase,noun,A2,yes,yes,yes
summary,noun,A2,no,no,no
sunflower,noun,A2,yes,yes,no
sunglasses,noun,A2,yes,yes,no
sunlight,noun,A2,no,no,no
superlative,noun,A2,no,no,no
superstar,noun,A2,no,no,no
supper,noun,A2,no,no,no
support,noun,A2,no,no,no
surfing,noun,A2,no,no,no
surname,noun,A2,no,no,no
sweater,noun,A2,yes,yes,no
sweet,noun,A2,no,no,no
sweetheart,noun,A2,no,no,no
swimming costume,noun,A2,no,no,no
swimsuit,noun,A2,yes,yes,no
symbol,noun,A2,no,no,no
symphony,noun,A2,no,no,no
system,noun,A2,no,no,no
table tennis,noun,A2,no,no,no
tablespoon,noun,A2,no,no,no
talent,noun,A2,no,no,no
tap,noun,A2,yes,no,no
tape,noun,A2,yes,yes,no
target,noun,A2,yes,yes,no
task,noun,A2,no,no,no
tear,noun,A2,yes,no,no
teenager,noun,A2,no,no,no
temperature,noun,A2,yes,yes,no
text,noun,A2,no,no,no
text message,noun,A2,no,no,no
textbook,noun,A2,yes,no,no
thief,noun,A2,no,no,no
thought,noun,A2,no,no,no
thunderstorm,noun,A2,no,no,no
tie,noun,A2,yes,yes,no
tights,noun,A2,no,no,no
timetable,noun,A2,yes,no,no
tip,noun,A2,no,no,no
title,noun,A2,no,no,no
toast,noun,A2,yes,no,no
toe,noun,A2,yes,yes,no
tone,noun,A2,no,no,no
tonight,noun,A2,no,no,no
toothache,noun,A2,no,no,no
toothbrush,noun,A2,yes,yes,yes
tour,noun,A2,no,no,no
tour guide,noun,A2,no,no,no
tourist,noun,A2,no,no,no
track,noun,A2,yes,no,yes
trade,noun,A2,yes,no,no
tradition,noun,A2,no,no,no
traffic,noun,A2,no,no,no
traffic light,noun,A2,yes,yes,no
training,noun,A2,no,no,no
tram,noun,A2,yes,no,no
trap,noun,A2,yes,yes,no
travel,noun,A2,yes,no,no
traveler,noun,A2,no,no,no
treasure,noun,A2,yes,yes,no
trick,noun,A2,no,no,no
trouble,noun,A2,no,no,no
truth,noun,A2,no,no,no
tune,noun,A2,yes,no,no
uniform,noun,A2,yes,yes,no
unit,noun,A2,no,no,no
university,noun,A2,no,no,no
use,noun,A2,no,no,no
valley,noun,A2,yes,yes,no
value,noun,A2,no,no,no
verb,noun,A2,no,no,no
video game,noun,A2,no,no,no
view,noun,A2,no,no,no
village,noun,A2,yes,yes,no
violin,noun,A2,yes,yes,yes
visitor,noun,A2,no,no,no
vocabulary,noun,A2,no,no,no
voice,noun,A2,no,no,no
walking,noun,A2,no,no,no
wallet,noun,A2,yes,yes,no
washing machine,noun,A2,yes,no,no
washing-up,noun,A2,no,no,no
wave,noun,A2,yes,yes,no
wealth,noun,A2,no,no,no
web,noun,A2,yes,yes,yes
web page,noun,A2,no,no,no
website,noun,A2,no,no,no
wedding,noun,A2,no,no,no
weekday,noun,A2,no,no,no
weep,noun,A2,no,no,no
weight,noun,A2,no,no,no
west,noun,A2,no,no,no
wheelchair,noun,A2,yes,yes,yes
wine,noun,A2,yes,yes,no
winner,noun,A2,no,no,no
wisdom,noun,A2,no,no,no
wood,noun,A2,yes,yes,no
wool,noun,A2,yes,yes,yes
writing,noun,A2,no,no,no
youth,noun,A2,no,no,no
zone,noun,A2,no,no,no
aborigine,noun,B1,no,no,no
absence,noun,B1,no,no,no
abundance,noun,B1,no,no,no
academy,noun,B1,no,no,no
accent,noun,B1,no,no,no
acceptance,noun,B1,no,no,no
access,noun,B1,no,no,no
accessory,noun,B1,no,no,no
accountant,noun,B1,no,no,no
accuracy,noun,B1,no,no,no
ache,noun,B1,no,no,no
achievement,noun,B1,no,no,no
acknowledgment,noun,B1,no,no,no
acquaintance,noun,B1,no,no,no
actress,noun,B1,no,no,no
ad,noun,B1,no,no,no
addressee,noun,B1,no,no,no
administration,noun,B1,no,no,no
admiration,noun,B1,no,no,no
admission,noun,B1,no,no,no
adverb,noun,B1,no,no,no
advert,noun,B1,no,no,no
adviser,noun,B1,no,no,no
aerobics,noun,B1,no,no,no
affection,noun,B1,no,no,no
agenda,noun,B1,no,no,no
agreement,noun,B1,no,no,no
agriculture,noun,B1,no,no,no
aid,noun,B1,no,no,no
aim,noun,B1,yes,no,no
air conditioning,noun,B1,no,no,no
air force,noun,B1,no,no,no
airline,noun,B1,no,no,no
alcohol,noun,B1,no,no,no
allowance,noun,B1,no,no,no
alphabet,noun,B1,yes,no,no
alternative,noun,B1,no,no,no
ambulance,noun,B1,yes,yes,no
amount,noun,B1,no,no,no
analysis,noun,B1,no,no,no
anger,noun,B1,no,no,no
angle,noun,B1,no,no,no
animation,noun,B1,no,no,no
announcement,noun,B1,no,no,no
annoyance,noun,B1,no,no,no
ant,noun,B1,yes,no,no
antique,noun,B1,no,no,no
antonym,noun,B1,no,no,no
anxiety,noun,B1,no,no,no
ape,noun,B1,no,no,no
apology,noun,B1,no,no,no
appeal,noun,B1,no,no,no
appetite,noun,B1,no,no,no
applause,noun,B1,no,no,no
application,noun,B1,no,no,no
appreciation,noun,B1,no,no,no
approach,noun,B1,no,no,no
approval,noun,B1,no,no,no
architect,noun,B1,no,no,no
arithmetic,noun,B1,no,no,no
army,noun,B1,no,no,no
arrangement,noun,B1,no,no,no
arrest,noun,B1,no,no,no
arrival,noun,B1,yes,no,no
arrow,noun,B1,yes,yes,no
artist,noun,B1,yes,yes,no
aspect,noun,B1,no,no,no
aspirin,noun,B1,no,no,no
assignment,noun,B1,yes,yes,no
assistance,noun,B1,no,no,no
assistant,noun,B1,no,no,no
astronomer,noun,B1,no,no,no
atmosphere,noun,B1,no,no,no
attachment,noun,B1,no,no,no
attraction,noun,B1,no,no,no
authority,noun,B1,no,no,no
avenue,noun,B1,no,no,no
awareness,noun,B1,no,no,no
babysitter,noun,B1,no,no,no
backache,noun,B1,no,no,no
backpack,noun,B1,yes,yes,no
backpacker,noun,B1,no,no,no
backpacking,noun,B1,no,no,no
bacon,noun,B1,yes,no,no
baggage,noun,B1,no,no,no
baker,noun,B1,yes,yes,no
bakery,noun,B1,yes,no,no
balance,noun,B1,yes,no,no
bandage,noun,B1,yes,yes,yes
bang,noun,B1,yes,no,no
bank account,noun,B1,no,no,no
bark,noun,B1,yes,no,no
barman,noun,B1,no,no,no
barrel,noun,B1,yes,yes,yes
basement,noun,B1,yes,yes,no
basin,noun,B1,no,no,no
basis,noun,B1,no,no,no
battle,noun,B1,no,no,no
beard,noun,B1,yes,no,no
beast,noun,B1,no,no,no
beaver,noun,B1,yes,no,no
bedside,noun,B1,no,no,no
behalf,noun,B1,no,no,no
belief,noun,B1,no,no,no
benefit,noun,B1,no,no,no
bin,noun,B1,no,no,no
biochemistry,noun,B1,no,no,no
biography,noun,B1,no,no,no
biology,noun,B1,no,no,no
bishop,noun,B1,no,no,no
blame,noun,B1,no,no,no
blessing,noun,B1,no,no,no
blog,noun,B1,no,no,no
blogger,noun,B1,no,no,no
blush,noun,B1,yes,no,no
bomb,noun,B1,no,no,no
bond,noun,B1,no,no,no
booking,noun,B1,no,no,no
boom,noun,B1,yes,no,no
boot,noun,B1,yes,no,yes
border,noun,B1,no,no,no
boredom,noun,B1,no,no,no
bother,noun,B1,no,no,no
bow,noun,B1,yes,no,no
boxing,noun,B1,no,no,no
bracelet,noun,B1,yes,no,no
brainstorming,noun,B1,no,no,no
brass,noun,B1,no,no,no
breakthrough,noun,B1,no,no,no
breast,noun,B1,no,no,no
breath,noun,B1,no,no,no
breeding,noun,B1,no,no,no
brick,noun,B1,yes,yes,yes
broadcast,noun,B1,no,no,no
broccoli,noun,B1,yes,yes,no
bronze,noun,B1,no,no,no
brotherhood,noun,B1,no,no,no
bubble,noun,B1,yes,yes,no
buddy,noun,B1,no,no,no
builder,noun,B1,no,no,no
bull,noun,B1,no,no,no
bullet,noun,B1,no,no,no
bulletin,noun,B1,no,no,no
bunch,noun,B1,no,no,no
burden,noun,B1,no,no,no
bureau,noun,B1,no,no,no
burglar,noun,B1,no,no,no
butcher,noun,B1,no,no,no
buyer,noun,B1,no,no,no
cabbage,noun,B1,yes,no,no
cabin,noun,B1,yes,yes,yes
cage,noun,B1,yes,yes,no
calculation,noun,B1,no,no,no
calculator,noun,B1,yes,yes,no
calf,noun,B1,yes,yes,yes
caller,noun,B1,no,no,no
calmness,noun,B1,no,no,no
camel,noun,B1,yes,yes,yes
campsite,noun,B1,yes,no,no
canal,noun,B1,yes,yes,no
cancer,noun,B1,no,no,no
candle,noun,B1,yes,yes,no
canteen,noun,B1,yes,yes,no
capacity,noun,B1,no,no,no
capsule,noun,B1,yes,yes,yes
capture,noun,B1,no,no,no
career,noun,B1,no,no,no
carelessness,noun,B1,no,no,no
carpet,noun,B1,yes,yes,no
carriage,noun,B1,yes,yes,no
carton,noun,B1,yes,yes,no
cashpoint,noun,B1,no,no,no
category,noun,B1,no,no,no
cattle,noun,B1,yes,yes,no
caution,noun,B1,no,no,no
cave,noun,B1,yes,yes,no
cd-rom,noun,B1,no,no,no
celebrity,noun,B1,no,no,no
cell,noun,B1,no,no,no
central heating,noun,B1,no,no,no
ceremony,noun,B1,no,no,no
certainty,noun,B1,no,no,no
champion,noun,B1,no,no,no
channel,noun,B1,no,no,no
chaos,noun,B1,no,no,no
characteristic,noun,B1,no,no,no
charge,noun,B1,yes,no,no
chariot,noun,B1,no,no,no
charity,noun,B1,no,no,no
charm,noun,B1,no,no,no
chase,noun,B1,yes,no,no
chat,noun,B1,no,no,no
chat show,noun,B1,no,no,no
check-in counter,noun,B1,no,no,no
check-in desk,noun,B1,no,no,no
checkout,noun,B1,no,no,no
chemical,noun,B1,no,no,no
chemist,noun,B1,no,no,no
chemistry,noun,B1,yes,no,no
chest of drawers,noun,B1,no,no,no
chewing gum,noun,B1,no,no,no
choir,noun,B1,yes,no,no
chuckle,noun,B1,yes,no,no
circus,noun,B1,yes,yes,no
citizenship,noun,B1,no,no,no
civilization,noun,B1,no,no,no
claim,noun,B1,no,no,no
click,noun,B1,yes,no,no
cliff,noun,B1,yes,yes,yes
climate,noun,B1,no,no,no
climber,noun,B1,no,no,no
clinic,noun,B1,yes,yes,no
clip,noun,B1,yes,no,no
coal,noun,B1,yes,yes,no
cod,noun,B1,no,no,no
coffin,noun,B1,no,no,no
collapse,noun,B1,no,no,no
collar,noun,B1,yes,yes,yes
columnist,noun,B1,no,no,no
combination,noun,B1,no,no,no
comedian,noun,B1,no,no,no
comedy,noun,B1,no,no,no
comet,noun,B1,yes,yes,yes
comfort,noun,B1,no,no,no
comma,noun,B1,no,no,no
command,noun,B1,no,no,no
comment,noun,B1,no,no,no
common sense,noun,B1,no,no,no
companion,noun,B1,no,no,no
comparison,noun,B1,no,no,no
competitor,noun,B1,no,no,no
complement,noun,B1,no,no,no
compliment,noun,B1,no,no,no
composition,noun,B1,no,no,no
compound,noun,B1,no,no,no
compromise,noun,B1,no,no,no
concentration,noun,B1,no,no,no
concept,noun,B1,no,no,no
conclusion,noun,B1,no,no,no
conduct,noun,B1,yes,no,no
confidence,noun,B1,no,no,no
confirmation,noun,B1,no,no,no
conflict,noun,B1,no,no,no
confusion,noun,B1,no,no,no
connection,noun,B1,yes,no,no
conservation,noun,B1,no,no,no
consideration,noun,B1,no,no,no
consonant,noun,B1,no,no,no
constitution,noun,B1,no,no,no
construction,noun,B1,no,no,no
consumer,noun,B1,no,no,no
consumption,noun,B1,no,no,no
content,noun,B1,no,no,no
contribution,noun,B1,no,no,no
copyright,noun,B1,no,no,no
correction,noun,B1,no,no,no
cotton,noun,B1,yes,yes,no
council,noun,B1,no,no,no
counseling,noun,B1,no,no,no
count,noun,B1,yes,no,no
county,noun,B1,no,no,no
courage,noun,B1,no,no,no
courgette,noun,B1,no,no,no
craft,noun,B1,no,no,no
crash,noun,B1,no,no,no
creator,noun,B1,no,no,no
criminal,noun,B1,no,no,no
crisis,noun,B1,no,no,no
critic,noun,B1,no,no,no
crop,noun,B1,no,no,no
crossing,noun,B1,no,no,no
crossroads,noun,B1,yes,no,no
crow,noun,B1,yes,yes,no
crush,noun,B1,yes,no,no
cucumber,noun,B1,yes,yes,no
cure,noun,B1,no,no,no
curiosity,noun,B1,no,no,no
currency,noun,B1,no,no,no
curriculum,noun,B1,no,no,no
curtain,noun,B1,yes,yes,yes
curve,noun,B1,no,no,no
cushion,noun,B1,yes,yes,no
customs,noun,B1,yes,no,yes
cut,noun,B1,yes,no,no
cv,noun,B1,no,no,no
cycle,noun,B1,yes,yes,no
daisy,noun,B1,yes,yes,no
damage,noun,B1,no,no,no
darkness,noun,B1,no,no,no
dating,noun,B1,no,no,no
daze,noun,B1,no,no,no
dazzle,noun,B1,no,no,no
deadline,noun,B1,no,no,no
dealer,noun,B1,no,no,no
debris,noun,B1,no,no,no
debt,noun,B1,no,no,no
decision,noun,B1,no,no,no
declaration,noun,B1,no,no,no
decline,noun,B1,no,no,no
decrease,noun,B1,no,no,no
deed,noun,B1,no,no,no
defender,noun,B1,no,no,no
defense,noun,B1,no,no,no
deficiency,noun,B1,no,no,no
definite article,noun,B1,no,no,no
definition,noun,B1,no,no,no
delight,noun,B1,no,no,no
delivery,noun,B1,no,no,no
demand,noun,B1,no,no,no
democracy,noun,B1,no,no,no
demonstration,noun,B1,no,no,no
department,noun,B1,no,no,no
departure,noun,B1,yes,no,no
deposit,noun,B1,no,no,no
depression,noun,B1,no,no,no
depth,noun,B1,yes,yes,no
designer,noun,B1,no,no,no
desire,noun,B1,no,no,no
despair,noun,B1,no,no,no
destination,noun,B1,no,no,no
destruction,noun,B1,no,no,no
detective,noun,B1,no,no,no
determination,noun,B1,no,no,no
development,noun,B1,no,no,no
device,noun,B1,no,no,no
devotion,noun,B1,no,no,no
diagram,noun,B1,no,no,no
dial,noun,B1,no,no,no
dialog,noun,B1,no,no,no
diameter,noun,B1,no,no,no
diaper,noun,B1,yes,no,no
diligence,noun,B1,no,no,no
dioxide,noun,B1,no,no,no
dirt,noun,B1,no,no,no
disability,noun,B1,no,no,no
disagreement,noun,B1,no,no,no
disappointment,noun,B1,no,no,no
disaster,noun,B1,no,no,no
disc jockey,noun,B1,no,no,no
discomfort,noun,B1,no,no,no
discount,noun,B1,no,no,no
discovery,noun,B1,no,no,no
discrimination,noun,B1,no,no,no
disease,noun,B1,no,no,no
dishwasher,noun,B1,yes,no,no
disk,noun,B1,no,no,no
distance,noun,B1,no,no,no
distinction,noun,B1,no,no,no
distribution,noun,B1,no,no,no
district,noun,B1,no,no,no
disturbance,noun,B1,no,no,no
dive,noun,B1,yes,no,no
diver,noun,B1,no,no,no
divide,noun,B1,no,no,no
diving,noun,B1,no,no,no
dj,noun,B1,no,no,no
doc,noun,B1,no,no,no
document,noun,B1,no,no,no
documentary,noun,B1,no,no,no
dolphin,noun,B1,yes,yes,yes
dot,noun,B1,yes,no,no
doze,noun,B1,no,no,no
dozen,noun,B1,no,no,no
dude,noun,B1,no,no,no
dump,noun,B1,yes,no,no
dustbin,noun,B1,yes,yes,no
duty,noun,B1,no,no,no
duvet,noun,B1,yes,no,no
dynasty,noun,B1,no,no,no
eagerness,noun,B1,no,no,no
earache,noun,B1,no,no,no
eco,noun,B1,no,no,no
ecology,noun,B1,no,no,no
economics,noun,B1,no,no,no
economy,noun,B1,no,no,no
ecosystem,noun,B1,no,no,no
ecstasy,noun,B1,no,no,no
edge,noun,B1,yes,no,no
edition,noun,B1,no,no,no
efficiency,noun,B1,no,no,no
elbow,noun,B1,yes,yes,yes
election,noun,B1,no,no,no
electricity,noun,B1,no,no,no
electron,noun,B1,no,no,no
element,noun,B1,no,no,no
embarrassment,noun,B1,no,no,no
emotion,noun,B1,no,no,no
emperor,noun,B1,no,no,no
emphasis,noun,B1,no,no,no
empire,noun,B1,no,no,no
employment,noun,B1,no,no,no
encounter,noun,B1,no,no,no
encouragement,noun,B1,no,no,no
encyclopedia,noun,B1,no,no,no
enemy,noun,B1,no,no,no
engine,noun,B1,yes,yes,no
engineering,noun,B1,no,no,no
englishman,noun,B1,no,no,no
enjoyment,noun,B1,no,no,no
entertainer,noun,B1,no,no,no
enthusiasm,noun,B1,no,no,no
enthusiast,noun,B1,no,no,no
entry,noun,B1,no,no,no
environmentalist,noun,B1,no,no,no
equality,noun,B1,no,no,no
equipment,noun,B1,no,no,no
era,noun,B1,no,no,no
essence,noun,B1,no,no,no
establishment,noun,B1,no,no,no
eternity,noun,B1,no,no,no
examination,noun,B1,no,no,no
examiner,noun,B1,no,no,no
excellence,noun,B1,no,no,no
excess,noun,B1,no,no,no
exchange rate,noun,B1,no,no,no
excitement,noun,B1,no,no,no
existence,noun,B1,no,no,no
exit,noun,B1,yes,no,no
expense,noun,B1,no,no,no
experiment,noun,B1,no,no,no
exploration,noun,B1,no,no,no
explosion,noun,B1,no,no,no
extent,noun,B1,no,no,no
extinction,noun,B1,no,no,no
extra,noun,B1,no,no,no
extreme sports,noun,B1,no,no,no
eyesight,noun,B1,no,no,no
facility,noun,B1,no,no,no
failure,noun,B1,no,no,no
fair,noun,B1,no,no,no
fall,noun,B1,yes,no,no
fancy,noun,B1,no,no,no
fantasy,noun,B1,no,no,no
farewell,noun,B1,no,no,no
farming,noun,B1,no,no,no
farmland,noun,B1,no,no,no
fax,noun,B1,no,no,no
feast,noun,B1,no,no,no
fellow,noun,B1,no,no,no
ferry,noun,B1,yes,yes,no
fifth,noun,B1,no,no,no
filling,noun,B1,no,no,no
film-maker,noun,B1,no,no,no
filter,noun,B1,no,no,no
finding,noun,B1,no,no,no
fine,noun,B1,no,no,no
finger,noun,B1,yes,yes,no
fire station,noun,B1,yes,yes,no
firefighter,noun,B1,yes,yes,no
firework,noun,B1,yes,yes,no
firm,noun,B1,no,no,no
first floor,noun,B1,no,no,no
first lady,noun,B1,no,no,no
fitness,noun,B1,no,no,no
flavor,noun,B1,no,no,no
flock,noun,B1,no,no,yes
flow,noun,B1,no,no,no
flu,noun,B1,no,no,no
flute,noun,B1,yes,yes,yes
fold,noun,B1,yes,no,no
folk,noun,B1,no,no,no
fondness,noun,B1,no,no,no
foot,noun,B1,yes,no,no
forecast,noun,B1,yes,yes,no
forehead,noun,B1,yes,yes,yes
format,noun,B1,no,no,no
formula,noun,B1,no,no,no
fortnight,noun,B1,no,no,no
foundation,noun,B1,no,no,no
fountain,noun,B1,yes,yes,no
fragment,noun,B1,no,no,no
freezer,noun,B1,yes,yes,no
frequency,noun,B1,no,no,no
freshman,noun,B1,no,no,no
friendliness,noun,B1,no,no,no
fright,noun,B1,no,no,no
frost,noun,B1,yes,yes,yes
frustration,noun,B1,no,no,no
frying pan,noun,B1,yes,no,no
fuel,noun,B1,no,no,no
full stop,noun,B1,no,no,no
function,noun,B1,no,no,no
fund,noun,B1,no,no,no
funeral,noun,B1,no,no,no
fur,noun,B1,yes,yes,yes
fuss,noun,B1,no,no,no
gain,noun,B1,no,no,no
gall,noun,B1,no,no,no
gallon,noun,B1,no,no,no
gap,noun,B1,no,no,no
gardening,noun,B1,yes,no,no
garment,noun,B1,no,no,no
gene,noun,B1,no,no,no
general,noun,B1,no,no,no
genetics,noun,B1,no,no,no
gentleman,noun,B1,no,no,no
geography,noun,B1,no,no,no
geology,noun,B1,yes,no,no
gesture,noun,B1,no,no,no
giggle,noun,B1,yes,no,no
ginger,noun,B1,yes,no,no
giraffe,noun,B1,yes,yes,no
glance,noun,B1,yes,no,no
glide,noun,B1,yes,no,no
glimpse,noun,B1,no,no,no
glint,noun,B1,no,no,no
glory,noun,B1,no,no,no
go,noun,B1,no,no,no
goalkeeper,noun,B1,yes,no,no
goddess,noun,B1,no,no,no
golfer,noun,B1,no,no,no
goods,noun,B1,no,no,no
gorilla,noun,B1,yes,yes,no
gossip,noun,B1,no,no,no
governor,noun,B1,no,no,no
gown,noun,B1,yes,yes,yes
graduate,noun,B1,no,no,no
graduation,noun,B1,no,no,no
grant,noun,B1,no,no,no
graph,noun,B1,no,no,no
graphics,noun,B1,no,no,no
gratitude,noun,B1,no,no,no
grave,noun,B1,no,no,no
gravy,noun,B1,yes,no,no
greenhouse,noun,B1,yes,yes,yes
greeting,noun,B1,no,no,no
grill,noun,B1,yes,no,no
groom,noun,B1,yes,no,no
ground floor,noun,B1,no,no,no
grouping,noun,B1,no,no,no
growth,noun,B1,no,no,no
guarantee,noun,B1,no,no,no
guess,noun,B1,yes,no,no
guidance,noun,B1,no,no,no
guide,noun,B1,yes,yes,no
guilt,noun,B1,no,no,no
guitarist,noun,B1,no,no,no
gym,noun,B1,yes,yes,no
gymnastics,noun,B1,no,no,no
habitat,noun,B1,no,no,no
hairdresser,noun,B1,no,no,no
hairdryer,noun,B1,yes,no,no
hammer,noun,B1,yes,yes,yes
handball,noun,B1,no,no,no
handkerchief,noun,B1,yes,yes,no
handshake,noun,B1,yes,no,no
handwriting,noun,B1,no,no,no
harbor,noun,B1,yes,yes,no
hardship,noun,B1,no,no,no
harness,noun,B1,yes,no,yes
hatch,noun,B1,yes,yes,no
hate,noun,B1,no,no,no
hatred,noun,B1,no,no,no
haunt,noun,B1,no,no,no
haven,noun,B1,no,no,no
hazard,noun,B1,no,no,no
headline,noun,B1,no,no,no
hearing,noun,B1,no,no,no
heart attack,noun,B1,no,no,no
heater,noun,B1,no,no,no
heaven,noun,B1,no,no,no
heel,noun,B1,yes,yes,yes
height,noun,B1,no,no,no
helmet,noun,B1,yes,yes,yes
herd,noun,B1,yes,no,yes
hip,noun,B1,yes,no,yes
historian,noun,B1,no,no,no
hit,noun,B1,yes,no,no
hiv,noun,B1,no,no,no
honesty,noun,B1,no,no,no
honeymoon,noun,B1,no,no,no
hop,noun,B1,yes,no,no
horizon,noun,B1,no,no,no
horn,noun,B1,yes,yes,yes
hostel,noun,B1,no,no,no
household,noun,B1,no,no,no
housework,noun,B1,no,no,no
human,noun,B1,no,no,no
humanity,noun,B1,no,no,no
humor,noun,B1,no,no,no
hunger,noun,B1,no,no,no
hunt,noun,B1,yes,no,no
hut,noun,B1,yes,yes,no
ice hockey,noun,B1,no,no,no
ice skating,noun,B1,no,no,no
identity,noun,B1,no,no,no
identity card,noun,B1,no,no,no
idiom,noun,B1,no,no,no
idol,noun,B1,no,no,no
illness,noun,B1,no,no,no
immigration,noun,B1,no,no,no
impression,noun,B1,no,no,no
improvement,noun,B1,no,no,no
incident,noun,B1,no,no,no
income,noun,B1,no,no,no
increase,noun,B1,no,no,no
indefinite article,noun,B1,no,no,no
industry,noun,B1,no,no,no
infection,noun,B1,no,no,no
infinitive,noun,B1,no,no,no
ingredient,noun,B1,no,no,no
inhabitant,noun,B1,no,no,no
initial,noun,B1,no,no,no
injury,noun,B1,no,no,no
ink,noun,B1,no,no,no
innovator,noun,B1,no,no,no
inquiry,noun,B1,no,no,no
inscription,noun,B1,no,no,no
insight,noun,B1,no,no,no
inspection,noun,B1,no,no,no
instance,noun,B1,no,no,no
institute,noun,B1,no,no,no
instruction,noun,B1,no,no,no
instructor,noun,B1,no,no,no
insurance,noun,B1,no,no,no
intention,noun,B1,no,no,no
interaction,noun,B1,no,no,no
intermission,noun,B1,no,no,no
interval,noun,B1,no,no,no
interviewee,noun,B1,no,no,no
introduction,noun,B1,no,no,no
invasion,noun,B1,no,no,no
investigation,noun,B1,no,no,no
invitation,noun,B1,yes,yes,no
iron,noun,B1,yes,yes,no
ironing,noun,B1,no,no,no
isle,noun,B1,no,no,no
isolation,noun,B1,no,no,no
ivory,noun,B1,no,no,no
jade,noun,B1,no,no,no
jail,noun,B1,no,no,no
jar,noun,B1,yes,yes,no
jazz,noun,B1,no,no,no
jewel,noun,B1,yes,yes,no
jogging,noun,B1,no,no,no
journal,noun,B1,no,no,no
journalist,noun,B1,no,no,no
judge,noun,B1,no,no,no
judgment,noun,B1,no,no,no
jug,noun,B1,yes,yes,no
jumper,noun,B1,yes,yes,no
jungle,noun,B1,yes,yes,no
justice,noun,B1,no,no,no
kettle,noun,B1,yes,yes,yes
keyboard,noun,B1,yes,yes,no
killing,noun,B1,no,no,no
kindness,noun,B1,no,no,no
kitten,noun,B1,yes,yes,no
lab,noun,B1,no,no,no
laboratory,noun,B1,no,no,no
ladder,noun,B1,yes,yes,yes
lamb,noun,B1,yes,yes,no
land,noun,B1,yes,no,no
landlord,noun,B1,no,no,no
latecomer,noun,B1,no,no,no
laugh,noun,B1,yes,no,no
laughter,noun,B1,no,no,no
layer,noun,B1,no,no,no
leadership,noun,B1,no,no,no
league,noun,B1,no,no,no
leave,noun,B1,yes,no,no
lecture,noun,B1,no,no,no
length,noun,B1,no,no,no
lettuce,noun,B1,yes,yes,no
liar,noun,B1,no,no,no
liberation,noun,B1,no,no,no
librarian,noun,B1,yes,yes,no
lie,noun,B1,yes,no,no
lifeguard,noun,B1,yes,yes,no
lift,noun,B1,yes,no,no
lighter,noun,B1,no,no,no
lightning,noun,B1,yes,yes,yes
likeness,noun,B1,no,no,no
limit,noun,B1,no,no,no
limitation,noun,B1,no,no,no
link,noun,B1,no,no,no
liquid,noun,B1,no,no,no
literature,noun,B1,no,no,no
liver,noun,B1,no,no,no
loaf,noun,B1,no,no,no
location,noun,B1,no,no,no
lodge,noun,B1,no,no,no
log,noun,B1,yes,yes,no
logic,noun,B1,no,no,no
logo,noun,B1,no,no,no
lorry,noun,B1,yes,yes,no
loss,noun,B1,no,no,no
lottery,noun,B1,no,no,no
loudspeaker,noun,B1,no,no,no
loyalty,noun,B1,no,no,no
luggage,noun,B1,yes,yes,yes
lung,noun,B1,yes,no,yes
luxury,noun,B1,no,no,no
magician,noun,B1,no,no,no
mailbox,noun,B1,yes,yes,no
maintenance,noun,B1,no,no,no
majority,noun,B1,no,no,no
management,noun,B1,no,no,no
mankind,noun,B1,no,no,no
maple,noun,B1,yes,yes,no
marble,noun,B1,yes,yes,no
marriage,noun,B1,no,no,no
mathematician,noun,B1,no,no,no
mathematics,noun,B1,no,no,no
maximum,noun,B1,no,no,no
mayor,noun,B1,no,no,no
measure,noun,B1,yes,no,no
measurement,noun,B1,no,no,no
mechanic,noun,B1,yes,no,no
meditation,noun,B1,no,no,no
mediterranean,noun,B1,no,no,no
medium,noun,B1,no,no,no
membership,noun,B1,no,no,no
merchant,noun,B1,no,no,no
mess,noun,B1,no,no,no
message board,noun,B1,no,no,no
mile,noun,B1,no,no,no
mineral,noun,B1,no,no,no
minimum,noun,B1,no,no,no
minority,noun,B1,no,no,no
miracle,noun,B1,no,no,no
mischief,noun,B1,no,no,no
misery,noun,B1,no,no,no
mission,noun,B1,no,no,no
misunderstanding,noun,B1,no,no,no
mixing bowl,noun,B1,yes,yes,yes
modal verb,noun,B1,no,no,no
modem,noun,B1,no,no,no
moisture,noun,B1,no,no,no
molecule,noun,B1,no,no,yes
monitor,noun,B1,yes,no,no
monk,noun,B1,no,no,no
monster,noun,B1,no,no,no
monument,noun,B1,no,no,no
moral,noun,B1,no,no,no
mosquito,noun,B1,yes,yes,no
moss,noun,B1,yes,yes,no
motherland,noun,B1,no,no,no
motivation,noun,B1,no,no,no
motive,noun,B1,no,no,no
motor,noun,B1,no,no,no
motorcycle,noun,B1,yes,yes,no
motto,noun,B1,no,no,no
mount,noun,B1,yes,no,no
mountaintop,noun,B1,no,no,no
movement,noun,B1,no,no,no
mud,noun,B1,no,no,no
mule,noun,B1,no,no,no
murderer,noun,B1,no,no,no
muscle,noun,B1,yes,no,yes
mustard,noun,B1,yes,yes,no
myth,noun,B1,no,no,no
nail,noun,B1,yes,yes,yes
nap,noun,B1,yes,no,no
nationalist,noun,B1,no,no,no
necklace,noun,B1,yes,yes,no
nectar,noun,B1,yes,yes,no
needle,noun,B1,yes,yes,yes
negotiation,noun,B1,no,no,no
neighborhood,noun,B1,no,no,no
nephew,noun,B1,no,no,no
nervousness,noun,B1,no,no,no
ness,noun,B1,no,no,no
net,noun,B1,yes,yes,yes
network,noun,B1,no,no,no
newcomer,noun,B1,no,no,no
nickname,noun,B1,no,no,no
niece,noun,B1,no,no,no
nightlife,noun,B1,no,no,no
nod,noun,B1,yes,no,no
nonsense,noun,B1,no,no,no
northeast,noun,B1,no,no,no
northwest,noun,B1,no,no,no
noticeboard,noun,B1,no,no,no
notion,noun,B1,no,no,no
novelist,noun,B1,no,no,no
nucleus,noun,B1,no,no,no
nutrient,noun,B1,no,no,no
nutrition,noun,B1,no,no,no
object,noun,B1,no,no,no
objection,noun,B1,no,no,no
objective,noun,B1,no,no,no
observation,noun,B1,no,no,no
obstacle,noun,B1,no,no,no
occasion,noun,B1,no,no,no
ocean,noun,B1,yes,yes,no
opening,noun,B1,no,no,no
operation,noun,B1,no,no,no
opposite,noun,B1,no,no,no
opposition,noun,B1,no,no,no
oppression,noun,B1,no,no,no
option,noun,B1,no,no,no
oral,noun,B1,no,no,no
orbit,noun,B1,yes,yes,yes
orchestra,noun,B1,yes,yes,yes
organ,noun,B1,no,no,no
organism,noun,B1,no,no,no
organization,noun,B1,no,no,no
origin,noun,B1,no,no,no
outlaw,noun,B1,no,no,no
overwork,noun,B1,no,no,no
oxygen,noun,B1,no,no,no
pace,noun,B1,no,no,no
package,noun,B1,yes,yes,no
packing,noun,B1,no,no,no
paddle,noun,B1,yes,yes,yes
pain,noun,B1,no,no,no
palm,noun,B1,yes,yes,yes
parachute,noun,B1,yes,yes,no
paradise,noun,B1,no,no,no
parcel,noun,B1,yes,yes,no
parking,noun,B1,no,no,no
parrot,noun,B1,yes,yes,no
participant,noun,B1,no,no,no
participle,noun,B1,no,no,no
passion,noun,B1,no,no,no
passport,noun,B1,yes,yes,yes
password,noun,B1,no,no,no
patience,noun,B1,no,no,no
patrol,noun,B1,no,no,no
pattern,noun,B1,no,no,yes
pause,noun,B1,yes,no,no
peanut,noun,B1,yes,yes,no
penny,noun,B1,no,no,no
percent,noun,B1,no,no,no
performer,noun,B1,no,no,no
pharmacy,noun,B1,yes,yes,no
phenomenon,noun,B1,no,no,no
philosopher,noun,B1,no,no,no
philosophy,noun,B1,no,no,no
phoenix,noun,B1,no,no,no
photocopy,noun,B1,no,no,no
phrasal verb,noun,B1,no,no,no
phrase,noun,B1,no,no,no
physics,noun,B1,no,no,no
pick,noun,B1,yes,no,no
pie,noun,B1,yes,yes,no
piety,noun,B1,no,no,no
pillow,noun,B1,yes,yes,no
pineapple,noun,B1,yes,yes,no
pipe,noun,B1,yes,yes,yes
pit,noun,B1,yes,no,no
plastic,noun,B1,no,no,no
platform,noun,B1,yes,yes,no
plug,noun,B1,yes,yes,no
pocket money,noun,B1,no,no,no
poet,noun,B1,no,no,no
poetry,noun,B1,no,no,no
poison,noun,B1,no,no,no
pole,noun,B1,yes,yes,no
policy,noun,B1,no,no,no
politician,noun,B1,no,no,no
politics,noun,B1,no,no,no
pollutant,noun,B1,no,no,no
pond,noun,B1,yes,yes,no
popcorn,noun,B1,yes,yes,no
pork,noun,B1,no,no,no
port,noun,B1,yes,yes,no
possession,noun,B1,no,no,no
possibility,noun,B1,no,no,no
postcard,noun,B1,yes,yes,no
postman,noun,B1,no,no,no
pot,noun,B1,yes,yes,no
potential,noun,B1,no,no,no
pottery,noun,B1,yes,yes,no
pound,noun,B1,yes,no,no
poverty,noun,B1,no,no,no
powder,noun,B1,yes,yes,no
praise,noun,B1,no,no,no
prayer,noun,B1,no,no,no
preference,noun,B1,no,no,no
prefix,noun,B1,no,no,no
prejudice,noun,B1,no,no,no
preparation,noun,B1,no,no,no
preposition,noun,B1,no,no,no
prescription,noun,B1,no,no,no
presence,noun,B1,no,no,no
presentation,noun,B1,yes,yes,no
preservation,noun,B1,no,no,no
president,noun,B1,no,no,no
press,noun,B1,yes,no,yes
priest,noun,B1,no,no,no
primary school,noun,B1,no,no,no
principle,noun,B1,no,no,no
print,noun,B1,yes,no,no
prison,noun,B1,yes,yes,no
prisoner,noun,B1,no,no,no
privacy,noun,B1,no,no,no
prize,noun,B1,no,no,no
probability,noun,B1,no,no,no
process,noun,B1,no,no,no
procrastination,noun,B1,no,no,no
producer,noun,B1,no,no,no
profession,noun,B1,no,no,no
professor,noun,B1,no,no,no
progress,noun,B1,no,no,no
prohibition,noun,B1,no,no,no
promotion,noun,B1,no,no,no
pronoun,noun,B1,no,no,no
proof,noun,B1,no,no,no
property,noun,B1,no,no,no
proportion,noun,B1,no,no,no
proposal,noun,B1,no,no,no
prosperity,noun,B1,no,no,no
protection,noun,B1,no,no,no
protest,noun,B1,no,no,no
proverb,noun,B1,no,no,no
pub,noun,B1,no,no,no
public transport,noun,B1,no,no,no
publisher,noun,B1,no,no,no
pullover,noun,B1,no,no,no
pump,noun,B1,yes,no,no
punishment,noun,B1,no,no,no
pupil,noun,B1,no,no,no
puppy,noun,B1,yes,yes,no
purse,noun,B1,yes,yes,no
push,noun,B1,yes,no,no
puzzle,noun,B1,yes,yes,no
quake,noun,B1,no,no,no
quantity,noun,B1,no,no,no
question mark,noun,B1,no,no,no
questionnaire,noun,B1,no,no,no
queue,noun,B1,yes,no,no
race,noun,B1,yes,yes,no
radiation,noun,B1,no,no,no
rage,noun,B1,no,no,no
rail,noun,B1,yes,yes,yes
railroad,noun,B1,no,no,no
railway,noun,B1,yes,yes,no
rainfall,noun,B1,no,no,no
rainforest,noun,B1,no,no,no
rank,noun,B1,no,no,no
raspberry,noun,B1,yes,yes,yes
ration,noun,B1,no,no,no
razor,noun,B1,yes,yes,yes
reach,noun,B1,yes,no,no
reality,noun,B1,no,no,no
reception,noun,B1,no,no,no
record,noun,B1,yes,no,no
recording,noun,B1,no,no,no
recovery,noun,B1,no,no,no
recycling,noun,B1,no,no,no
reduction,noun,B1,no,no,no
reef,noun,B1,no,no,no
referee,noun,B1,yes,no,no
reflection,noun,B1,no,no,no
refreshments,noun,B1,no,no,no
refund,noun,B1,no,no,no
refusal,noun,B1,no,no,no
refuse,noun,B1,no,no,no
region,noun,B1,no,no,no
register,noun,B1,no,no,no
registration,noun,B1,no,no,no
regulation,noun,B1,no,no,no
relation,noun,B1,no,no,no
relationship,noun,B1,no,no,no
relative,noun,B1,no,no,no
religion,noun,B1,no,no,no
remainder,noun,B1,no,no,no
remedy,noun,B1,no,no,no
remembrance,noun,B1,no,no,no
remote control,noun,B1,yes,no,no
representative,noun,B1,no,no,no
republic,noun,B1,no,no,no
reputation,noun,B1,no,no,no
requirement,noun,B1,no,no,no
rescue,noun,B1,yes,yes,no
researcher,noun,B1,no,no,no
reservation,noun,B1,no,no,no
reserve,noun,B1,no,no,no
resort,noun,B1,no,no,no
resource,noun,B1,no,no,no
respect,noun,B1,no,no,no
responsibility,noun,B1,no,no,no
rest,noun,B1,yes,no,no
retail,noun,B1,no,no,no
retrospect,noun,B1,no,no,no
reunification,noun,B1,no,no,no
revision,noun,B1,no,no,no
reward,noun,B1,no,no,no
rise,noun,B1,no,no,no
risk,noun,B1,no,no,no
roadside,noun,B1,no,no,no
robot,noun,B1,yes,yes,yes
round,noun,B1,no,no,no
routine,noun,B1,no,no,no
rubber,noun,B1,yes,yes,no
rubbish,noun,B1,no,no,no
ruin,noun,B1,no,no,no
runaway,noun,B1,no,no,no
runway,noun,B1,yes,yes,yes
sadness,noun,B1,no,no,no
safari,noun,B1,no,no,no
safeguard,noun,B1,no,no,no
safety,noun,B1,no,no,no
salesman,noun,B1,no,no,no
salmon,noun,B1,yes,yes,no
sand,noun,B1,yes,yes,no
sandal,noun,B1,yes,yes,yes
satellite,noun,B1,yes,yes,yes
satisfaction,noun,B1,no,no,no
saucepan,noun,B1,yes,yes,no
saucer,noun,B1,yes,yes,no
scan,noun,B1,yes,no,no
scholar,noun,B1,no,no,no
scholarship,noun,B1,no,no,no
schoolmate,noun,B1,no,no,no
schoolteacher,noun,B1,no,no,no
science fiction,noun,B1,no,no,no
scope,noun,B1,no,no,no
score,noun,B1,yes,no,no
scratch,noun,B1,yes,no,no
sculpture,noun,B1,no,no,no
season,noun,B1,yes,no,no
seawater,noun,B1,no,no,no
seaweed,noun,B1,yes,yes,yes
secondary school,noun,B1,no,no,no
security,noun,B1,yes,no,no
selection,noun,B1,no,no,no
sensation,noun,B1,no,no,no
separation,noun,B1,no,no,no
sequence,noun,B1,no,no,no
series,noun,B1,no,no,no
server,noun,B1,no,no,no
service,noun,B1,no,no,no
session,noun,B1,no,no,no
setting,noun,B1,no,no,no
settlement,noun,B1,no,no,no
settler,noun,B1,no,no,no
sex,noun,B1,no,no,no
shame,noun,B1,no,no,no
sheet,noun,B1,no,no,no
shelter,noun,B1,yes,yes,no
sheriff,noun,B1,no,no,no
shopper,noun,B1,no,no,no
shortage,noun,B1,no,no,no
shrimp,noun,B1,yes,yes,yes
sickness,noun,B1,no,no,no
sidewalk,noun,B1,yes,yes,no
sigh,noun,B1,yes,no,no
signal,noun,B1,no,no,yes
signature,noun,B1,no,no,no
significance,noun,B1,no,no,no
signpost,noun,B1,no,no,no
silk,noun,B1,yes,no,yes
similarity,noun,B1,no,no,no
single,noun,B1,no,no,no
skeleton,noun,B1,yes,yes,no
skin,noun,B1,no,no,no
skyscraper,noun,B1,yes,yes,no
slavery,noun,B1,no,no,no
sleep,noun,B1,yes,no,no
sleeve,noun,B1,yes,yes,no
slight,noun,B1,no,no,no
slip,noun,B1,yes,no,no
slogan,noun,B1,no,no,no
slope,noun,B1,yes,yes,no
slot,noun,B1,no,no,no
smoker,noun,B1,yes,no,no
sneeze,noun,B1,yes,no,no
snowboard,noun,B1,yes,no,no
snowstorm,noun,B1,no,no,no
soap opera,noun,B1,no,no,no
social networking,noun,B1,no,no,no
sophomore,noun,B1,no,no,no
sorrow,noun,B1,no,no,no
sort,noun,B1,yes,no,no
soul,noun,B1,no,no,no
southeast,noun,B1,no,no,no
southwest,noun,B1,no,no,no
souvenir,noun,B1,no,no,no
sparkle,noun,B1,no,no,no
specialist,noun,B1,no,no,no
spectator,noun,B1,no,no,no
spelling,noun,B1,no,no,no
sphere,noun,B1,no,no,no
spice,noun,B1,yes,no,no
spider,noun,B1,yes,yes,no
spinach,noun,B1,yes,yes,no
spirit,noun,B1,no,no,no
split,noun,B1,yes,no,no
sponge,noun,B1,yes,yes,no
sponsor,noun,B1,no,no,no
sportsmanship,noun,B1,no,no,no
stall,noun,B1,no,no,no
standard,noun,B1,no,no,no
status,noun,B1,no,no,no
stay,noun,B1,no,no,no
steam,noun,B1,yes,yes,no
steel,noun,B1,yes,yes,no
sticker,noun,B1,yes,yes,no
storage,noun,B1,no,no,no
storyteller,noun,B1,no,no,no
strain,noun,B1,yes,no,no
straw,noun,B1,yes,no,no
strawberry,noun,B1,yes,yes,no
stream,noun,B1,no,no,no
stress,noun,B1,no,no,no
strip,noun,B1,no,no,no
stripe,noun,B1,no,no,no
struggle,noun,B1,no,no,no
studio,noun,B1,no,no,no
submarine,noun,B1,yes,yes,no
substitute,noun,B1,no,no,no
suffix,noun,B1,no,no,no
suicide,noun,B1,no,no,no
summit,noun,B1,no,no,no
sundial,noun,B1,no,no,no
sunrise,noun,B1,yes,yes,no
sunset,noun,B1,no,no,no
superstition,noun,B1,no,no,no
supply,noun,B1,no,no,no
supporter,noun,B1,no,no,no
surface,noun,B1,yes,yes,no
surgeon,noun,B1,no,no,no
surgery,noun,B1,no,no,no
survival,noun,B1,no,no,no
survivor,noun,B1,no,no,no
suspect,noun,B1,no,no,no
suspicion,noun,B1,no,no,no
swarm,noun,B1,no,no,no
sweat,noun,B1,no,no,no
sweatshirt,noun,B1,no,no,no
swimmer,noun,B1,no,no,no
switch,noun,B1,yes,no,yes
sword,noun,B1,yes,yes,yes
sympathy,noun,B1,no,no,no
symptom,noun,B1,no,no,no
syndrome,noun,B1,no,no,no
tablet,noun,B1,yes,no,no
take,noun,B1,yes,no,no
takeaway,noun,B1,no,no,no
takeoff,noun,B1,no,no,no
tale,noun,B1,no,no,no
talk,noun,B1,yes,no,no
tank,noun,B1,yes,yes,yes
taste,noun,B1,yes,no,no
tax,noun,B1,no,no,no
teaching,noun,B1,no,no,no
teammate,noun,B1,yes,yes,no
teamwork,noun,B1,yes,no,no
tease,noun,B1,no,no,no
technique,noun,B1,no,no,no
teen,noun,B1,no,no,no
telecommunications,noun,B1,no,no,no
telegram,noun,B1,no,no,no
teller,noun,B1,no,no,no
temper,noun,B1,no,no,no
tendency,noun,B1,no,no,no
tense,noun,B1,no,no,no
tension,noun,B1,no,no,no
tent,noun,B1,yes,yes,no
term,noun,B1,no,no,no
terminal,noun,B1,no,no,no
terror,noun,B1,no,no,no
terrorism,noun,B1,no,no,no
terrorist,noun,B1,no,no,no
theft,noun,B1,no,no,no
theory,noun,B1,no,no,no
threat,noun,B1,no,no,no
thriller,noun,B1,no,no,no
thumb,noun,B1,yes,yes,no
thunder,noun,B1,yes,yes,yes
tick,noun,B1,no,no,no
tide,noun,B1,no,no,no
tile,noun,B1,yes,yes,no
tin,noun,B1,no,no,no
tissue,noun,B1,no,no,no
tobacco,noun,B1,no,no,no
tongue,noun,B1,yes,yes,yes
toothpaste,noun,B1,yes,yes,yes
tornado,noun,B1,yes,yes,yes
total,noun,B1,no,no,no
tourism,noun,B1,no,no,no
tournament,noun,B1,no,no,no
trace,noun,B1,yes,no,no
tracksuit,noun,B1,no,no,no
traffic jam,noun,B1,no,no,no
tragedy,noun,B1,no,no,no
trail,noun,B1,yes,yes,no
transformation,noun,B1,no,no,no
transport,noun,B1,no,no,no
transportation,noun,B1,no,no,no
trash,noun,B1,no,no,no
travel agent,noun,B1,no,no,no
treat,noun,B1,yes,no,no
treatment,noun,B1,no,no,no
trend,noun,B1,no,no,no
trigger,noun,B1,no,no,no
trim,noun,B1,yes,no,no
triumph,noun,B1,no,no,no
trumpet,noun,B1,yes,yes,yes
tuna,noun,B1,yes,yes,no
turbulence,noun,B1,yes,no,no
turning,noun,B1,no,no,no
turtle,noun,B1,yes,yes,yes
twin,noun,B1,no,no,no
twist,noun,B1,yes,no,no
uncertainty,noun,B1,no,no,no
underpants,noun,B1,no,no,no
unemployment,noun,B1,no,no,no
union,noun,B1,no,no,no
universe,noun,B1,no,no,no
upstairs,noun,B1,no,no,no
urge,noun,B1,no,no,no
usage,noun,B1,no,no,no
vacancy,noun,B1,no,no,no
van,noun,B1,yes,yes,no
variety,noun,B1,no,no,no
vegetarian,noun,B1,no,no,no
vehicle,noun,B1,no,no,no
vein,noun,B1,yes,no,yes
vessel,noun,B1,no,no,no
vet,noun,B1,yes,yes,no
vice president,noun,B1,no,no,no
victim,noun,B1,no,no,no
victory,noun,B1,no,no,no
video clip,noun,B1,no,no,no
viewpoint,noun,B1,no,no,no
violence,noun,B1,no,no,no
virus,noun,B1,no,no,no
visa,noun,B1,yes,no,yes
vision,noun,B1,no,no,no
volcano,noun,B1,yes,yes,no
volume,noun,B1,no,no,no
vowel,noun,B1,no,no,no
voyage,noun,B1,no,no,no
wagon,noun,B1,yes,yes,no
ward,noun,B1,no,no,no
wardrobe,noun,B1,yes,yes,no
warmth,noun,B1,no,no,no
warning,noun,B1,no,no,no
warranty,noun,B1,no,no,no
warrior,noun,B1,no,no,no
washbowl,noun,B1,no,no,no
waste,noun,B1,yes,yes,no
waterfall,noun,B1,yes,yes,no
wax,noun,B1,yes,yes,no
weakness,noun,B1,no,no,no
weapon,noun,B1,no,no,no
weather forecast,noun,B1,no,no,no
webcam,noun,B1,yes,no,no
wetland,noun,B1,no,no,no
whale,noun,B1,yes,yes,yes
while,noun,B1,no,no,no
whisper,noun,B1,yes,yes,no
whistle,noun,B1,yes,yes,yes
whole,noun,B1,no,no,no
wildlife,noun,B1,no,no,no
willingness,noun,B1,no,no,no
windscreen,noun,B1,no,no,no
windsurfing,noun,B1,no,no,no
wing,noun,B1,yes,yes,yes
wire,noun,B1,yes,yes,yes
wonder,noun,B1,no,no,no
workout,noun,B1,no,no,no
workplace,noun,B1,no,no,no
workshop,noun,B1,yes,yes,no
worst,noun,B1,no,no,no
wound,noun,B1,no,no,no
wrap,noun,B1,yes,no,no
wrapping,noun,B1,no,no,no
wrist,noun,B1,yes,yes,yes
wristwatch,noun,B1,no,no,no
yell,noun,B1,yes,no,no
yoga,noun,B1,yes,no,no
absentee,noun,B2,no,no,no
abuse,noun,B2,no,no,no
accessibility,noun,B2,no,no,no
accommodation,noun,B2,no,no,no
accusation,noun,B2,no,no,no
acid,noun,B2,no,no,no
acquisition,noun,B2,no,no,no
addict,noun,B2,no,no,no
addiction,noun,B2,no,no,no
adjustment,noun,B2,no,no,no
adoption,noun,B2,no,no,no
advance,noun,B2,no,no,no
advancement,noun,B2,no,no,no
advent,noun,B2,no,no,no
adversity,noun,B2,no,no,no
agony,noun,B2,no,no,no
aircraft,noun,B2,no,no,no
aircrew,noun,B2,no,no,no
alcoholic,noun,B2,no,no,no
alcoholism,noun,B2,no,no,no
allegation,noun,B2,no,no,no
alliance,noun,B2,no,no,no
ally,noun,B2,no,no,no
altar,noun,B2,no,no,no
altitude,noun,B2,no,no,no
aluminum,noun,B2,no,no,no
amazement,noun,B2,no,no,no
ambassador,noun,B2,no,no,no
ambiguity,noun,B2,no,no,no
ammonia,noun,B2,no,no,no
amplifier,noun,B2,no,no,no
analogy,noun,B2,no,no,no
analyst,noun,B2,no,no,no
anchor,noun,B2,yes,yes,yes
anchorage,noun,B2,no,no,no
anchorman,noun,B2,no,no,no
anchorperson,noun,B2,no,no,no
anguish,noun,B2,no,no,no
anticancer,noun,B2,no,no,no
anticipation,noun,B2,no,no,no
antipollution,noun,B2,no,no,no
antivirus,noun,B2,no,no,no
apostrophe,noun,B2,no,no,no
applicant,noun,B2,no,no,no
arch,noun,B2,no,no,no
archaeologist,noun,B2,no,no,no
arena,noun,B2,no,no,no
aristocracy,noun,B2,no,no,no
armful,noun,B2,no,no,no
artery,noun,B2,no,no,no
artistry,noun,B2,no,no,no
ash,noun,B2,yes,yes,no
aspiration,noun,B2,no,no,no
assault,noun,B2,no,no,no
assembly,noun,B2,no,no,no
assessment,noun,B2,no,no,no
assumption,noun,B2,no,no,no
assurance,noun,B2,no,no,no
astonishment,noun,B2,no,no,no
astronomy,noun,B2,yes,yes,no
athletics,noun,B2,no,no,no
attainment,noun,B2,no,no,no
attendance,noun,B2,no,no,no
attractiveness,noun,B2,no,no,no
attribute,noun,B2,no,no,no
aubergine,noun,B2,no,no,no
audit,noun,B2,no,no,no
audition,noun,B2,no,no,no
availability,noun,B2,no,no,no
awe,noun,B2,no,no,no
ax,noun,B2,no,no,no
axis,noun,B2,no,no,no
backup,noun,B2,no,no,no
backyard,noun,B2,no,no,no
badge,noun,B2,yes,yes,yes
ballad,noun,B2,no,no,no
ballet,noun,B2,no,no,no
ballot,noun,B2,no,no,no
ban,noun,B2,no,no,no
banker,noun,B2,no,no,no
bankruptcy,noun,B2,no,no,no
barbershop,noun,B2,no,no,no
barley,noun,B2,no,no,no
barn,noun,B2,yes,yes,no
barometer,noun,B2,yes,no,yes
barrier,noun,B2,yes,yes,yes
bartender,noun,B2,no,no,no
bathhouse,noun,B2,no,no,no
battlefield,noun,B2,no,no,no
beagle,noun,B2,no,no,no
beak,noun,B2,yes,yes,yes
beam,noun,B2,no,no,no
bearing,noun,B2,no,no,no
beat,noun,B2,yes,no,no
belongings,noun,B2,no,no,no
bend,noun,B2,yes,no,no
benevolence,noun,B2,no,no,no
berry,noun,B2,no,no,no
bestseller,noun,B2,no,no,no
bewilderment,noun,B2,no,no,no
bidding,noun,B2,no,no,no
bikini,noun,B2,no,no,no
billion,noun,B2,no,no,no
bio,noun,B2,no,no,no
biotechnology,noun,B2,no,no,no
birdcage,noun,B2,yes,no,no
birthplace,noun,B2,no,no,no
blade,noun,B2,no,no,no
blast,noun,B2,no,no,no
blaze,noun,B2,no,no,no
blend,noun,B2,yes,no,no
blindness,noun,B2,no,no,no
bloodstream,noun,B2,no,no,no
blossom,noun,B2,no,no,no
blurt,noun,B2,no,no,no
bold,noun,B2,no,no,no
bolt,noun,B2,yes,yes,yes
bombard,noun,B2,no,no,no
bomber,noun,B2,no,no,no
bombing,noun,B2,no,no,no
booklet,noun,B2,no,no,no
bookmark,noun,B2,yes,yes,no
boost,noun,B2,no,no,no
booth,noun,B2,yes,yes,no
botany,noun,B2,no,no,no
bounce,noun,B2,yes,no,no
bourbon,noun,B2,no,no,no
boxer,noun,B2,no,no,no
bracket,noun,B2,no,no,no
brag,noun,B2,no,no,no
bravery,noun,B2,no,no,no
breakdown,noun,B2,no,no,no
breakup,noun,B2,no,no,no
breed,noun,B2,no,no,no
brewery,noun,B2,no,no,no
broadband,noun,B2,no,no,no
broadcaster,noun,B2,no,no,no
brochure,noun,B2,yes,yes,no
brother-in-law,noun,B2,no,no,no
browser,noun,B2,no,no,no
bruise,noun,B2,no,no,no
bud,noun,B2,no,no,no
bulimia,noun,B2,no,no,no
bum,noun,B2,no,no,no
bumper,noun,B2,yes,yes,no
bun,noun,B2,no,no,no
bureaucracy,noun,B2,no,no,no
burglary,noun,B2,no,no,no
burial,noun,B2,no,no,no
buzz,noun,B2,yes,no,no
cabinet,noun,B2,no,no,no
cable,noun,B2,no,no,no
campaign,noun,B2,no,no,no
candidate,noun,B2,no,no,no
cane,noun,B2,no,no,no
cannonball,noun,B2,yes,no,no
canon,noun,B2,no,no,no
capability,noun,B2,no,no,no
caption,noun,B2,no,no,no
captive,noun,B2,no,no,no
caravan,noun,B2,yes,yes,no
carbon,noun,B2,no,no,no
carbon dioxide,noun,B2,no,no,no
carbon footprint,noun,B2,no,no,no
carbon monoxide,noun,B2,no,no,no
cardboard,noun,B2,no,no,no
cardigan,noun,B2,yes,yes,yes
carnival,noun,B2,no,no,no
carpool,noun,B2,no,no,no
cascade,noun,B2,no,no,no
cast,noun,B2,yes,yes,yes
catalog,noun,B2,no,no,no
catalyst,noun,B2,no,no,no
catastrophe,noun,B2,no,no,no
categorization,noun,B2,no,no,no
catering,noun,B2,no,no,no
cathedral,noun,B2,no,no,no
cause,noun,B2,no,no,no
ceiling,noun,B2,yes,yes,no
cellar,noun,B2,no,no,no
cellist,noun,B2,no,no,no
cello,noun,B2,yes,yes,yes
cemetery,noun,B2,no,no,no
centigrade,noun,B2,no,no,no
certificate,noun,B2,no,no,no
certification,noun,B2,no,no,no
chancellor,noun,B2,no,no,no
checkpoint,noun,B2,no,no,no
cheerfulness,noun,B2,no,no,no
chemotherapy,noun,B2,no,no,no
cherry,noun,B2,yes,yes,no
chief,noun,B2,no,no,no
chimney,noun,B2,yes,yes,no
chip,noun,B2,yes,no,no
chunk,noun,B2,no,no,no
circuit,noun,B2,no,no,no
circuitry,noun,B2,no,no,no
circumstance,noun,B2,no,no,no
clam,noun,B2,yes,yes,yes
classic,noun,B2,no,no,no
classification,noun,B2,no,no,no
clause,noun,B2,no,no,no
clearness,noun,B2,no,no,no
client,noun,B2,no,no,no
climate change,noun,B2,no,no,no
closure,noun,B2,no,no,no
clothing,noun,B2,no,no,no
coaching,noun,B2,no,no,no
coalition,noun,B2,no,no,no
coastline,noun,B2,no,no,no
cocktail,noun,B2,no,no,no
cocoa,noun,B2,no,no,no
coconut,noun,B2,yes,yes,no
coherence,noun,B2,no,no,no
coincidence,noun,B2,no,no,no
colleague,noun,B2,no,no,no
collector,noun,B2,no,no,no
collocation,noun,B2,no,no,no
colon,noun,B2,no,no,no
coma,noun,B2,no,no,no
commander,noun,B2,no,no,no
commerce,noun,B2,no,no,no
commercial,noun,B2,no,no,no
commission,noun,B2,no,no,no
commonwealth,noun,B2,no,no,no
community,noun,B2,no,no,no
compassion,noun,B2,no,no,no
compensation,noun,B2,no,no,no
competence,noun,B2,no,no,no
completion,noun,B2,no,no,no
complexion,noun,B2,no,no,no
complexity,noun,B2,no,no,no
component,noun,B2,no,no,no
comprehension,noun,B2,no,no,no
compress,noun,B2,no,no,no
compression,noun,B2,no,no,no
conceit,noun,B2,no,no,no
conception,noun,B2,no,no,no
concession,noun,B2,no,no,no
concrete,noun,B2,no,no,no
conductor,noun,B2,yes,yes,no
cone,noun,B2,yes,yes,yes
conference,noun,B2,no,no,no
conferencing,noun,B2,no,no,no
confession,noun,B2,no,no,no
conjunction,noun,B2,no,no,no
conquest,noun,B2,no,no,no
conscience,noun,B2,no,no,no
consciousness,noun,B2,no,no,no
consensus,noun,B2,no,no,no
consent,noun,B2,no,no,no
consolation,noun,B2,no,no,no
consultant,noun,B2,no,no,no
contempt,noun,B2,no,no,no
contract,noun,B2,yes,no,no
contradiction,noun,B2,no,no,no
controversy,noun,B2,no,no,no
convention,noun,B2,no,no,no
converse,noun,B2,no,no,no
conversion,noun,B2,no,no,no
cooperation,noun,B2,no,no,no
copper,noun,B2,no,no,no
coral,noun,B2,yes,yes,yes
core,noun,B2,yes,no,yes
cornerstone,noun,B2,no,no,no
cornet,noun,B2,no,no,no
corona,noun,B2,no,no,no
corporation,noun,B2,no,no,no
correctness,noun,B2,no,no,no
correspondence,noun,B2,no,no,no
correspondent,noun,B2,no,no,no
corridor,noun,B2,yes,yes,no
corruption,noun,B2,no,no,no
costume,noun,B2,yes,yes,no
cottage,noun,B2,yes,yes,no
cough,noun,B2,yes,no,no
counter,noun,B2,yes,yes,no
countryman,noun,B2,no,no,no
courtesy,noun,B2,no,no,no
coward,noun,B2,no,no,no
coziness,noun,B2,no,no,no
crab,noun,B2,yes,yes,yes
crack,noun,B2,yes,no,no
craftsman,noun,B2,no,no,no
crater,noun,B2,yes,yes,yes
crease,noun,B2,no,no,no
creation,noun,B2,no,no,no
creek,noun,B2,yes,yes,no
crew,noun,B2,yes,yes,no
cripple,noun,B2,no,no,no
criticism,noun,B2,no,no,no
crocodile,noun,B2,yes,yes,no
cruelty,noun,B2,no,no,no
cube,noun,B2,yes,no,no
cubism,noun,B2,no,no,no
cuff,noun,B2,yes,no,yes
culmination,noun,B2,no,no,no
curl,noun,B2,no,no,no
cursor,noun,B2,no,no,no
cyberaddict,noun,B2,no,no,no
cybercafe,noun,B2,no,no,no
cybercrime,noun,B2,no,no,no
cyberpet,noun,B2,no,no,no
cyberschool,noun,B2,no,no,no
cyberspace,noun,B2,no,no,no
cyclist,noun,B2,no,no,no
dandelion,noun,B2,yes,yes,no
darling,noun,B2,no,no,no
dash,noun,B2,yes,no,no
data,noun,B2,no,no,no
database,noun,B2,no,no,no
daughter-in-law,noun,B2,no,no,no
dawn,noun,B2,no,no,no
daytime,noun,B2,no,no,no
dear,noun,B2,no,no,no
debit,noun,B2,no,no,no
debit card,noun,B2,no,no,no
decade,noun,B2,no,no,no
deck,noun,B2,yes,no,yes
decomposition,noun,B2,no,no,no
decoration,noun,B2,no,no,no
dedication,noun,B2,no,no,no
deduction,noun,B2,no,no,no
deer,noun,B2,yes,yes,no
defeat,noun,B2,no,no,no
deficit,noun,B2,no,no,no
deforestation,noun,B2,no,no,no
delegate,noun,B2,no,no,no
delicacy,noun,B2,no,no,no
denim,noun,B2,yes,no,yes
deputy,noun,B2,no,no,no
desktop,noun,B2,no,no,no
desolation,noun,B2,no,no,no
desperation,noun,B2,no,no,no
destiny,noun,B2,no,no,no
detachment,noun,B2,no,no,no
determiner,noun,B2,no,no,no
devil,noun,B2,no,no,no
diarrhea,noun,B2,no,no,no
dictator,noun,B2,no,no,no
digest,noun,B2,no,no,no
dignity,noun,B2,no,no,no
dilemma,noun,B2,no,no,no
dime,noun,B2,no,no,no
dimension,noun,B2,no,no,no
diphtheria,noun,B2,no,no,no
diploma,noun,B2,yes,no,no
diplomat,noun,B2,no,no,no
disappearance,noun,B2,no,no,no
disapproval,noun,B2,no,no,no
discharge,noun,B2,no,no,no
disciple,noun,B2,no,no,no
discipline,noun,B2,no,no,no
disgrace,noun,B2,no,no,no
disguise,noun,B2,yes,no,no
dishonesty,noun,B2,no,no,no
disorder,noun,B2,no,no,no
displeasure,noun,B2,no,no,no
disposal,noun,B2,no,no,no
disposition,noun,B2,no,no,no
dispute,noun,B2,no,no,no
disregard,noun,B2,no,no,no
dissatisfaction,noun,B2,no,no,no
dissident,noun,B2,no,no,no
distortion,noun,B2,no,no,no
distraction,noun,B2,no,no,no
distributor,noun,B2,no,no,no
diversion,noun,B2,no,no,no
division,noun,B2,no,no,no
divorce,noun,B2,no,no,no
dna,noun,B2,no,no,no
dock,noun,B2,yes,yes,no
donation,noun,B2,no,no,no
donkey,noun,B2,yes,yes,no
doom,noun,B2,no,no,no
doorkeeper,noun,B2,no,no,no
doorway,noun,B2,no,no,no
dorm,noun,B2,no,no,no
dormitory,noun,B2,no,no,no
dose,noun,B2,no,no,no
double,noun,B2,no,no,no
dove,noun,B2,yes,yes,no
downfall,noun,B2,no,no,no
download,noun,B2,no,no,no
dowry,noun,B2,no,no,no
draft,noun,B2,yes,no,no
drain,noun,B2,yes,yes,no
drapery,noun,B2,no,no,no
droop,noun,B2,no,no,no
dropout,noun,B2,no,no,no
drought,noun,B2,no,no,no
duel,noun,B2,no,no,no
duplicate,noun,B2,no,no,no
duplication,noun,B2,no,no,no
dwarf,noun,B2,no,no,no
dye,noun,B2,no,no,no
eagle,noun,B2,yes,yes,no
earnings,noun,B2,no,no,no
ease,noun,B2,no,no,no
ecologist,noun,B2,no,no,no
economist,noun,B2,no,no,no
edit,noun,B2,no,no,no
editorial,noun,B2,no,no,no
educator,noun,B2,no,no,no
effectiveness,noun,B2,no,no,no
electrician,noun,B2,no,no,no
electronics,noun,B2,no,no,no
elegance,noun,B2,no,no,no
elite,noun,B2,no,no,no
eloquence,noun,B2,no,no,no
embassy,noun,B2,no,no,no
embrace,noun,B2,no,no,no
emergence,noun,B2,no,no,no
employee,noun,B2,no,no,no
employer,noun,B2,no,no,no
endeavor,noun,B2,no,no,no
endurance,noun,B2,no,no,no
energy,noun,B2,no,no,no
engagement,noun,B2,no,no,no
enterprise,noun,B2,no,no,no
entrepreneur,noun,B2,no,no,no
environment,noun,B2,no,no,no
equal,noun,B2,no,no,no
equation,noun,B2,no,no,no
equity,noun,B2,no,no,no
eruption,noun,B2,yes,yes,yes
essayist,noun,B2,no,no,no
estate,noun,B2,no,no,no
estimate,noun,B2,no,no,no
ethic,noun,B2,no,no,no
evacuation,noun,B2,yes,yes,no
evaluation,noun,B2,no,no,no
evil,noun,B2,no,no,no
evolution,noun,B2,no,no,no
exactness,noun,B2,no,no,no
exaggerate,noun,B2,no,no,no
exaggeration,noun,B2,no,no,no
examinee,noun,B2,no,no,no
exception,noun,B2,no,no,no
exclamation mark,noun,B2,no,no,no
exclusion,noun,B2,no,no,no
excursion,noun,B2,no,no,no
execution,noun,B2,no,no,no
executive,noun,B2,no,no,no
exhaust,noun,B2,no,no,no
exhaustion,noun,B2,no,no,no
exile,noun,B2,no,no,no
expansion,noun,B2,no,no,no
expectation,noun,B2,no,no,no
expedition,noun,B2,no,no,no
explorer,noun,B2,no,no,no
explosive,noun,B2,no,no,no
export,noun,B2,no,no,no
extension,noun,B2,no,no,no
extract,noun,B2,no,no,no
eyebrow,noun,B2,yes,no,yes
eyelash,noun,B2,yes,no,yes
eyelid,noun,B2,no,no,no
fabric,noun,B2,no,no,no
facilities,noun,B2,no,no,no
factor,noun,B2,no,no,no
faculty,noun,B2,no,no,no
faith,noun,B2,no,no,no
fame,noun,B2,no,no,no
fascination,noun,B2,no,no,no
fat,noun,B2,no,no,no
fate,noun,B2,no,no,no
father-in-law,noun,B2,no,no,no
feat,noun,B2,no,no,no
feedback,noun,B2,no,no,no
female,noun,B2,no,no,no
ferryboat,noun,B2,no,no,no
fiber,noun,B2,no,no,no
fighting,noun,B2,no,no,no
finance,noun,B2,no,no,no
fingernail,noun,B2,yes,no,no
fire brigade,noun,B2,no,no,no
firearm,noun,B2,no,no,no
fireplace,noun,B2,yes,yes,no
firmness,noun,B2,no,no,no
first language,noun,B2,no,no,no
first person,noun,B2,no,no,no
fit,noun,B2,no,no,no
flame,noun,B2,yes,yes,no
flash,noun,B2,yes,yes,no
flaw,noun,B2,no,no,no
flax,noun,B2,no,no,no
fleet,noun,B2,no,no,no
flesh,noun,B2,no,no,no
flexibility,noun,B2,no,no,no
fluency,noun,B2,no,no,no
flutter,noun,B2,yes,no,no
focus,noun,B2,no,no,no
follower,noun,B2,no,no,no
folly,noun,B2,no,no,no
footnote,noun,B2,no,no,no
foreman,noun,B2,no,no,no
forestry,noun,B2,no,no,no
formation,noun,B2,no,no,no
fox,noun,B2,yes,yes,no
fragrance,noun,B2,no,no,no
fraud,noun,B2,no,no,no
frigate,noun,B2,no,no,no
frontier,noun,B2,no,no,no
fume,noun,B2,no,no,no
functionality,noun,B2,no,no,no
funk,noun,B2,no,no,no
furor,noun,B2,no,no,no
gaiety,noun,B2,no,no,no
gambling,noun,B2,no,no,no
gang,noun,B2,no,no,no
gangster,noun,B2,no,no,no
gardener,noun,B2,no,no,no
gasp,noun,B2,yes,no,no
gateway,noun,B2,no,no,no
gaze,noun,B2,yes,no,no
gear,noun,B2,yes,yes,yes
generalization,noun,B2,no,no,no
generosity,noun,B2,no,no,no
genius,noun,B2,no,no,no
genre,noun,B2,no,no,no
germ,noun,B2,no,no,no
getaway,noun,B2,no,no,no
ghetto,noun,B2,no,no,no
giveaway,noun,B2,no,no,no
glacis,noun,B2,no,no,no
glare,noun,B2,no,no,no
gleam,noun,B2,no,no,no
glee,noun,B2,no,no,no
global warming,noun,B2,no,no,no
glow,noun,B2,no,no,no
goat,noun,B2,yes,yes,yes
god,noun,B2,no,no,no
good,noun,B2,no,no,no
goodwill,noun,B2,no,no,no
gook,noun,B2,no,no,no
gorge,noun,B2,no,no,no
gracefulness,noun,B2,no,no,no
grain,noun,B2,no,no,no
grasp,noun,B2,no,no,no
gravestone,noun,B2,no,no,no
gravitation,noun,B2,no,no,no
greatness,noun,B2,no,no,no
grief,noun,B2,no,no,no
grin,noun,B2,no,no,no
grip,noun,B2,no,no,no
grown-up,noun,B2,no,no,no
guerrilla,noun,B2,no,no,no
guideline,noun,B2,no,no,no
gulp,noun,B2,yes,no,no
gum,noun,B2,yes,yes,yes
gunshot,noun,B2,no,no,no
guts,noun,B2,no,no,no
habitant,noun,B2,no,no,no
handicap,noun,B2,no,no,no
handicraft,noun,B2,no,no,no
handout,noun,B2,no,no,no
handrail,noun,B2,no,no,no
hang,noun,B2,yes,no,no
hard drive,noun,B2,no,no,no
hardware,noun,B2,no,no,no
harm,noun,B2,no,no,no
harrow,noun,B2,no,no,no
haste,noun,B2,no,no,no
hatching,noun,B2,no,no,no
hay,noun,B2,yes,yes,no
headquarters,noun,B2,no,no,no
health care,noun,B2,no,no,no
heap,noun,B2,no,no,no
hedge,noun,B2,yes,yes,no
helicopter,noun,B2,yes,yes,no
hell,noun,B2,no,no,no
helper,noun,B2,no,no,no
hemp,noun,B2,no,no,no
herb,noun,B2,yes,yes,no
heritage,noun,B2,no,no,no
hesitation,noun,B2,no,no,no
highlight,noun,B2,yes,no,no
hijack,noun,B2,no,no,no
hint,noun,B2,no,no,no
holder,noun,B2,no,no,no
holocaust,noun,B2,no,no,no
hone,noun,B2,no,no,no
hood,noun,B2,yes,yes,no
hook,noun,B2,yes,yes,yes
hospice,noun,B2,no,no,no
hospitality,noun,B2,no,no,no
housekeeper,noun,B2,no,no,no
housemaster,noun,B2,no,no,no
housewife,noun,B2,no,no,no
hug,noun,B2,no,yes,no
human rights,noun,B2,no,no,no
humanist,noun,B2,no,no,no
humbug,noun,B2,no,no,no
humiliation,noun,B2,no,no,no
hunting,noun,B2,no,no,no
hygiene,noun,B2,no,no,no
hyperbole,noun,B2,no,no,no
hyphen,noun,B2,no,no,no
iceman,noun,B2,no,no,no
icon,noun,B2,no,no,no
identification,noun,B2,no,no,no
ideology,noun,B2,no,no,no
idiot,noun,B2,no,no,no
ignorance,noun,B2,no,no,no
illustration,noun,B2,no,no,no
imagery,noun,B2,no,no,no
imitation,noun,B2,no,no,no
immigrant,noun,B2,no,no,no
immortality,noun,B2,no,no,no
imperative,noun,B2,no,no,no
implement,noun,B2,no,no,no
implication,noun,B2,no,no,no
impossibility,noun,B2,no,no,no
impressionism,noun,B2,no,no,no
impressionist,noun,B2,no,no,no
imprisonment,noun,B2,no,no,no
impulse,noun,B2,no,no,no
incense,noun,B2,no,no,no
incentive,noun,B2,no,no,no
index,noun,B2,no,no,no
indignity,noun,B2,no,no,no
individual,noun,B2,no,no,no
infant,noun,B2,no,no,no
inference,noun,B2,no,no,no
inflammation,noun,B2,no,no,no
inflation,noun,B2,no,no,no
influenza,noun,B2,no,no,no
infringement,noun,B2,no,no,no
initiative,noun,B2,no,no,no
injection,noun,B2,yes,yes,no
innovation,noun,B2,no,no,no
input,noun,B2,no,no,no
inside,noun,B2,no,no,no
inspector,noun,B2,no,no,no
instinct,noun,B2,no,no,no
institution,noun,B2,no,no,no
insult,noun,B2,no,no,no
intellectual,noun,B2,no,no,no
interior,noun,B2,no,no,no
interpretation,noun,B2,no,no,no
interpreter,noun,B2,no,no,no
interruption,noun,B2,no,no,no
intersection,noun,B2,no,no,no
intruder,noun,B2,no,no,no
intrusion,noun,B2,no,no,no
inventor,noun,B2,no,no,no
inverted commas,noun,B2,no,no,no
investigator,noun,B2,no,no,no
investment,noun,B2,no,no,no
investor,noun,B2,no,no,no
involvement,noun,B2,no,no,no
irritation,noun,B2,no,no,no
islander,noun,B2,no,no,no
jaw,noun,B2,yes,yes,yes
jeweler,noun,B2,no,no,no
jog,noun,B2,yes,no,no
joint,noun,B2,no,no,no
journalism,noun,B2,no,no,no
judo,noun,B2,no,no,no
jump,noun,B2,yes,no,no
junk food,noun,B2,no,no,no
juror,noun,B2,no,no,no
jury,noun,B2,no,no,no
kangaroo,noun,B2,yes,yes,no
karaoke,noun,B2,no,no,no
keeper,noun,B2,no,no,no
kerosene,noun,B2,no,no,no
keystroke,noun,B2,no,no,no
knot,noun,B2,yes,no,no
label,noun,B2,yes,no,no
laborer,noun,B2,no,no,no
lance,noun,B2,yes,no,yes
landing,noun,B2,no,no,no
landlady,noun,B2,no,no,no
landslide,noun,B2,no,no,no
lap,noun,B2,no,no,no
laptop,noun,B2,yes,yes,no
lark,noun,B2,no,no,no
laser,noun,B2,no,no,no
last minute,noun,B2,no,no,no
laundry,noun,B2,yes,yes,no
lava,noun,B2,yes,yes,yes
lawmaker,noun,B2,no,no,no
lawn,noun,B2,yes,yes,no
lawsuit,noun,B2,no,no,no
layabout,noun,B2,no,no,no
leaflet,noun,B2,no,no,no
leak,noun,B2,yes,no,no
leap,noun,B2,yes,no,no
learning,noun,B2,no,no,no
lease,noun,B2,no,no,no
leash,noun,B2,yes,yes,no
lecturer,noun,B2,no,no,no
leek,noun,B2,yes,yes,yes
legend,noun,B2,no,no,no
legislation,noun,B2,no,no,no
legislator,noun,B2,no,no,no
legislature,noun,B2,no,no,no
leopard,noun,B2,yes,yes,no
lid,noun,B2,yes,yes,no
lifetime,noun,B2,no,no,no
lighting,noun,B2,no,no,no
limb,noun,B2,no,no,no
linen,noun,B2,no,no,no
liner,noun,B2,no,no,no
ling,noun,B2,no,no,no
listener,noun,B2,no,no,no
litter,noun,B2,yes,yes,no
living,noun,B2,no,no,no
loan,noun,B2,no,no,no
lobby,noun,B2,no,no,no
loneliness,noun,B2,no,no,no
lowland,noun,B2,no,no,no
lyrics,noun,B2,no,no,no
madam,noun,B2,no,no,no
madame,noun,B2,no,no,no
madness,noun,B2,no,no,no
maestro,noun,B2,no,no,no
major,noun,B2,no,no,no
make,noun,B2,yes,no,no
malady,noun,B2,no,no,no
malaria,noun,B2,no,no,no
mama,noun,B2,no,no,no
mango,noun,B2,yes,yes,yes
mansion,noun,B2,no,no,no
manual,noun,B2,yes,no,no
manufacture,noun,B2,no,no,no
manufacturer,noun,B2,no,no,no
manufacturing,noun,B2,no,no,no
marathon,noun,B2,no,no,no
margin,noun,B2,no,no,no
marketing,noun,B2,no,no,no
martial art,noun,B2,no,no,no
mask,noun,B2,yes,yes,yes
mass,noun,B2,no,no,no
massacre,noun,B2,no,no,no
massage,noun,B2,no,no,no
masseur,noun,B2,no,no,no
master,noun,B2,no,no,no
masterpiece,noun,B2,yes,no,no
mastery,noun,B2,no,no,no
mate,noun,B2,no,no,no
mausoleum,noun,B2,no,no,no
mean,noun,B2,no,no,no
means,noun,B2,no,no,no
media,noun,B2,no,no,no
medication,noun,B2,no,no,no
melody,noun,B2,yes,no,no
memorial,noun,B2,no,no,no
mentor,noun,B2,no,no,no
merchandise,noun,B2,no,no,no
mercy,noun,B2,no,no,no
merger,noun,B2,no,no,no
messenger,noun,B2,no,no,no
metaphor,noun,B2,no,no,no
micro,noun,B2,no,no,no
microbe,noun,B2,no,no,no
microcomputer,noun,B2,no,no,no
micrometer,noun,B2,no,no,no
microorganism,noun,B2,no,no,no
microphone,noun,B2,yes,yes,yes
microscope,noun,B2,yes,yes,yes
microscopy,noun,B2,no,no,no
microwave,noun,B2,yes,yes,no
midst,noun,B2,no,no,no
migration,noun,B2,no,no,no
mill,noun,B2,yes,yes,no
millimeter,noun,B2,no,no,no
millionaire,noun,B2,no,no,no
mimic,noun,B2,no,no,no
mine,noun,B2,no,no,no
minister,noun,B2,no,no,no
mint,noun,B2,yes,no,no
misconception,noun,B2,no,no,no
misfortune,noun,B2,no,no,no
missile,noun,B2,no,no,no
mist,noun,B2,no,no,no
mix,noun,B2,yes,no,no
mixture,noun,B2,no,no,no
mobility,noun,B2,no,no,no
modernization,noun,B2,no,no,no
modification,noun,B2,no,no,no
mogul,noun,B2,no,no,no
mold,noun,B2,yes,no,yes
monastery,noun,B2,no,no,no
moonlight,noun,B2,no,no,no
moonscape,noun,B2,no,no,no
morality,noun,B2,no,no,no
mortar,noun,B2,yes,no,yes
mortgage,noun,B2,no,no,no
mother-in-law,noun,B2,no,no,no
motion,noun,B2,no,no,no
motorbike,noun,B2,no,no,no
motorist,noun,B2,no,no,no
mover,noun,B2,no,no,no
mumble,noun,B2,no,no,no
murmur,noun,B2,no,no,no
musical,noun,B2,no,no,no
mustache,noun,B2,no,no,no
mutability,noun,B2,no,no,no
mutter,noun,B2,no,no,no
mutton,noun,B2,no,no,no
nano,noun,B2,no,no,no
narrator,noun,B2,no,no,no
native speaker,noun,B2,no,no,no
navigation,noun,B2,no,no,no
navy,noun,B2,no,no,no
necessity,noun,B2,no,no,no
need,noun,B2,no,no,no
neglect,noun,B2,no,no,no
nerve,noun,B2,no,no,no
nerves,noun,B2,no,no,no
netsurfer,noun,B2,no,no,no
neurosis,noun,B2,no,no,no
newscaster,noun,B2,no,no,no
nightclub,noun,B2,no,no,no
nightmare,noun,B2,no,no,no
nobility,noun,B2,no,no,no
nobleman,noun,B2,no,no,no
nomad,noun,B2,no,no,no
nomination,noun,B2,no,no,no
nominee,noun,B2,no,no,no
nostril,noun,B2,yes,no,yes
nought,noun,B2,no,no,no
nourishment,noun,B2,no,no,no
novelty,noun,B2,no,no,no
nuisance,noun,B2,no,no,no
nursery,noun,B2,no,no,no
nut,noun,B2,yes,yes,yes
nutshell,noun,B2,no,no,no
oath,noun,B2,no,no,no
obedience,noun,B2,no,no,no
obituary,noun,B2,no,no,no
obligation,noun,B2,no,no,no
observer,noun,B2,no,no,no
obsession,noun,B2,no,no,no
offender,noun,B2,no,no,no
offense,noun,B2,no,no,no
official,noun,B2,no,no,no
ointment,noun,B2,yes,no,yes
olive,noun,B2,yes,yes,no
olympia,noun,B2,no,no,no
olympiad,noun,B2,no,no,no
operator,noun,B2,no,no,no
opponent,noun,B2,no,no,no
optimism,noun,B2,no,no,no
optimist,noun,B2,no,no,no
orator,noun,B2,no,no,no
orchid,noun,B2,yes,yes,no
organizer,noun,B2,no,no,no
original,noun,B2,no,no,no
originality,noun,B2,no,no,no
ornament,noun,B2,yes,no,no
ounce,noun,B2,no,no,no
outback,noun,B2,no,no,no
outbreak,noun,B2,no,no,no
outcome,noun,B2,no,no,no
outfit,noun,B2,no,no,no
outing,noun,B2,no,no,no
outlet,noun,B2,yes,no,no
outline,noun,B2,yes,no,no
outlook,noun,B2,no,no,no
outpatient,noun,B2,no,no,no
output,noun,B2,no,no,no
outrage,noun,B2,no,no,no
outside,noun,B2,no,no,no
outsider,noun,B2,no,no,no
outskirts,noun,B2,no,no,no
overcoat,noun,B2,no,no,no
overlap,noun,B2,no,no,no
overtime,noun,B2,no,no,no
ow,noun,B2,no,no,no
owl,noun,B2,yes,yes,no
ox,noun,B2,yes,yes,no
ozone,noun,B2,no,no,no
pa,noun,B2,no,no,no
packet,noun,B2,no,no,no
pad,noun,B2,no,no,no
paintbrush,noun,B2,yes,yes,yes
pajamas,noun,B2,yes,yes,no
pallet,noun,B2,yes,no,yes
pancake,noun,B2,yes,yes,yes
panel,noun,B2,no,no,no
papaya,noun,B2,yes,yes,yes
paperwork,noun,B2,no,no,no
parade,noun,B2,no,no,no
paradox,noun,B2,no,no,no
paralysis,noun,B2,no,no,no
paratrooper,noun,B2,no,no,no
parliament,noun,B2,no,no,no
participation,noun,B2,no,no,no
particle,noun,B2,no,no,no
partisan,noun,B2,no,no,no
partnership,noun,B2,no,no,no
pastor,noun,B2,no,no,no
patch,noun,B2,yes,no,yes
patriot,noun,B2,no,no,no
patriotism,noun,B2,no,no,no
patron,noun,B2,no,no,no
pavement,noun,B2,no,no,no
paw,noun,B2,yes,yes,yes
pawnbroker,noun,B2,no,no,no
pawnshop,noun,B2,no,no,no
payment,noun,B2,no,no,no
peach,noun,B2,yes,yes,no
peak,noun,B2,yes,no,yes
pearl,noun,B2,yes,yes,yes
pebble,noun,B2,yes,yes,no
pedal,noun,B2,yes,yes,no
pedestrian,noun,B2,no,no,no
peel,noun,B2,yes,no,no
peep,noun,B2,no,no,no
peer,noun,B2,yes,no,no
peg,noun,B2,no,no,no
penalty,noun,B2,no,no,no
penguin,noun,B2,yes,yes,yes
penicillin,noun,B2,no,no,no
pension,noun,B2,no,no,no
pentagon,noun,B2,no,no,no
percentage,noun,B2,no,no,no
perception,noun,B2,no,no,no
permanence,noun,B2,no,no,no
perseverance,noun,B2,no,no,no
persistence,noun,B2,no,no,no
personification,noun,B2,no,no,no
personnel,noun,B2,no,no,no
perspective,noun,B2,no,no,no
perspiration,noun,B2,no,no,no
persuasion,noun,B2,no,no,no
pessimist,noun,B2,no,no,no
ph,noun,B2,no,no,no
pharmacist,noun,B2,no,no,no
phase,noun,B2,no,no,no
physician,noun,B2,no,no,no
pi,noun,B2,no,no,no
pickle,noun,B2,yes,yes,no
pillowcase,noun,B2,no,no,no
pin,noun,B2,yes,yes,no
pine,noun,B2,no,no,no
pint,noun,B2,no,no,no
piracy,noun,B2,no,no,no
pirate,noun,B2,yes,yes,no
pitch,noun,B2,yes,no,no
plague,noun,B2,no,no,no
planning,noun,B2,no,no,no
playmate,noun,B2,no,no,no
playwright,noun,B2,no,no,no
plot,noun,B2,no,no,no
plum,noun,B2,yes,yes,no
plumber,noun,B2,no,no,no
plus,noun,B2,no,no,no
pneumonia,noun,B2,no,no,no
point of view,noun,B2,no,no,no
polar bear,noun,B2,yes,yes,yes
polio,noun,B2,no,no,no
polish,noun,B2,yes,no,no
politeness,noun,B2,no,no,no
polity,noun,B2,no,no,no
polo,noun,B2,no,no,no
popularity,noun,B2,no,no,no
porch,noun,B2,yes,yes,no
portion,noun,B2,no,no,no
pose,noun,B2,yes,no,no
practicality,noun,B2,no,no,no
prance,noun,B2,no,no,no
prawn,noun,B2,yes,yes,no
predicament,noun,B2,no,no,no
predictor,noun,B2,no,no,no
prefect,noun,B2,no,no,no
prehuman,noun,B2,no,no,no
presenter,noun,B2,no,no,no
presidency,noun,B2,no,no,no
prestige,noun,B2,no,no,no
prevention,noun,B2,no,no,no
prick,noun,B2,no,no,no
prime minister,noun,B2,no,no,no
principal,noun,B2,no,no,no
priority,noun,B2,no,no,no
privilege,noun,B2,no,no,no
probe,noun,B2,no,no,no
procedure,noun,B2,no,no,no
professional,noun,B2,no,no,no
profile,noun,B2,no,no,no
profit,noun,B2,no,no,no
programmer,noun,B2,no,no,no
programming,noun,B2,no,no,no
project,noun,B2,no,no,no
projection,noun,B2,no,no,no
prom,noun,B2,no,no,no
prominence,noun,B2,no,no,no
prompt,noun,B2,no,no,no
proponent,noun,B2,no,no,no
prose,noun,B2,no,no,no
prospect,noun,B2,no,no,no
province,noun,B2,no,no,no
provision,noun,B2,no,no,no
proximity,noun,B2,no,no,no
psychology,noun,B2,no,no,no
publication,noun,B2,no,no,no
publicity,noun,B2,no,no,no
pudding,noun,B2,yes,no,no
pulse,noun,B2,no,no,no
pumpkin,noun,B2,yes,yes,no
punch,noun,B2,yes,no,no
punctuality,noun,B2,no,no,no
purchase,noun,B2,no,no,no
pursuit,noun,B2,no,no,no
qualification,noun,B2,no,no,no
quarantine,noun,B2,no,no,no
quarrel,noun,B2,no,no,no
query,noun,B2,no,no,no
quiet,noun,B2,yes,yes,no
quotation,noun,B2,no,no,no
quote,noun,B2,no,no,no
racism,noun,B2,no,no,no
racist,noun,B2,no,no,no
rack,noun,B2,no,no,no
radar,noun,B2,yes,yes,no
radical,noun,B2,no,no,no
radium,noun,B2,no,no,no
rafter,noun,B2,no,no,no
rag,noun,B2,no,no,no
rainbow,noun,B2,yes,yes,yes
rainstorm,noun,B2,no,no,no
rally,noun,B2,yes,no,no
ram,noun,B2,no,no,no
ramp,noun,B2,no,no,no
ranger,noun,B2,no,no,no
rape,noun,B2,no,no,no
rattle,noun,B2,yes,yes,no
ravage,noun,B2,no,no,no
reaction,noun,B2,no,no,no
real estate,noun,B2,no,no,no
realization,noun,B2,no,no,no
rebel,noun,B2,no,no,no
recession,noun,B2,no,no,no
recipe,noun,B2,no,no,no
recognition,noun,B2,no,no,no
recollection,noun,B2,no,no,no
recommendation,noun,B2,no,no,no
recreation,noun,B2,no,no,no
reed,noun,B2,yes,no,no
reference,noun,B2,no,no,no
refinery,noun,B2,no,no,no
reform,noun,B2,no,no,no
refrain,noun,B2,no,no,no
refresh,noun,B2,no,no,no
refuge,noun,B2,no,no,no
refugee,noun,B2,no,no,no
regard,noun,B2,no,no,no
reggae,noun,B2,no,no,no
regime,noun,B2,no,no,no
regret,noun,B2,no,no,no
rehearsal,noun,B2,no,no,no
reinforcement,noun,B2,no,no,no
rejection,noun,B2,no,no,no
relativity,noun,B2,no,no,no
relaxation,noun,B2,no,no,no
relay,noun,B2,yes,no,no
relic,noun,B2,no,no,yes
relief,noun,B2,no,no,no
remains,noun,B2,no,no,no
remark,noun,B2,no,no,no
reminder,noun,B2,no,no,no
rental,noun,B2,no,no,no
repaint,noun,B2,no,no,no
repertoire,noun,B2,no,no,no
repetition,noun,B2,no,no,no
replacement,noun,B2,no,no,no
replica,noun,B2,no,no,no
repression,noun,B2,no,no,no
reprint,noun,B2,no,no,no
residence,noun,B2,no,no,no
resident,noun,B2,no,no,no
resignation,noun,B2,no,no,no
resistance,noun,B2,no,no,no
resolution,noun,B2,no,no,no
respiration,noun,B2,no,no,no
restriction,noun,B2,no,no,no
retailer,noun,B2,no,no,no
retina,noun,B2,no,no,no
retirement,noun,B2,no,no,no
retreat,noun,B2,no,no,no
revelation,noun,B2,no,no,no
revenge,noun,B2,no,no,no
revenue,noun,B2,no,no,no
reverence,noun,B2,no,no,no
revival,noun,B2,no,no,no
revolution,noun,B2,no,no,no
rhinoceros,noun,B2,no,no,no
rib,noun,B2,yes,no,yes
riddle,noun,B2,no,no,no
rider,noun,B2,no,no,no
ridge,noun,B2,yes,no,yes
righteousness,noun,B2,no,no,no
rim,noun,B2,no,no,no
rite,noun,B2,no,no,no
ritual,noun,B2,no,no,no
rival,noun,B2,no,no,no
roam,noun,B2,no,no,no
rocket,noun,B2,yes,yes,yes
roommate,noun,B2,no,no,no
route,noun,B2,no,no,no
royalty,noun,B2,no,no,no
rubble,noun,B2,no,no,no
rug,noun,B2,yes,yes,no
rush hour,noun,B2,no,no,no
sag,noun,B2,no,no,no
sage,noun,B2,no,no,no
salary,noun,B2,no,no,no
salesmanship,noun,B2,no,no,no
salesperson,noun,B2,no,no,no
saleswoman,noun,B2,no,no,no
salon,noun,B2,no,no,no
salsa,noun,B2,yes,no,no
sandstone,noun,B2,no,no,no
sanitation,noun,B2,no,no,no
saving,noun,B2,no,no,no
say,noun,B2,no,no,no
scandal,noun,B2,no,no,no
scar,noun,B2,no,no,no
scarlet,noun,B2,no,no,no
scent,noun,B2,no,no,no
scheme,noun,B2,no,no,no
scholasticism,noun,B2,no,no,no
schoolgirl,noun,B2,no,no,no
scooter,noun,B2,yes,yes,no
scribble,noun,B2,no,no,no
scrooge,noun,B2,no,no,no
scuba,noun,B2,yes,no,no
scythe,noun,B2,no,no,no
seal,noun,B2,yes,yes,yes
second person,noun,B2,no,no,no
sector,noun,B2,no,no,no
seesaw,noun,B2,yes,yes,no
segment,noun,B2,no,no,no
self-confidence,noun,B2,no,no,no
seller,noun,B2,no,no,no
semi-final,noun,B2,no,no,no
semicolon,noun,B2,no,no,no
seminar,noun,B2,no,no,no
senator,noun,B2,no,no,no
servant,noun,B2,no,no,no
setback,noun,B2,no,no,no
sexism,noun,B2,no,no,no
shed,noun,B2,no,no,no
shield,noun,B2,yes,yes,yes
shift,noun,B2,no,no,no
shipping,noun,B2,no,no,no
shipwreck,noun,B2,yes,no,yes
shooting,noun,B2,no,no,no
shopkeeper,noun,B2,no,no,no
shoplifter,noun,B2,no,no,no
shoplifting,noun,B2,no,no,no
shortness,noun,B2,no,no,no
showbiz,noun,B2,no,no,no
showcase,noun,B2,no,no,no
shrink,noun,B2,no,no,no
silverware,noun,B2,no,no,no
simplification,noun,B2,no,no,no
sincerity,noun,B2,no,no,no
sister-in-law,noun,B2,no,no,no
skateboard,noun,B2,yes,yes,no
skateboarder,noun,B2,no,no,no
skylark,noun,B2,no,no,no
slang,noun,B2,no,no,no
slap,noun,B2,no,no,no
slash,noun,B2,no,no,no
slaughter,noun,B2,no,no,no
sliver,noun,B2,no,no,no
smokestack,noun,B2,yes,no,yes
sneer,noun,B2,no,no,no
snore,noun,B2,yes,no,no
snowball,noun,B2,yes,yes,no
soak,noun,B2,yes,no,no
softness,noun,B2,no,no,no
soil,noun,B2,yes,yes,no
solidity,noun,B2,no,no,no
soliloquy,noun,B2,no,no,no
solo,noun,B2,no,no,no
solvent,noun,B2,no,no,no
son-in-law,noun,B2,no,no,no
sonnet,noun,B2,no,no,no
soundtrack,noun,B2,no,no,no
soviet,noun,B2,no,no,no
soybean,noun,B2,no,no,no
spa,noun,B2,no,no,no
sparerib,noun,B2,no,no,no
spark,noun,B2,no,no,no
sparrow,noun,B2,yes,yes,no
specialty,noun,B2,no,no,no
species,noun,B2,no,no,no
spectacle,noun,B2,no,no,no
speeder,noun,B2,no,no,no
spite,noun,B2,no,no,no
splash,noun,B2,yes,no,no
splatter,noun,B2,no,no,no
spokesman,noun,B2,no,no,no
spokeswoman,noun,B2,no,no,no
spray,noun,B2,yes,yes,no
spreadsheet,noun,B2,no,no,no
sprint,noun,B2,yes,no,no
spur,noun,B2,no,no,no
squad,noun,B2,no,no,no
squash,noun,B2,yes,no,no
stability,noun,B2,no,no,no
stack,noun,B2,yes,no,no
stagger,noun,B2,no,no,no
stain,noun,B2,yes,no,no
stake,noun,B2,yes,no,no
standstill,noun,B2,no,no,no
stanza,noun,B2,no,no,no
starvation,noun,B2,no,no,no
statesman,noun,B2,no,no,no
statistics,noun,B2,no,no,no
steering wheel,noun,B2,yes,no,no
stepfather,noun,B2,no,no,no
stepmother,noun,B2,no,no,no
stereotype,noun,B2,no,no,no
stew,noun,B2,yes,yes,no
stick,noun,B2,yes,yes,no
stimulant,noun,B2,no,no,no
stimulation,noun,B2,no,no,no
stitch,noun,B2,yes,yes,no
stock,noun,B2,no,no,no
stock market,noun,B2,no,no,no
stockpile,noun,B2,no,no,no
stonework,noun,B2,no,no,no
stool,noun,B2,yes,yes,no
stopover,noun,B2,no,no,no
stopwatch,noun,B2,yes,yes,no
strait,noun,B2,no,no,no
strand,noun,B2,no,no,no
stroke,noun,B2,yes,no,no
stylist,noun,B2,no,no,no
subcontinent,noun,B2,no,no,no
subculture,noun,B2,no,no,no
subdivision,noun,B2,no,no,no
subjunctive,noun,B2,no,no,no
subplot,noun,B2,no,no,no
substance,noun,B2,no,no,no
subtitle,noun,B2,no,no,no
suburb,noun,B2,no,no,no
suffering,noun,B2,no,no,no
sulfur,noun,B2,no,no,no
sunbeam,noun,B2,no,no,no
superintendent,noun,B2,no,no,no
supervision,noun,B2,no,no,no
supervisor,noun,B2,no,no,no
supplement,noun,B2,no,no,no
supplier,noun,B2,no,no,no
surge,noun,B2,no,no,no
surroundings,noun,B2,no,no,no
surveillance,noun,B2,no,no,no
swan,noun,B2,yes,yes,no
swing,noun,B2,yes,yes,no
syllable,noun,B2,no,no,no
synonym,noun,B2,no,no,no
tablecloth,noun,B2,no,no,no
tabloid,noun,B2,no,no,no
tag,noun,B2,yes,no,yes
tail,noun,B2,yes,yes,yes
tan,noun,B2,no,no,no
tatter,noun,B2,no,no,no
tattoo,noun,B2,no,no,no
taunt,noun,B2,no,no,no
teaspoon,noun,B2,no,no,no
telescope,noun,B2,yes,yes,yes
temptation,noun,B2,no,no,no
tenderness,noun,B2,no,no,no
terrace,noun,B2,yes,yes,no
territory,noun,B2,no,no,no
testimony,noun,B2,no,no,no
theme,noun,B2,no,no,no
theorist,noun,B2,no,no,no
therapist,noun,B2,no,no,no
therapy,noun,B2,no,no,no
thermometer,noun,B2,yes,yes,yes
thesis,noun,B2,no,no,no
thickness,noun,B2,no,no,no
thigh,noun,B2,no,no,no
thinker,noun,B2,no,no,no
third person,noun,B2,no,no,no
thirst,noun,B2,no,no,no
thread,noun,B2,yes,yes,yes
thrill,noun,B2,no,no,no
throat,noun,B2,no,no,no
tightrope,noun,B2,no,no,no
timeliness,noun,B2,no,no,no
timing,noun,B2,no,no,no
tiredness,noun,B2,no,no,no
toenail,noun,B2,no,no,no
toll,noun,B2,no,no,no
tomb,noun,B2,no,no,no
ton,noun,B2,no,no,no
torch,noun,B2,yes,yes,no
tortoiseshell,noun,B2,no,no,no
trader,noun,B2,no,no,no
trailer,noun,B2,no,no,no
trainee,noun,B2,no,no,no
trainer,noun,B2,no,no,no
trait,noun,B2,no,no,no
traitor,noun,B2,no,no,no
tramp,noun,B2,no,no,no
trample,noun,B2,no,no,no
transcript,noun,B2,no,no,no
transfer,noun,B2,no,no,no
transfusion,noun,B2,no,no,no
transistor,noun,B2,no,no,no
transition,noun,B2,no,no,no
translation,noun,B2,no,no,no
translator,noun,B2,no,no,no
transmission,noun,B2,no,no,no
traverse,noun,B2,no,no,no
tray,noun,B2,yes,yes,yes
treaty,noun,B2,no,no,no
trek,noun,B2,yes,no,no
tremor,noun,B2,no,no,no
trial,noun,B2,no,no,no
triangle,noun,B2,yes,yes,no
tribe,noun,B2,no,no,no
trio,noun,B2,no,no,no
trolley,noun,B2,yes,yes,yes
troop,noun,B2,no,no,no
trophy,noun,B2,yes,yes,yes
trunk,noun,B2,no,no,yes
trust,noun,B2,no,no,no
truthfulness,noun,B2,no,no,no
tub,noun,B2,no,no,no
tuberculosis,noun,B2,no,no,no
tug,noun,B2,yes,no,no
tuition,noun,B2,no,no,no
tulip,noun,B2,yes,yes,no
tumor,noun,B2,no,no,no
tunnel,noun,B2,yes,yes,no
tutor,noun,B2,no,no,no
twinkle,noun,B2,no,no,no
typhoid,noun,B2,no,no,no
tyranny,noun,B2,no,no,no
tyrant,noun,B2,no,no,no
undergraduate,noun,B2,no,no,no
understanding,noun,B2,no,no,no
underwear,noun,B2,no,no,no
unease,noun,B2,no,no,no
unhappiness,noun,B2,no,no,no
unrest,noun,B2,no,no,no
unusualness,noun,B2,no,no,no
upbringing,noun,B2,no,no,no
update,noun,B2,no,no,no
upgrade,noun,B2,no,no,no
user,noun,B2,no,no,no
utility,noun,B2,no,no,no
vaccine,noun,B2,no,no,no
valentine,noun,B2,no,no,no
vanity,noun,B2,no,no,no
variation,noun,B2,no,no,no
venture,noun,B2,no,no,no
venue,noun,B2,no,no,no
verse,noun,B2,no,no,no
version,noun,B2,no,no,no
veteran,noun,B2,no,no,no
vibration,noun,B2,no,no,no
viewer,noun,B2,no,no,no
vigor,noun,B2,no,no,no
villa,noun,B2,no,no,no
villager,noun,B2,no,no,no
vinegar,noun,B2,yes,yes,no
virtual reality,noun,B2,no,no,no
virtue,noun,B2,no,no,no
vitamin,noun,B2,no,no,no
vocalist,noun,B2,no,no,no
volunteer,noun,B2,no,no,no
vomit,noun,B2,no,no,no
voter,noun,B2,no,no,no
vow,noun,B2,no,no,no
wage,noun,B2,no,no,no
waist,noun,B2,yes,no,yes
waistcoat,noun,B2,no,no,no
wait,noun,B2,yes,no,no
walkabout,noun,B2,no,no,no
walker,noun,B2,no,no,no
wallboard,noun,B2,no,no,no
walnut,noun,B2,yes,yes,no
want,noun,B2,no,no,no
warship,noun,B2,no,no,no
wartime,noun,B2,no,no,no
wasp,noun,B2,yes,yes,no
weave,noun,B2,yes,no,no
weed,noun,B2,yes,yes,no
welcome,noun,B2,yes,no,no
welfare,noun,B2,no,no,no
wheat,noun,B2,yes,yes,no
whiskey,noun,B2,no,no,no
widow,noun,B2,no,no,no
width,noun,B2,no,no,no
wilderness,noun,B2,yes,yes,no
will,noun,B2,no,no,no
win,noun,B2,yes,no,no
windshield,noun,B2,no,no,no
wink,noun,B2,yes,no,no
wit,noun,B2,no,no,no
withdrawal,noun,B2,no,no,no
witness,noun,B2,no,no,no
wolf,noun,B2,yes,yes,no
woodcarving,noun,B2,no,no,no
workbench,noun,B2,yes,yes,yes
workman,noun,B2,no,no,no
worktable,noun,B2,no,no,no
worldview,noun,B2,no,no,no
worm,noun,B2,yes,yes,no
worse,noun,B2,no,no,no
worship,noun,B2,no,no,no
wreck,noun,B2,no,no,no
x-ray,noun,B2,yes,yes,yes
yacht,noun,B2,yes,yes,no
yawn,noun,B2,yes,no,no
zebra,noun,B2,yes,yes,no
zip,noun,B2,yes,no,no
zoom,noun,B2,yes,no,no
